task_id,occupation,task_text,ability_name,weight,uncertain
4942,Food Batchmakers,Place products on carts or conveyors to transfer them to the next stage of processing.,Manual Dexterity,2,0
4942,Food Batchmakers,Place products on carts or conveyors to transfer them to the next stage of processing.,Static Strength,1,0
4942,Food Batchmakers,Place products on carts or conveyors to transfer them to the next stage of processing.,Multilimb Coordination,1,0
4942,Food Batchmakers,Place products on carts or conveyors to transfer them to the next stage of processing.,Near Vision,1,0
4942,Food Batchmakers,Place products on carts or conveyors to transfer them to the next stage of processing.,Gross Body Coordination,1,0
4932,Food Batchmakers,"Homogenize or pasteurize material to prevent separation or to obtain prescribed butterfat content, using a homogenizing device.",Control Precision,2,0
4932,Food Batchmakers,"Homogenize or pasteurize material to prevent separation or to obtain prescribed butterfat content, using a homogenizing device.",Near Vision,2,0
4932,Food Batchmakers,"Homogenize or pasteurize material to prevent separation or to obtain prescribed butterfat content, using a homogenizing device.",Selective Attention,2,0
4932,Food Batchmakers,"Homogenize or pasteurize material to prevent separation or to obtain prescribed butterfat content, using a homogenizing device.",Number Facility,1,0
4932,Food Batchmakers,"Homogenize or pasteurize material to prevent separation or to obtain prescribed butterfat content, using a homogenizing device.",Deductive Reasoning,1,0
4938,Food Batchmakers,"Grade food products according to government regulations or according to type, color, bouquet, and moisture content.",Visual Color Discrimination,3,0
4938,Food Batchmakers,"Grade food products according to government regulations or according to type, color, bouquet, and moisture content.",Near Vision,3,0
4938,Food Batchmakers,"Grade food products according to government regulations or according to type, color, bouquet, and moisture content.",Selective Attention,2,0
4938,Food Batchmakers,"Grade food products according to government regulations or according to type, color, bouquet, and moisture content.",Deductive Reasoning,2,0
4938,Food Batchmakers,"Grade food products according to government regulations or according to type, color, bouquet, and moisture content.",Problem Sensitivity,1,0
4940,Food Batchmakers,Operate refining machines to reduce the particle size of cooked batches.,Control Precision,2,0
4940,Food Batchmakers,Operate refining machines to reduce the particle size of cooked batches.,Near Vision,1,0
4940,Food Batchmakers,Operate refining machines to reduce the particle size of cooked batches.,Selective Attention,1,0
4940,Food Batchmakers,Operate refining machines to reduce the particle size of cooked batches.,Multilimb Coordination,1,0
4940,Food Batchmakers,Operate refining machines to reduce the particle size of cooked batches.,Rate Control,1,0
4936,Food Batchmakers,Formulate or modify recipes for specific kinds of food products.,Originality,3,0
4936,Food Batchmakers,Formulate or modify recipes for specific kinds of food products.,Fluency of Ideas,2,1
4936,Food Batchmakers,Formulate or modify recipes for specific kinds of food products.,Deductive Reasoning,2,0
4936,Food Batchmakers,Formulate or modify recipes for specific kinds of food products.,Number Facility,2,0
4936,Food Batchmakers,Formulate or modify recipes for specific kinds of food products.,Written Expression,1,0
4937,Food Batchmakers,Inspect and pack the final product.,Near Vision,2,0
4937,Food Batchmakers,Inspect and pack the final product.,Selective Attention,2,0
4937,Food Batchmakers,Inspect and pack the final product.,Manual Dexterity,2,0
4937,Food Batchmakers,Inspect and pack the final product.,Finger Dexterity,1,0
4937,Food Batchmakers,Inspect and pack the final product.,Visual Color Discrimination,1,0
4949,Food Cooking Machine Operators and Tenders,"Clean, wash, and sterilize equipment and cooking area, using water hoses, cleaning or sterilizing solutions, or rinses.",Stamina,2,0
4949,Food Cooking Machine Operators and Tenders,"Clean, wash, and sterilize equipment and cooking area, using water hoses, cleaning or sterilizing solutions, or rinses.",Static Strength,1,0
4949,Food Cooking Machine Operators and Tenders,"Clean, wash, and sterilize equipment and cooking area, using water hoses, cleaning or sterilizing solutions, or rinses.",Gross Body Coordination,1,0
4949,Food Cooking Machine Operators and Tenders,"Clean, wash, and sterilize equipment and cooking area, using water hoses, cleaning or sterilizing solutions, or rinses.",Manual Dexterity,1,0
4948,Food Cooking Machine Operators and Tenders,"Read work orders, recipes, or formulas to determine cooking times and temperatures, and ingredient specifications.",Written Comprehension,3,0
4948,Food Cooking Machine Operators and Tenders,"Read work orders, recipes, or formulas to determine cooking times and temperatures, and ingredient specifications.",Number Facility,2,0
4948,Food Cooking Machine Operators and Tenders,"Read work orders, recipes, or formulas to determine cooking times and temperatures, and ingredient specifications.",Information Ordering,1,0
4948,Food Cooking Machine Operators and Tenders,"Read work orders, recipes, or formulas to determine cooking times and temperatures, and ingredient specifications.",Near Vision,1,0
4947,Food Cooking Machine Operators and Tenders,"Observe gauges, dials, and product characteristics, and adjust controls to maintain appropriate temperature, pressure, and flow of ingredients.",Near Vision,3,0
4947,Food Cooking Machine Operators and Tenders,"Observe gauges, dials, and product characteristics, and adjust controls to maintain appropriate temperature, pressure, and flow of ingredients.",Control Precision,2,0
4947,Food Cooking Machine Operators and Tenders,"Observe gauges, dials, and product characteristics, and adjust controls to maintain appropriate temperature, pressure, and flow of ingredients.",Selective Attention,2,0
4947,Food Cooking Machine Operators and Tenders,"Observe gauges, dials, and product characteristics, and adjust controls to maintain appropriate temperature, pressure, and flow of ingredients.",Rate Control,1,0
4947,Food Cooking Machine Operators and Tenders,"Observe gauges, dials, and product characteristics, and adjust controls to maintain appropriate temperature, pressure, and flow of ingredients.",Reaction Time,1,0
4952,Food Cooking Machine Operators and Tenders,"Measure or weigh ingredients, using scales or measuring containers.",Number Facility,2,0
4952,Food Cooking Machine Operators and Tenders,"Measure or weigh ingredients, using scales or measuring containers.",Near Vision,2,0
4952,Food Cooking Machine Operators and Tenders,"Measure or weigh ingredients, using scales or measuring containers.",Manual Dexterity,1,0
4952,Food Cooking Machine Operators and Tenders,"Measure or weigh ingredients, using scales or measuring containers.",Finger Dexterity,1,0
4951,Food Cooking Machine Operators and Tenders,"Tend or operate and control equipment, such as kettles, cookers, vats and tanks, and boilers, to cook ingredients or prepare products for further processing.",Control Precision,2,0
4951,Food Cooking Machine Operators and Tenders,"Tend or operate and control equipment, such as kettles, cookers, vats and tanks, and boilers, to cook ingredients or prepare products for further processing.",Selective Attention,2,0
4951,Food Cooking Machine Operators and Tenders,"Tend or operate and control equipment, such as kettles, cookers, vats and tanks, and boilers, to cook ingredients or prepare products for further processing.",Near Vision,1,0
4951,Food Cooking Machine Operators and Tenders,"Tend or operate and control equipment, such as kettles, cookers, vats and tanks, and boilers, to cook ingredients or prepare products for further processing.",Rate Control,1,0
4951,Food Cooking Machine Operators and Tenders,"Tend or operate and control equipment, such as kettles, cookers, vats and tanks, and boilers, to cook ingredients or prepare products for further processing.",Multilimb Coordination,1,0
4944,Food Cooking Machine Operators and Tenders,"Record production and test data, such as processing steps, temperature and steam readings, cooking time, batches processed, and test results.",Written Expression,2,0
4944,Food Cooking Machine Operators and Tenders,"Record production and test data, such as processing steps, temperature and steam readings, cooking time, batches processed, and test results.",Number Facility,2,0
4944,Food Cooking Machine Operators and Tenders,"Record production and test data, such as processing steps, temperature and steam readings, cooking time, batches processed, and test results.",Near Vision,1,0
4944,Food Cooking Machine Operators and Tenders,"Record production and test data, such as processing steps, temperature and steam readings, cooking time, batches processed, and test results.",Information Ordering,1,0
4950,Food Cooking Machine Operators and Tenders,"Set temperature, pressure, and time controls, and start conveyers, machines, or pumps.",Control Precision,2,0
4950,Food Cooking Machine Operators and Tenders,"Set temperature, pressure, and time controls, and start conveyers, machines, or pumps.",Finger Dexterity,1,0
4950,Food Cooking Machine Operators and Tenders,"Set temperature, pressure, and time controls, and start conveyers, machines, or pumps.",Near Vision,1,0
4950,Food Cooking Machine Operators and Tenders,"Set temperature, pressure, and time controls, and start conveyers, machines, or pumps.",Rate Control,1,0
4954,Food Cooking Machine Operators and Tenders,Remove cooked material or products from equipment.,Static Strength,2,0
4954,Food Cooking Machine Operators and Tenders,Remove cooked material or products from equipment.,Manual Dexterity,1,0
4954,Food Cooking Machine Operators and Tenders,Remove cooked material or products from equipment.,Trunk Strength,1,0
4954,Food Cooking Machine Operators and Tenders,Remove cooked material or products from equipment.,Stamina,1,0
4946,Food Cooking Machine Operators and Tenders,"Collect and examine product samples during production to test them for quality, color, content, consistency, viscosity, acidity, or specific gravity.",Visual Color Discrimination,2,0
4946,Food Cooking Machine Operators and Tenders,"Collect and examine product samples during production to test them for quality, color, content, consistency, viscosity, acidity, or specific gravity.",Near Vision,2,0
4946,Food Cooking Machine Operators and Tenders,"Collect and examine product samples during production to test them for quality, color, content, consistency, viscosity, acidity, or specific gravity.",Selective Attention,2,0
4946,Food Cooking Machine Operators and Tenders,"Collect and examine product samples during production to test them for quality, color, content, consistency, viscosity, acidity, or specific gravity.",Deductive Reasoning,1,0
4946,Food Cooking Machine Operators and Tenders,"Collect and examine product samples during production to test them for quality, color, content, consistency, viscosity, acidity, or specific gravity.",Manual Dexterity,1,0
4958,Food Cooking Machine Operators and Tenders,"Pour, dump, or load prescribed quantities of ingredients or products into cooking equipment, manually or using a hoist.",Static Strength,2,0
4958,Food Cooking Machine Operators and Tenders,"Pour, dump, or load prescribed quantities of ingredients or products into cooking equipment, manually or using a hoist.",Dynamic Strength,2,0
4958,Food Cooking Machine Operators and Tenders,"Pour, dump, or load prescribed quantities of ingredients or products into cooking equipment, manually or using a hoist.",Number Facility,1,0
4958,Food Cooking Machine Operators and Tenders,"Pour, dump, or load prescribed quantities of ingredients or products into cooking equipment, manually or using a hoist.",Multilimb Coordination,1,0
4945,Food Cooking Machine Operators and Tenders,"Listen for malfunction alarms, and shut down equipment and notify supervisors when necessary.",Auditory Attention,3,0
4945,Food Cooking Machine Operators and Tenders,"Listen for malfunction alarms, and shut down equipment and notify supervisors when necessary.",Hearing Sensitivity,2,0
4945,Food Cooking Machine Operators and Tenders,"Listen for malfunction alarms, and shut down equipment and notify supervisors when necessary.",Reaction Time,2,0
4945,Food Cooking Machine Operators and Tenders,"Listen for malfunction alarms, and shut down equipment and notify supervisors when necessary.",Selective Attention,1,0
4955,Food Cooking Machine Operators and Tenders,Notify or signal other workers to operate equipment or when processing is complete.,Oral Expression,2,0
4955,Food Cooking Machine Operators and Tenders,Notify or signal other workers to operate equipment or when processing is complete.,Oral Comprehension,1,0
4955,Food Cooking Machine Operators and Tenders,Notify or signal other workers to operate equipment or when processing is complete.,Selective Attention,1,1
4955,Food Cooking Machine Operators and Tenders,Notify or signal other workers to operate equipment or when processing is complete.,Speech Clarity,1,0
4956,Food Cooking Machine Operators and Tenders,"Turn valves or start pumps to add ingredients or drain products from equipment and to transfer products for storage, cooling, or further processing.",Manual Dexterity,2,0
4956,Food Cooking Machine Operators and Tenders,"Turn valves or start pumps to add ingredients or drain products from equipment and to transfer products for storage, cooling, or further processing.",Control Precision,1,0
4956,Food Cooking Machine Operators and Tenders,"Turn valves or start pumps to add ingredients or drain products from equipment and to transfer products for storage, cooling, or further processing.",Finger Dexterity,1,0
4956,Food Cooking Machine Operators and Tenders,"Turn valves or start pumps to add ingredients or drain products from equipment and to transfer products for storage, cooling, or further processing.",Near Vision,1,0
4953,Food Cooking Machine Operators and Tenders,"Admit required amounts of water, steam, cooking oils, or compressed air into equipment, such as by opening water valves to cool mixtures to the desired consistency.",Control Precision,2,0
4953,Food Cooking Machine Operators and Tenders,"Admit required amounts of water, steam, cooking oils, or compressed air into equipment, such as by opening water valves to cool mixtures to the desired consistency.",Manual Dexterity,1,0
4953,Food Cooking Machine Operators and Tenders,"Admit required amounts of water, steam, cooking oils, or compressed air into equipment, such as by opening water valves to cool mixtures to the desired consistency.",Near Vision,1,0
4953,Food Cooking Machine Operators and Tenders,"Admit required amounts of water, steam, cooking oils, or compressed air into equipment, such as by opening water valves to cool mixtures to the desired consistency.",Rate Control,1,0
4959,Food Cooking Machine Operators and Tenders,"Activate agitators and paddles to mix or stir ingredients, stopping machines when ingredients are thoroughly mixed.",Control Precision,1,0
4959,Food Cooking Machine Operators and Tenders,"Activate agitators and paddles to mix or stir ingredients, stopping machines when ingredients are thoroughly mixed.",Near Vision,1,0
4959,Food Cooking Machine Operators and Tenders,"Activate agitators and paddles to mix or stir ingredients, stopping machines when ingredients are thoroughly mixed.",Selective Attention,1,0
4959,Food Cooking Machine Operators and Tenders,"Activate agitators and paddles to mix or stir ingredients, stopping machines when ingredients are thoroughly mixed.",Reaction Time,1,0
4959,Food Cooking Machine Operators and Tenders,"Activate agitators and paddles to mix or stir ingredients, stopping machines when ingredients are thoroughly mixed.",Manual Dexterity,1,0
4960,Food Cooking Machine Operators and Tenders,"Operate auxiliary machines and equipment, such as grinders, canners, and molding presses, to prepare or further process products.",Control Precision,2,0
4960,Food Cooking Machine Operators and Tenders,"Operate auxiliary machines and equipment, such as grinders, canners, and molding presses, to prepare or further process products.",Multilimb Coordination,2,0
4960,Food Cooking Machine Operators and Tenders,"Operate auxiliary machines and equipment, such as grinders, canners, and molding presses, to prepare or further process products.",Near Vision,1,0
4960,Food Cooking Machine Operators and Tenders,"Operate auxiliary machines and equipment, such as grinders, canners, and molding presses, to prepare or further process products.",Manual Dexterity,1,0
4957,Food Cooking Machine Operators and Tenders,"Place products on conveyors or carts, and monitor product flow.",Manual Dexterity,1,0
4957,Food Cooking Machine Operators and Tenders,"Place products on conveyors or carts, and monitor product flow.",Near Vision,2,0
4957,Food Cooking Machine Operators and Tenders,"Place products on conveyors or carts, and monitor product flow.",Selective Attention,2,0
4957,Food Cooking Machine Operators and Tenders,"Place products on conveyors or carts, and monitor product flow.",Gross Body Coordination,1,0
8473,"Extruding and Drawing Machine Setters, Operators, and Tenders, Metal and Plastic","Measure and examine extruded products to locate defects and to check for conformance to specifications, adjusting controls as necessary to alter products.",Near Vision,3,0
8473,"Extruding and Drawing Machine Setters, Operators, and Tenders, Metal and Plastic","Measure and examine extruded products to locate defects and to check for conformance to specifications, adjusting controls as necessary to alter products.",Selective Attention,2,0
8473,"Extruding and Drawing Machine Setters, Operators, and Tenders, Metal and Plastic","Measure and examine extruded products to locate defects and to check for conformance to specifications, adjusting controls as necessary to alter products.",Control Precision,2,0
8473,"Extruding and Drawing Machine Setters, Operators, and Tenders, Metal and Plastic","Measure and examine extruded products to locate defects and to check for conformance to specifications, adjusting controls as necessary to alter products.",Deductive Reasoning,1,0
8473,"Extruding and Drawing Machine Setters, Operators, and Tenders, Metal and Plastic","Measure and examine extruded products to locate defects and to check for conformance to specifications, adjusting controls as necessary to alter products.",Number Facility,1,0
8474,"Extruding and Drawing Machine Setters, Operators, and Tenders, Metal and Plastic","Determine setup procedures and select machine dies and parts, according to specifications.",Deductive Reasoning,2,0
8474,"Extruding and Drawing Machine Setters, Operators, and Tenders, Metal and Plastic","Determine setup procedures and select machine dies and parts, according to specifications.",Written Comprehension,2,0
8474,"Extruding and Drawing Machine Setters, Operators, and Tenders, Metal and Plastic","Determine setup procedures and select machine dies and parts, according to specifications.",Information Ordering,1,0
8474,"Extruding and Drawing Machine Setters, Operators, and Tenders, Metal and Plastic","Determine setup procedures and select machine dies and parts, according to specifications.",Visualization,1,0
8477,"Extruding and Drawing Machine Setters, Operators, and Tenders, Metal and Plastic","Start machines and set controls to regulate vacuum, air pressure, sizing rings, and temperature, and to synchronize speed of extrusion.",Control Precision,3,0
8477,"Extruding and Drawing Machine Setters, Operators, and Tenders, Metal and Plastic","Start machines and set controls to regulate vacuum, air pressure, sizing rings, and temperature, and to synchronize speed of extrusion.",Multilimb Coordination,2,0
8477,"Extruding and Drawing Machine Setters, Operators, and Tenders, Metal and Plastic","Start machines and set controls to regulate vacuum, air pressure, sizing rings, and temperature, and to synchronize speed of extrusion.",Rate Control,2,0
8477,"Extruding and Drawing Machine Setters, Operators, and Tenders, Metal and Plastic","Start machines and set controls to regulate vacuum, air pressure, sizing rings, and temperature, and to synchronize speed of extrusion.",Near Vision,1,0
8479,"Extruding and Drawing Machine Setters, Operators, and Tenders, Metal and Plastic",Reel extruded products into rolls of specified lengths and weights.,Manual Dexterity,2,0
8479,"Extruding and Drawing Machine Setters, Operators, and Tenders, Metal and Plastic",Reel extruded products into rolls of specified lengths and weights.,Multilimb Coordination,2,0
8479,"Extruding and Drawing Machine Setters, Operators, and Tenders, Metal and Plastic",Reel extruded products into rolls of specified lengths and weights.,Static Strength,1,0
8479,"Extruding and Drawing Machine Setters, Operators, and Tenders, Metal and Plastic",Reel extruded products into rolls of specified lengths and weights.,Control Precision,1,0
8475,"Extruding and Drawing Machine Setters, Operators, and Tenders, Metal and Plastic","Install dies, machine screws, and sizing rings on machines that extrude thermoplastic or metal materials.",Manual Dexterity,2,0
8475,"Extruding and Drawing Machine Setters, Operators, and Tenders, Metal and Plastic","Install dies, machine screws, and sizing rings on machines that extrude thermoplastic or metal materials.",Finger Dexterity,2,0
8475,"Extruding and Drawing Machine Setters, Operators, and Tenders, Metal and Plastic","Install dies, machine screws, and sizing rings on machines that extrude thermoplastic or metal materials.",Static Strength,1,0
8475,"Extruding and Drawing Machine Setters, Operators, and Tenders, Metal and Plastic","Install dies, machine screws, and sizing rings on machines that extrude thermoplastic or metal materials.",Arm-Hand Steadiness,1,0
8476,"Extruding and Drawing Machine Setters, Operators, and Tenders, Metal and Plastic","Change dies on extruding machines, according to production line changes.",Manual Dexterity,2,0
8476,"Extruding and Drawing Machine Setters, Operators, and Tenders, Metal and Plastic","Change dies on extruding machines, according to production line changes.",Static Strength,1,0
8476,"Extruding and Drawing Machine Setters, Operators, and Tenders, Metal and Plastic","Change dies on extruding machines, according to production line changes.",Finger Dexterity,1,0
8476,"Extruding and Drawing Machine Setters, Operators, and Tenders, Metal and Plastic","Change dies on extruding machines, according to production line changes.",Control Precision,1,0
8481,"Extruding and Drawing Machine Setters, Operators, and Tenders, Metal and Plastic",Clean work areas.,Stamina,1,0
8481,"Extruding and Drawing Machine Setters, Operators, and Tenders, Metal and Plastic",Clean work areas.,Gross Body Coordination,1,0
8481,"Extruding and Drawing Machine Setters, Operators, and Tenders, Metal and Plastic",Clean work areas.,Static Strength,1,0
8481,"Extruding and Drawing Machine Setters, Operators, and Tenders, Metal and Plastic",Clean work areas.,Manual Dexterity,1,0
8480,"Extruding and Drawing Machine Setters, Operators, and Tenders, Metal and Plastic","Troubleshoot, maintain, and make minor repairs to equipment.",Deductive Reasoning,3,0
8480,"Extruding and Drawing Machine Setters, Operators, and Tenders, Metal and Plastic","Troubleshoot, maintain, and make minor repairs to equipment.",Problem Sensitivity,2,0
8480,"Extruding and Drawing Machine Setters, Operators, and Tenders, Metal and Plastic","Troubleshoot, maintain, and make minor repairs to equipment.",Manual Dexterity,2,0
8480,"Extruding and Drawing Machine Setters, Operators, and Tenders, Metal and Plastic","Troubleshoot, maintain, and make minor repairs to equipment.",Finger Dexterity,1,0
8485,"Extruding and Drawing Machine Setters, Operators, and Tenders, Metal and Plastic","Weigh and mix pelletized, granular, or powdered thermoplastic materials and coloring pigments.",Number Facility,2,0
8485,"Extruding and Drawing Machine Setters, Operators, and Tenders, Metal and Plastic","Weigh and mix pelletized, granular, or powdered thermoplastic materials and coloring pigments.",Visual Color Discrimination,2,0
8485,"Extruding and Drawing Machine Setters, Operators, and Tenders, Metal and Plastic","Weigh and mix pelletized, granular, or powdered thermoplastic materials and coloring pigments.",Manual Dexterity,1,0
8485,"Extruding and Drawing Machine Setters, Operators, and Tenders, Metal and Plastic","Weigh and mix pelletized, granular, or powdered thermoplastic materials and coloring pigments.",Near Vision,1,0
8487,"Extruding and Drawing Machine Setters, Operators, and Tenders, Metal and Plastic","Test physical properties of products with testing devices such as acid-bath testers, burst testers, and impact testers.",Near Vision,2,0
8487,"Extruding and Drawing Machine Setters, Operators, and Tenders, Metal and Plastic","Test physical properties of products with testing devices such as acid-bath testers, burst testers, and impact testers.",Control Precision,1,0
8487,"Extruding and Drawing Machine Setters, Operators, and Tenders, Metal and Plastic","Test physical properties of products with testing devices such as acid-bath testers, burst testers, and impact testers.",Deductive Reasoning,1,0
8487,"Extruding and Drawing Machine Setters, Operators, and Tenders, Metal and Plastic","Test physical properties of products with testing devices such as acid-bath testers, burst testers, and impact testers.",Number Facility,1,0
8487,"Extruding and Drawing Machine Setters, Operators, and Tenders, Metal and Plastic","Test physical properties of products with testing devices such as acid-bath testers, burst testers, and impact testers.",Manual Dexterity,1,0
8486,"Extruding and Drawing Machine Setters, Operators, and Tenders, Metal and Plastic","Load machine hoppers with mixed materials, using augers, or stuff rolls of plastic dough into machine cylinders.",Static Strength,2,0
8486,"Extruding and Drawing Machine Setters, Operators, and Tenders, Metal and Plastic","Load machine hoppers with mixed materials, using augers, or stuff rolls of plastic dough into machine cylinders.",Dynamic Strength,2,0
8486,"Extruding and Drawing Machine Setters, Operators, and Tenders, Metal and Plastic","Load machine hoppers with mixed materials, using augers, or stuff rolls of plastic dough into machine cylinders.",Manual Dexterity,1,0
8486,"Extruding and Drawing Machine Setters, Operators, and Tenders, Metal and Plastic","Load machine hoppers with mixed materials, using augers, or stuff rolls of plastic dough into machine cylinders.",Trunk Strength,1,0
8488,"Extruding and Drawing Machine Setters, Operators, and Tenders, Metal and Plastic",Maintain an inventory of materials.,Number Facility,2,0
8488,"Extruding and Drawing Machine Setters, Operators, and Tenders, Metal and Plastic",Maintain an inventory of materials.,Information Ordering,2,0
8488,"Extruding and Drawing Machine Setters, Operators, and Tenders, Metal and Plastic",Maintain an inventory of materials.,Written Comprehension,1,0
8488,"Extruding and Drawing Machine Setters, Operators, and Tenders, Metal and Plastic",Maintain an inventory of materials.,Memorization,1,0
8482,"Extruding and Drawing Machine Setters, Operators, and Tenders, Metal and Plastic",Adjust controls to draw or press metal into specified shapes and diameters.,Control Precision,3,0
8482,"Extruding and Drawing Machine Setters, Operators, and Tenders, Metal and Plastic",Adjust controls to draw or press metal into specified shapes and diameters.,Near Vision,1,0
8482,"Extruding and Drawing Machine Setters, Operators, and Tenders, Metal and Plastic",Adjust controls to draw or press metal into specified shapes and diameters.,Multilimb Coordination,1,0
8482,"Extruding and Drawing Machine Setters, Operators, and Tenders, Metal and Plastic",Adjust controls to draw or press metal into specified shapes and diameters.,Rate Control,1,0
8478,"Extruding and Drawing Machine Setters, Operators, and Tenders, Metal and Plastic",Replace worn dies when products vary from specifications.,Manual Dexterity,2,0
8478,"Extruding and Drawing Machine Setters, Operators, and Tenders, Metal and Plastic",Replace worn dies when products vary from specifications.,Finger Dexterity,1,0
8478,"Extruding and Drawing Machine Setters, Operators, and Tenders, Metal and Plastic",Replace worn dies when products vary from specifications.,Static Strength,1,0
8478,"Extruding and Drawing Machine Setters, Operators, and Tenders, Metal and Plastic",Replace worn dies when products vary from specifications.,Problem Sensitivity,1,0
8484,"Extruding and Drawing Machine Setters, Operators, and Tenders, Metal and Plastic","Select nozzles, spacers, and wire guides, according to diameters and lengths of rods.",Near Vision,2,0
8484,"Extruding and Drawing Machine Setters, Operators, and Tenders, Metal and Plastic","Select nozzles, spacers, and wire guides, according to diameters and lengths of rods.",Deductive Reasoning,1,1
8484,"Extruding and Drawing Machine Setters, Operators, and Tenders, Metal and Plastic","Select nozzles, spacers, and wire guides, according to diameters and lengths of rods.",Manual Dexterity,1,0
8484,"Extruding and Drawing Machine Setters, Operators, and Tenders, Metal and Plastic","Select nozzles, spacers, and wire guides, according to diameters and lengths of rods.",Visualization,1,0
8483,"Extruding and Drawing Machine Setters, Operators, and Tenders, Metal and Plastic",Operate shearing mechanisms to cut rods to specified lengths.,Control Precision,2,0
8483,"Extruding and Drawing Machine Setters, Operators, and Tenders, Metal and Plastic",Operate shearing mechanisms to cut rods to specified lengths.,Near Vision,1,0
8483,"Extruding and Drawing Machine Setters, Operators, and Tenders, Metal and Plastic",Operate shearing mechanisms to cut rods to specified lengths.,Reaction Time,1,0
8483,"Extruding and Drawing Machine Setters, Operators, and Tenders, Metal and Plastic",Operate shearing mechanisms to cut rods to specified lengths.,Multilimb Coordination,1,0
10079,"Forging Machine Setters, Operators, and Tenders, Metal and Plastic",Read work orders or blueprints to determine specified tolerances and sequences of operations for machine setup.,Written Comprehension,3,0
10079,"Forging Machine Setters, Operators, and Tenders, Metal and Plastic",Read work orders or blueprints to determine specified tolerances and sequences of operations for machine setup.,Visualization,2,0
10079,"Forging Machine Setters, Operators, and Tenders, Metal and Plastic",Read work orders or blueprints to determine specified tolerances and sequences of operations for machine setup.,Information Ordering,1,0
10079,"Forging Machine Setters, Operators, and Tenders, Metal and Plastic",Read work orders or blueprints to determine specified tolerances and sequences of operations for machine setup.,Near Vision,1,0
10086,"Forging Machine Setters, Operators, and Tenders, Metal and Plastic",Position and move metal wires or workpieces through a series of dies that compress and shape stock to form die impressions.,Manual Dexterity,2,0
10086,"Forging Machine Setters, Operators, and Tenders, Metal and Plastic",Position and move metal wires or workpieces through a series of dies that compress and shape stock to form die impressions.,Multilimb Coordination,2,0
10086,"Forging Machine Setters, Operators, and Tenders, Metal and Plastic",Position and move metal wires or workpieces through a series of dies that compress and shape stock to form die impressions.,Control Precision,2,0
10086,"Forging Machine Setters, Operators, and Tenders, Metal and Plastic",Position and move metal wires or workpieces through a series of dies that compress and shape stock to form die impressions.,Static Strength,1,0
10086,"Forging Machine Setters, Operators, and Tenders, Metal and Plastic",Position and move metal wires or workpieces through a series of dies that compress and shape stock to form die impressions.,Arm-Hand Steadiness,1,0
10078,"Forging Machine Setters, Operators, and Tenders, Metal and Plastic",Measure and inspect machined parts to ensure conformance to product specifications.,Near Vision,3,0
10078,"Forging Machine Setters, Operators, and Tenders, Metal and Plastic",Measure and inspect machined parts to ensure conformance to product specifications.,Selective Attention,1,0
10078,"Forging Machine Setters, Operators, and Tenders, Metal and Plastic",Measure and inspect machined parts to ensure conformance to product specifications.,Number Facility,1,0
10078,"Forging Machine Setters, Operators, and Tenders, Metal and Plastic",Measure and inspect machined parts to ensure conformance to product specifications.,Finger Dexterity,1,0
10085,"Forging Machine Setters, Operators, and Tenders, Metal and Plastic","Set up, operate, or tend presses and forging machines to perform hot or cold forging by flattening, straightening, bending, cutting, piercing, or other operations to taper, shape, or form metal.",Control Precision,3,0
10085,"Forging Machine Setters, Operators, and Tenders, Metal and Plastic","Set up, operate, or tend presses and forging machines to perform hot or cold forging by flattening, straightening, bending, cutting, piercing, or other operations to taper, shape, or form metal.",Multilimb Coordination,2,0
10085,"Forging Machine Setters, Operators, and Tenders, Metal and Plastic","Set up, operate, or tend presses and forging machines to perform hot or cold forging by flattening, straightening, bending, cutting, piercing, or other operations to taper, shape, or form metal.",Static Strength,2,0
10085,"Forging Machine Setters, Operators, and Tenders, Metal and Plastic","Set up, operate, or tend presses and forging machines to perform hot or cold forging by flattening, straightening, bending, cutting, piercing, or other operations to taper, shape, or form metal.",Near Vision,1,0
10085,"Forging Machine Setters, Operators, and Tenders, Metal and Plastic","Set up, operate, or tend presses and forging machines to perform hot or cold forging by flattening, straightening, bending, cutting, piercing, or other operations to taper, shape, or form metal.",Reaction Time,1,0
10082,"Forging Machine Setters, Operators, and Tenders, Metal and Plastic",Turn handles or knobs to set pressures and depths of ram strokes and to synchronize machine operations.,Control Precision,2,0
10082,"Forging Machine Setters, Operators, and Tenders, Metal and Plastic",Turn handles or knobs to set pressures and depths of ram strokes and to synchronize machine operations.,Finger Dexterity,1,0
10082,"Forging Machine Setters, Operators, and Tenders, Metal and Plastic",Turn handles or knobs to set pressures and depths of ram strokes and to synchronize machine operations.,Near Vision,1,0
10082,"Forging Machine Setters, Operators, and Tenders, Metal and Plastic",Turn handles or knobs to set pressures and depths of ram strokes and to synchronize machine operations.,Multilimb Coordination,1,0
10087,"Forging Machine Setters, Operators, and Tenders, Metal and Plastic","Install, adjust, and remove dies, synchronizing cams, forging hammers, and stop guides, using overhead cranes or other hoisting devices, and hand tools.",Manual Dexterity,2,0
10087,"Forging Machine Setters, Operators, and Tenders, Metal and Plastic","Install, adjust, and remove dies, synchronizing cams, forging hammers, and stop guides, using overhead cranes or other hoisting devices, and hand tools.",Static Strength,2,0
10087,"Forging Machine Setters, Operators, and Tenders, Metal and Plastic","Install, adjust, and remove dies, synchronizing cams, forging hammers, and stop guides, using overhead cranes or other hoisting devices, and hand tools.",Multilimb Coordination,2,0
10087,"Forging Machine Setters, Operators, and Tenders, Metal and Plastic","Install, adjust, and remove dies, synchronizing cams, forging hammers, and stop guides, using overhead cranes or other hoisting devices, and hand tools.",Control Precision,1,0
10087,"Forging Machine Setters, Operators, and Tenders, Metal and Plastic","Install, adjust, and remove dies, synchronizing cams, forging hammers, and stop guides, using overhead cranes or other hoisting devices, and hand tools.",Arm-Hand Steadiness,1,0
10080,"Forging Machine Setters, Operators, and Tenders, Metal and Plastic","Start machines to produce sample workpieces, and observe operations to detect machine malfunctions and to verify that machine setups conform to specifications.",Near Vision,2,0
10080,"Forging Machine Setters, Operators, and Tenders, Metal and Plastic","Start machines to produce sample workpieces, and observe operations to detect machine malfunctions and to verify that machine setups conform to specifications.",Selective Attention,2,0
10080,"Forging Machine Setters, Operators, and Tenders, Metal and Plastic","Start machines to produce sample workpieces, and observe operations to detect machine malfunctions and to verify that machine setups conform to specifications.",Problem Sensitivity,2,0
10080,"Forging Machine Setters, Operators, and Tenders, Metal and Plastic","Start machines to produce sample workpieces, and observe operations to detect machine malfunctions and to verify that machine setups conform to specifications.",Deductive Reasoning,1,0
10083,"Forging Machine Setters, Operators, and Tenders, Metal and Plastic",Confer with other workers about machine setups and operational specifications.,Oral Comprehension,2,0
10083,"Forging Machine Setters, Operators, and Tenders, Metal and Plastic",Confer with other workers about machine setups and operational specifications.,Oral Expression,2,0
10083,"Forging Machine Setters, Operators, and Tenders, Metal and Plastic",Confer with other workers about machine setups and operational specifications.,Written Comprehension,1,0
10083,"Forging Machine Setters, Operators, and Tenders, Metal and Plastic",Confer with other workers about machine setups and operational specifications.,Deductive Reasoning,1,0
10089,"Forging Machine Setters, Operators, and Tenders, Metal and Plastic",Trim and compress finished forgings to specified tolerances.,Control Precision,2,0
10089,"Forging Machine Setters, Operators, and Tenders, Metal and Plastic",Trim and compress finished forgings to specified tolerances.,Manual Dexterity,1,0
10089,"Forging Machine Setters, Operators, and Tenders, Metal and Plastic",Trim and compress finished forgings to specified tolerances.,Near Vision,1,0
10089,"Forging Machine Setters, Operators, and Tenders, Metal and Plastic",Trim and compress finished forgings to specified tolerances.,Static Strength,1,0
10081,"Forging Machine Setters, Operators, and Tenders, Metal and Plastic",Remove dies from machines when production runs are finished.,Static Strength,2,0
10081,"Forging Machine Setters, Operators, and Tenders, Metal and Plastic",Remove dies from machines when production runs are finished.,Manual Dexterity,1,0
10081,"Forging Machine Setters, Operators, and Tenders, Metal and Plastic",Remove dies from machines when production runs are finished.,Trunk Strength,1,0
10081,"Forging Machine Setters, Operators, and Tenders, Metal and Plastic",Remove dies from machines when production runs are finished.,Dynamic Strength,1,0
10084,"Forging Machine Setters, Operators, and Tenders, Metal and Plastic","Repair, maintain, and replace parts on dies.",Manual Dexterity,2,0
10084,"Forging Machine Setters, Operators, and Tenders, Metal and Plastic","Repair, maintain, and replace parts on dies.",Finger Dexterity,2,0
10084,"Forging Machine Setters, Operators, and Tenders, Metal and Plastic","Repair, maintain, and replace parts on dies.",Deductive Reasoning,1,0
10084,"Forging Machine Setters, Operators, and Tenders, Metal and Plastic","Repair, maintain, and replace parts on dies.",Problem Sensitivity,1,0
10088,"Forging Machine Setters, Operators, and Tenders, Metal and Plastic","Select, align, and bolt positioning fixtures, stops, and specified dies to rams and anvils, forging rolls, or presses and hammers.",Manual Dexterity,2,0
10088,"Forging Machine Setters, Operators, and Tenders, Metal and Plastic","Select, align, and bolt positioning fixtures, stops, and specified dies to rams and anvils, forging rolls, or presses and hammers.",Static Strength,2,0
10088,"Forging Machine Setters, Operators, and Tenders, Metal and Plastic","Select, align, and bolt positioning fixtures, stops, and specified dies to rams and anvils, forging rolls, or presses and hammers.",Control Precision,1,0
10088,"Forging Machine Setters, Operators, and Tenders, Metal and Plastic","Select, align, and bolt positioning fixtures, stops, and specified dies to rams and anvils, forging rolls, or presses and hammers.",Arm-Hand Steadiness,1,0
10090,"Forging Machine Setters, Operators, and Tenders, Metal and Plastic","Sharpen cutting tools and drill bits, using bench grinders.",Manual Dexterity,2,0
10090,"Forging Machine Setters, Operators, and Tenders, Metal and Plastic","Sharpen cutting tools and drill bits, using bench grinders.",Arm-Hand Steadiness,2,0
10090,"Forging Machine Setters, Operators, and Tenders, Metal and Plastic","Sharpen cutting tools and drill bits, using bench grinders.",Near Vision,1,0
10090,"Forging Machine Setters, Operators, and Tenders, Metal and Plastic","Sharpen cutting tools and drill bits, using bench grinders.",Control Precision,1,0
10092,"Rolling Machine Setters, Operators, and Tenders, Metal and Plastic",Monitor machine cycles and mill operation to detect jamming and to ensure that products conform to specifications.,Selective Attention,3,0
10092,"Rolling Machine Setters, Operators, and Tenders, Metal and Plastic",Monitor machine cycles and mill operation to detect jamming and to ensure that products conform to specifications.,Near Vision,2,0
10092,"Rolling Machine Setters, Operators, and Tenders, Metal and Plastic",Monitor machine cycles and mill operation to detect jamming and to ensure that products conform to specifications.,Problem Sensitivity,1,0
10092,"Rolling Machine Setters, Operators, and Tenders, Metal and Plastic",Monitor machine cycles and mill operation to detect jamming and to ensure that products conform to specifications.,Deductive Reasoning,1,0
10091,"Rolling Machine Setters, Operators, and Tenders, Metal and Plastic","Adjust and correct machine set-ups to reduce thicknesses, reshape products, and eliminate product defects.",Control Precision,2,0
10091,"Rolling Machine Setters, Operators, and Tenders, Metal and Plastic","Adjust and correct machine set-ups to reduce thicknesses, reshape products, and eliminate product defects.",Problem Sensitivity,2,0
10091,"Rolling Machine Setters, Operators, and Tenders, Metal and Plastic","Adjust and correct machine set-ups to reduce thicknesses, reshape products, and eliminate product defects.",Deductive Reasoning,1,0
10091,"Rolling Machine Setters, Operators, and Tenders, Metal and Plastic","Adjust and correct machine set-ups to reduce thicknesses, reshape products, and eliminate product defects.",Near Vision,1,0
10096,"Rolling Machine Setters, Operators, and Tenders, Metal and Plastic","Start operation of rolling and milling machines to flatten, temper, form, and reduce sheet metal sections and to produce steel strips.",Control Precision,2,0
10096,"Rolling Machine Setters, Operators, and Tenders, Metal and Plastic","Start operation of rolling and milling machines to flatten, temper, form, and reduce sheet metal sections and to produce steel strips.",Multilimb Coordination,2,0
10096,"Rolling Machine Setters, Operators, and Tenders, Metal and Plastic","Start operation of rolling and milling machines to flatten, temper, form, and reduce sheet metal sections and to produce steel strips.",Near Vision,1,0
10096,"Rolling Machine Setters, Operators, and Tenders, Metal and Plastic","Start operation of rolling and milling machines to flatten, temper, form, and reduce sheet metal sections and to produce steel strips.",Rate Control,1,0
10093,"Rolling Machine Setters, Operators, and Tenders, Metal and Plastic","Examine, inspect, and measure raw materials and finished products to verify conformance to specifications.",Near Vision,3,0
10093,"Rolling Machine Setters, Operators, and Tenders, Metal and Plastic","Examine, inspect, and measure raw materials and finished products to verify conformance to specifications.",Selective Attention,1,0
10093,"Rolling Machine Setters, Operators, and Tenders, Metal and Plastic","Examine, inspect, and measure raw materials and finished products to verify conformance to specifications.",Number Facility,1,0
10093,"Rolling Machine Setters, Operators, and Tenders, Metal and Plastic","Examine, inspect, and measure raw materials and finished products to verify conformance to specifications.",Finger Dexterity,1,0
10094,"Rolling Machine Setters, Operators, and Tenders, Metal and Plastic","Read rolling orders, blueprints, and mill schedules to determine setup specifications, work sequences, product dimensions, and installation procedures.",Written Comprehension,3,0
10094,"Rolling Machine Setters, Operators, and Tenders, Metal and Plastic","Read rolling orders, blueprints, and mill schedules to determine setup specifications, work sequences, product dimensions, and installation procedures.",Visualization,1,0
10094,"Rolling Machine Setters, Operators, and Tenders, Metal and Plastic","Read rolling orders, blueprints, and mill schedules to determine setup specifications, work sequences, product dimensions, and installation procedures.",Information Ordering,1,0
10094,"Rolling Machine Setters, Operators, and Tenders, Metal and Plastic","Read rolling orders, blueprints, and mill schedules to determine setup specifications, work sequences, product dimensions, and installation procedures.",Near Vision,1,0
10095,"Rolling Machine Setters, Operators, and Tenders, Metal and Plastic","Manipulate controls and observe dial indicators to monitor, adjust, and regulate speeds of machine mechanisms.",Control Precision,2,0
10095,"Rolling Machine Setters, Operators, and Tenders, Metal and Plastic","Manipulate controls and observe dial indicators to monitor, adjust, and regulate speeds of machine mechanisms.",Near Vision,2,0
10095,"Rolling Machine Setters, Operators, and Tenders, Metal and Plastic","Manipulate controls and observe dial indicators to monitor, adjust, and regulate speeds of machine mechanisms.",Rate Control,2,0
10095,"Rolling Machine Setters, Operators, and Tenders, Metal and Plastic","Manipulate controls and observe dial indicators to monitor, adjust, and regulate speeds of machine mechanisms.",Selective Attention,1,0
10097,"Rolling Machine Setters, Operators, and Tenders, Metal and Plastic","Set distance points between rolls, guides, meters, and stops, according to specifications.",Control Precision,2,0
10097,"Rolling Machine Setters, Operators, and Tenders, Metal and Plastic","Set distance points between rolls, guides, meters, and stops, according to specifications.",Near Vision,1,0
10097,"Rolling Machine Setters, Operators, and Tenders, Metal and Plastic","Set distance points between rolls, guides, meters, and stops, according to specifications.",Number Facility,1,0
10097,"Rolling Machine Setters, Operators, and Tenders, Metal and Plastic","Set distance points between rolls, guides, meters, and stops, according to specifications.",Manual Dexterity,1,0
10105,"Rolling Machine Setters, Operators, and Tenders, Metal and Plastic",Calculate draft space and roll speed for each mill stand to plan rolling sequences and specified dimensions and tempers.,Mathematical Reasoning,3,0
10105,"Rolling Machine Setters, Operators, and Tenders, Metal and Plastic",Calculate draft space and roll speed for each mill stand to plan rolling sequences and specified dimensions and tempers.,Number Facility,2,0
10105,"Rolling Machine Setters, Operators, and Tenders, Metal and Plastic",Calculate draft space and roll speed for each mill stand to plan rolling sequences and specified dimensions and tempers.,Deductive Reasoning,1,0
10105,"Rolling Machine Setters, Operators, and Tenders, Metal and Plastic",Calculate draft space and roll speed for each mill stand to plan rolling sequences and specified dimensions and tempers.,Information Ordering,1,0
10103,"Rolling Machine Setters, Operators, and Tenders, Metal and Plastic","Install equipment such as guides, guards, gears, cooling equipment, and rolls, using hand tools.",Manual Dexterity,2,0
10103,"Rolling Machine Setters, Operators, and Tenders, Metal and Plastic","Install equipment such as guides, guards, gears, cooling equipment, and rolls, using hand tools.",Static Strength,2,0
10103,"Rolling Machine Setters, Operators, and Tenders, Metal and Plastic","Install equipment such as guides, guards, gears, cooling equipment, and rolls, using hand tools.",Finger Dexterity,1,0
10103,"Rolling Machine Setters, Operators, and Tenders, Metal and Plastic","Install equipment such as guides, guards, gears, cooling equipment, and rolls, using hand tools.",Multilimb Coordination,1,0
10099,"Rolling Machine Setters, Operators, and Tenders, Metal and Plastic","Position, align, and secure arbors, spindles, coils, mandrels, dies, and slitting knives.",Manual Dexterity,2,0
10099,"Rolling Machine Setters, Operators, and Tenders, Metal and Plastic","Position, align, and secure arbors, spindles, coils, mandrels, dies, and slitting knives.",Control Precision,2,0
10099,"Rolling Machine Setters, Operators, and Tenders, Metal and Plastic","Position, align, and secure arbors, spindles, coils, mandrels, dies, and slitting knives.",Static Strength,1,0
10099,"Rolling Machine Setters, Operators, and Tenders, Metal and Plastic","Position, align, and secure arbors, spindles, coils, mandrels, dies, and slitting knives.",Arm-Hand Steadiness,1,0
10101,"Rolling Machine Setters, Operators, and Tenders, Metal and Plastic","Fill oil cups, adjust valves, and observe gauges to control flow of metal coolants and lubricants onto workpieces.",Near Vision,2,0
10101,"Rolling Machine Setters, Operators, and Tenders, Metal and Plastic","Fill oil cups, adjust valves, and observe gauges to control flow of metal coolants and lubricants onto workpieces.",Control Precision,1,0
10101,"Rolling Machine Setters, Operators, and Tenders, Metal and Plastic","Fill oil cups, adjust valves, and observe gauges to control flow of metal coolants and lubricants onto workpieces.",Manual Dexterity,1,0
10101,"Rolling Machine Setters, Operators, and Tenders, Metal and Plastic","Fill oil cups, adjust valves, and observe gauges to control flow of metal coolants and lubricants onto workpieces.",Finger Dexterity,1,0
10107,"Rolling Machine Setters, Operators, and Tenders, Metal and Plastic",Activate shears and grinders to trim workpieces.,Control Precision,2,0
10107,"Rolling Machine Setters, Operators, and Tenders, Metal and Plastic",Activate shears and grinders to trim workpieces.,Near Vision,1,0
10107,"Rolling Machine Setters, Operators, and Tenders, Metal and Plastic",Activate shears and grinders to trim workpieces.,Reaction Time,1,0
10107,"Rolling Machine Setters, Operators, and Tenders, Metal and Plastic",Activate shears and grinders to trim workpieces.,Manual Dexterity,1,0
10104,"Rolling Machine Setters, Operators, and Tenders, Metal and Plastic","Signal and assist other workers to remove and position equipment, fill hoppers, and feed materials into machines.",Oral Expression,1,1
10104,"Rolling Machine Setters, Operators, and Tenders, Metal and Plastic","Signal and assist other workers to remove and position equipment, fill hoppers, and feed materials into machines.",Static Strength,2,0
10104,"Rolling Machine Setters, Operators, and Tenders, Metal and Plastic","Signal and assist other workers to remove and position equipment, fill hoppers, and feed materials into machines.",Multilimb Coordination,1,0
10104,"Rolling Machine Setters, Operators, and Tenders, Metal and Plastic","Signal and assist other workers to remove and position equipment, fill hoppers, and feed materials into machines.",Gross Body Coordination,1,0
10102,"Rolling Machine Setters, Operators, and Tenders, Metal and Plastic",Record mill production on schedule sheets.,Written Expression,2,0
10102,"Rolling Machine Setters, Operators, and Tenders, Metal and Plastic",Record mill production on schedule sheets.,Number Facility,1,0
10102,"Rolling Machine Setters, Operators, and Tenders, Metal and Plastic",Record mill production on schedule sheets.,Information Ordering,1,0
10102,"Rolling Machine Setters, Operators, and Tenders, Metal and Plastic",Record mill production on schedule sheets.,Near Vision,1,0
10100,"Rolling Machine Setters, Operators, and Tenders, Metal and Plastic","Direct and train other workers to change rolls, operate mill equipment, remove coils and cobbles, and band and load material.",Oral Expression,2,0
10100,"Rolling Machine Setters, Operators, and Tenders, Metal and Plastic","Direct and train other workers to change rolls, operate mill equipment, remove coils and cobbles, and band and load material.",Oral Comprehension,2,0
10100,"Rolling Machine Setters, Operators, and Tenders, Metal and Plastic","Direct and train other workers to change rolls, operate mill equipment, remove coils and cobbles, and band and load material.",Deductive Reasoning,1,0
10100,"Rolling Machine Setters, Operators, and Tenders, Metal and Plastic","Direct and train other workers to change rolls, operate mill equipment, remove coils and cobbles, and band and load material.",Information Ordering,1,0
10098,"Rolling Machine Setters, Operators, and Tenders, Metal and Plastic","Thread or feed sheets or rods through rolling mechanisms, or start and control mechanisms that automatically feed steel into rollers.",Manual Dexterity,2,0
10098,"Rolling Machine Setters, Operators, and Tenders, Metal and Plastic","Thread or feed sheets or rods through rolling mechanisms, or start and control mechanisms that automatically feed steel into rollers.",Control Precision,2,0
10098,"Rolling Machine Setters, Operators, and Tenders, Metal and Plastic","Thread or feed sheets or rods through rolling mechanisms, or start and control mechanisms that automatically feed steel into rollers.",Multilimb Coordination,1,0
10098,"Rolling Machine Setters, Operators, and Tenders, Metal and Plastic","Thread or feed sheets or rods through rolling mechanisms, or start and control mechanisms that automatically feed steel into rollers.",Arm-Hand Steadiness,1,0
10106,"Rolling Machine Setters, Operators, and Tenders, Metal and Plastic","Select rolls, dies, roll stands, and chucks from data charts to form specified contours and to fabricate products.",Deductive Reasoning,2,0
10106,"Rolling Machine Setters, Operators, and Tenders, Metal and Plastic","Select rolls, dies, roll stands, and chucks from data charts to form specified contours and to fabricate products.",Near Vision,1,0
10106,"Rolling Machine Setters, Operators, and Tenders, Metal and Plastic","Select rolls, dies, roll stands, and chucks from data charts to form specified contours and to fabricate products.",Information Ordering,1,0
10106,"Rolling Machine Setters, Operators, and Tenders, Metal and Plastic","Select rolls, dies, roll stands, and chucks from data charts to form specified contours and to fabricate products.",Visualization,1,0
10108,"Rolling Machine Setters, Operators, and Tenders, Metal and Plastic","Remove scratches and polish roll surfaces, using polishing stones and electric buffers.",Manual Dexterity,2,0
10108,"Rolling Machine Setters, Operators, and Tenders, Metal and Plastic","Remove scratches and polish roll surfaces, using polishing stones and electric buffers.",Arm-Hand Steadiness,2,0
10108,"Rolling Machine Setters, Operators, and Tenders, Metal and Plastic","Remove scratches and polish roll surfaces, using polishing stones and electric buffers.",Near Vision,1,0
10108,"Rolling Machine Setters, Operators, and Tenders, Metal and Plastic","Remove scratches and polish roll surfaces, using polishing stones and electric buffers.",Static Strength,1,0
10109,"Rolling Machine Setters, Operators, and Tenders, Metal and Plastic","Disassemble sizing mills removed from rolling lines, and sort and store parts.",Manual Dexterity,2,0
10109,"Rolling Machine Setters, Operators, and Tenders, Metal and Plastic","Disassemble sizing mills removed from rolling lines, and sort and store parts.",Static Strength,2,0
10109,"Rolling Machine Setters, Operators, and Tenders, Metal and Plastic","Disassemble sizing mills removed from rolling lines, and sort and store parts.",Information Ordering,1,0
10109,"Rolling Machine Setters, Operators, and Tenders, Metal and Plastic","Disassemble sizing mills removed from rolling lines, and sort and store parts.",Finger Dexterity,1,0
10110,"Cutting, Punching, and Press Machine Setters, Operators, and Tenders, Metal and Plastic","Measure completed workpieces to verify conformance to specifications, using micrometers, gauges, calipers, templates, or rulers.",Near Vision,3,0
10110,"Cutting, Punching, and Press Machine Setters, Operators, and Tenders, Metal and Plastic","Measure completed workpieces to verify conformance to specifications, using micrometers, gauges, calipers, templates, or rulers.",Finger Dexterity,1,0
10110,"Cutting, Punching, and Press Machine Setters, Operators, and Tenders, Metal and Plastic","Measure completed workpieces to verify conformance to specifications, using micrometers, gauges, calipers, templates, or rulers.",Number Facility,1,0
10110,"Cutting, Punching, and Press Machine Setters, Operators, and Tenders, Metal and Plastic","Measure completed workpieces to verify conformance to specifications, using micrometers, gauges, calipers, templates, or rulers.",Arm-Hand Steadiness,1,0
10111,"Cutting, Punching, and Press Machine Setters, Operators, and Tenders, Metal and Plastic","Examine completed workpieces for defects, such as chipped edges or marred surfaces and sort defective pieces according to types of flaws.",Near Vision,3,0
10111,"Cutting, Punching, and Press Machine Setters, Operators, and Tenders, Metal and Plastic","Examine completed workpieces for defects, such as chipped edges or marred surfaces and sort defective pieces according to types of flaws.",Selective Attention,2,0
10111,"Cutting, Punching, and Press Machine Setters, Operators, and Tenders, Metal and Plastic","Examine completed workpieces for defects, such as chipped edges or marred surfaces and sort defective pieces according to types of flaws.",Deductive Reasoning,1,0
10111,"Cutting, Punching, and Press Machine Setters, Operators, and Tenders, Metal and Plastic","Examine completed workpieces for defects, such as chipped edges or marred surfaces and sort defective pieces according to types of flaws.",Manual Dexterity,1,0
10112,"Cutting, Punching, and Press Machine Setters, Operators, and Tenders, Metal and Plastic","Read work orders or production schedules to determine specifications, such as materials to be used, locations of cutting lines, or dimensions and tolerances.",Written Comprehension,3,0
10112,"Cutting, Punching, and Press Machine Setters, Operators, and Tenders, Metal and Plastic","Read work orders or production schedules to determine specifications, such as materials to be used, locations of cutting lines, or dimensions and tolerances.",Information Ordering,1,0
10112,"Cutting, Punching, and Press Machine Setters, Operators, and Tenders, Metal and Plastic","Read work orders or production schedules to determine specifications, such as materials to be used, locations of cutting lines, or dimensions and tolerances.",Visualization,1,0
10112,"Cutting, Punching, and Press Machine Setters, Operators, and Tenders, Metal and Plastic","Read work orders or production schedules to determine specifications, such as materials to be used, locations of cutting lines, or dimensions and tolerances.",Near Vision,1,0
10115,"Cutting, Punching, and Press Machine Setters, Operators, and Tenders, Metal and Plastic","Start machines, monitor their operations, and record operational data.",Selective Attention,2,0
10115,"Cutting, Punching, and Press Machine Setters, Operators, and Tenders, Metal and Plastic","Start machines, monitor their operations, and record operational data.",Near Vision,1,0
10115,"Cutting, Punching, and Press Machine Setters, Operators, and Tenders, Metal and Plastic","Start machines, monitor their operations, and record operational data.",Written Expression,1,0
10115,"Cutting, Punching, and Press Machine Setters, Operators, and Tenders, Metal and Plastic","Start machines, monitor their operations, and record operational data.",Control Precision,1,0
10114,"Cutting, Punching, and Press Machine Setters, Operators, and Tenders, Metal and Plastic","Set up, operate, or tend machines to saw, cut, shear, slit, punch, crimp, notch, bend, or straighten metal or plastic material.",Control Precision,3,0
10114,"Cutting, Punching, and Press Machine Setters, Operators, and Tenders, Metal and Plastic","Set up, operate, or tend machines to saw, cut, shear, slit, punch, crimp, notch, bend, or straighten metal or plastic material.",Multilimb Coordination,2,0
10114,"Cutting, Punching, and Press Machine Setters, Operators, and Tenders, Metal and Plastic","Set up, operate, or tend machines to saw, cut, shear, slit, punch, crimp, notch, bend, or straighten metal or plastic material.",Near Vision,1,0
10114,"Cutting, Punching, and Press Machine Setters, Operators, and Tenders, Metal and Plastic","Set up, operate, or tend machines to saw, cut, shear, slit, punch, crimp, notch, bend, or straighten metal or plastic material.",Static Strength,1,0
10116,"Cutting, Punching, and Press Machine Setters, Operators, and Tenders, Metal and Plastic","Test and adjust machine speeds or actions, according to product specifications, using gauges and hand tools.",Control Precision,2,0
10116,"Cutting, Punching, and Press Machine Setters, Operators, and Tenders, Metal and Plastic","Test and adjust machine speeds or actions, according to product specifications, using gauges and hand tools.",Near Vision,2,0
10116,"Cutting, Punching, and Press Machine Setters, Operators, and Tenders, Metal and Plastic","Test and adjust machine speeds or actions, according to product specifications, using gauges and hand tools.",Rate Control,1,0
10116,"Cutting, Punching, and Press Machine Setters, Operators, and Tenders, Metal and Plastic","Test and adjust machine speeds or actions, according to product specifications, using gauges and hand tools.",Manual Dexterity,1,0
10113,"Cutting, Punching, and Press Machine Setters, Operators, and Tenders, Metal and Plastic","Load workpieces, plastic material, or chemical solutions into machines.",Static Strength,2,0
10113,"Cutting, Punching, and Press Machine Setters, Operators, and Tenders, Metal and Plastic","Load workpieces, plastic material, or chemical solutions into machines.",Manual Dexterity,1,0
10113,"Cutting, Punching, and Press Machine Setters, Operators, and Tenders, Metal and Plastic","Load workpieces, plastic material, or chemical solutions into machines.",Dynamic Strength,1,0
10113,"Cutting, Punching, and Press Machine Setters, Operators, and Tenders, Metal and Plastic","Load workpieces, plastic material, or chemical solutions into machines.",Multilimb Coordination,1,0
10131,"Cutting, Punching, and Press Machine Setters, Operators, and Tenders, Metal and Plastic","Turn controls to set cutting speeds, feed rates, or table angles for specified operations.",Control Precision,2,0
10131,"Cutting, Punching, and Press Machine Setters, Operators, and Tenders, Metal and Plastic","Turn controls to set cutting speeds, feed rates, or table angles for specified operations.",Finger Dexterity,1,0
10131,"Cutting, Punching, and Press Machine Setters, Operators, and Tenders, Metal and Plastic","Turn controls to set cutting speeds, feed rates, or table angles for specified operations.",Near Vision,1,0
10131,"Cutting, Punching, and Press Machine Setters, Operators, and Tenders, Metal and Plastic","Turn controls to set cutting speeds, feed rates, or table angles for specified operations.",Manual Dexterity,1,0
20820,"Cutting, Punching, and Press Machine Setters, Operators, and Tenders, Metal and Plastic",Clean work area.,Stamina,1,0
20820,"Cutting, Punching, and Press Machine Setters, Operators, and Tenders, Metal and Plastic",Clean work area.,Static Strength,1,0
20820,"Cutting, Punching, and Press Machine Setters, Operators, and Tenders, Metal and Plastic",Clean work area.,Gross Body Coordination,1,0
20820,"Cutting, Punching, and Press Machine Setters, Operators, and Tenders, Metal and Plastic",Clean work area.,Manual Dexterity,1,0
10128,"Cutting, Punching, and Press Machine Setters, Operators, and Tenders, Metal and Plastic",Lubricate workpieces with oil.,Manual Dexterity,1,0
10128,"Cutting, Punching, and Press Machine Setters, Operators, and Tenders, Metal and Plastic",Lubricate workpieces with oil.,Finger Dexterity,1,0
10128,"Cutting, Punching, and Press Machine Setters, Operators, and Tenders, Metal and Plastic",Lubricate workpieces with oil.,Near Vision,1,0
10128,"Cutting, Punching, and Press Machine Setters, Operators, and Tenders, Metal and Plastic",Lubricate workpieces with oil.,Control Precision,1,0
10117,"Cutting, Punching, and Press Machine Setters, Operators, and Tenders, Metal and Plastic","Install, align, and lock specified punches, dies, cutting blades, or other fixtures in rams or beds of machines, using gauges, templates, feelers, shims, and hand tools.",Manual Dexterity,2,0
10117,"Cutting, Punching, and Press Machine Setters, Operators, and Tenders, Metal and Plastic","Install, align, and lock specified punches, dies, cutting blades, or other fixtures in rams or beds of machines, using gauges, templates, feelers, shims, and hand tools.",Control Precision,2,0
10117,"Cutting, Punching, and Press Machine Setters, Operators, and Tenders, Metal and Plastic","Install, align, and lock specified punches, dies, cutting blades, or other fixtures in rams or beds of machines, using gauges, templates, feelers, shims, and hand tools.",Arm-Hand Steadiness,1,0
10117,"Cutting, Punching, and Press Machine Setters, Operators, and Tenders, Metal and Plastic","Install, align, and lock specified punches, dies, cutting blades, or other fixtures in rams or beds of machines, using gauges, templates, feelers, shims, and hand tools.",Near Vision,1,0
10117,"Cutting, Punching, and Press Machine Setters, Operators, and Tenders, Metal and Plastic","Install, align, and lock specified punches, dies, cutting blades, or other fixtures in rams or beds of machines, using gauges, templates, feelers, shims, and hand tools.",Static Strength,1,0
10122,"Cutting, Punching, and Press Machine Setters, Operators, and Tenders, Metal and Plastic","Adjust ram strokes of presses to specified lengths, using hand tools.",Control Precision,2,0
10122,"Cutting, Punching, and Press Machine Setters, Operators, and Tenders, Metal and Plastic","Adjust ram strokes of presses to specified lengths, using hand tools.",Finger Dexterity,1,0
10122,"Cutting, Punching, and Press Machine Setters, Operators, and Tenders, Metal and Plastic","Adjust ram strokes of presses to specified lengths, using hand tools.",Near Vision,1,0
10122,"Cutting, Punching, and Press Machine Setters, Operators, and Tenders, Metal and Plastic","Adjust ram strokes of presses to specified lengths, using hand tools.",Manual Dexterity,1,0
10119,"Cutting, Punching, and Press Machine Setters, Operators, and Tenders, Metal and Plastic","Position, align, and secure workpieces against fixtures or stops on machine beds or on dies.",Manual Dexterity,2,0
10119,"Cutting, Punching, and Press Machine Setters, Operators, and Tenders, Metal and Plastic","Position, align, and secure workpieces against fixtures or stops on machine beds or on dies.",Control Precision,1,0
10119,"Cutting, Punching, and Press Machine Setters, Operators, and Tenders, Metal and Plastic","Position, align, and secure workpieces against fixtures or stops on machine beds or on dies.",Arm-Hand Steadiness,1,0
10119,"Cutting, Punching, and Press Machine Setters, Operators, and Tenders, Metal and Plastic","Position, align, and secure workpieces against fixtures or stops on machine beds or on dies.",Static Strength,1,0
10127,"Cutting, Punching, and Press Machine Setters, Operators, and Tenders, Metal and Plastic","Set stops on machine beds, change dies, and adjust components, such as rams or power presses, when making multiple or successive passes.",Manual Dexterity,2,0
10127,"Cutting, Punching, and Press Machine Setters, Operators, and Tenders, Metal and Plastic","Set stops on machine beds, change dies, and adjust components, such as rams or power presses, when making multiple or successive passes.",Control Precision,2,0
10127,"Cutting, Punching, and Press Machine Setters, Operators, and Tenders, Metal and Plastic","Set stops on machine beds, change dies, and adjust components, such as rams or power presses, when making multiple or successive passes.",Static Strength,1,0
10118,"Cutting, Punching, and Press Machine Setters, Operators, and Tenders, Metal and Plastic",Clean and lubricate machines.,Manual Dexterity,1,0
10118,"Cutting, Punching, and Press Machine Setters, Operators, and Tenders, Metal and Plastic",Clean and lubricate machines.,Stamina,1,0
10118,"Cutting, Punching, and Press Machine Setters, Operators, and Tenders, Metal and Plastic",Clean and lubricate machines.,Finger Dexterity,1,0
10118,"Cutting, Punching, and Press Machine Setters, Operators, and Tenders, Metal and Plastic",Clean and lubricate machines.,Near Vision,1,0
10124,"Cutting, Punching, and Press Machine Setters, Operators, and Tenders, Metal and Plastic","Position guides, stops, holding blocks, or other fixtures to secure and direct workpieces, using hand tools and measuring devices.",Manual Dexterity,2,0
10124,"Cutting, Punching, and Press Machine Setters, Operators, and Tenders, Metal and Plastic","Position guides, stops, holding blocks, or other fixtures to secure and direct workpieces, using hand tools and measuring devices.",Control Precision,1,0
10124,"Cutting, Punching, and Press Machine Setters, Operators, and Tenders, Metal and Plastic","Position guides, stops, holding blocks, or other fixtures to secure and direct workpieces, using hand tools and measuring devices.",Near Vision,1,0
10124,"Cutting, Punching, and Press Machine Setters, Operators, and Tenders, Metal and Plastic","Position guides, stops, holding blocks, or other fixtures to secure and direct workpieces, using hand tools and measuring devices.",Finger Dexterity,1,0
10123,"Cutting, Punching, and Press Machine Setters, Operators, and Tenders, Metal and Plastic","Place workpieces on cutting tables, manually or using hoists, cranes, or sledges.",Static Strength,2,0
10123,"Cutting, Punching, and Press Machine Setters, Operators, and Tenders, Metal and Plastic","Place workpieces on cutting tables, manually or using hoists, cranes, or sledges.",Dynamic Strength,1,0
10123,"Cutting, Punching, and Press Machine Setters, Operators, and Tenders, Metal and Plastic","Place workpieces on cutting tables, manually or using hoists, cranes, or sledges.",Multilimb Coordination,1,0
10123,"Cutting, Punching, and Press Machine Setters, Operators, and Tenders, Metal and Plastic","Place workpieces on cutting tables, manually or using hoists, cranes, or sledges.",Manual Dexterity,1,0
10129,"Cutting, Punching, and Press Machine Setters, Operators, and Tenders, Metal and Plastic","Replace defective blades or wheels, using hand tools.",Manual Dexterity,2,0
10129,"Cutting, Punching, and Press Machine Setters, Operators, and Tenders, Metal and Plastic","Replace defective blades or wheels, using hand tools.",Finger Dexterity,1,0
10129,"Cutting, Punching, and Press Machine Setters, Operators, and Tenders, Metal and Plastic","Replace defective blades or wheels, using hand tools.",Static Strength,1,0
10132,"Cutting, Punching, and Press Machine Setters, Operators, and Tenders, Metal and Plastic","Plan sequences of operations, applying knowledge of physical properties of workpiece materials.",Deductive Reasoning,3,0
10132,"Cutting, Punching, and Press Machine Setters, Operators, and Tenders, Metal and Plastic","Plan sequences of operations, applying knowledge of physical properties of workpiece materials.",Information Ordering,2,0
10132,"Cutting, Punching, and Press Machine Setters, Operators, and Tenders, Metal and Plastic","Plan sequences of operations, applying knowledge of physical properties of workpiece materials.",Problem Sensitivity,1,0
10132,"Cutting, Punching, and Press Machine Setters, Operators, and Tenders, Metal and Plastic","Plan sequences of operations, applying knowledge of physical properties of workpiece materials.",Visualization,1,0
10130,"Cutting, Punching, and Press Machine Setters, Operators, and Tenders, Metal and Plastic",Mark identifying data on workpieces.,Finger Dexterity,1,0
10130,"Cutting, Punching, and Press Machine Setters, Operators, and Tenders, Metal and Plastic",Mark identifying data on workpieces.,Near Vision,1,0
10130,"Cutting, Punching, and Press Machine Setters, Operators, and Tenders, Metal and Plastic",Mark identifying data on workpieces.,Written Expression,1,1
10130,"Cutting, Punching, and Press Machine Setters, Operators, and Tenders, Metal and Plastic",Mark identifying data on workpieces.,Manual Dexterity,1,0
10126,"Cutting, Punching, and Press Machine Setters, Operators, and Tenders, Metal and Plastic",Turn valves to start flow of coolant against cutting areas or to start airflow that blows cuttings away from kerfs.,Manual Dexterity,1,0
10126,"Cutting, Punching, and Press Machine Setters, Operators, and Tenders, Metal and Plastic",Turn valves to start flow of coolant against cutting areas or to start airflow that blows cuttings away from kerfs.,Control Precision,1,0
10126,"Cutting, Punching, and Press Machine Setters, Operators, and Tenders, Metal and Plastic",Turn valves to start flow of coolant against cutting areas or to start airflow that blows cuttings away from kerfs.,Near Vision,1,0
10126,"Cutting, Punching, and Press Machine Setters, Operators, and Tenders, Metal and Plastic",Turn valves to start flow of coolant against cutting areas or to start airflow that blows cuttings away from kerfs.,Finger Dexterity,1,0
10137,"Cutting, Punching, and Press Machine Setters, Operators, and Tenders, Metal and Plastic",Hone cutters with oilstones to remove nicks.,Manual Dexterity,2,0
10137,"Cutting, Punching, and Press Machine Setters, Operators, and Tenders, Metal and Plastic",Hone cutters with oilstones to remove nicks.,Arm-Hand Steadiness,2,0
10137,"Cutting, Punching, and Press Machine Setters, Operators, and Tenders, Metal and Plastic",Hone cutters with oilstones to remove nicks.,Near Vision,1,0
10137,"Cutting, Punching, and Press Machine Setters, Operators, and Tenders, Metal and Plastic",Hone cutters with oilstones to remove nicks.,Control Precision,1,0
10136,"Cutting, Punching, and Press Machine Setters, Operators, and Tenders, Metal and Plastic","Remove housings, feed tubes, tool holders, or other accessories to replace worn or broken parts, such as springs or bushings.",Manual Dexterity,2,0
10136,"Cutting, Punching, and Press Machine Setters, Operators, and Tenders, Metal and Plastic","Remove housings, feed tubes, tool holders, or other accessories to replace worn or broken parts, such as springs or bushings.",Finger Dexterity,1,0
10136,"Cutting, Punching, and Press Machine Setters, Operators, and Tenders, Metal and Plastic","Remove housings, feed tubes, tool holders, or other accessories to replace worn or broken parts, such as springs or bushings.",Static Strength,1,0
10136,"Cutting, Punching, and Press Machine Setters, Operators, and Tenders, Metal and Plastic","Remove housings, feed tubes, tool holders, or other accessories to replace worn or broken parts, such as springs or bushings.",Arm-Hand Steadiness,1,0
10135,"Cutting, Punching, and Press Machine Setters, Operators, and Tenders, Metal and Plastic","Sharpen dulled blades, using bench grinders, abrasive wheels, or lathes.",Manual Dexterity,2,0
10135,"Cutting, Punching, and Press Machine Setters, Operators, and Tenders, Metal and Plastic","Sharpen dulled blades, using bench grinders, abrasive wheels, or lathes.",Arm-Hand Steadiness,2,0
10135,"Cutting, Punching, and Press Machine Setters, Operators, and Tenders, Metal and Plastic","Sharpen dulled blades, using bench grinders, abrasive wheels, or lathes.",Near Vision,1,0
10135,"Cutting, Punching, and Press Machine Setters, Operators, and Tenders, Metal and Plastic","Sharpen dulled blades, using bench grinders, abrasive wheels, or lathes.",Control Precision,1,0
20821,"Cutting, Punching, and Press Machine Setters, Operators, and Tenders, Metal and Plastic",Operate forklifts to deliver materials.,Control Precision,2,0
20821,"Cutting, Punching, and Press Machine Setters, Operators, and Tenders, Metal and Plastic",Operate forklifts to deliver materials.,Multilimb Coordination,2,0
20821,"Cutting, Punching, and Press Machine Setters, Operators, and Tenders, Metal and Plastic",Operate forklifts to deliver materials.,Depth Perception,2,0
20821,"Cutting, Punching, and Press Machine Setters, Operators, and Tenders, Metal and Plastic",Operate forklifts to deliver materials.,Reaction Time,1,0
20821,"Cutting, Punching, and Press Machine Setters, Operators, and Tenders, Metal and Plastic",Operate forklifts to deliver materials.,Near Vision,1,0
10138,"Cutting, Punching, and Press Machine Setters, Operators, and Tenders, Metal and Plastic","Select, clean, and install spacers, rubber sleeves, or cutters on arbors.",Manual Dexterity,2,0
10138,"Cutting, Punching, and Press Machine Setters, Operators, and Tenders, Metal and Plastic","Select, clean, and install spacers, rubber sleeves, or cutters on arbors.",Finger Dexterity,1,0
10138,"Cutting, Punching, and Press Machine Setters, Operators, and Tenders, Metal and Plastic","Select, clean, and install spacers, rubber sleeves, or cutters on arbors.",Near Vision,1,0
10138,"Cutting, Punching, and Press Machine Setters, Operators, and Tenders, Metal and Plastic","Select, clean, and install spacers, rubber sleeves, or cutters on arbors.",Control Precision,1,0
10120,"Cutting, Punching, and Press Machine Setters, Operators, and Tenders, Metal and Plastic","Scribe reference lines on workpieces as guides for cutting operations, according to blueprints, templates, sample parts, or specifications.",Near Vision,2,0
10120,"Cutting, Punching, and Press Machine Setters, Operators, and Tenders, Metal and Plastic","Scribe reference lines on workpieces as guides for cutting operations, according to blueprints, templates, sample parts, or specifications.",Arm-Hand Steadiness,2,0
10120,"Cutting, Punching, and Press Machine Setters, Operators, and Tenders, Metal and Plastic","Scribe reference lines on workpieces as guides for cutting operations, according to blueprints, templates, sample parts, or specifications.",Manual Dexterity,1,0
10120,"Cutting, Punching, and Press Machine Setters, Operators, and Tenders, Metal and Plastic","Scribe reference lines on workpieces as guides for cutting operations, according to blueprints, templates, sample parts, or specifications.",Visualization,1,0
10134,"Cutting, Punching, and Press Machine Setters, Operators, and Tenders, Metal and Plastic","Grind out burrs or sharp edges, using portable grinders, speed lathes, or polishing jacks.",Manual Dexterity,2,0
10134,"Cutting, Punching, and Press Machine Setters, Operators, and Tenders, Metal and Plastic","Grind out burrs or sharp edges, using portable grinders, speed lathes, or polishing jacks.",Arm-Hand Steadiness,2,0
10134,"Cutting, Punching, and Press Machine Setters, Operators, and Tenders, Metal and Plastic","Grind out burrs or sharp edges, using portable grinders, speed lathes, or polishing jacks.",Near Vision,1,0
10134,"Cutting, Punching, and Press Machine Setters, Operators, and Tenders, Metal and Plastic","Grind out burrs or sharp edges, using portable grinders, speed lathes, or polishing jacks.",Static Strength,1,0
10121,"Cutting, Punching, and Press Machine Setters, Operators, and Tenders, Metal and Plastic","Set blade tensions, heights, and angles to perform prescribed cuts, using wrenches.",Manual Dexterity,2,0
10121,"Cutting, Punching, and Press Machine Setters, Operators, and Tenders, Metal and Plastic","Set blade tensions, heights, and angles to perform prescribed cuts, using wrenches.",Control Precision,1,0
10121,"Cutting, Punching, and Press Machine Setters, Operators, and Tenders, Metal and Plastic","Set blade tensions, heights, and angles to perform prescribed cuts, using wrenches.",Finger Dexterity,1,0
10121,"Cutting, Punching, and Press Machine Setters, Operators, and Tenders, Metal and Plastic","Set blade tensions, heights, and angles to perform prescribed cuts, using wrenches.",Near Vision,1,0
24012,"Cutting, Punching, and Press Machine Setters, Operators, and Tenders, Metal and Plastic","Use equipment designed to join sheet metal, such as spot welders.",Manual Dexterity,2,0
24012,"Cutting, Punching, and Press Machine Setters, Operators, and Tenders, Metal and Plastic","Use equipment designed to join sheet metal, such as spot welders.",Arm-Hand Steadiness,2,0
24012,"Cutting, Punching, and Press Machine Setters, Operators, and Tenders, Metal and Plastic","Use equipment designed to join sheet metal, such as spot welders.",Near Vision,2,0
24012,"Cutting, Punching, and Press Machine Setters, Operators, and Tenders, Metal and Plastic","Use equipment designed to join sheet metal, such as spot welders.",Control Precision,1,0
10139,"Cutting, Punching, and Press Machine Setters, Operators, and Tenders, Metal and Plastic","Preheat workpieces, using heating furnaces or hand torches.",Manual Dexterity,1,0
10139,"Cutting, Punching, and Press Machine Setters, Operators, and Tenders, Metal and Plastic","Preheat workpieces, using heating furnaces or hand torches.",Near Vision,1,0
10139,"Cutting, Punching, and Press Machine Setters, Operators, and Tenders, Metal and Plastic","Preheat workpieces, using heating furnaces or hand torches.",Control Precision,1,0
10139,"Cutting, Punching, and Press Machine Setters, Operators, and Tenders, Metal and Plastic","Preheat workpieces, using heating furnaces or hand torches.",Arm-Hand Steadiness,1,0
11974,"Drilling and Boring Machine Tool Setters, Operators, and Tenders, Metal and Plastic","Verify conformance of machined work to specifications, using measuring instruments, such as calipers, micrometers, or fixed or telescoping gauges.",Near Vision,3,0
11974,"Drilling and Boring Machine Tool Setters, Operators, and Tenders, Metal and Plastic","Verify conformance of machined work to specifications, using measuring instruments, such as calipers, micrometers, or fixed or telescoping gauges.",Finger Dexterity,1,0
11974,"Drilling and Boring Machine Tool Setters, Operators, and Tenders, Metal and Plastic","Verify conformance of machined work to specifications, using measuring instruments, such as calipers, micrometers, or fixed or telescoping gauges.",Number Facility,1,0
11974,"Drilling and Boring Machine Tool Setters, Operators, and Tenders, Metal and Plastic","Verify conformance of machined work to specifications, using measuring instruments, such as calipers, micrometers, or fixed or telescoping gauges.",Arm-Hand Steadiness,1,0
11975,"Drilling and Boring Machine Tool Setters, Operators, and Tenders, Metal and Plastic","Study machining instructions, job orders, or blueprints to determine dimensional or finish specifications, sequences of operations, setups, or tooling requirements.",Written Comprehension,3,0
11975,"Drilling and Boring Machine Tool Setters, Operators, and Tenders, Metal and Plastic","Study machining instructions, job orders, or blueprints to determine dimensional or finish specifications, sequences of operations, setups, or tooling requirements.",Visualization,2,0
11975,"Drilling and Boring Machine Tool Setters, Operators, and Tenders, Metal and Plastic","Study machining instructions, job orders, or blueprints to determine dimensional or finish specifications, sequences of operations, setups, or tooling requirements.",Information Ordering,1,0
11980,"Drilling and Boring Machine Tool Setters, Operators, and Tenders, Metal and Plastic",Move machine controls to lower tools to workpieces and to engage automatic feeds.,Control Precision,2,0
11980,"Drilling and Boring Machine Tool Setters, Operators, and Tenders, Metal and Plastic",Move machine controls to lower tools to workpieces and to engage automatic feeds.,Finger Dexterity,1,0
11980,"Drilling and Boring Machine Tool Setters, Operators, and Tenders, Metal and Plastic",Move machine controls to lower tools to workpieces and to engage automatic feeds.,Multilimb Coordination,1,0
11980,"Drilling and Boring Machine Tool Setters, Operators, and Tenders, Metal and Plastic",Move machine controls to lower tools to workpieces and to engage automatic feeds.,Near Vision,1,0
11988,"Drilling and Boring Machine Tool Setters, Operators, and Tenders, Metal and Plastic","Verify that workpiece reference lines are parallel to the axis of table rotation, using dial indicators mounted in spindles.",Near Vision,2,0
11988,"Drilling and Boring Machine Tool Setters, Operators, and Tenders, Metal and Plastic","Verify that workpiece reference lines are parallel to the axis of table rotation, using dial indicators mounted in spindles.",Spatial Orientation,2,0
11988,"Drilling and Boring Machine Tool Setters, Operators, and Tenders, Metal and Plastic","Verify that workpiece reference lines are parallel to the axis of table rotation, using dial indicators mounted in spindles.",Control Precision,1,0
11988,"Drilling and Boring Machine Tool Setters, Operators, and Tenders, Metal and Plastic","Verify that workpiece reference lines are parallel to the axis of table rotation, using dial indicators mounted in spindles.",Selective Attention,1,0
11983,"Drilling and Boring Machine Tool Setters, Operators, and Tenders, Metal and Plastic","Establish zero reference points on workpieces, such as at the intersections of two edges or over hole locations.",Near Vision,2,0
11983,"Drilling and Boring Machine Tool Setters, Operators, and Tenders, Metal and Plastic","Establish zero reference points on workpieces, such as at the intersections of two edges or over hole locations.",Spatial Orientation,1,1
11983,"Drilling and Boring Machine Tool Setters, Operators, and Tenders, Metal and Plastic","Establish zero reference points on workpieces, such as at the intersections of two edges or over hole locations.",Control Precision,1,0
11983,"Drilling and Boring Machine Tool Setters, Operators, and Tenders, Metal and Plastic","Establish zero reference points on workpieces, such as at the intersections of two edges or over hole locations.",Manual Dexterity,1,0
11978,"Drilling and Boring Machine Tool Setters, Operators, and Tenders, Metal and Plastic","Change worn cutting tools, using wrenches.",Manual Dexterity,2,0
11978,"Drilling and Boring Machine Tool Setters, Operators, and Tenders, Metal and Plastic","Change worn cutting tools, using wrenches.",Finger Dexterity,1,0
11978,"Drilling and Boring Machine Tool Setters, Operators, and Tenders, Metal and Plastic","Change worn cutting tools, using wrenches.",Static Strength,1,0
11978,"Drilling and Boring Machine Tool Setters, Operators, and Tenders, Metal and Plastic","Change worn cutting tools, using wrenches.",Arm-Hand Steadiness,1,0
11976,"Drilling and Boring Machine Tool Setters, Operators, and Tenders, Metal and Plastic","Select and set cutting speeds, feed rates, depths of cuts, and cutting tools, according to machining instructions or knowledge of metal properties.",Deductive Reasoning,2,0
11976,"Drilling and Boring Machine Tool Setters, Operators, and Tenders, Metal and Plastic","Select and set cutting speeds, feed rates, depths of cuts, and cutting tools, according to machining instructions or knowledge of metal properties.",Control Precision,1,0
11976,"Drilling and Boring Machine Tool Setters, Operators, and Tenders, Metal and Plastic","Select and set cutting speeds, feed rates, depths of cuts, and cutting tools, according to machining instructions or knowledge of metal properties.",Number Facility,1,0
11976,"Drilling and Boring Machine Tool Setters, Operators, and Tenders, Metal and Plastic","Select and set cutting speeds, feed rates, depths of cuts, and cutting tools, according to machining instructions or knowledge of metal properties.",Information Ordering,1,0
11979,"Drilling and Boring Machine Tool Setters, Operators, and Tenders, Metal and Plastic","Position and secure workpieces on tables, using bolts, jigs, clamps, shims, or other holding devices.",Manual Dexterity,2,0
11979,"Drilling and Boring Machine Tool Setters, Operators, and Tenders, Metal and Plastic","Position and secure workpieces on tables, using bolts, jigs, clamps, shims, or other holding devices.",Static Strength,1,0
11979,"Drilling and Boring Machine Tool Setters, Operators, and Tenders, Metal and Plastic","Position and secure workpieces on tables, using bolts, jigs, clamps, shims, or other holding devices.",Control Precision,1,0
11979,"Drilling and Boring Machine Tool Setters, Operators, and Tenders, Metal and Plastic","Position and secure workpieces on tables, using bolts, jigs, clamps, shims, or other holding devices.",Finger Dexterity,1,0
11984,"Drilling and Boring Machine Tool Setters, Operators, and Tenders, Metal and Plastic",Observe drilling or boring machine operations to detect any problems.,Selective Attention,3,0
11984,"Drilling and Boring Machine Tool Setters, Operators, and Tenders, Metal and Plastic",Observe drilling or boring machine operations to detect any problems.,Near Vision,2,0
11984,"Drilling and Boring Machine Tool Setters, Operators, and Tenders, Metal and Plastic",Observe drilling or boring machine operations to detect any problems.,Problem Sensitivity,1,0
11984,"Drilling and Boring Machine Tool Setters, Operators, and Tenders, Metal and Plastic",Observe drilling or boring machine operations to detect any problems.,Deductive Reasoning,1,0
11985,"Drilling and Boring Machine Tool Setters, Operators, and Tenders, Metal and Plastic",Lift workpieces onto work tables either manually or with hoists or direct crane operators to lift and position workpieces.,Static Strength,3,0
11985,"Drilling and Boring Machine Tool Setters, Operators, and Tenders, Metal and Plastic",Lift workpieces onto work tables either manually or with hoists or direct crane operators to lift and position workpieces.,Dynamic Strength,2,0
11985,"Drilling and Boring Machine Tool Setters, Operators, and Tenders, Metal and Plastic",Lift workpieces onto work tables either manually or with hoists or direct crane operators to lift and position workpieces.,Trunk Strength,1,0
11985,"Drilling and Boring Machine Tool Setters, Operators, and Tenders, Metal and Plastic",Lift workpieces onto work tables either manually or with hoists or direct crane operators to lift and position workpieces.,Gross Body Coordination,1,0
11981,"Drilling and Boring Machine Tool Setters, Operators, and Tenders, Metal and Plastic",Turn valves and direct flow of coolants or cutting oil over cutting areas.,Manual Dexterity,1,0
11981,"Drilling and Boring Machine Tool Setters, Operators, and Tenders, Metal and Plastic",Turn valves and direct flow of coolants or cutting oil over cutting areas.,Control Precision,1,0
11981,"Drilling and Boring Machine Tool Setters, Operators, and Tenders, Metal and Plastic",Turn valves and direct flow of coolants or cutting oil over cutting areas.,Near Vision,1,0
11981,"Drilling and Boring Machine Tool Setters, Operators, and Tenders, Metal and Plastic",Turn valves and direct flow of coolants or cutting oil over cutting areas.,Finger Dexterity,1,0
11977,"Drilling and Boring Machine Tool Setters, Operators, and Tenders, Metal and Plastic",Install tools in spindles.,Manual Dexterity,2,0
11977,"Drilling and Boring Machine Tool Setters, Operators, and Tenders, Metal and Plastic",Install tools in spindles.,Finger Dexterity,1,0
11977,"Drilling and Boring Machine Tool Setters, Operators, and Tenders, Metal and Plastic",Install tools in spindles.,Arm-Hand Steadiness,1,0
11977,"Drilling and Boring Machine Tool Setters, Operators, and Tenders, Metal and Plastic",Install tools in spindles.,Control Precision,1,0
11987,"Drilling and Boring Machine Tool Setters, Operators, and Tenders, Metal and Plastic","Perform minor assembly, such as fastening parts with nuts, bolts, or screws, using power tools or hand tools.",Manual Dexterity,2,0
11987,"Drilling and Boring Machine Tool Setters, Operators, and Tenders, Metal and Plastic","Perform minor assembly, such as fastening parts with nuts, bolts, or screws, using power tools or hand tools.",Finger Dexterity,2,0
11987,"Drilling and Boring Machine Tool Setters, Operators, and Tenders, Metal and Plastic","Perform minor assembly, such as fastening parts with nuts, bolts, or screws, using power tools or hand tools.",Multilimb Coordination,1,0
11987,"Drilling and Boring Machine Tool Setters, Operators, and Tenders, Metal and Plastic","Perform minor assembly, such as fastening parts with nuts, bolts, or screws, using power tools or hand tools.",Arm-Hand Steadiness,1,0
11982,"Drilling and Boring Machine Tool Setters, Operators, and Tenders, Metal and Plastic",Operate single- or multiple-spindle drill presses to bore holes so that machining operations can be performed on metal or plastic workpieces.,Control Precision,3,0
11982,"Drilling and Boring Machine Tool Setters, Operators, and Tenders, Metal and Plastic",Operate single- or multiple-spindle drill presses to bore holes so that machining operations can be performed on metal or plastic workpieces.,Multilimb Coordination,2,0
11982,"Drilling and Boring Machine Tool Setters, Operators, and Tenders, Metal and Plastic",Operate single- or multiple-spindle drill presses to bore holes so that machining operations can be performed on metal or plastic workpieces.,Near Vision,1,0
11982,"Drilling and Boring Machine Tool Setters, Operators, and Tenders, Metal and Plastic",Operate single- or multiple-spindle drill presses to bore holes so that machining operations can be performed on metal or plastic workpieces.,Arm-Hand Steadiness,1,0
11986,"Drilling and Boring Machine Tool Setters, Operators, and Tenders, Metal and Plastic","Lay out reference lines and machining locations on work, using layout tools, and applying knowledge of shop math and layout techniques.",Near Vision,2,0
11986,"Drilling and Boring Machine Tool Setters, Operators, and Tenders, Metal and Plastic","Lay out reference lines and machining locations on work, using layout tools, and applying knowledge of shop math and layout techniques.",Mathematical Reasoning,2,0
11986,"Drilling and Boring Machine Tool Setters, Operators, and Tenders, Metal and Plastic","Lay out reference lines and machining locations on work, using layout tools, and applying knowledge of shop math and layout techniques.",Visualization,2,0
11986,"Drilling and Boring Machine Tool Setters, Operators, and Tenders, Metal and Plastic","Lay out reference lines and machining locations on work, using layout tools, and applying knowledge of shop math and layout techniques.",Manual Dexterity,1,0
11990,"Drilling and Boring Machine Tool Setters, Operators, and Tenders, Metal and Plastic","Sharpen cutting tools, using bench grinders.",Manual Dexterity,2,0
11990,"Drilling and Boring Machine Tool Setters, Operators, and Tenders, Metal and Plastic","Sharpen cutting tools, using bench grinders.",Arm-Hand Steadiness,2,0
11990,"Drilling and Boring Machine Tool Setters, Operators, and Tenders, Metal and Plastic","Sharpen cutting tools, using bench grinders.",Near Vision,1,0
11990,"Drilling and Boring Machine Tool Setters, Operators, and Tenders, Metal and Plastic","Sharpen cutting tools, using bench grinders.",Control Precision,1,0
11989,"Drilling and Boring Machine Tool Setters, Operators, and Tenders, Metal and Plastic",Operate tracing attachments to duplicate contours from templates or models.,Control Precision,2,0
11989,"Drilling and Boring Machine Tool Setters, Operators, and Tenders, Metal and Plastic",Operate tracing attachments to duplicate contours from templates or models.,Near Vision,2,0
11989,"Drilling and Boring Machine Tool Setters, Operators, and Tenders, Metal and Plastic",Operate tracing attachments to duplicate contours from templates or models.,Visualization,1,0
11989,"Drilling and Boring Machine Tool Setters, Operators, and Tenders, Metal and Plastic",Operate tracing attachments to duplicate contours from templates or models.,Arm-Hand Steadiness,1,0
10140,"Grinding, Lapping, Polishing, and Buffing Machine Tool Setters, Operators, and Tenders, Metal and Plastic","Inspect or measure finished workpieces to determine conformance to specifications, using measuring instruments, such as gauges or micrometers.",Near Vision,3,0
10140,"Grinding, Lapping, Polishing, and Buffing Machine Tool Setters, Operators, and Tenders, Metal and Plastic","Inspect or measure finished workpieces to determine conformance to specifications, using measuring instruments, such as gauges or micrometers.",Finger Dexterity,1,0
10140,"Grinding, Lapping, Polishing, and Buffing Machine Tool Setters, Operators, and Tenders, Metal and Plastic","Inspect or measure finished workpieces to determine conformance to specifications, using measuring instruments, such as gauges or micrometers.",Number Facility,1,0
10140,"Grinding, Lapping, Polishing, and Buffing Machine Tool Setters, Operators, and Tenders, Metal and Plastic","Inspect or measure finished workpieces to determine conformance to specifications, using measuring instruments, such as gauges or micrometers.",Arm-Hand Steadiness,1,0
10145,"Grinding, Lapping, Polishing, and Buffing Machine Tool Setters, Operators, and Tenders, Metal and Plastic","Measure workpieces and lay out work, using precision measuring devices.",Near Vision,2,0
10145,"Grinding, Lapping, Polishing, and Buffing Machine Tool Setters, Operators, and Tenders, Metal and Plastic","Measure workpieces and lay out work, using precision measuring devices.",Finger Dexterity,1,0
10145,"Grinding, Lapping, Polishing, and Buffing Machine Tool Setters, Operators, and Tenders, Metal and Plastic","Measure workpieces and lay out work, using precision measuring devices.",Mathematical Reasoning,1,0
10145,"Grinding, Lapping, Polishing, and Buffing Machine Tool Setters, Operators, and Tenders, Metal and Plastic","Measure workpieces and lay out work, using precision measuring devices.",Arm-Hand Steadiness,1,0
10143,"Grinding, Lapping, Polishing, and Buffing Machine Tool Setters, Operators, and Tenders, Metal and Plastic","Observe machine operations to detect any problems, making necessary adjustments to correct problems.",Selective Attention,2,0
10143,"Grinding, Lapping, Polishing, and Buffing Machine Tool Setters, Operators, and Tenders, Metal and Plastic","Observe machine operations to detect any problems, making necessary adjustments to correct problems.",Problem Sensitivity,2,0
10143,"Grinding, Lapping, Polishing, and Buffing Machine Tool Setters, Operators, and Tenders, Metal and Plastic","Observe machine operations to detect any problems, making necessary adjustments to correct problems.",Near Vision,1,0
10143,"Grinding, Lapping, Polishing, and Buffing Machine Tool Setters, Operators, and Tenders, Metal and Plastic","Observe machine operations to detect any problems, making necessary adjustments to correct problems.",Control Precision,1,0
10150,"Grinding, Lapping, Polishing, and Buffing Machine Tool Setters, Operators, and Tenders, Metal and Plastic","Move machine controls to index workpieces, and to adjust machines for pre-selected operational settings.",Control Precision,2,0
10150,"Grinding, Lapping, Polishing, and Buffing Machine Tool Setters, Operators, and Tenders, Metal and Plastic","Move machine controls to index workpieces, and to adjust machines for pre-selected operational settings.",Finger Dexterity,1,0
10150,"Grinding, Lapping, Polishing, and Buffing Machine Tool Setters, Operators, and Tenders, Metal and Plastic","Move machine controls to index workpieces, and to adjust machines for pre-selected operational settings.",Near Vision,1,0
10150,"Grinding, Lapping, Polishing, and Buffing Machine Tool Setters, Operators, and Tenders, Metal and Plastic","Move machine controls to index workpieces, and to adjust machines for pre-selected operational settings.",Multilimb Coordination,1,0
10147,"Grinding, Lapping, Polishing, and Buffing Machine Tool Setters, Operators, and Tenders, Metal and Plastic","Study blueprints, work orders, or machining instructions to determine product specifications, tool requirements, and operational sequences.",Written Comprehension,3,0
10147,"Grinding, Lapping, Polishing, and Buffing Machine Tool Setters, Operators, and Tenders, Metal and Plastic","Study blueprints, work orders, or machining instructions to determine product specifications, tool requirements, and operational sequences.",Visualization,1,0
10147,"Grinding, Lapping, Polishing, and Buffing Machine Tool Setters, Operators, and Tenders, Metal and Plastic","Study blueprints, work orders, or machining instructions to determine product specifications, tool requirements, and operational sequences.",Information Ordering,1,0
10147,"Grinding, Lapping, Polishing, and Buffing Machine Tool Setters, Operators, and Tenders, Metal and Plastic","Study blueprints, work orders, or machining instructions to determine product specifications, tool requirements, and operational sequences.",Near Vision,1,0
10146,"Grinding, Lapping, Polishing, and Buffing Machine Tool Setters, Operators, and Tenders, Metal and Plastic","Select machine tooling to be used, using knowledge of machine and production requirements.",Deductive Reasoning,2,0
10146,"Grinding, Lapping, Polishing, and Buffing Machine Tool Setters, Operators, and Tenders, Metal and Plastic","Select machine tooling to be used, using knowledge of machine and production requirements.",Near Vision,1,0
10146,"Grinding, Lapping, Polishing, and Buffing Machine Tool Setters, Operators, and Tenders, Metal and Plastic","Select machine tooling to be used, using knowledge of machine and production requirements.",Information Ordering,1,0
10146,"Grinding, Lapping, Polishing, and Buffing Machine Tool Setters, Operators, and Tenders, Metal and Plastic","Select machine tooling to be used, using knowledge of machine and production requirements.",Visualization,1,0
10148,"Grinding, Lapping, Polishing, and Buffing Machine Tool Setters, Operators, and Tenders, Metal and Plastic","Mount and position tools in machine chucks, spindles, or other tool holding devices, using hand tools.",Manual Dexterity,2,0
10148,"Grinding, Lapping, Polishing, and Buffing Machine Tool Setters, Operators, and Tenders, Metal and Plastic","Mount and position tools in machine chucks, spindles, or other tool holding devices, using hand tools.",Finger Dexterity,1,0
10148,"Grinding, Lapping, Polishing, and Buffing Machine Tool Setters, Operators, and Tenders, Metal and Plastic","Mount and position tools in machine chucks, spindles, or other tool holding devices, using hand tools.",Arm-Hand Steadiness,1,0
10148,"Grinding, Lapping, Polishing, and Buffing Machine Tool Setters, Operators, and Tenders, Metal and Plastic","Mount and position tools in machine chucks, spindles, or other tool holding devices, using hand tools.",Control Precision,1,0
10149,"Grinding, Lapping, Polishing, and Buffing Machine Tool Setters, Operators, and Tenders, Metal and Plastic","Activate machine start-up switches to grind, lap, hone, debar, shear, or cut workpieces, according to specifications.",Control Precision,1,0
10149,"Grinding, Lapping, Polishing, and Buffing Machine Tool Setters, Operators, and Tenders, Metal and Plastic","Activate machine start-up switches to grind, lap, hone, debar, shear, or cut workpieces, according to specifications.",Finger Dexterity,1,0
10149,"Grinding, Lapping, Polishing, and Buffing Machine Tool Setters, Operators, and Tenders, Metal and Plastic","Activate machine start-up switches to grind, lap, hone, debar, shear, or cut workpieces, according to specifications.",Near Vision,1,0
10149,"Grinding, Lapping, Polishing, and Buffing Machine Tool Setters, Operators, and Tenders, Metal and Plastic","Activate machine start-up switches to grind, lap, hone, debar, shear, or cut workpieces, according to specifications.",Manual Dexterity,1,0
10142,"Grinding, Lapping, Polishing, and Buffing Machine Tool Setters, Operators, and Tenders, Metal and Plastic","Set up, operate, or tend grinding and related tools that remove excess material or burrs from surfaces, sharpen edges or corners, or buff, hone, or polish metal or plastic workpieces.",Manual Dexterity,2,0
10142,"Grinding, Lapping, Polishing, and Buffing Machine Tool Setters, Operators, and Tenders, Metal and Plastic","Set up, operate, or tend grinding and related tools that remove excess material or burrs from surfaces, sharpen edges or corners, or buff, hone, or polish metal or plastic workpieces.",Arm-Hand Steadiness,2,0
10142,"Grinding, Lapping, Polishing, and Buffing Machine Tool Setters, Operators, and Tenders, Metal and Plastic","Set up, operate, or tend grinding and related tools that remove excess material or burrs from surfaces, sharpen edges or corners, or buff, hone, or polish metal or plastic workpieces.",Control Precision,2,0
10142,"Grinding, Lapping, Polishing, and Buffing Machine Tool Setters, Operators, and Tenders, Metal and Plastic","Set up, operate, or tend grinding and related tools that remove excess material or burrs from surfaces, sharpen edges or corners, or buff, hone, or polish metal or plastic workpieces.",Near Vision,1,0
10144,"Grinding, Lapping, Polishing, and Buffing Machine Tool Setters, Operators, and Tenders, Metal and Plastic","Set and adjust machine controls according to product specifications, using knowledge of machine operation.",Control Precision,2,0
10144,"Grinding, Lapping, Polishing, and Buffing Machine Tool Setters, Operators, and Tenders, Metal and Plastic","Set and adjust machine controls according to product specifications, using knowledge of machine operation.",Finger Dexterity,1,0
10144,"Grinding, Lapping, Polishing, and Buffing Machine Tool Setters, Operators, and Tenders, Metal and Plastic","Set and adjust machine controls according to product specifications, using knowledge of machine operation.",Near Vision,1,0
10144,"Grinding, Lapping, Polishing, and Buffing Machine Tool Setters, Operators, and Tenders, Metal and Plastic","Set and adjust machine controls according to product specifications, using knowledge of machine operation.",Manual Dexterity,1,0
10151,"Grinding, Lapping, Polishing, and Buffing Machine Tool Setters, Operators, and Tenders, Metal and Plastic","Brush or spray lubricating compounds on workpieces, or turn valve handles and direct flow of coolant against tools and workpieces.",Manual Dexterity,1,0
10151,"Grinding, Lapping, Polishing, and Buffing Machine Tool Setters, Operators, and Tenders, Metal and Plastic","Brush or spray lubricating compounds on workpieces, or turn valve handles and direct flow of coolant against tools and workpieces.",Control Precision,1,0
10151,"Grinding, Lapping, Polishing, and Buffing Machine Tool Setters, Operators, and Tenders, Metal and Plastic","Brush or spray lubricating compounds on workpieces, or turn valve handles and direct flow of coolant against tools and workpieces.",Near Vision,1,0
10151,"Grinding, Lapping, Polishing, and Buffing Machine Tool Setters, Operators, and Tenders, Metal and Plastic","Brush or spray lubricating compounds on workpieces, or turn valve handles and direct flow of coolant against tools and workpieces.",Finger Dexterity,1,0
