task_id,occupation,task_text,ability_name,weight,uncertain
14197,"Textile Winding, Twisting, and Drawing Out Machine Setters, Operators, and Tenders","Study guides, samples, charts, and specification sheets, or confer with supervisors or engineering staff to determine setup requirements.",Written Comprehension,3,0
14197,"Textile Winding, Twisting, and Drawing Out Machine Setters, Operators, and Tenders","Study guides, samples, charts, and specification sheets, or confer with supervisors or engineering staff to determine setup requirements.",Oral Comprehension,2,0
14197,"Textile Winding, Twisting, and Drawing Out Machine Setters, Operators, and Tenders","Study guides, samples, charts, and specification sheets, or confer with supervisors or engineering staff to determine setup requirements.",Near Vision,2,0
14197,"Textile Winding, Twisting, and Drawing Out Machine Setters, Operators, and Tenders","Study guides, samples, charts, and specification sheets, or confer with supervisors or engineering staff to determine setup requirements.",Information Ordering,2,0
14197,"Textile Winding, Twisting, and Drawing Out Machine Setters, Operators, and Tenders","Study guides, samples, charts, and specification sheets, or confer with supervisors or engineering staff to determine setup requirements.",Speech Recognition,1,0
14200,"Textile Winding, Twisting, and Drawing Out Machine Setters, Operators, and Tenders",Tend spinning frames that draw out and twist roving or sliver into yarn.,Selective Attention,2,0
14200,"Textile Winding, Twisting, and Drawing Out Machine Setters, Operators, and Tenders",Tend spinning frames that draw out and twist roving or sliver into yarn.,Near Vision,2,0
14200,"Textile Winding, Twisting, and Drawing Out Machine Setters, Operators, and Tenders",Tend spinning frames that draw out and twist roving or sliver into yarn.,Multilimb Coordination,1,0
14200,"Textile Winding, Twisting, and Drawing Out Machine Setters, Operators, and Tenders",Tend spinning frames that draw out and twist roving or sliver into yarn.,Manual Dexterity,1,0
14200,"Textile Winding, Twisting, and Drawing Out Machine Setters, Operators, and Tenders",Tend spinning frames that draw out and twist roving or sliver into yarn.,Stamina,1,0
14200,"Textile Winding, Twisting, and Drawing Out Machine Setters, Operators, and Tenders",Tend spinning frames that draw out and twist roving or sliver into yarn.,Arm-Hand Steadiness,1,0
14205,"Textile Winding, Twisting, and Drawing Out Machine Setters, Operators, and Tenders",Remove spindles from machines and bobbins from spindles.,Manual Dexterity,3,0
14205,"Textile Winding, Twisting, and Drawing Out Machine Setters, Operators, and Tenders",Remove spindles from machines and bobbins from spindles.,Finger Dexterity,2,0
14205,"Textile Winding, Twisting, and Drawing Out Machine Setters, Operators, and Tenders",Remove spindles from machines and bobbins from spindles.,Arm-Hand Steadiness,1,0
14205,"Textile Winding, Twisting, and Drawing Out Machine Setters, Operators, and Tenders",Remove spindles from machines and bobbins from spindles.,Near Vision,1,0
14205,"Textile Winding, Twisting, and Drawing Out Machine Setters, Operators, and Tenders",Remove spindles from machines and bobbins from spindles.,Multilimb Coordination,1,0
14199,"Textile Winding, Twisting, and Drawing Out Machine Setters, Operators, and Tenders","Install, level, and align machine components such as gears, chains, guides, dies, cutters, or needles to set up machinery for operation.",Control Precision,3,0
14199,"Textile Winding, Twisting, and Drawing Out Machine Setters, Operators, and Tenders","Install, level, and align machine components such as gears, chains, guides, dies, cutters, or needles to set up machinery for operation.",Manual Dexterity,2,0
14199,"Textile Winding, Twisting, and Drawing Out Machine Setters, Operators, and Tenders","Install, level, and align machine components such as gears, chains, guides, dies, cutters, or needles to set up machinery for operation.",Arm-Hand Steadiness,2,0
14199,"Textile Winding, Twisting, and Drawing Out Machine Setters, Operators, and Tenders","Install, level, and align machine components such as gears, chains, guides, dies, cutters, or needles to set up machinery for operation.",Near Vision,2,0
14199,"Textile Winding, Twisting, and Drawing Out Machine Setters, Operators, and Tenders","Install, level, and align machine components such as gears, chains, guides, dies, cutters, or needles to set up machinery for operation.",Multilimb Coordination,1,0
14199,"Textile Winding, Twisting, and Drawing Out Machine Setters, Operators, and Tenders","Install, level, and align machine components such as gears, chains, guides, dies, cutters, or needles to set up machinery for operation.",Static Strength,1,0
14193,"Textile Winding, Twisting, and Drawing Out Machine Setters, Operators, and Tenders",Place bobbins on spindles and insert spindles into bobbin-winding machines.,Manual Dexterity,3,0
14193,"Textile Winding, Twisting, and Drawing Out Machine Setters, Operators, and Tenders",Place bobbins on spindles and insert spindles into bobbin-winding machines.,Finger Dexterity,2,0
14193,"Textile Winding, Twisting, and Drawing Out Machine Setters, Operators, and Tenders",Place bobbins on spindles and insert spindles into bobbin-winding machines.,Arm-Hand Steadiness,2,0
14193,"Textile Winding, Twisting, and Drawing Out Machine Setters, Operators, and Tenders",Place bobbins on spindles and insert spindles into bobbin-winding machines.,Near Vision,1,0
14193,"Textile Winding, Twisting, and Drawing Out Machine Setters, Operators, and Tenders",Place bobbins on spindles and insert spindles into bobbin-winding machines.,Multilimb Coordination,1,0
14185,"Textile Winding, Twisting, and Drawing Out Machine Setters, Operators, and Tenders","Tend machines with multiple winding units that wind thread onto shuttle bobbins for use on sewing machines or other kinds of bobbins for sole-stitching, knitting, or weaving machinery.",Selective Attention,2,0
14185,"Textile Winding, Twisting, and Drawing Out Machine Setters, Operators, and Tenders","Tend machines with multiple winding units that wind thread onto shuttle bobbins for use on sewing machines or other kinds of bobbins for sole-stitching, knitting, or weaving machinery.",Near Vision,2,0
14185,"Textile Winding, Twisting, and Drawing Out Machine Setters, Operators, and Tenders","Tend machines with multiple winding units that wind thread onto shuttle bobbins for use on sewing machines or other kinds of bobbins for sole-stitching, knitting, or weaving machinery.",Manual Dexterity,1,0
14185,"Textile Winding, Twisting, and Drawing Out Machine Setters, Operators, and Tenders","Tend machines with multiple winding units that wind thread onto shuttle bobbins for use on sewing machines or other kinds of bobbins for sole-stitching, knitting, or weaving machinery.",Multilimb Coordination,1,0
14185,"Textile Winding, Twisting, and Drawing Out Machine Setters, Operators, and Tenders","Tend machines with multiple winding units that wind thread onto shuttle bobbins for use on sewing machines or other kinds of bobbins for sole-stitching, knitting, or weaving machinery.",Stamina,1,0
14206,"Textile Winding, Twisting, and Drawing Out Machine Setters, Operators, and Tenders","Repair or replace worn or defective parts or components, using hand tools.",Manual Dexterity,3,0
14206,"Textile Winding, Twisting, and Drawing Out Machine Setters, Operators, and Tenders","Repair or replace worn or defective parts or components, using hand tools.",Finger Dexterity,2,0
14206,"Textile Winding, Twisting, and Drawing Out Machine Setters, Operators, and Tenders","Repair or replace worn or defective parts or components, using hand tools.",Arm-Hand Steadiness,2,0
14206,"Textile Winding, Twisting, and Drawing Out Machine Setters, Operators, and Tenders","Repair or replace worn or defective parts or components, using hand tools.",Control Precision,2,0
14206,"Textile Winding, Twisting, and Drawing Out Machine Setters, Operators, and Tenders","Repair or replace worn or defective parts or components, using hand tools.",Near Vision,1,0
14206,"Textile Winding, Twisting, and Drawing Out Machine Setters, Operators, and Tenders","Repair or replace worn or defective parts or components, using hand tools.",Problem Sensitivity,1,0
14198,"Textile Winding, Twisting, and Drawing Out Machine Setters, Operators, and Tenders","Measure bobbins periodically, using gauges, and turn screws to adjust tension if bobbins are not of specified size.",Near Vision,2,0
14198,"Textile Winding, Twisting, and Drawing Out Machine Setters, Operators, and Tenders","Measure bobbins periodically, using gauges, and turn screws to adjust tension if bobbins are not of specified size.",Control Precision,2,0
14198,"Textile Winding, Twisting, and Drawing Out Machine Setters, Operators, and Tenders","Measure bobbins periodically, using gauges, and turn screws to adjust tension if bobbins are not of specified size.",Finger Dexterity,2,0
14198,"Textile Winding, Twisting, and Drawing Out Machine Setters, Operators, and Tenders","Measure bobbins periodically, using gauges, and turn screws to adjust tension if bobbins are not of specified size.",Arm-Hand Steadiness,1,0
14198,"Textile Winding, Twisting, and Drawing Out Machine Setters, Operators, and Tenders","Measure bobbins periodically, using gauges, and turn screws to adjust tension if bobbins are not of specified size.",Number Facility,1,0
14204,"Textile Winding, Twisting, and Drawing Out Machine Setters, Operators, and Tenders","Clean, oil, and lubricate machines, using air hoses, cleaning solutions, rags, oilcans, and grease guns.",Manual Dexterity,2,0
14204,"Textile Winding, Twisting, and Drawing Out Machine Setters, Operators, and Tenders","Clean, oil, and lubricate machines, using air hoses, cleaning solutions, rags, oilcans, and grease guns.",Arm-Hand Steadiness,1,0
14204,"Textile Winding, Twisting, and Drawing Out Machine Setters, Operators, and Tenders","Clean, oil, and lubricate machines, using air hoses, cleaning solutions, rags, oilcans, and grease guns.",Stamina,1,0
14204,"Textile Winding, Twisting, and Drawing Out Machine Setters, Operators, and Tenders","Clean, oil, and lubricate machines, using air hoses, cleaning solutions, rags, oilcans, and grease guns.",Near Vision,1,0
14204,"Textile Winding, Twisting, and Drawing Out Machine Setters, Operators, and Tenders","Clean, oil, and lubricate machines, using air hoses, cleaning solutions, rags, oilcans, and grease guns.",Static Strength,1,0
14208,"Extruding and Forming Machine Setters, Operators, and Tenders, Synthetic and Glass Fibers","Set up, operate, or tend machines that extrude and form filaments from synthetic materials such as rayon, fiberglass, or liquid polymers.",Control Precision,2,0
14208,"Extruding and Forming Machine Setters, Operators, and Tenders, Synthetic and Glass Fibers","Set up, operate, or tend machines that extrude and form filaments from synthetic materials such as rayon, fiberglass, or liquid polymers.",Near Vision,2,0
14208,"Extruding and Forming Machine Setters, Operators, and Tenders, Synthetic and Glass Fibers","Set up, operate, or tend machines that extrude and form filaments from synthetic materials such as rayon, fiberglass, or liquid polymers.",Selective Attention,2,0
14208,"Extruding and Forming Machine Setters, Operators, and Tenders, Synthetic and Glass Fibers","Set up, operate, or tend machines that extrude and form filaments from synthetic materials such as rayon, fiberglass, or liquid polymers.",Manual Dexterity,2,0
14208,"Extruding and Forming Machine Setters, Operators, and Tenders, Synthetic and Glass Fibers","Set up, operate, or tend machines that extrude and form filaments from synthetic materials such as rayon, fiberglass, or liquid polymers.",Multilimb Coordination,1,0
14208,"Extruding and Forming Machine Setters, Operators, and Tenders, Synthetic and Glass Fibers","Set up, operate, or tend machines that extrude and form filaments from synthetic materials such as rayon, fiberglass, or liquid polymers.",Arm-Hand Steadiness,1,0
14214,"Extruding and Forming Machine Setters, Operators, and Tenders, Synthetic and Glass Fibers",Press buttons to stop machines when processes are complete or when malfunctions are detected.,Reaction Time,3,0
14214,"Extruding and Forming Machine Setters, Operators, and Tenders, Synthetic and Glass Fibers",Press buttons to stop machines when processes are complete or when malfunctions are detected.,Selective Attention,2,0
14214,"Extruding and Forming Machine Setters, Operators, and Tenders, Synthetic and Glass Fibers",Press buttons to stop machines when processes are complete or when malfunctions are detected.,Near Vision,1,0
14214,"Extruding and Forming Machine Setters, Operators, and Tenders, Synthetic and Glass Fibers",Press buttons to stop machines when processes are complete or when malfunctions are detected.,Control Precision,1,0
14214,"Extruding and Forming Machine Setters, Operators, and Tenders, Synthetic and Glass Fibers",Press buttons to stop machines when processes are complete or when malfunctions are detected.,Perceptual Speed,1,0
14213,"Extruding and Forming Machine Setters, Operators, and Tenders, Synthetic and Glass Fibers","Notify other workers of defects, and direct them to adjust extruding and forming machines.",Oral Expression,3,0
14213,"Extruding and Forming Machine Setters, Operators, and Tenders, Synthetic and Glass Fibers","Notify other workers of defects, and direct them to adjust extruding and forming machines.",Oral Comprehension,1,0
14213,"Extruding and Forming Machine Setters, Operators, and Tenders, Synthetic and Glass Fibers","Notify other workers of defects, and direct them to adjust extruding and forming machines.",Problem Sensitivity,1,0
14213,"Extruding and Forming Machine Setters, Operators, and Tenders, Synthetic and Glass Fibers","Notify other workers of defects, and direct them to adjust extruding and forming machines.",Speech Clarity,1,0
14213,"Extruding and Forming Machine Setters, Operators, and Tenders, Synthetic and Glass Fibers","Notify other workers of defects, and direct them to adjust extruding and forming machines.",Deductive Reasoning,1,0
14216,"Extruding and Forming Machine Setters, Operators, and Tenders, Synthetic and Glass Fibers","Observe machine operations, control boards, and gauges to detect malfunctions such as clogged bushings and defective binder applicators.",Near Vision,3,0
14216,"Extruding and Forming Machine Setters, Operators, and Tenders, Synthetic and Glass Fibers","Observe machine operations, control boards, and gauges to detect malfunctions such as clogged bushings and defective binder applicators.",Selective Attention,3,0
14216,"Extruding and Forming Machine Setters, Operators, and Tenders, Synthetic and Glass Fibers","Observe machine operations, control boards, and gauges to detect malfunctions such as clogged bushings and defective binder applicators.",Problem Sensitivity,2,0
14216,"Extruding and Forming Machine Setters, Operators, and Tenders, Synthetic and Glass Fibers","Observe machine operations, control boards, and gauges to detect malfunctions such as clogged bushings and defective binder applicators.",Perceptual Speed,1,0
14216,"Extruding and Forming Machine Setters, Operators, and Tenders, Synthetic and Glass Fibers","Observe machine operations, control boards, and gauges to detect malfunctions such as clogged bushings and defective binder applicators.",Auditory Attention,1,0
14209,"Extruding and Forming Machine Setters, Operators, and Tenders, Synthetic and Glass Fibers","Load materials into extruding and forming machines, using hand tools, and adjust feed mechanisms to set feed rates.",Manual Dexterity,2,0
14209,"Extruding and Forming Machine Setters, Operators, and Tenders, Synthetic and Glass Fibers","Load materials into extruding and forming machines, using hand tools, and adjust feed mechanisms to set feed rates.",Arm-Hand Steadiness,1,0
14209,"Extruding and Forming Machine Setters, Operators, and Tenders, Synthetic and Glass Fibers","Load materials into extruding and forming machines, using hand tools, and adjust feed mechanisms to set feed rates.",Static Strength,1,0
14209,"Extruding and Forming Machine Setters, Operators, and Tenders, Synthetic and Glass Fibers","Load materials into extruding and forming machines, using hand tools, and adjust feed mechanisms to set feed rates.",Control Precision,2,0
14209,"Extruding and Forming Machine Setters, Operators, and Tenders, Synthetic and Glass Fibers","Load materials into extruding and forming machines, using hand tools, and adjust feed mechanisms to set feed rates.",Near Vision,1,0
14209,"Extruding and Forming Machine Setters, Operators, and Tenders, Synthetic and Glass Fibers","Load materials into extruding and forming machines, using hand tools, and adjust feed mechanisms to set feed rates.",Multilimb Coordination,1,0
14211,"Extruding and Forming Machine Setters, Operators, and Tenders, Synthetic and Glass Fibers",Move controls to activate and adjust extruding and forming machines.,Control Precision,3,0
14211,"Extruding and Forming Machine Setters, Operators, and Tenders, Synthetic and Glass Fibers",Move controls to activate and adjust extruding and forming machines.,Rate Control,2,0
14211,"Extruding and Forming Machine Setters, Operators, and Tenders, Synthetic and Glass Fibers",Move controls to activate and adjust extruding and forming machines.,Arm-Hand Steadiness,2,0
14211,"Extruding and Forming Machine Setters, Operators, and Tenders, Synthetic and Glass Fibers",Move controls to activate and adjust extruding and forming machines.,Near Vision,1,0
14211,"Extruding and Forming Machine Setters, Operators, and Tenders, Synthetic and Glass Fibers",Move controls to activate and adjust extruding and forming machines.,Reaction Time,1,0
14212,"Extruding and Forming Machine Setters, Operators, and Tenders, Synthetic and Glass Fibers",Record details of machine malfunctions.,Written Expression,2,0
14212,"Extruding and Forming Machine Setters, Operators, and Tenders, Synthetic and Glass Fibers",Record details of machine malfunctions.,Near Vision,1,0
14212,"Extruding and Forming Machine Setters, Operators, and Tenders, Synthetic and Glass Fibers",Record details of machine malfunctions.,Information Ordering,1,0
14212,"Extruding and Forming Machine Setters, Operators, and Tenders, Synthetic and Glass Fibers",Record details of machine malfunctions.,Perceptual Speed,1,0
14212,"Extruding and Forming Machine Setters, Operators, and Tenders, Synthetic and Glass Fibers",Record details of machine malfunctions.,Memorization,1,0
14220,"Extruding and Forming Machine Setters, Operators, and Tenders, Synthetic and Glass Fibers","Clean and maintain extruding and forming machines, using hand tools.",Manual Dexterity,2,0
14220,"Extruding and Forming Machine Setters, Operators, and Tenders, Synthetic and Glass Fibers","Clean and maintain extruding and forming machines, using hand tools.",Arm-Hand Steadiness,1,0
14220,"Extruding and Forming Machine Setters, Operators, and Tenders, Synthetic and Glass Fibers","Clean and maintain extruding and forming machines, using hand tools.",Stamina,1,0
14220,"Extruding and Forming Machine Setters, Operators, and Tenders, Synthetic and Glass Fibers","Clean and maintain extruding and forming machines, using hand tools.",Near Vision,1,0
14220,"Extruding and Forming Machine Setters, Operators, and Tenders, Synthetic and Glass Fibers","Clean and maintain extruding and forming machines, using hand tools.",Static Strength,1,0
14215,"Extruding and Forming Machine Setters, Operators, and Tenders, Synthetic and Glass Fibers","Observe flow of finish across finish rollers, and turn valves to adjust flow to specifications.",Near Vision,3,0
14215,"Extruding and Forming Machine Setters, Operators, and Tenders, Synthetic and Glass Fibers","Observe flow of finish across finish rollers, and turn valves to adjust flow to specifications.",Control Precision,2,0
14215,"Extruding and Forming Machine Setters, Operators, and Tenders, Synthetic and Glass Fibers","Observe flow of finish across finish rollers, and turn valves to adjust flow to specifications.",Rate Control,2,0
14215,"Extruding and Forming Machine Setters, Operators, and Tenders, Synthetic and Glass Fibers","Observe flow of finish across finish rollers, and turn valves to adjust flow to specifications.",Selective Attention,2,0
14215,"Extruding and Forming Machine Setters, Operators, and Tenders, Synthetic and Glass Fibers","Observe flow of finish across finish rollers, and turn valves to adjust flow to specifications.",Arm-Hand Steadiness,1,0
14219,"Extruding and Forming Machine Setters, Operators, and Tenders, Synthetic and Glass Fibers","Remove polymer deposits from spinnerettes and equipment, using silicone spray, brass chisels, and bronze-wool pads.",Manual Dexterity,3,0
14219,"Extruding and Forming Machine Setters, Operators, and Tenders, Synthetic and Glass Fibers","Remove polymer deposits from spinnerettes and equipment, using silicone spray, brass chisels, and bronze-wool pads.",Arm-Hand Steadiness,2,0
14219,"Extruding and Forming Machine Setters, Operators, and Tenders, Synthetic and Glass Fibers","Remove polymer deposits from spinnerettes and equipment, using silicone spray, brass chisels, and bronze-wool pads.",Finger Dexterity,2,0
14219,"Extruding and Forming Machine Setters, Operators, and Tenders, Synthetic and Glass Fibers","Remove polymer deposits from spinnerettes and equipment, using silicone spray, brass chisels, and bronze-wool pads.",Near Vision,1,0
14219,"Extruding and Forming Machine Setters, Operators, and Tenders, Synthetic and Glass Fibers","Remove polymer deposits from spinnerettes and equipment, using silicone spray, brass chisels, and bronze-wool pads.",Static Strength,1,0
14219,"Extruding and Forming Machine Setters, Operators, and Tenders, Synthetic and Glass Fibers","Remove polymer deposits from spinnerettes and equipment, using silicone spray, brass chisels, and bronze-wool pads.",Stamina,1,0
14218,"Extruding and Forming Machine Setters, Operators, and Tenders, Synthetic and Glass Fibers",Press metering-pump buttons and turn valves to stop flow of polymers.,Reaction Time,2,0
14218,"Extruding and Forming Machine Setters, Operators, and Tenders, Synthetic and Glass Fibers",Press metering-pump buttons and turn valves to stop flow of polymers.,Control Precision,2,0
14218,"Extruding and Forming Machine Setters, Operators, and Tenders, Synthetic and Glass Fibers",Press metering-pump buttons and turn valves to stop flow of polymers.,Arm-Hand Steadiness,1,0
14218,"Extruding and Forming Machine Setters, Operators, and Tenders, Synthetic and Glass Fibers",Press metering-pump buttons and turn valves to stop flow of polymers.,Near Vision,1,0
14218,"Extruding and Forming Machine Setters, Operators, and Tenders, Synthetic and Glass Fibers",Press metering-pump buttons and turn valves to stop flow of polymers.,Rate Control,1,0
14224,"Extruding and Forming Machine Setters, Operators, and Tenders, Synthetic and Glass Fibers","Record operational data on tags, and attach tags to machines.",Near Vision,2,0
14224,"Extruding and Forming Machine Setters, Operators, and Tenders, Synthetic and Glass Fibers","Record operational data on tags, and attach tags to machines.",Manual Dexterity,1,0
14224,"Extruding and Forming Machine Setters, Operators, and Tenders, Synthetic and Glass Fibers","Record operational data on tags, and attach tags to machines.",Written Expression,1,0
14224,"Extruding and Forming Machine Setters, Operators, and Tenders, Synthetic and Glass Fibers","Record operational data on tags, and attach tags to machines.",Perceptual Speed,1,0
14224,"Extruding and Forming Machine Setters, Operators, and Tenders, Synthetic and Glass Fibers","Record operational data on tags, and attach tags to machines.",Information Ordering,1,0
14210,"Extruding and Forming Machine Setters, Operators, and Tenders, Synthetic and Glass Fibers",Start metering pumps and observe operation of machines and equipment to ensure continuous flow of filaments extruded through spinnerettes and to detect processing defects.,Near Vision,3,0
14210,"Extruding and Forming Machine Setters, Operators, and Tenders, Synthetic and Glass Fibers",Start metering pumps and observe operation of machines and equipment to ensure continuous flow of filaments extruded through spinnerettes and to detect processing defects.,Selective Attention,3,0
14210,"Extruding and Forming Machine Setters, Operators, and Tenders, Synthetic and Glass Fibers",Start metering pumps and observe operation of machines and equipment to ensure continuous flow of filaments extruded through spinnerettes and to detect processing defects.,Problem Sensitivity,2,0
14210,"Extruding and Forming Machine Setters, Operators, and Tenders, Synthetic and Glass Fibers",Start metering pumps and observe operation of machines and equipment to ensure continuous flow of filaments extruded through spinnerettes and to detect processing defects.,Control Precision,1,0
14210,"Extruding and Forming Machine Setters, Operators, and Tenders, Synthetic and Glass Fibers",Start metering pumps and observe operation of machines and equipment to ensure continuous flow of filaments extruded through spinnerettes and to detect processing defects.,Auditory Attention,1,0
14207,"Extruding and Forming Machine Setters, Operators, and Tenders, Synthetic and Glass Fibers","Remove excess, entangled, or completed filaments from machines, using hand tools.",Manual Dexterity,3,0
14207,"Extruding and Forming Machine Setters, Operators, and Tenders, Synthetic and Glass Fibers","Remove excess, entangled, or completed filaments from machines, using hand tools.",Finger Dexterity,2,0
14207,"Extruding and Forming Machine Setters, Operators, and Tenders, Synthetic and Glass Fibers","Remove excess, entangled, or completed filaments from machines, using hand tools.",Arm-Hand Steadiness,1,0
14207,"Extruding and Forming Machine Setters, Operators, and Tenders, Synthetic and Glass Fibers","Remove excess, entangled, or completed filaments from machines, using hand tools.",Near Vision,1,0
14207,"Extruding and Forming Machine Setters, Operators, and Tenders, Synthetic and Glass Fibers","Remove excess, entangled, or completed filaments from machines, using hand tools.",Multilimb Coordination,1,0
14227,"Extruding and Forming Machine Setters, Operators, and Tenders, Synthetic and Glass Fibers",Wipe finish rollers with cloths and wash finish trays with water when necessary.,Manual Dexterity,2,0
14227,"Extruding and Forming Machine Setters, Operators, and Tenders, Synthetic and Glass Fibers",Wipe finish rollers with cloths and wash finish trays with water when necessary.,Arm-Hand Steadiness,1,0
14227,"Extruding and Forming Machine Setters, Operators, and Tenders, Synthetic and Glass Fibers",Wipe finish rollers with cloths and wash finish trays with water when necessary.,Near Vision,1,0
14227,"Extruding and Forming Machine Setters, Operators, and Tenders, Synthetic and Glass Fibers",Wipe finish rollers with cloths and wash finish trays with water when necessary.,Stamina,1,0
14225,"Extruding and Forming Machine Setters, Operators, and Tenders, Synthetic and Glass Fibers",Lower pans inside cabinets to catch molten filaments until flow of polymer through packs has stopped.,Manual Dexterity,2,0
14225,"Extruding and Forming Machine Setters, Operators, and Tenders, Synthetic and Glass Fibers",Lower pans inside cabinets to catch molten filaments until flow of polymer through packs has stopped.,Reaction Time,2,0
14225,"Extruding and Forming Machine Setters, Operators, and Tenders, Synthetic and Glass Fibers",Lower pans inside cabinets to catch molten filaments until flow of polymer through packs has stopped.,Near Vision,1,0
14225,"Extruding and Forming Machine Setters, Operators, and Tenders, Synthetic and Glass Fibers",Lower pans inside cabinets to catch molten filaments until flow of polymer through packs has stopped.,Control Precision,1,0
14225,"Extruding and Forming Machine Setters, Operators, and Tenders, Synthetic and Glass Fibers",Lower pans inside cabinets to catch molten filaments until flow of polymer through packs has stopped.,Arm-Hand Steadiness,1,0
14225,"Extruding and Forming Machine Setters, Operators, and Tenders, Synthetic and Glass Fibers",Lower pans inside cabinets to catch molten filaments until flow of polymer through packs has stopped.,Multilimb Coordination,1,0
14217,"Extruding and Forming Machine Setters, Operators, and Tenders, Synthetic and Glass Fibers","Open cabinet doors to cut multifilament threadlines away from guides, using scissors.",Manual Dexterity,2,0
14217,"Extruding and Forming Machine Setters, Operators, and Tenders, Synthetic and Glass Fibers","Open cabinet doors to cut multifilament threadlines away from guides, using scissors.",Finger Dexterity,2,0
14217,"Extruding and Forming Machine Setters, Operators, and Tenders, Synthetic and Glass Fibers","Open cabinet doors to cut multifilament threadlines away from guides, using scissors.",Arm-Hand Steadiness,2,0
14217,"Extruding and Forming Machine Setters, Operators, and Tenders, Synthetic and Glass Fibers","Open cabinet doors to cut multifilament threadlines away from guides, using scissors.",Near Vision,1,0
14217,"Extruding and Forming Machine Setters, Operators, and Tenders, Synthetic and Glass Fibers","Open cabinet doors to cut multifilament threadlines away from guides, using scissors.",Control Precision,1,0
12200,Fabric and Apparel Patternmakers,"Create a master pattern for each size within a range of garment sizes, using charts, drafting instruments, computers, or grading devices.",Visualization,3,0
12200,Fabric and Apparel Patternmakers,"Create a master pattern for each size within a range of garment sizes, using charts, drafting instruments, computers, or grading devices.",Spatial Orientation,2,0
12200,Fabric and Apparel Patternmakers,"Create a master pattern for each size within a range of garment sizes, using charts, drafting instruments, computers, or grading devices.",Near Vision,2,0
12200,Fabric and Apparel Patternmakers,"Create a master pattern for each size within a range of garment sizes, using charts, drafting instruments, computers, or grading devices.",Mathematical Reasoning,2,0
12200,Fabric and Apparel Patternmakers,"Create a master pattern for each size within a range of garment sizes, using charts, drafting instruments, computers, or grading devices.",Manual Dexterity,1,0
12200,Fabric and Apparel Patternmakers,"Create a master pattern for each size within a range of garment sizes, using charts, drafting instruments, computers, or grading devices.",Number Facility,1,0
20930,Fabric and Apparel Patternmakers,Input specifications into computers to assist with pattern design and pattern cutting.,Near Vision,2,0
20930,Fabric and Apparel Patternmakers,Input specifications into computers to assist with pattern design and pattern cutting.,Finger Dexterity,1,0
20930,Fabric and Apparel Patternmakers,Input specifications into computers to assist with pattern design and pattern cutting.,Information Ordering,2,0
20930,Fabric and Apparel Patternmakers,Input specifications into computers to assist with pattern design and pattern cutting.,Perceptual Speed,1,0
20930,Fabric and Apparel Patternmakers,Input specifications into computers to assist with pattern design and pattern cutting.,Manual Dexterity,1,0
12198,Fabric and Apparel Patternmakers,"Draw details on outlined parts to indicate where parts are to be joined, as well as the positions of pleats, pockets, buttonholes, and other features, using computers or drafting instruments.",Visualization,2,0
12198,Fabric and Apparel Patternmakers,"Draw details on outlined parts to indicate where parts are to be joined, as well as the positions of pleats, pockets, buttonholes, and other features, using computers or drafting instruments.",Near Vision,2,0
12198,Fabric and Apparel Patternmakers,"Draw details on outlined parts to indicate where parts are to be joined, as well as the positions of pleats, pockets, buttonholes, and other features, using computers or drafting instruments.",Manual Dexterity,2,0
12198,Fabric and Apparel Patternmakers,"Draw details on outlined parts to indicate where parts are to be joined, as well as the positions of pleats, pockets, buttonholes, and other features, using computers or drafting instruments.",Control Precision,1,0
12198,Fabric and Apparel Patternmakers,"Draw details on outlined parts to indicate where parts are to be joined, as well as the positions of pleats, pockets, buttonholes, and other features, using computers or drafting instruments.",Information Ordering,1,0
12198,Fabric and Apparel Patternmakers,"Draw details on outlined parts to indicate where parts are to be joined, as well as the positions of pleats, pockets, buttonholes, and other features, using computers or drafting instruments.",Finger Dexterity,1,0
20931,Fabric and Apparel Patternmakers,Make adjustments to patterns after fittings.,Visualization,2,0
20931,Fabric and Apparel Patternmakers,Make adjustments to patterns after fittings.,Near Vision,2,0
20931,Fabric and Apparel Patternmakers,Make adjustments to patterns after fittings.,Mathematical Reasoning,1,0
20931,Fabric and Apparel Patternmakers,Make adjustments to patterns after fittings.,Manual Dexterity,1,0
20931,Fabric and Apparel Patternmakers,Make adjustments to patterns after fittings.,Problem Sensitivity,1,0
12206,Fabric and Apparel Patternmakers,"Compute dimensions of patterns according to sizes, considering stretching of material.",Mathematical Reasoning,3,0
12206,Fabric and Apparel Patternmakers,"Compute dimensions of patterns according to sizes, considering stretching of material.",Number Facility,2,0
12206,Fabric and Apparel Patternmakers,"Compute dimensions of patterns according to sizes, considering stretching of material.",Visualization,1,0
12206,Fabric and Apparel Patternmakers,"Compute dimensions of patterns according to sizes, considering stretching of material.",Spatial Orientation,1,0
12205,Fabric and Apparel Patternmakers,"Mark samples and finished patterns with information, such as garment size, section, style, identification, and sewing instructions.",Near Vision,2,0
12205,Fabric and Apparel Patternmakers,"Mark samples and finished patterns with information, such as garment size, section, style, identification, and sewing instructions.",Manual Dexterity,1,0
12205,Fabric and Apparel Patternmakers,"Mark samples and finished patterns with information, such as garment size, section, style, identification, and sewing instructions.",Written Expression,1,0
12205,Fabric and Apparel Patternmakers,"Mark samples and finished patterns with information, such as garment size, section, style, identification, and sewing instructions.",Information Ordering,1,0
12205,Fabric and Apparel Patternmakers,"Mark samples and finished patterns with information, such as garment size, section, style, identification, and sewing instructions.",Perceptual Speed,1,0
12201,Fabric and Apparel Patternmakers,"Draw outlines of pattern parts by adapting or copying existing patterns, or by drafting new patterns.",Visualization,3,0
12201,Fabric and Apparel Patternmakers,"Draw outlines of pattern parts by adapting or copying existing patterns, or by drafting new patterns.",Near Vision,2,0
12201,Fabric and Apparel Patternmakers,"Draw outlines of pattern parts by adapting or copying existing patterns, or by drafting new patterns.",Manual Dexterity,2,0
12201,Fabric and Apparel Patternmakers,"Draw outlines of pattern parts by adapting or copying existing patterns, or by drafting new patterns.",Control Precision,1,0
12201,Fabric and Apparel Patternmakers,"Draw outlines of pattern parts by adapting or copying existing patterns, or by drafting new patterns.",Spatial Orientation,1,0
12197,Fabric and Apparel Patternmakers,Test patterns by making and fitting sample garments.,Visualization,2,0
12197,Fabric and Apparel Patternmakers,Test patterns by making and fitting sample garments.,Manual Dexterity,2,0
12197,Fabric and Apparel Patternmakers,Test patterns by making and fitting sample garments.,Near Vision,1,0
12197,Fabric and Apparel Patternmakers,Test patterns by making and fitting sample garments.,Problem Sensitivity,2,0
12197,Fabric and Apparel Patternmakers,Test patterns by making and fitting sample garments.,Control Precision,1,0
12203,Fabric and Apparel Patternmakers,"Position and cut out master or sample patterns, using scissors and knives, or print out copies of patterns, using computers.",Manual Dexterity,3,0
12203,Fabric and Apparel Patternmakers,"Position and cut out master or sample patterns, using scissors and knives, or print out copies of patterns, using computers.",Finger Dexterity,2,0
12203,Fabric and Apparel Patternmakers,"Position and cut out master or sample patterns, using scissors and knives, or print out copies of patterns, using computers.",Near Vision,2,0
12203,Fabric and Apparel Patternmakers,"Position and cut out master or sample patterns, using scissors and knives, or print out copies of patterns, using computers.",Control Precision,1,0
12203,Fabric and Apparel Patternmakers,"Position and cut out master or sample patterns, using scissors and knives, or print out copies of patterns, using computers.",Arm-Hand Steadiness,1,0
12202,Fabric and Apparel Patternmakers,Create a paper pattern from which to mass-produce a design concept.,Visualization,3,0
12202,Fabric and Apparel Patternmakers,Create a paper pattern from which to mass-produce a design concept.,Spatial Orientation,2,0
12202,Fabric and Apparel Patternmakers,Create a paper pattern from which to mass-produce a design concept.,Near Vision,1,0
12202,Fabric and Apparel Patternmakers,Create a paper pattern from which to mass-produce a design concept.,Manual Dexterity,1,0
12204,Fabric and Apparel Patternmakers,"Discuss design specifications with designers, and convert their original models of garments into patterns of separate parts that can be laid out on a length of fabric.",Oral Comprehension,2,0
12204,Fabric and Apparel Patternmakers,"Discuss design specifications with designers, and convert their original models of garments into patterns of separate parts that can be laid out on a length of fabric.",Visualization,3,0
12204,Fabric and Apparel Patternmakers,"Discuss design specifications with designers, and convert their original models of garments into patterns of separate parts that can be laid out on a length of fabric.",Spatial Orientation,2,0
12204,Fabric and Apparel Patternmakers,"Discuss design specifications with designers, and convert their original models of garments into patterns of separate parts that can be laid out on a length of fabric.",Oral Expression,1,0
12204,Fabric and Apparel Patternmakers,"Discuss design specifications with designers, and convert their original models of garments into patterns of separate parts that can be laid out on a length of fabric.",Speech Recognition,1,0
12204,Fabric and Apparel Patternmakers,"Discuss design specifications with designers, and convert their original models of garments into patterns of separate parts that can be laid out on a length of fabric.",Problem Sensitivity,1,0
12207,Fabric and Apparel Patternmakers,"Examine sketches, sample articles, and design specifications to determine quantities, shapes, and sizes of pattern parts, and to determine the amount of material or fabric required to make a product.",Visualization,2,0
12207,Fabric and Apparel Patternmakers,"Examine sketches, sample articles, and design specifications to determine quantities, shapes, and sizes of pattern parts, and to determine the amount of material or fabric required to make a product.",Near Vision,2,0
12207,Fabric and Apparel Patternmakers,"Examine sketches, sample articles, and design specifications to determine quantities, shapes, and sizes of pattern parts, and to determine the amount of material or fabric required to make a product.",Mathematical Reasoning,2,0
12207,Fabric and Apparel Patternmakers,"Examine sketches, sample articles, and design specifications to determine quantities, shapes, and sizes of pattern parts, and to determine the amount of material or fabric required to make a product.",Problem Sensitivity,1,0
12207,Fabric and Apparel Patternmakers,"Examine sketches, sample articles, and design specifications to determine quantities, shapes, and sizes of pattern parts, and to determine the amount of material or fabric required to make a product.",Spatial Orientation,1,0
12199,Fabric and Apparel Patternmakers,"Determine the best layout of pattern pieces to minimize waste of material, and mark fabric accordingly.",Spatial Orientation,3,0
12199,Fabric and Apparel Patternmakers,"Determine the best layout of pattern pieces to minimize waste of material, and mark fabric accordingly.",Visualization,2,0
12199,Fabric and Apparel Patternmakers,"Determine the best layout of pattern pieces to minimize waste of material, and mark fabric accordingly.",Near Vision,1,0
12199,Fabric and Apparel Patternmakers,"Determine the best layout of pattern pieces to minimize waste of material, and mark fabric accordingly.",Mathematical Reasoning,1,0
12199,Fabric and Apparel Patternmakers,"Determine the best layout of pattern pieces to minimize waste of material, and mark fabric accordingly.",Information Ordering,1,0
20932,Fabric and Apparel Patternmakers,Create design specifications to provide instructions on garment sewing and assembly.,Written Expression,3,0
20932,Fabric and Apparel Patternmakers,Create design specifications to provide instructions on garment sewing and assembly.,Information Ordering,2,0
20932,Fabric and Apparel Patternmakers,Create design specifications to provide instructions on garment sewing and assembly.,Visualization,1,0
20932,Fabric and Apparel Patternmakers,Create design specifications to provide instructions on garment sewing and assembly.,Written Comprehension,1,0
12208,Fabric and Apparel Patternmakers,"Trace outlines of paper onto cardboard patterns, and cut patterns into parts to make templates.",Manual Dexterity,3,0
12208,Fabric and Apparel Patternmakers,"Trace outlines of paper onto cardboard patterns, and cut patterns into parts to make templates.",Finger Dexterity,2,0
12208,Fabric and Apparel Patternmakers,"Trace outlines of paper onto cardboard patterns, and cut patterns into parts to make templates.",Near Vision,2,0
12208,Fabric and Apparel Patternmakers,"Trace outlines of paper onto cardboard patterns, and cut patterns into parts to make templates.",Control Precision,1,0
12208,Fabric and Apparel Patternmakers,"Trace outlines of paper onto cardboard patterns, and cut patterns into parts to make templates.",Arm-Hand Steadiness,1,0
12209,Fabric and Apparel Patternmakers,"Trace outlines of specified patterns onto material, and cut fabric, using scissors.",Manual Dexterity,3,0
12209,Fabric and Apparel Patternmakers,"Trace outlines of specified patterns onto material, and cut fabric, using scissors.",Finger Dexterity,2,0
12209,Fabric and Apparel Patternmakers,"Trace outlines of specified patterns onto material, and cut fabric, using scissors.",Near Vision,2,0
12209,Fabric and Apparel Patternmakers,"Trace outlines of specified patterns onto material, and cut fabric, using scissors.",Control Precision,1,0
12209,Fabric and Apparel Patternmakers,"Trace outlines of specified patterns onto material, and cut fabric, using scissors.",Arm-Hand Steadiness,1,0
14228,Upholsterers,"Fit, install, and secure material on frames, using hand tools, power tools, glue, cement, or staples.",Manual Dexterity,3,0
14228,Upholsterers,"Fit, install, and secure material on frames, using hand tools, power tools, glue, cement, or staples.",Arm-Hand Steadiness,2,0
14228,Upholsterers,"Fit, install, and secure material on frames, using hand tools, power tools, glue, cement, or staples.",Static Strength,1,0
14228,Upholsterers,"Fit, install, and secure material on frames, using hand tools, power tools, glue, cement, or staples.",Control Precision,1,0
14228,Upholsterers,"Fit, install, and secure material on frames, using hand tools, power tools, glue, cement, or staples.",Finger Dexterity,1,0
14236,Upholsterers,"Measure and cut new covering materials, using patterns and measuring and cutting instruments, following sketches and design specifications.",Manual Dexterity,2,0
14236,Upholsterers,"Measure and cut new covering materials, using patterns and measuring and cutting instruments, following sketches and design specifications.",Near Vision,2,0
14236,Upholsterers,"Measure and cut new covering materials, using patterns and measuring and cutting instruments, following sketches and design specifications.",Control Precision,2,0
14236,Upholsterers,"Measure and cut new covering materials, using patterns and measuring and cutting instruments, following sketches and design specifications.",Number Facility,1,0
14236,Upholsterers,"Measure and cut new covering materials, using patterns and measuring and cutting instruments, following sketches and design specifications.",Finger Dexterity,1,0
14229,Upholsterers,"Build furniture up with loose fiber stuffing, cotton, felt, or foam padding to form smooth, rounded surfaces.",Manual Dexterity,3,0
14229,Upholsterers,"Build furniture up with loose fiber stuffing, cotton, felt, or foam padding to form smooth, rounded surfaces.",Arm-Hand Steadiness,1,0
14229,Upholsterers,"Build furniture up with loose fiber stuffing, cotton, felt, or foam padding to form smooth, rounded surfaces.",Static Strength,1,0
14229,Upholsterers,"Build furniture up with loose fiber stuffing, cotton, felt, or foam padding to form smooth, rounded surfaces.",Visualization,1,0
14229,Upholsterers,"Build furniture up with loose fiber stuffing, cotton, felt, or foam padding to form smooth, rounded surfaces.",Trunk Strength,1,0
14235,Upholsterers,"Make, restore, or create custom upholstered furniture, using hand tools and knowledge of fabrics and upholstery methods.",Manual Dexterity,3,0
14235,Upholsterers,"Make, restore, or create custom upholstered furniture, using hand tools and knowledge of fabrics and upholstery methods.",Arm-Hand Steadiness,2,0
14235,Upholsterers,"Make, restore, or create custom upholstered furniture, using hand tools and knowledge of fabrics and upholstery methods.",Static Strength,1,0
14235,Upholsterers,"Make, restore, or create custom upholstered furniture, using hand tools and knowledge of fabrics and upholstery methods.",Visualization,1,0
14235,Upholsterers,"Make, restore, or create custom upholstered furniture, using hand tools and knowledge of fabrics and upholstery methods.",Finger Dexterity,1,0
14233,Upholsterers,"Read work orders, and apply knowledge and experience with materials to determine types and amounts of materials required to cover workpieces.",Written Comprehension,2,0
14233,Upholsterers,"Read work orders, and apply knowledge and experience with materials to determine types and amounts of materials required to cover workpieces.",Number Facility,1,0
14233,Upholsterers,"Read work orders, and apply knowledge and experience with materials to determine types and amounts of materials required to cover workpieces.",Problem Sensitivity,1,0
14233,Upholsterers,"Read work orders, and apply knowledge and experience with materials to determine types and amounts of materials required to cover workpieces.",Visualization,1,0
14230,Upholsterers,"Examine furniture frames, upholstery, springs, and webbing to locate defects.",Near Vision,3,0
14230,Upholsterers,"Examine furniture frames, upholstery, springs, and webbing to locate defects.",Problem Sensitivity,2,0
14230,Upholsterers,"Examine furniture frames, upholstery, springs, and webbing to locate defects.",Selective Attention,1,0
14230,Upholsterers,"Examine furniture frames, upholstery, springs, and webbing to locate defects.",Perceptual Speed,1,0
14245,Upholsterers,"Adjust or replace webbing, padding, or springs, and secure them in place.",Manual Dexterity,3,0
14245,Upholsterers,"Adjust or replace webbing, padding, or springs, and secure them in place.",Static Strength,2,0
14245,Upholsterers,"Adjust or replace webbing, padding, or springs, and secure them in place.",Arm-Hand Steadiness,1,0
14245,Upholsterers,"Adjust or replace webbing, padding, or springs, and secure them in place.",Finger Dexterity,1,0
14245,Upholsterers,"Adjust or replace webbing, padding, or springs, and secure them in place.",Control Precision,1,0
14243,Upholsterers,"Sew rips or tears in material, or create tufting, using needles and thread.",Finger Dexterity,3,0
14243,Upholsterers,"Sew rips or tears in material, or create tufting, using needles and thread.",Arm-Hand Steadiness,2,0
14243,Upholsterers,"Sew rips or tears in material, or create tufting, using needles and thread.",Near Vision,2,0
14243,Upholsterers,"Sew rips or tears in material, or create tufting, using needles and thread.",Manual Dexterity,1,0
14243,Upholsterers,"Sew rips or tears in material, or create tufting, using needles and thread.",Control Precision,1,0
14232,Upholsterers,"Remove covering, webbing, padding, or defective springs from workpieces, using hand tools such as hammers and tack pullers.",Manual Dexterity,3,0
14232,Upholsterers,"Remove covering, webbing, padding, or defective springs from workpieces, using hand tools such as hammers and tack pullers.",Static Strength,2,0
14232,Upholsterers,"Remove covering, webbing, padding, or defective springs from workpieces, using hand tools such as hammers and tack pullers.",Arm-Hand Steadiness,1,0
14232,Upholsterers,"Remove covering, webbing, padding, or defective springs from workpieces, using hand tools such as hammers and tack pullers.",Dynamic Strength,1,0
14232,Upholsterers,"Remove covering, webbing, padding, or defective springs from workpieces, using hand tools such as hammers and tack pullers.",Trunk Strength,1,0
14231,Upholsterers,"Attach fasteners, grommets, buttons, buckles, ornamental trim, and other accessories to covers or frames, using hand tools.",Finger Dexterity,3,0
14231,Upholsterers,"Attach fasteners, grommets, buttons, buckles, ornamental trim, and other accessories to covers or frames, using hand tools.",Manual Dexterity,2,0
14231,Upholsterers,"Attach fasteners, grommets, buttons, buckles, ornamental trim, and other accessories to covers or frames, using hand tools.",Arm-Hand Steadiness,2,0
14231,Upholsterers,"Attach fasteners, grommets, buttons, buckles, ornamental trim, and other accessories to covers or frames, using hand tools.",Near Vision,1,0
14231,Upholsterers,"Attach fasteners, grommets, buttons, buckles, ornamental trim, and other accessories to covers or frames, using hand tools.",Control Precision,1,0
14239,Upholsterers,Repair furniture frames and refinish exposed wood.,Manual Dexterity,2,0
14239,Upholsterers,Repair furniture frames and refinish exposed wood.,Static Strength,2,0
14239,Upholsterers,Repair furniture frames and refinish exposed wood.,Control Precision,1,0
14239,Upholsterers,Repair furniture frames and refinish exposed wood.,Near Vision,1,0
14239,Upholsterers,Repair furniture frames and refinish exposed wood.,Problem Sensitivity,1,0
14242,Upholsterers,"Interweave and fasten strips of webbing to the backs and undersides of furniture, using small hand tools and fasteners.",Manual Dexterity,3,0
14242,Upholsterers,"Interweave and fasten strips of webbing to the backs and undersides of furniture, using small hand tools and fasteners.",Finger Dexterity,2,0
14242,Upholsterers,"Interweave and fasten strips of webbing to the backs and undersides of furniture, using small hand tools and fasteners.",Static Strength,1,0
14242,Upholsterers,"Interweave and fasten strips of webbing to the backs and undersides of furniture, using small hand tools and fasteners.",Arm-Hand Steadiness,1,0
14242,Upholsterers,"Interweave and fasten strips of webbing to the backs and undersides of furniture, using small hand tools and fasteners.",Trunk Strength,1,0
14234,Upholsterers,"Draw cutting lines on material following patterns, templates, sketches, or blueprints, using chalk, pencils, paint, or other methods.",Near Vision,2,0
14234,Upholsterers,"Draw cutting lines on material following patterns, templates, sketches, or blueprints, using chalk, pencils, paint, or other methods.",Manual Dexterity,2,0
14234,Upholsterers,"Draw cutting lines on material following patterns, templates, sketches, or blueprints, using chalk, pencils, paint, or other methods.",Control Precision,1,0
14234,Upholsterers,"Draw cutting lines on material following patterns, templates, sketches, or blueprints, using chalk, pencils, paint, or other methods.",Finger Dexterity,1,0
14246,Upholsterers,"Stretch webbing and fabric, using webbing stretchers.",Static Strength,3,0
14246,Upholsterers,"Stretch webbing and fabric, using webbing stretchers.",Dynamic Strength,2,0
14246,Upholsterers,"Stretch webbing and fabric, using webbing stretchers.",Manual Dexterity,1,0
14246,Upholsterers,"Stretch webbing and fabric, using webbing stretchers.",Arm-Hand Steadiness,1,0
14246,Upholsterers,"Stretch webbing and fabric, using webbing stretchers.",Trunk Strength,1,0
14240,Upholsterers,Operate sewing machines or sew upholstery by hand to seam cushions and join various sections of covering material.,Finger Dexterity,3,0
14240,Upholsterers,Operate sewing machines or sew upholstery by hand to seam cushions and join various sections of covering material.,Manual Dexterity,2,0
14240,Upholsterers,Operate sewing machines or sew upholstery by hand to seam cushions and join various sections of covering material.,Arm-Hand Steadiness,2,0
14240,Upholsterers,Operate sewing machines or sew upholstery by hand to seam cushions and join various sections of covering material.,Near Vision,2,0
14240,Upholsterers,Operate sewing machines or sew upholstery by hand to seam cushions and join various sections of covering material.,Multilimb Coordination,1,0
14240,Upholsterers,Operate sewing machines or sew upholstery by hand to seam cushions and join various sections of covering material.,Control Precision,1,0
14247,Upholsterers,"Design upholstery cover patterns and cutting plans, based on sketches, customer descriptions, or blueprints.",Visualization,3,0
14247,Upholsterers,"Design upholstery cover patterns and cutting plans, based on sketches, customer descriptions, or blueprints.",Spatial Orientation,2,0
14247,Upholsterers,"Design upholstery cover patterns and cutting plans, based on sketches, customer descriptions, or blueprints.",Near Vision,1,0
14247,Upholsterers,"Design upholstery cover patterns and cutting plans, based on sketches, customer descriptions, or blueprints.",Mathematical Reasoning,1,0
14237,Upholsterers,Maintain records of time required to perform each job.,Written Expression,2,0
14237,Upholsterers,Maintain records of time required to perform each job.,Number Facility,1,0
14237,Upholsterers,Maintain records of time required to perform each job.,Information Ordering,1,0
14237,Upholsterers,Maintain records of time required to perform each job.,Memorization,1,0
14238,Upholsterers,"Discuss upholstery fabrics, colors, and styles with customers, and provide cost estimates.",Oral Expression,3,0
14238,Upholsterers,"Discuss upholstery fabrics, colors, and styles with customers, and provide cost estimates.",Oral Comprehension,2,0
14238,Upholsterers,"Discuss upholstery fabrics, colors, and styles with customers, and provide cost estimates.",Visual Color Discrimination,1,0
14238,Upholsterers,"Discuss upholstery fabrics, colors, and styles with customers, and provide cost estimates.",Number Facility,1,0
14238,Upholsterers,"Discuss upholstery fabrics, colors, and styles with customers, and provide cost estimates.",Speech Recognition,1,0
14238,Upholsterers,"Discuss upholstery fabrics, colors, and styles with customers, and provide cost estimates.",Deductive Reasoning,1,0
14241,Upholsterers,Pick up and deliver furniture.,Static Strength,3,0
14241,Upholsterers,Pick up and deliver furniture.,Dynamic Strength,2,0
14241,Upholsterers,Pick up and deliver furniture.,Trunk Strength,2,0
14241,Upholsterers,Pick up and deliver furniture.,Gross Body Coordination,1,0
14241,Upholsterers,Pick up and deliver furniture.,Stamina,1,0
14244,Upholsterers,Attach bindings or apply solutions to edges of cut material to prevent raveling.,Manual Dexterity,2,0
14244,Upholsterers,Attach bindings or apply solutions to edges of cut material to prevent raveling.,Finger Dexterity,2,0
14244,Upholsterers,Attach bindings or apply solutions to edges of cut material to prevent raveling.,Arm-Hand Steadiness,1,0
14244,Upholsterers,Attach bindings or apply solutions to edges of cut material to prevent raveling.,Near Vision,1,0
14249,Upholsterers,Collaborate with interior designers to decorate rooms and coordinate furnishing fabrics.,Oral Comprehension,2,0
14249,Upholsterers,Collaborate with interior designers to decorate rooms and coordinate furnishing fabrics.,Oral Expression,2,0
14249,Upholsterers,Collaborate with interior designers to decorate rooms and coordinate furnishing fabrics.,Visual Color Discrimination,1,0
14249,Upholsterers,Collaborate with interior designers to decorate rooms and coordinate furnishing fabrics.,Speech Recognition,1,0
14249,Upholsterers,Collaborate with interior designers to decorate rooms and coordinate furnishing fabrics.,Visualization,1,0
14248,Upholsterers,"Make, repair, or replace automobile upholstery and convertible and vinyl tops, using knowledge of fabric and upholstery methods.",Manual Dexterity,3,0
14248,Upholsterers,"Make, repair, or replace automobile upholstery and convertible and vinyl tops, using knowledge of fabric and upholstery methods.",Arm-Hand Steadiness,2,0
14248,Upholsterers,"Make, repair, or replace automobile upholstery and convertible and vinyl tops, using knowledge of fabric and upholstery methods.",Static Strength,1,0
14248,Upholsterers,"Make, repair, or replace automobile upholstery and convertible and vinyl tops, using knowledge of fabric and upholstery methods.",Finger Dexterity,1,0
14248,Upholsterers,"Make, repair, or replace automobile upholstery and convertible and vinyl tops, using knowledge of fabric and upholstery methods.",Control Precision,1,0
12211,Cabinetmakers and Bench Carpenters,Verify dimensions or check the quality or fit of pieces to ensure adherence to specifications.,Near Vision,3,0
12211,Cabinetmakers and Bench Carpenters,Verify dimensions or check the quality or fit of pieces to ensure adherence to specifications.,Perceptual Speed,2,0
12211,Cabinetmakers and Bench Carpenters,Verify dimensions or check the quality or fit of pieces to ensure adherence to specifications.,Problem Sensitivity,1,0
12211,Cabinetmakers and Bench Carpenters,Verify dimensions or check the quality or fit of pieces to ensure adherence to specifications.,Control Precision,1,0
12211,Cabinetmakers and Bench Carpenters,Verify dimensions or check the quality or fit of pieces to ensure adherence to specifications.,Information Ordering,1,0
12210,Cabinetmakers and Bench Carpenters,"Produce or assemble components of articles, such as store fixtures, office equipment, cabinets, or high-grade furniture.",Manual Dexterity,3,0
12210,Cabinetmakers and Bench Carpenters,"Produce or assemble components of articles, such as store fixtures, office equipment, cabinets, or high-grade furniture.",Arm-Hand Steadiness,2,0
12210,Cabinetmakers and Bench Carpenters,"Produce or assemble components of articles, such as store fixtures, office equipment, cabinets, or high-grade furniture.",Multilimb Coordination,2,0
12210,Cabinetmakers and Bench Carpenters,"Produce or assemble components of articles, such as store fixtures, office equipment, cabinets, or high-grade furniture.",Static Strength,1,0
12210,Cabinetmakers and Bench Carpenters,"Produce or assemble components of articles, such as store fixtures, office equipment, cabinets, or high-grade furniture.",Control Precision,1,0
12213,Cabinetmakers and Bench Carpenters,"Measure and mark dimensions of parts on paper or lumber stock prior to cutting, following blueprints, to ensure a tight fit and quality product.",Near Vision,2,0
12213,Cabinetmakers and Bench Carpenters,"Measure and mark dimensions of parts on paper or lumber stock prior to cutting, following blueprints, to ensure a tight fit and quality product.",Manual Dexterity,2,0
12213,Cabinetmakers and Bench Carpenters,"Measure and mark dimensions of parts on paper or lumber stock prior to cutting, following blueprints, to ensure a tight fit and quality product.",Number Facility,1,0
12213,Cabinetmakers and Bench Carpenters,"Measure and mark dimensions of parts on paper or lumber stock prior to cutting, following blueprints, to ensure a tight fit and quality product.",Control Precision,1,0
12213,Cabinetmakers and Bench Carpenters,"Measure and mark dimensions of parts on paper or lumber stock prior to cutting, following blueprints, to ensure a tight fit and quality product.",Perceptual Speed,1,0
12212,Cabinetmakers and Bench Carpenters,"Set up or operate machines, including power saws, jointers, mortisers, tenoners, molders, or shapers, to cut, mold, or shape woodstock or wood substitutes.",Control Precision,3,0
12212,Cabinetmakers and Bench Carpenters,"Set up or operate machines, including power saws, jointers, mortisers, tenoners, molders, or shapers, to cut, mold, or shape woodstock or wood substitutes.",Near Vision,2,0
12212,Cabinetmakers and Bench Carpenters,"Set up or operate machines, including power saws, jointers, mortisers, tenoners, molders, or shapers, to cut, mold, or shape woodstock or wood substitutes.",Multilimb Coordination,2,0
12212,Cabinetmakers and Bench Carpenters,"Set up or operate machines, including power saws, jointers, mortisers, tenoners, molders, or shapers, to cut, mold, or shape woodstock or wood substitutes.",Reaction Time,1,0
12212,Cabinetmakers and Bench Carpenters,"Set up or operate machines, including power saws, jointers, mortisers, tenoners, molders, or shapers, to cut, mold, or shape woodstock or wood substitutes.",Arm-Hand Steadiness,1,0
12212,Cabinetmakers and Bench Carpenters,"Set up or operate machines, including power saws, jointers, mortisers, tenoners, molders, or shapers, to cut, mold, or shape woodstock or wood substitutes.",Static Strength,1,0
12216,Cabinetmakers and Bench Carpenters,"Establish the specifications of articles to be constructed or repaired, or plan the methods or operations for shaping or assembling parts, based on blueprints, drawings, diagrams, or oral or written instructions.",Visualization,3,0
12216,Cabinetmakers and Bench Carpenters,"Establish the specifications of articles to be constructed or repaired, or plan the methods or operations for shaping or assembling parts, based on blueprints, drawings, diagrams, or oral or written instructions.",Written Comprehension,2,0
12216,Cabinetmakers and Bench Carpenters,"Establish the specifications of articles to be constructed or repaired, or plan the methods or operations for shaping or assembling parts, based on blueprints, drawings, diagrams, or oral or written instructions.",Information Ordering,2,0
12216,Cabinetmakers and Bench Carpenters,"Establish the specifications of articles to be constructed or repaired, or plan the methods or operations for shaping or assembling parts, based on blueprints, drawings, diagrams, or oral or written instructions.",Spatial Orientation,1,0
12216,Cabinetmakers and Bench Carpenters,"Establish the specifications of articles to be constructed or repaired, or plan the methods or operations for shaping or assembling parts, based on blueprints, drawings, diagrams, or oral or written instructions.",Oral Comprehension,1,0
12215,Cabinetmakers and Bench Carpenters,"Attach parts or subassemblies together to form completed units, using glue, dowels, nails, screws, or clamps.",Manual Dexterity,3,0
12215,Cabinetmakers and Bench Carpenters,"Attach parts or subassemblies together to form completed units, using glue, dowels, nails, screws, or clamps.",Arm-Hand Steadiness,2,0
12215,Cabinetmakers and Bench Carpenters,"Attach parts or subassemblies together to form completed units, using glue, dowels, nails, screws, or clamps.",Static Strength,1,0
12215,Cabinetmakers and Bench Carpenters,"Attach parts or subassemblies together to form completed units, using glue, dowels, nails, screws, or clamps.",Control Precision,1,0
12215,Cabinetmakers and Bench Carpenters,"Attach parts or subassemblies together to form completed units, using glue, dowels, nails, screws, or clamps.",Multilimb Coordination,1,0
12214,Cabinetmakers and Bench Carpenters,Reinforce joints with nails or other fasteners to prepare articles for finishing.,Manual Dexterity,2,0
12214,Cabinetmakers and Bench Carpenters,Reinforce joints with nails or other fasteners to prepare articles for finishing.,Arm-Hand Steadiness,2,0
12214,Cabinetmakers and Bench Carpenters,Reinforce joints with nails or other fasteners to prepare articles for finishing.,Control Precision,1,0
12214,Cabinetmakers and Bench Carpenters,Reinforce joints with nails or other fasteners to prepare articles for finishing.,Static Strength,1,0
12214,Cabinetmakers and Bench Carpenters,Reinforce joints with nails or other fasteners to prepare articles for finishing.,Finger Dexterity,1,0
12224,Cabinetmakers and Bench Carpenters,"Install hardware, such as hinges, handles, catches, or drawer pulls, using hand tools.",Manual Dexterity,3,0
12224,Cabinetmakers and Bench Carpenters,"Install hardware, such as hinges, handles, catches, or drawer pulls, using hand tools.",Finger Dexterity,2,0
12224,Cabinetmakers and Bench Carpenters,"Install hardware, such as hinges, handles, catches, or drawer pulls, using hand tools.",Arm-Hand Steadiness,2,0
12224,Cabinetmakers and Bench Carpenters,"Install hardware, such as hinges, handles, catches, or drawer pulls, using hand tools.",Near Vision,1,0
12224,Cabinetmakers and Bench Carpenters,"Install hardware, such as hinges, handles, catches, or drawer pulls, using hand tools.",Control Precision,1,0
12219,Cabinetmakers and Bench Carpenters,"Trim, sand, or scrape surfaces or joints to prepare articles for finishing.",Manual Dexterity,2,0
12219,Cabinetmakers and Bench Carpenters,"Trim, sand, or scrape surfaces or joints to prepare articles for finishing.",Arm-Hand Steadiness,1,0
12219,Cabinetmakers and Bench Carpenters,"Trim, sand, or scrape surfaces or joints to prepare articles for finishing.",Static Strength,1,0
12219,Cabinetmakers and Bench Carpenters,"Trim, sand, or scrape surfaces or joints to prepare articles for finishing.",Near Vision,1,0
12219,Cabinetmakers and Bench Carpenters,"Trim, sand, or scrape surfaces or joints to prepare articles for finishing.",Stamina,1,0
12218,Cabinetmakers and Bench Carpenters,"Match materials for color, grain, or texture, giving attention to knots or other features of the wood.",Visual Color Discrimination,3,0
12218,Cabinetmakers and Bench Carpenters,"Match materials for color, grain, or texture, giving attention to knots or other features of the wood.",Near Vision,2,0
12218,Cabinetmakers and Bench Carpenters,"Match materials for color, grain, or texture, giving attention to knots or other features of the wood.",Flexibility of Closure,1,0
12218,Cabinetmakers and Bench Carpenters,"Match materials for color, grain, or texture, giving attention to knots or other features of the wood.",Selective Attention,1,0
12218,Cabinetmakers and Bench Carpenters,"Match materials for color, grain, or texture, giving attention to knots or other features of the wood.",Perceptual Speed,1,0
12217,Cabinetmakers and Bench Carpenters,"Cut timber to the right size, and shape and trim parts of joints to ensure a snug fit, using hand tools, such as planes, chisels, or wood files.",Manual Dexterity,3,0
12217,Cabinetmakers and Bench Carpenters,"Cut timber to the right size, and shape and trim parts of joints to ensure a snug fit, using hand tools, such as planes, chisels, or wood files.",Control Precision,2,0
12217,Cabinetmakers and Bench Carpenters,"Cut timber to the right size, and shape and trim parts of joints to ensure a snug fit, using hand tools, such as planes, chisels, or wood files.",Static Strength,1,0
12217,Cabinetmakers and Bench Carpenters,"Cut timber to the right size, and shape and trim parts of joints to ensure a snug fit, using hand tools, such as planes, chisels, or wood files.",Arm-Hand Steadiness,2,0
12217,Cabinetmakers and Bench Carpenters,"Cut timber to the right size, and shape and trim parts of joints to ensure a snug fit, using hand tools, such as planes, chisels, or wood files.",Multilimb Coordination,1,0
12217,Cabinetmakers and Bench Carpenters,"Cut timber to the right size, and shape and trim parts of joints to ensure a snug fit, using hand tools, such as planes, chisels, or wood files.",Near Vision,1,0
12223,Cabinetmakers and Bench Carpenters,Perform final touch-ups with sandpaper or steel wool.,Manual Dexterity,2,0
12223,Cabinetmakers and Bench Carpenters,Perform final touch-ups with sandpaper or steel wool.,Arm-Hand Steadiness,1,0
12223,Cabinetmakers and Bench Carpenters,Perform final touch-ups with sandpaper or steel wool.,Near Vision,1,0
12223,Cabinetmakers and Bench Carpenters,Perform final touch-ups with sandpaper or steel wool.,Static Strength,1,0
12220,Cabinetmakers and Bench Carpenters,"Bore holes for insertion of screws or dowels, by hand or using boring machines.",Control Precision,3,0
12220,Cabinetmakers and Bench Carpenters,"Bore holes for insertion of screws or dowels, by hand or using boring machines.",Manual Dexterity,2,0
12220,Cabinetmakers and Bench Carpenters,"Bore holes for insertion of screws or dowels, by hand or using boring machines.",Arm-Hand Steadiness,2,0
12220,Cabinetmakers and Bench Carpenters,"Bore holes for insertion of screws or dowels, by hand or using boring machines.",Near Vision,1,0
12220,Cabinetmakers and Bench Carpenters,"Bore holes for insertion of screws or dowels, by hand or using boring machines.",Multilimb Coordination,1,0
12226,Cabinetmakers and Bench Carpenters,"Repair or alter wooden furniture, cabinetry, fixtures, paneling, or other pieces.",Manual Dexterity,2,0
12226,Cabinetmakers and Bench Carpenters,"Repair or alter wooden furniture, cabinetry, fixtures, paneling, or other pieces.",Problem Sensitivity,1,0
12226,Cabinetmakers and Bench Carpenters,"Repair or alter wooden furniture, cabinetry, fixtures, paneling, or other pieces.",Static Strength,1,0
12226,Cabinetmakers and Bench Carpenters,"Repair or alter wooden furniture, cabinetry, fixtures, paneling, or other pieces.",Near Vision,1,0
12226,Cabinetmakers and Bench Carpenters,"Repair or alter wooden furniture, cabinetry, fixtures, paneling, or other pieces.",Visualization,1,0
12222,Cabinetmakers and Bench Carpenters,"Estimate the amounts, types, or costs of needed materials.",Number Facility,3,0
12222,Cabinetmakers and Bench Carpenters,"Estimate the amounts, types, or costs of needed materials.",Mathematical Reasoning,2,0
12222,Cabinetmakers and Bench Carpenters,"Estimate the amounts, types, or costs of needed materials.",Visualization,1,0
12222,Cabinetmakers and Bench Carpenters,"Estimate the amounts, types, or costs of needed materials.",Deductive Reasoning,1,0
12229,Cabinetmakers and Bench Carpenters,"Dip, brush, or spray assembled articles with protective or decorative finishes, such as stain, varnish, paint, or lacquer.",Manual Dexterity,2,0
12229,Cabinetmakers and Bench Carpenters,"Dip, brush, or spray assembled articles with protective or decorative finishes, such as stain, varnish, paint, or lacquer.",Arm-Hand Steadiness,2,0
12229,Cabinetmakers and Bench Carpenters,"Dip, brush, or spray assembled articles with protective or decorative finishes, such as stain, varnish, paint, or lacquer.",Visual Color Discrimination,1,0
12229,Cabinetmakers and Bench Carpenters,"Dip, brush, or spray assembled articles with protective or decorative finishes, such as stain, varnish, paint, or lacquer.",Near Vision,1,0
12229,Cabinetmakers and Bench Carpenters,"Dip, brush, or spray assembled articles with protective or decorative finishes, such as stain, varnish, paint, or lacquer.",Control Precision,1,0
20822,Cabinetmakers and Bench Carpenters,Draw up detailed specifications and discuss projects with customers.,Written Expression,2,0
20822,Cabinetmakers and Bench Carpenters,Draw up detailed specifications and discuss projects with customers.,Oral Expression,2,0
20822,Cabinetmakers and Bench Carpenters,Draw up detailed specifications and discuss projects with customers.,Oral Comprehension,2,0
20822,Cabinetmakers and Bench Carpenters,Draw up detailed specifications and discuss projects with customers.,Speech Recognition,1,0
20822,Cabinetmakers and Bench Carpenters,Draw up detailed specifications and discuss projects with customers.,Visualization,1,0
12228,Cabinetmakers and Bench Carpenters,"Design furniture, using computer-aided drawing programs.",Visualization,3,0
12228,Cabinetmakers and Bench Carpenters,"Design furniture, using computer-aided drawing programs.",Near Vision,2,0
12228,Cabinetmakers and Bench Carpenters,"Design furniture, using computer-aided drawing programs.",Originality,1,0
12228,Cabinetmakers and Bench Carpenters,"Design furniture, using computer-aided drawing programs.",Spatial Orientation,1,0
12227,Cabinetmakers and Bench Carpenters,"Apply Masonite, formica, or vinyl surfacing materials.",Manual Dexterity,2,0
12227,Cabinetmakers and Bench Carpenters,"Apply Masonite, formica, or vinyl surfacing materials.",Arm-Hand Steadiness,2,0
12227,Cabinetmakers and Bench Carpenters,"Apply Masonite, formica, or vinyl surfacing materials.",Control Precision,1,0
12227,Cabinetmakers and Bench Carpenters,"Apply Masonite, formica, or vinyl surfacing materials.",Near Vision,1,0
12221,Cabinetmakers and Bench Carpenters,Program computers to operate machinery.,Information Ordering,2,0
12221,Cabinetmakers and Bench Carpenters,Program computers to operate machinery.,Deductive Reasoning,2,0
12221,Cabinetmakers and Bench Carpenters,Program computers to operate machinery.,Near Vision,1,0
12221,Cabinetmakers and Bench Carpenters,Program computers to operate machinery.,Problem Sensitivity,1,0
14251,Furniture Finishers,"Brush, spray, or hand-rub finishing ingredients, such as paint, oil, stain, or wax, onto and into wood grain and apply lacquer or other sealers.",Manual Dexterity,2,0
14251,Furniture Finishers,"Brush, spray, or hand-rub finishing ingredients, such as paint, oil, stain, or wax, onto and into wood grain and apply lacquer or other sealers.",Arm-Hand Steadiness,2,0
14251,Furniture Finishers,"Brush, spray, or hand-rub finishing ingredients, such as paint, oil, stain, or wax, onto and into wood grain and apply lacquer or other sealers.",Visual Color Discrimination,1,0
14251,Furniture Finishers,"Brush, spray, or hand-rub finishing ingredients, such as paint, oil, stain, or wax, onto and into wood grain and apply lacquer or other sealers.",Control Precision,1,0
14251,Furniture Finishers,"Brush, spray, or hand-rub finishing ingredients, such as paint, oil, stain, or wax, onto and into wood grain and apply lacquer or other sealers.",Near Vision,1,0
14254,Furniture Finishers,"Fill and smooth cracks or depressions, remove marks and imperfections, and repair broken parts, using plastic or wood putty, glue, nails, or screws.",Manual Dexterity,3,0
14254,Furniture Finishers,"Fill and smooth cracks or depressions, remove marks and imperfections, and repair broken parts, using plastic or wood putty, glue, nails, or screws.",Arm-Hand Steadiness,2,0
14254,Furniture Finishers,"Fill and smooth cracks or depressions, remove marks and imperfections, and repair broken parts, using plastic or wood putty, glue, nails, or screws.",Near Vision,1,0
14254,Furniture Finishers,"Fill and smooth cracks or depressions, remove marks and imperfections, and repair broken parts, using plastic or wood putty, glue, nails, or screws.",Control Precision,1,0
14254,Furniture Finishers,"Fill and smooth cracks or depressions, remove marks and imperfections, and repair broken parts, using plastic or wood putty, glue, nails, or screws.",Problem Sensitivity,1,0
14252,Furniture Finishers,"Smooth, shape, and touch up surfaces to prepare them for finishing, using sandpaper, pumice stones, steel wool, chisels, sanders, or grinders.",Manual Dexterity,2,0
14252,Furniture Finishers,"Smooth, shape, and touch up surfaces to prepare them for finishing, using sandpaper, pumice stones, steel wool, chisels, sanders, or grinders.",Arm-Hand Steadiness,2,0
14252,Furniture Finishers,"Smooth, shape, and touch up surfaces to prepare them for finishing, using sandpaper, pumice stones, steel wool, chisels, sanders, or grinders.",Static Strength,1,0
14252,Furniture Finishers,"Smooth, shape, and touch up surfaces to prepare them for finishing, using sandpaper, pumice stones, steel wool, chisels, sanders, or grinders.",Near Vision,1,0
14252,Furniture Finishers,"Smooth, shape, and touch up surfaces to prepare them for finishing, using sandpaper, pumice stones, steel wool, chisels, sanders, or grinders.",Control Precision,1,0
14263,Furniture Finishers,"Remove accessories prior to finishing, and mask areas that should not be exposed to finishing processes or substances.",Manual Dexterity,2,0
14263,Furniture Finishers,"Remove accessories prior to finishing, and mask areas that should not be exposed to finishing processes or substances.",Finger Dexterity,1,0
14263,Furniture Finishers,"Remove accessories prior to finishing, and mask areas that should not be exposed to finishing processes or substances.",Near Vision,1,0
14263,Furniture Finishers,"Remove accessories prior to finishing, and mask areas that should not be exposed to finishing processes or substances.",Arm-Hand Steadiness,1,0
14263,Furniture Finishers,"Remove accessories prior to finishing, and mask areas that should not be exposed to finishing processes or substances.",Selective Attention,1,0
14259,Furniture Finishers,"Remove old finishes and damaged or deteriorated parts, using hand tools, stripping tools, sandpaper, steel wool, abrasives, solvents, or dip baths.",Manual Dexterity,2,0
14259,Furniture Finishers,"Remove old finishes and damaged or deteriorated parts, using hand tools, stripping tools, sandpaper, steel wool, abrasives, solvents, or dip baths.",Static Strength,1,0
14259,Furniture Finishers,"Remove old finishes and damaged or deteriorated parts, using hand tools, stripping tools, sandpaper, steel wool, abrasives, solvents, or dip baths.",Arm-Hand Steadiness,1,0
14259,Furniture Finishers,"Remove old finishes and damaged or deteriorated parts, using hand tools, stripping tools, sandpaper, steel wool, abrasives, solvents, or dip baths.",Stamina,1,0
14259,Furniture Finishers,"Remove old finishes and damaged or deteriorated parts, using hand tools, stripping tools, sandpaper, steel wool, abrasives, solvents, or dip baths.",Near Vision,1,0
14264,Furniture Finishers,Treat warped or stained surfaces to restore original contours and colors.,Visual Color Discrimination,2,0
14264,Furniture Finishers,Treat warped or stained surfaces to restore original contours and colors.,Manual Dexterity,2,0
14264,Furniture Finishers,Treat warped or stained surfaces to restore original contours and colors.,Problem Sensitivity,1,0
14264,Furniture Finishers,Treat warped or stained surfaces to restore original contours and colors.,Near Vision,1,0
14264,Furniture Finishers,Treat warped or stained surfaces to restore original contours and colors.,Arm-Hand Steadiness,1,0
14253,Furniture Finishers,"Select appropriate finishing ingredients such as paint, stain, lacquer, shellac, or varnish, depending on factors such as wood hardness and surface type.",Problem Sensitivity,2,0
14253,Furniture Finishers,"Select appropriate finishing ingredients such as paint, stain, lacquer, shellac, or varnish, depending on factors such as wood hardness and surface type.",Visual Color Discrimination,1,0
14253,Furniture Finishers,"Select appropriate finishing ingredients such as paint, stain, lacquer, shellac, or varnish, depending on factors such as wood hardness and surface type.",Deductive Reasoning,1,0
14253,Furniture Finishers,"Select appropriate finishing ingredients such as paint, stain, lacquer, shellac, or varnish, depending on factors such as wood hardness and surface type.",Near Vision,1,0
14253,Furniture Finishers,"Select appropriate finishing ingredients such as paint, stain, lacquer, shellac, or varnish, depending on factors such as wood hardness and surface type.",Selective Attention,1,0
14250,Furniture Finishers,Mix finish ingredients to obtain desired colors or shades.,Visual Color Discrimination,3,0
14250,Furniture Finishers,Mix finish ingredients to obtain desired colors or shades.,Manual Dexterity,1,0
14250,Furniture Finishers,Mix finish ingredients to obtain desired colors or shades.,Number Facility,1,0
14250,Furniture Finishers,Mix finish ingredients to obtain desired colors or shades.,Near Vision,1,0
14250,Furniture Finishers,Mix finish ingredients to obtain desired colors or shades.,Finger Dexterity,1,0
14267,Furniture Finishers,"Remove excess solvent, using cloths soaked in paint thinner.",Manual Dexterity,2,0
14267,Furniture Finishers,"Remove excess solvent, using cloths soaked in paint thinner.",Arm-Hand Steadiness,1,0
14267,Furniture Finishers,"Remove excess solvent, using cloths soaked in paint thinner.",Near Vision,1,0
14267,Furniture Finishers,"Remove excess solvent, using cloths soaked in paint thinner.",Stamina,1,0
14256,Furniture Finishers,"Examine furniture to determine the extent of damage or deterioration, and to decide on the best method for repair or restoration.",Near Vision,3,0
14256,Furniture Finishers,"Examine furniture to determine the extent of damage or deterioration, and to decide on the best method for repair or restoration.",Problem Sensitivity,2,0
14256,Furniture Finishers,"Examine furniture to determine the extent of damage or deterioration, and to decide on the best method for repair or restoration.",Deductive Reasoning,1,0
14256,Furniture Finishers,"Examine furniture to determine the extent of damage or deterioration, and to decide on the best method for repair or restoration.",Visual Color Discrimination,1,0
14256,Furniture Finishers,"Examine furniture to determine the extent of damage or deterioration, and to decide on the best method for repair or restoration.",Selective Attention,1,0
14255,Furniture Finishers,"Distress surfaces with woodworking tools or abrasives before staining to create an antique appearance, or rub surfaces to bring out highlights and shadings.",Manual Dexterity,2,0
14255,Furniture Finishers,"Distress surfaces with woodworking tools or abrasives before staining to create an antique appearance, or rub surfaces to bring out highlights and shadings.",Arm-Hand Steadiness,2,0
14255,Furniture Finishers,"Distress surfaces with woodworking tools or abrasives before staining to create an antique appearance, or rub surfaces to bring out highlights and shadings.",Originality,1,0
14255,Furniture Finishers,"Distress surfaces with woodworking tools or abrasives before staining to create an antique appearance, or rub surfaces to bring out highlights and shadings.",Visual Color Discrimination,1,0
14255,Furniture Finishers,"Distress surfaces with woodworking tools or abrasives before staining to create an antique appearance, or rub surfaces to bring out highlights and shadings.",Near Vision,1,0
14268,Furniture Finishers,"Stencil, gild, emboss, mark, or paint designs or borders to reproduce the original appearance of restored pieces, or to decorate new pieces.",Arm-Hand Steadiness,3,0
14268,Furniture Finishers,"Stencil, gild, emboss, mark, or paint designs or borders to reproduce the original appearance of restored pieces, or to decorate new pieces.",Manual Dexterity,2,0
14268,Furniture Finishers,"Stencil, gild, emboss, mark, or paint designs or borders to reproduce the original appearance of restored pieces, or to decorate new pieces.",Near Vision,2,0
14268,Furniture Finishers,"Stencil, gild, emboss, mark, or paint designs or borders to reproduce the original appearance of restored pieces, or to decorate new pieces.",Control Precision,2,0
14268,Furniture Finishers,"Stencil, gild, emboss, mark, or paint designs or borders to reproduce the original appearance of restored pieces, or to decorate new pieces.",Finger Dexterity,1,0
14261,Furniture Finishers,"Disassemble items to prepare them for finishing, using hand tools.",Manual Dexterity,2,0
14261,Furniture Finishers,"Disassemble items to prepare them for finishing, using hand tools.",Static Strength,1,0
14261,Furniture Finishers,"Disassemble items to prepare them for finishing, using hand tools.",Arm-Hand Steadiness,1,0
14261,Furniture Finishers,"Disassemble items to prepare them for finishing, using hand tools.",Near Vision,1,0
14261,Furniture Finishers,"Disassemble items to prepare them for finishing, using hand tools.",Problem Sensitivity,1,0
14265,Furniture Finishers,Confer with customers to determine furniture colors or finishes.,Oral Comprehension,2,0
14265,Furniture Finishers,Confer with customers to determine furniture colors or finishes.,Oral Expression,2,0
14265,Furniture Finishers,Confer with customers to determine furniture colors or finishes.,Visual Color Discrimination,1,0
14265,Furniture Finishers,Confer with customers to determine furniture colors or finishes.,Speech Recognition,1,0
14265,Furniture Finishers,Confer with customers to determine furniture colors or finishes.,Visualization,1,0
14258,Furniture Finishers,"Recommend woods, colors, finishes, and furniture styles, using knowledge of wood products, fashions, and styles.",Oral Expression,2,0
14258,Furniture Finishers,"Recommend woods, colors, finishes, and furniture styles, using knowledge of wood products, fashions, and styles.",Visual Color Discrimination,1,0
14258,Furniture Finishers,"Recommend woods, colors, finishes, and furniture styles, using knowledge of wood products, fashions, and styles.",Deductive Reasoning,1,0
14258,Furniture Finishers,"Recommend woods, colors, finishes, and furniture styles, using knowledge of wood products, fashions, and styles.",Oral Comprehension,1,0
14258,Furniture Finishers,"Recommend woods, colors, finishes, and furniture styles, using knowledge of wood products, fashions, and styles.",Memorization,1,0
14262,Furniture Finishers,Wash surfaces to prepare them for finish application.,Manual Dexterity,1,0
14262,Furniture Finishers,Wash surfaces to prepare them for finish application.,Arm-Hand Steadiness,1,0
14262,Furniture Finishers,Wash surfaces to prepare them for finish application.,Stamina,1,0
14262,Furniture Finishers,Wash surfaces to prepare them for finish application.,Near Vision,1,0
14260,Furniture Finishers,Follow blueprints to produce specific designs.,Written Comprehension,2,0
14260,Furniture Finishers,Follow blueprints to produce specific designs.,Visualization,2,0
14260,Furniture Finishers,Follow blueprints to produce specific designs.,Near Vision,1,0
14260,Furniture Finishers,Follow blueprints to produce specific designs.,Manual Dexterity,1,0
14260,Furniture Finishers,Follow blueprints to produce specific designs.,Control Precision,1,0
14257,Furniture Finishers,"Paint metal surfaces electrostatically, or by using a spray gun or other painting equipment.",Arm-Hand Steadiness,2,0
14257,Furniture Finishers,"Paint metal surfaces electrostatically, or by using a spray gun or other painting equipment.",Manual Dexterity,2,0
14257,Furniture Finishers,"Paint metal surfaces electrostatically, or by using a spray gun or other painting equipment.",Control Precision,1,0
14257,Furniture Finishers,"Paint metal surfaces electrostatically, or by using a spray gun or other painting equipment.",Near Vision,1,0
14257,Furniture Finishers,"Paint metal surfaces electrostatically, or by using a spray gun or other painting equipment.",Rate Control,1,0
14266,Furniture Finishers,"Replace or refurbish upholstery of items, using tacks, adhesives, softeners, solvents, stains, or polish.",Manual Dexterity,2,0
14266,Furniture Finishers,"Replace or refurbish upholstery of items, using tacks, adhesives, softeners, solvents, stains, or polish.",Arm-Hand Steadiness,1,0
14266,Furniture Finishers,"Replace or refurbish upholstery of items, using tacks, adhesives, softeners, solvents, stains, or polish.",Finger Dexterity,1,0
14266,Furniture Finishers,"Replace or refurbish upholstery of items, using tacks, adhesives, softeners, solvents, stains, or polish.",Near Vision,1,0
14269,Furniture Finishers,"Design, create, and decorate entire pieces or specific parts of furniture, such as draws for cabinets.",Visualization,2,0
14269,Furniture Finishers,"Design, create, and decorate entire pieces or specific parts of furniture, such as draws for cabinets.",Originality,2,0
14269,Furniture Finishers,"Design, create, and decorate entire pieces or specific parts of furniture, such as draws for cabinets.",Manual Dexterity,1,0
14269,Furniture Finishers,"Design, create, and decorate entire pieces or specific parts of furniture, such as draws for cabinets.",Near Vision,1,0
14269,Furniture Finishers,"Design, create, and decorate entire pieces or specific parts of furniture, such as draws for cabinets.",Spatial Orientation,1,0
14271,Furniture Finishers,Spread graining ink over metal portions of furniture to simulate wood-grain finish.,Arm-Hand Steadiness,2,0
14271,Furniture Finishers,Spread graining ink over metal portions of furniture to simulate wood-grain finish.,Manual Dexterity,2,0
14271,Furniture Finishers,Spread graining ink over metal portions of furniture to simulate wood-grain finish.,Visual Color Discrimination,1,0
14271,Furniture Finishers,Spread graining ink over metal portions of furniture to simulate wood-grain finish.,Control Precision,1,0
14271,Furniture Finishers,Spread graining ink over metal portions of furniture to simulate wood-grain finish.,Near Vision,1,0
14270,Furniture Finishers,Brush bleaching agents on wood surfaces to restore natural color.,Manual Dexterity,2,0
14270,Furniture Finishers,Brush bleaching agents on wood surfaces to restore natural color.,Arm-Hand Steadiness,1,0
14270,Furniture Finishers,Brush bleaching agents on wood surfaces to restore natural color.,Visual Color Discrimination,1,0
14270,Furniture Finishers,Brush bleaching agents on wood surfaces to restore natural color.,Near Vision,1,0
14273,"Model Makers, Wood","Read blueprints, drawings, or written specifications, and consult with designers to determine sizes and shapes of patterns and required machine setups.",Written Comprehension,3,0
14273,"Model Makers, Wood","Read blueprints, drawings, or written specifications, and consult with designers to determine sizes and shapes of patterns and required machine setups.",Visualization,2,0
14273,"Model Makers, Wood","Read blueprints, drawings, or written specifications, and consult with designers to determine sizes and shapes of patterns and required machine setups.",Oral Comprehension,1,0
14273,"Model Makers, Wood","Read blueprints, drawings, or written specifications, and consult with designers to determine sizes and shapes of patterns and required machine setups.",Information Ordering,1,0
14273,"Model Makers, Wood","Read blueprints, drawings, or written specifications, and consult with designers to determine sizes and shapes of patterns and required machine setups.",Spatial Orientation,1,0
14275,"Model Makers, Wood","Fit, fasten, and assemble wood parts together to form patterns, models, or sections, using glue, nails, dowels, bolts, screws, and other fasteners.",Manual Dexterity,3,0
14275,"Model Makers, Wood","Fit, fasten, and assemble wood parts together to form patterns, models, or sections, using glue, nails, dowels, bolts, screws, and other fasteners.",Arm-Hand Steadiness,2,0
14275,"Model Makers, Wood","Fit, fasten, and assemble wood parts together to form patterns, models, or sections, using glue, nails, dowels, bolts, screws, and other fasteners.",Multilimb Coordination,1,0
14275,"Model Makers, Wood","Fit, fasten, and assemble wood parts together to form patterns, models, or sections, using glue, nails, dowels, bolts, screws, and other fasteners.",Control Precision,1,0
14275,"Model Makers, Wood","Fit, fasten, and assemble wood parts together to form patterns, models, or sections, using glue, nails, dowels, bolts, screws, and other fasteners.",Static Strength,1,0
14272,"Model Makers, Wood","Verify dimensions and contours of models during hand-forming processes, using templates and measuring devices.",Near Vision,3,0
14272,"Model Makers, Wood","Verify dimensions and contours of models during hand-forming processes, using templates and measuring devices.",Control Precision,1,0
14272,"Model Makers, Wood","Verify dimensions and contours of models during hand-forming processes, using templates and measuring devices.",Manual Dexterity,1,0
14272,"Model Makers, Wood","Verify dimensions and contours of models during hand-forming processes, using templates and measuring devices.",Arm-Hand Steadiness,1,0
14272,"Model Makers, Wood","Verify dimensions and contours of models during hand-forming processes, using templates and measuring devices.",Perceptual Speed,1,0
14276,"Model Makers, Wood","Trim, smooth, and shape surfaces, and plane, shave, file, scrape, and sand models to attain specified shapes, using hand tools.",Manual Dexterity,3,0
14276,"Model Makers, Wood","Trim, smooth, and shape surfaces, and plane, shave, file, scrape, and sand models to attain specified shapes, using hand tools.",Arm-Hand Steadiness,2,0
14276,"Model Makers, Wood","Trim, smooth, and shape surfaces, and plane, shave, file, scrape, and sand models to attain specified shapes, using hand tools.",Control Precision,2,0
14276,"Model Makers, Wood","Trim, smooth, and shape surfaces, and plane, shave, file, scrape, and sand models to attain specified shapes, using hand tools.",Near Vision,1,0
14276,"Model Makers, Wood","Trim, smooth, and shape surfaces, and plane, shave, file, scrape, and sand models to attain specified shapes, using hand tools.",Static Strength,1,0
14280,"Model Makers, Wood","Plan, lay out, and draw outlines of units, sectional patterns, or full-scale mock-ups of products.",Visualization,3,0
14280,"Model Makers, Wood","Plan, lay out, and draw outlines of units, sectional patterns, or full-scale mock-ups of products.",Spatial Orientation,2,0
14280,"Model Makers, Wood","Plan, lay out, and draw outlines of units, sectional patterns, or full-scale mock-ups of products.",Near Vision,1,0
14280,"Model Makers, Wood","Plan, lay out, and draw outlines of units, sectional patterns, or full-scale mock-ups of products.",Manual Dexterity,1,0
14280,"Model Makers, Wood","Plan, lay out, and draw outlines of units, sectional patterns, or full-scale mock-ups of products.",Information Ordering,1,0
14278,"Model Makers, Wood","Construct wooden models, patterns, templates, full scale mock-ups, and molds for parts of products and production tools.",Manual Dexterity,3,0
14278,"Model Makers, Wood","Construct wooden models, patterns, templates, full scale mock-ups, and molds for parts of products and production tools.",Visualization,2,0
14278,"Model Makers, Wood","Construct wooden models, patterns, templates, full scale mock-ups, and molds for parts of products and production tools.",Arm-Hand Steadiness,2,0
14278,"Model Makers, Wood","Construct wooden models, patterns, templates, full scale mock-ups, and molds for parts of products and production tools.",Near Vision,1,0
14278,"Model Makers, Wood","Construct wooden models, patterns, templates, full scale mock-ups, and molds for parts of products and production tools.",Control Precision,1,0
14277,"Model Makers, Wood","Select wooden stock, determine layouts, and mark layouts of parts on stock, using precision equipment such as scribers, squares, and protractors.",Near Vision,2,0
14277,"Model Makers, Wood","Select wooden stock, determine layouts, and mark layouts of parts on stock, using precision equipment such as scribers, squares, and protractors.",Manual Dexterity,2,0
14277,"Model Makers, Wood","Select wooden stock, determine layouts, and mark layouts of parts on stock, using precision equipment such as scribers, squares, and protractors.",Control Precision,1,0
14277,"Model Makers, Wood","Select wooden stock, determine layouts, and mark layouts of parts on stock, using precision equipment such as scribers, squares, and protractors.",Arm-Hand Steadiness,1,0
14277,"Model Makers, Wood","Select wooden stock, determine layouts, and mark layouts of parts on stock, using precision equipment such as scribers, squares, and protractors.",Number Facility,1,0
14279,"Model Makers, Wood","Mark identifying information on patterns, parts, and templates to indicate assembly methods and details.",Near Vision,1,0
14279,"Model Makers, Wood","Mark identifying information on patterns, parts, and templates to indicate assembly methods and details.",Manual Dexterity,1,0
14279,"Model Makers, Wood","Mark identifying information on patterns, parts, and templates to indicate assembly methods and details.",Written Expression,1,0
14279,"Model Makers, Wood","Mark identifying information on patterns, parts, and templates to indicate assembly methods and details.",Information Ordering,1,0
14274,"Model Makers, Wood","Set up, operate, and adjust a variety of woodworking machines such as bandsaws and planers to cut and shape sections, parts, and patterns, according to specifications.",Control Precision,3,0
14274,"Model Makers, Wood","Set up, operate, and adjust a variety of woodworking machines such as bandsaws and planers to cut and shape sections, parts, and patterns, according to specifications.",Multilimb Coordination,2,0
14274,"Model Makers, Wood","Set up, operate, and adjust a variety of woodworking machines such as bandsaws and planers to cut and shape sections, parts, and patterns, according to specifications.",Near Vision,2,0
14274,"Model Makers, Wood","Set up, operate, and adjust a variety of woodworking machines such as bandsaws and planers to cut and shape sections, parts, and patterns, according to specifications.",Arm-Hand Steadiness,1,0
14274,"Model Makers, Wood","Set up, operate, and adjust a variety of woodworking machines such as bandsaws and planers to cut and shape sections, parts, and patterns, according to specifications.",Reaction Time,1,0
14282,"Model Makers, Wood",Maintain pattern records for reference.,Written Expression,1,0
14282,"Model Makers, Wood",Maintain pattern records for reference.,Information Ordering,2,0
14282,"Model Makers, Wood",Maintain pattern records for reference.,Memorization,1,0
14282,"Model Makers, Wood",Maintain pattern records for reference.,Near Vision,1,0
14283,"Model Makers, Wood",Build jigs that can be used as guides for assembling oversized or special types of box shooks.,Manual Dexterity,2,0
14283,"Model Makers, Wood",Build jigs that can be used as guides for assembling oversized or special types of box shooks.,Visualization,2,0
14283,"Model Makers, Wood",Build jigs that can be used as guides for assembling oversized or special types of box shooks.,Arm-Hand Steadiness,1,0
14283,"Model Makers, Wood",Build jigs that can be used as guides for assembling oversized or special types of box shooks.,Control Precision,1,0
14283,"Model Makers, Wood",Build jigs that can be used as guides for assembling oversized or special types of box shooks.,Near Vision,1,0
14284,"Model Makers, Wood",Issue patterns to designated machine operators.,Oral Expression,1,0
14284,"Model Makers, Wood",Issue patterns to designated machine operators.,Information Ordering,1,0
14284,"Model Makers, Wood",Issue patterns to designated machine operators.,Manual Dexterity,1,0
14284,"Model Makers, Wood",Issue patterns to designated machine operators.,Near Vision,1,0
14281,"Model Makers, Wood",Fabricate work aids such as scrapers or templates.,Manual Dexterity,3,0
14281,"Model Makers, Wood",Fabricate work aids such as scrapers or templates.,Control Precision,2,0
14281,"Model Makers, Wood",Fabricate work aids such as scrapers or templates.,Visualization,1,0
14281,"Model Makers, Wood",Fabricate work aids such as scrapers or templates.,Arm-Hand Steadiness,1,0
14281,"Model Makers, Wood",Fabricate work aids such as scrapers or templates.,Near Vision,1,0
14285,"Model Makers, Wood","Finish patterns or models with protective or decorative coatings such as shellac, lacquer, or wax.",Manual Dexterity,2,0
14285,"Model Makers, Wood","Finish patterns or models with protective or decorative coatings such as shellac, lacquer, or wax.",Arm-Hand Steadiness,2,0
14285,"Model Makers, Wood","Finish patterns or models with protective or decorative coatings such as shellac, lacquer, or wax.",Visual Color Discrimination,1,0
14285,"Model Makers, Wood","Finish patterns or models with protective or decorative coatings such as shellac, lacquer, or wax.",Near Vision,1,0
12230,"Patternmakers, Wood","Read blueprints, drawings, or written specifications to determine sizes and shapes of patterns and required machine setups.",Written Comprehension,3,0
12230,"Patternmakers, Wood","Read blueprints, drawings, or written specifications to determine sizes and shapes of patterns and required machine setups.",Visualization,2,0
12230,"Patternmakers, Wood","Read blueprints, drawings, or written specifications to determine sizes and shapes of patterns and required machine setups.",Near Vision,1,0
12230,"Patternmakers, Wood","Read blueprints, drawings, or written specifications to determine sizes and shapes of patterns and required machine setups.",Information Ordering,1,0
12230,"Patternmakers, Wood","Read blueprints, drawings, or written specifications to determine sizes and shapes of patterns and required machine setups.",Spatial Orientation,1,0
12235,"Patternmakers, Wood","Fit, fasten, and assemble wood parts together to form patterns, models, or sections, using glue, nails, dowels, bolts, and screws.",Manual Dexterity,3,0
12235,"Patternmakers, Wood","Fit, fasten, and assemble wood parts together to form patterns, models, or sections, using glue, nails, dowels, bolts, and screws.",Arm-Hand Steadiness,2,0
12235,"Patternmakers, Wood","Fit, fasten, and assemble wood parts together to form patterns, models, or sections, using glue, nails, dowels, bolts, and screws.",Multilimb Coordination,1,0
12235,"Patternmakers, Wood","Fit, fasten, and assemble wood parts together to form patterns, models, or sections, using glue, nails, dowels, bolts, and screws.",Control Precision,1,0
12235,"Patternmakers, Wood","Fit, fasten, and assemble wood parts together to form patterns, models, or sections, using glue, nails, dowels, bolts, and screws.",Static Strength,1,0
12231,"Patternmakers, Wood","Lay out patterns on wood stock and draw outlines of units, sectional patterns, or full-scale mock-ups of products, based on blueprint specifications and sketches, and using marking and measuring devices.",Visualization,3,0
12231,"Patternmakers, Wood","Lay out patterns on wood stock and draw outlines of units, sectional patterns, or full-scale mock-ups of products, based on blueprint specifications and sketches, and using marking and measuring devices.",Near Vision,2,0
12231,"Patternmakers, Wood","Lay out patterns on wood stock and draw outlines of units, sectional patterns, or full-scale mock-ups of products, based on blueprint specifications and sketches, and using marking and measuring devices.",Spatial Orientation,2,0
12231,"Patternmakers, Wood","Lay out patterns on wood stock and draw outlines of units, sectional patterns, or full-scale mock-ups of products, based on blueprint specifications and sketches, and using marking and measuring devices.",Manual Dexterity,1,0
12231,"Patternmakers, Wood","Lay out patterns on wood stock and draw outlines of units, sectional patterns, or full-scale mock-ups of products, based on blueprint specifications and sketches, and using marking and measuring devices.",Control Precision,1,0
12234,"Patternmakers, Wood","Trim, smooth, and shape surfaces, and plane, shave, file, scrape, and sand models to attain specified shapes, using hand tools.",Manual Dexterity,3,0
12234,"Patternmakers, Wood","Trim, smooth, and shape surfaces, and plane, shave, file, scrape, and sand models to attain specified shapes, using hand tools.",Arm-Hand Steadiness,2,0
12234,"Patternmakers, Wood","Trim, smooth, and shape surfaces, and plane, shave, file, scrape, and sand models to attain specified shapes, using hand tools.",Control Precision,2,0
12234,"Patternmakers, Wood","Trim, smooth, and shape surfaces, and plane, shave, file, scrape, and sand models to attain specified shapes, using hand tools.",Near Vision,1,0
12234,"Patternmakers, Wood","Trim, smooth, and shape surfaces, and plane, shave, file, scrape, and sand models to attain specified shapes, using hand tools.",Static Strength,1,0
12247,"Patternmakers, Wood",Divide patterns into sections according to shapes of castings to facilitate removal of patterns from molds.,Visualization,3,0
12247,"Patternmakers, Wood",Divide patterns into sections according to shapes of castings to facilitate removal of patterns from molds.,Spatial Orientation,2,0
12247,"Patternmakers, Wood",Divide patterns into sections according to shapes of castings to facilitate removal of patterns from molds.,Manual Dexterity,1,0
12247,"Patternmakers, Wood",Divide patterns into sections according to shapes of castings to facilitate removal of patterns from molds.,Near Vision,1,0
12247,"Patternmakers, Wood",Divide patterns into sections according to shapes of castings to facilitate removal of patterns from molds.,Problem Sensitivity,1,0
12232,"Patternmakers, Wood","Verify dimensions of completed patterns, using templates, straightedges, calipers, or protractors.",Near Vision,3,0
12232,"Patternmakers, Wood","Verify dimensions of completed patterns, using templates, straightedges, calipers, or protractors.",Control Precision,1,0
12232,"Patternmakers, Wood","Verify dimensions of completed patterns, using templates, straightedges, calipers, or protractors.",Perceptual Speed,1,0
12232,"Patternmakers, Wood","Verify dimensions of completed patterns, using templates, straightedges, calipers, or protractors.",Arm-Hand Steadiness,1,0
12236,"Patternmakers, Wood",Correct patterns to compensate for defects in castings.,Problem Sensitivity,2,0
12236,"Patternmakers, Wood",Correct patterns to compensate for defects in castings.,Visualization,2,0
12236,"Patternmakers, Wood",Correct patterns to compensate for defects in castings.,Deductive Reasoning,1,0
12236,"Patternmakers, Wood",Correct patterns to compensate for defects in castings.,Near Vision,1,0
12236,"Patternmakers, Wood",Correct patterns to compensate for defects in castings.,Manual Dexterity,1,0
12233,"Patternmakers, Wood","Set up, operate, and adjust a variety of woodworking machines such as bandsaws and lathes to cut and shape sections, parts, and patterns, according to specifications.",Control Precision,3,0
12233,"Patternmakers, Wood","Set up, operate, and adjust a variety of woodworking machines such as bandsaws and lathes to cut and shape sections, parts, and patterns, according to specifications.",Multilimb Coordination,2,0
12233,"Patternmakers, Wood","Set up, operate, and adjust a variety of woodworking machines such as bandsaws and lathes to cut and shape sections, parts, and patterns, according to specifications.",Near Vision,2,0
12233,"Patternmakers, Wood","Set up, operate, and adjust a variety of woodworking machines such as bandsaws and lathes to cut and shape sections, parts, and patterns, according to specifications.",Arm-Hand Steadiness,1,0
12233,"Patternmakers, Wood","Set up, operate, and adjust a variety of woodworking machines such as bandsaws and lathes to cut and shape sections, parts, and patterns, according to specifications.",Reaction Time,1,0
12240,"Patternmakers, Wood","Finish completed products or models with shellac, lacquer, wax, or paint.",Manual Dexterity,2,0
12240,"Patternmakers, Wood","Finish completed products or models with shellac, lacquer, wax, or paint.",Arm-Hand Steadiness,2,0
12240,"Patternmakers, Wood","Finish completed products or models with shellac, lacquer, wax, or paint.",Visual Color Discrimination,1,0
12240,"Patternmakers, Wood","Finish completed products or models with shellac, lacquer, wax, or paint.",Near Vision,1,0
12246,"Patternmakers, Wood",Estimate costs for patternmaking jobs.,Number Facility,3,0
12246,"Patternmakers, Wood",Estimate costs for patternmaking jobs.,Mathematical Reasoning,2,0
12246,"Patternmakers, Wood",Estimate costs for patternmaking jobs.,Deductive Reasoning,1,0
12246,"Patternmakers, Wood",Estimate costs for patternmaking jobs.,Written Expression,1,0
