task_id,occupation,task_text,ability_name,weight,uncertain
14362,"Cutters and Trimmers, Hand","Route items to provide cutouts for parts, using portable routers, grinders, and hand tools.",Manual Dexterity,3,0
14362,"Cutters and Trimmers, Hand","Route items to provide cutouts for parts, using portable routers, grinders, and hand tools.",Control Precision,2,0
14362,"Cutters and Trimmers, Hand","Route items to provide cutouts for parts, using portable routers, grinders, and hand tools.",Arm-Hand Steadiness,2,0
14362,"Cutters and Trimmers, Hand","Route items to provide cutouts for parts, using portable routers, grinders, and hand tools.",Near Vision,2,0
14362,"Cutters and Trimmers, Hand","Route items to provide cutouts for parts, using portable routers, grinders, and hand tools.",Static Strength,1,0
14362,"Cutters and Trimmers, Hand","Route items to provide cutouts for parts, using portable routers, grinders, and hand tools.",Multilimb Coordination,2,0
14366,"Cutters and Trimmers, Hand","Transport items to work or storage areas, using carts.",Static Strength,2,0
14366,"Cutters and Trimmers, Hand","Transport items to work or storage areas, using carts.",Dynamic Strength,2,0
14366,"Cutters and Trimmers, Hand","Transport items to work or storage areas, using carts.",Gross Body Coordination,1,0
14366,"Cutters and Trimmers, Hand","Transport items to work or storage areas, using carts.",Stamina,1,0
14366,"Cutters and Trimmers, Hand","Transport items to work or storage areas, using carts.",Trunk Strength,1,0
12417,"Cutting and Slicing Machine Setters, Operators, and Tenders","Set up, operate, or tend machines that cut or slice materials, such as glass, stone, cork, rubber, tobacco, food, paper, or insulating material.",Control Precision,3,0
12417,"Cutting and Slicing Machine Setters, Operators, and Tenders","Set up, operate, or tend machines that cut or slice materials, such as glass, stone, cork, rubber, tobacco, food, paper, or insulating material.",Manual Dexterity,2,0
12417,"Cutting and Slicing Machine Setters, Operators, and Tenders","Set up, operate, or tend machines that cut or slice materials, such as glass, stone, cork, rubber, tobacco, food, paper, or insulating material.",Near Vision,2,0
12417,"Cutting and Slicing Machine Setters, Operators, and Tenders","Set up, operate, or tend machines that cut or slice materials, such as glass, stone, cork, rubber, tobacco, food, paper, or insulating material.",Multilimb Coordination,2,0
12417,"Cutting and Slicing Machine Setters, Operators, and Tenders","Set up, operate, or tend machines that cut or slice materials, such as glass, stone, cork, rubber, tobacco, food, paper, or insulating material.",Reaction Time,1,0
12417,"Cutting and Slicing Machine Setters, Operators, and Tenders","Set up, operate, or tend machines that cut or slice materials, such as glass, stone, cork, rubber, tobacco, food, paper, or insulating material.",Selective Attention,1,0
12419,"Cutting and Slicing Machine Setters, Operators, and Tenders","Review work orders, blueprints, specifications, or job samples to determine components, settings, and adjustments for cutting and slicing machines.",Written Comprehension,3,0
12419,"Cutting and Slicing Machine Setters, Operators, and Tenders","Review work orders, blueprints, specifications, or job samples to determine components, settings, and adjustments for cutting and slicing machines.",Information Ordering,2,0
12419,"Cutting and Slicing Machine Setters, Operators, and Tenders","Review work orders, blueprints, specifications, or job samples to determine components, settings, and adjustments for cutting and slicing machines.",Visualization,2,0
12419,"Cutting and Slicing Machine Setters, Operators, and Tenders","Review work orders, blueprints, specifications, or job samples to determine components, settings, and adjustments for cutting and slicing machines.",Near Vision,1,0
12419,"Cutting and Slicing Machine Setters, Operators, and Tenders","Review work orders, blueprints, specifications, or job samples to determine components, settings, and adjustments for cutting and slicing machines.",Mathematical Reasoning,1,0
12416,"Cutting and Slicing Machine Setters, Operators, and Tenders","Examine, measure, and weigh materials or products to verify conformance to specifications, using measuring devices, such as rulers, micrometers, or scales.",Near Vision,3,0
12416,"Cutting and Slicing Machine Setters, Operators, and Tenders","Examine, measure, and weigh materials or products to verify conformance to specifications, using measuring devices, such as rulers, micrometers, or scales.",Number Facility,2,0
12416,"Cutting and Slicing Machine Setters, Operators, and Tenders","Examine, measure, and weigh materials or products to verify conformance to specifications, using measuring devices, such as rulers, micrometers, or scales.",Control Precision,2,0
12416,"Cutting and Slicing Machine Setters, Operators, and Tenders","Examine, measure, and weigh materials or products to verify conformance to specifications, using measuring devices, such as rulers, micrometers, or scales.",Selective Attention,2,0
12416,"Cutting and Slicing Machine Setters, Operators, and Tenders","Examine, measure, and weigh materials or products to verify conformance to specifications, using measuring devices, such as rulers, micrometers, or scales.",Arm-Hand Steadiness,1,0
12422,"Cutting and Slicing Machine Setters, Operators, and Tenders","Press buttons, pull levers, or depress pedals to start and operate cutting and slicing machines.",Control Precision,2,0
12422,"Cutting and Slicing Machine Setters, Operators, and Tenders","Press buttons, pull levers, or depress pedals to start and operate cutting and slicing machines.",Reaction Time,2,0
12422,"Cutting and Slicing Machine Setters, Operators, and Tenders","Press buttons, pull levers, or depress pedals to start and operate cutting and slicing machines.",Multilimb Coordination,2,0
12422,"Cutting and Slicing Machine Setters, Operators, and Tenders","Press buttons, pull levers, or depress pedals to start and operate cutting and slicing machines.",Finger Dexterity,1,0
12422,"Cutting and Slicing Machine Setters, Operators, and Tenders","Press buttons, pull levers, or depress pedals to start and operate cutting and slicing machines.",Near Vision,1,0
12426,"Cutting and Slicing Machine Setters, Operators, and Tenders","Start machines to verify setups, and make any necessary adjustments.",Control Precision,2,0
12426,"Cutting and Slicing Machine Setters, Operators, and Tenders","Start machines to verify setups, and make any necessary adjustments.",Near Vision,2,0
12426,"Cutting and Slicing Machine Setters, Operators, and Tenders","Start machines to verify setups, and make any necessary adjustments.",Selective Attention,2,0
12426,"Cutting and Slicing Machine Setters, Operators, and Tenders","Start machines to verify setups, and make any necessary adjustments.",Reaction Time,1,0
12426,"Cutting and Slicing Machine Setters, Operators, and Tenders","Start machines to verify setups, and make any necessary adjustments.",Problem Sensitivity,1,0
12432,"Cutting and Slicing Machine Setters, Operators, and Tenders","Feed stock into cutting machines, onto conveyors, or under cutting blades, by threading, guiding, pushing, or turning handwheels.",Manual Dexterity,3,0
12432,"Cutting and Slicing Machine Setters, Operators, and Tenders","Feed stock into cutting machines, onto conveyors, or under cutting blades, by threading, guiding, pushing, or turning handwheels.",Arm-Hand Steadiness,2,0
12432,"Cutting and Slicing Machine Setters, Operators, and Tenders","Feed stock into cutting machines, onto conveyors, or under cutting blades, by threading, guiding, pushing, or turning handwheels.",Control Precision,2,0
12432,"Cutting and Slicing Machine Setters, Operators, and Tenders","Feed stock into cutting machines, onto conveyors, or under cutting blades, by threading, guiding, pushing, or turning handwheels.",Multilimb Coordination,2,0
12432,"Cutting and Slicing Machine Setters, Operators, and Tenders","Feed stock into cutting machines, onto conveyors, or under cutting blades, by threading, guiding, pushing, or turning handwheels.",Reaction Time,2,0
12432,"Cutting and Slicing Machine Setters, Operators, and Tenders","Feed stock into cutting machines, onto conveyors, or under cutting blades, by threading, guiding, pushing, or turning handwheels.",Near Vision,1,0
12425,"Cutting and Slicing Machine Setters, Operators, and Tenders",Monitor operation of cutting or slicing machines to detect malfunctions or to determine whether supplies need replenishment.,Selective Attention,3,0
12425,"Cutting and Slicing Machine Setters, Operators, and Tenders",Monitor operation of cutting or slicing machines to detect malfunctions or to determine whether supplies need replenishment.,Near Vision,2,0
12425,"Cutting and Slicing Machine Setters, Operators, and Tenders",Monitor operation of cutting or slicing machines to detect malfunctions or to determine whether supplies need replenishment.,Problem Sensitivity,2,0
12425,"Cutting and Slicing Machine Setters, Operators, and Tenders",Monitor operation of cutting or slicing machines to detect malfunctions or to determine whether supplies need replenishment.,Auditory Attention,1,1
12425,"Cutting and Slicing Machine Setters, Operators, and Tenders",Monitor operation of cutting or slicing machines to detect malfunctions or to determine whether supplies need replenishment.,Perceptual Speed,1,0
12418,"Cutting and Slicing Machine Setters, Operators, and Tenders","Stack and sort cut material for packaging, further processing, or shipping, according to types and sizes of material.",Manual Dexterity,2,0
12418,"Cutting and Slicing Machine Setters, Operators, and Tenders","Stack and sort cut material for packaging, further processing, or shipping, according to types and sizes of material.",Static Strength,2,0
12418,"Cutting and Slicing Machine Setters, Operators, and Tenders","Stack and sort cut material for packaging, further processing, or shipping, according to types and sizes of material.",Gross Body Coordination,1,0
12418,"Cutting and Slicing Machine Setters, Operators, and Tenders","Stack and sort cut material for packaging, further processing, or shipping, according to types and sizes of material.",Near Vision,1,0
12418,"Cutting and Slicing Machine Setters, Operators, and Tenders","Stack and sort cut material for packaging, further processing, or shipping, according to types and sizes of material.",Perceptual Speed,1,0
12423,"Cutting and Slicing Machine Setters, Operators, and Tenders","Adjust machine controls to alter position, alignment, speed, or pressure.",Control Precision,3,0
12423,"Cutting and Slicing Machine Setters, Operators, and Tenders","Adjust machine controls to alter position, alignment, speed, or pressure.",Rate Control,2,0
12423,"Cutting and Slicing Machine Setters, Operators, and Tenders","Adjust machine controls to alter position, alignment, speed, or pressure.",Finger Dexterity,2,0
12423,"Cutting and Slicing Machine Setters, Operators, and Tenders","Adjust machine controls to alter position, alignment, speed, or pressure.",Near Vision,1,0
12423,"Cutting and Slicing Machine Setters, Operators, and Tenders","Adjust machine controls to alter position, alignment, speed, or pressure.",Multilimb Coordination,1,0
12427,"Cutting and Slicing Machine Setters, Operators, and Tenders","Remove completed materials or products from cutting or slicing machines, and stack or store them for additional processing.",Manual Dexterity,2,0
12427,"Cutting and Slicing Machine Setters, Operators, and Tenders","Remove completed materials or products from cutting or slicing machines, and stack or store them for additional processing.",Static Strength,2,0
12427,"Cutting and Slicing Machine Setters, Operators, and Tenders","Remove completed materials or products from cutting or slicing machines, and stack or store them for additional processing.",Arm-Hand Steadiness,1,0
12427,"Cutting and Slicing Machine Setters, Operators, and Tenders","Remove completed materials or products from cutting or slicing machines, and stack or store them for additional processing.",Gross Body Coordination,1,0
12427,"Cutting and Slicing Machine Setters, Operators, and Tenders","Remove completed materials or products from cutting or slicing machines, and stack or store them for additional processing.",Near Vision,1,0
12424,"Cutting and Slicing Machine Setters, Operators, and Tenders","Maintain production records, such as quantities, types, and dimensions of materials produced.",Number Facility,2,0
12424,"Cutting and Slicing Machine Setters, Operators, and Tenders","Maintain production records, such as quantities, types, and dimensions of materials produced.",Written Expression,2,0
12424,"Cutting and Slicing Machine Setters, Operators, and Tenders","Maintain production records, such as quantities, types, and dimensions of materials produced.",Information Ordering,1,0
12424,"Cutting and Slicing Machine Setters, Operators, and Tenders","Maintain production records, such as quantities, types, and dimensions of materials produced.",Perceptual Speed,1,0
12421,"Cutting and Slicing Machine Setters, Operators, and Tenders","Remove defective or substandard materials from machines, and readjust machine components so that products meet standards.",Problem Sensitivity,2,0
12421,"Cutting and Slicing Machine Setters, Operators, and Tenders","Remove defective or substandard materials from machines, and readjust machine components so that products meet standards.",Control Precision,2,0
12421,"Cutting and Slicing Machine Setters, Operators, and Tenders","Remove defective or substandard materials from machines, and readjust machine components so that products meet standards.",Manual Dexterity,2,0
12421,"Cutting and Slicing Machine Setters, Operators, and Tenders","Remove defective or substandard materials from machines, and readjust machine components so that products meet standards.",Near Vision,1,0
12421,"Cutting and Slicing Machine Setters, Operators, and Tenders","Remove defective or substandard materials from machines, and readjust machine components so that products meet standards.",Deductive Reasoning,1,0
12433,"Cutting and Slicing Machine Setters, Operators, and Tenders","Position stock along cutting lines, or against stops on beds of scoring or cutting machines.",Arm-Hand Steadiness,3,0
12433,"Cutting and Slicing Machine Setters, Operators, and Tenders","Position stock along cutting lines, or against stops on beds of scoring or cutting machines.",Control Precision,2,0
12433,"Cutting and Slicing Machine Setters, Operators, and Tenders","Position stock along cutting lines, or against stops on beds of scoring or cutting machines.",Near Vision,2,0
12433,"Cutting and Slicing Machine Setters, Operators, and Tenders","Position stock along cutting lines, or against stops on beds of scoring or cutting machines.",Manual Dexterity,2,0
12433,"Cutting and Slicing Machine Setters, Operators, and Tenders","Position stock along cutting lines, or against stops on beds of scoring or cutting machines.",Multilimb Coordination,1,0
12429,"Cutting and Slicing Machine Setters, Operators, and Tenders","Move stock or scrap to and from machines manually, or by using carts, handtrucks, or lift trucks.",Static Strength,3,0
12429,"Cutting and Slicing Machine Setters, Operators, and Tenders","Move stock or scrap to and from machines manually, or by using carts, handtrucks, or lift trucks.",Dynamic Strength,2,0
12429,"Cutting and Slicing Machine Setters, Operators, and Tenders","Move stock or scrap to and from machines manually, or by using carts, handtrucks, or lift trucks.",Trunk Strength,2,0
12429,"Cutting and Slicing Machine Setters, Operators, and Tenders","Move stock or scrap to and from machines manually, or by using carts, handtrucks, or lift trucks.",Stamina,1,0
12429,"Cutting and Slicing Machine Setters, Operators, and Tenders","Move stock or scrap to and from machines manually, or by using carts, handtrucks, or lift trucks.",Gross Body Coordination,1,0
12428,"Cutting and Slicing Machine Setters, Operators, and Tenders","Select and install machine components, such as cutting blades, rollers, and templates, according to specifications, using hand tools.",Manual Dexterity,3,0
12428,"Cutting and Slicing Machine Setters, Operators, and Tenders","Select and install machine components, such as cutting blades, rollers, and templates, according to specifications, using hand tools.",Finger Dexterity,2,0
12428,"Cutting and Slicing Machine Setters, Operators, and Tenders","Select and install machine components, such as cutting blades, rollers, and templates, according to specifications, using hand tools.",Arm-Hand Steadiness,2,0
12428,"Cutting and Slicing Machine Setters, Operators, and Tenders","Select and install machine components, such as cutting blades, rollers, and templates, according to specifications, using hand tools.",Near Vision,1,0
12428,"Cutting and Slicing Machine Setters, Operators, and Tenders","Select and install machine components, such as cutting blades, rollers, and templates, according to specifications, using hand tools.",Control Precision,1,0
12430,"Cutting and Slicing Machine Setters, Operators, and Tenders","Clean and lubricate cutting machines, conveyors, blades, saws, or knives, using steam hoses, scrapers, brushes, or oil cans.",Manual Dexterity,2,0
12430,"Cutting and Slicing Machine Setters, Operators, and Tenders","Clean and lubricate cutting machines, conveyors, blades, saws, or knives, using steam hoses, scrapers, brushes, or oil cans.",Arm-Hand Steadiness,1,0
12430,"Cutting and Slicing Machine Setters, Operators, and Tenders","Clean and lubricate cutting machines, conveyors, blades, saws, or knives, using steam hoses, scrapers, brushes, or oil cans.",Static Strength,1,0
12430,"Cutting and Slicing Machine Setters, Operators, and Tenders","Clean and lubricate cutting machines, conveyors, blades, saws, or knives, using steam hoses, scrapers, brushes, or oil cans.",Trunk Strength,1,0
12430,"Cutting and Slicing Machine Setters, Operators, and Tenders","Clean and lubricate cutting machines, conveyors, blades, saws, or knives, using steam hoses, scrapers, brushes, or oil cans.",Near Vision,1,0
12436,"Cutting and Slicing Machine Setters, Operators, and Tenders","Mark cutting lines or identifying information on stock, using marking pencils, rulers, or scribes.",Near Vision,3,0
12436,"Cutting and Slicing Machine Setters, Operators, and Tenders","Mark cutting lines or identifying information on stock, using marking pencils, rulers, or scribes.",Arm-Hand Steadiness,2,0
12436,"Cutting and Slicing Machine Setters, Operators, and Tenders","Mark cutting lines or identifying information on stock, using marking pencils, rulers, or scribes.",Manual Dexterity,2,0
12436,"Cutting and Slicing Machine Setters, Operators, and Tenders","Mark cutting lines or identifying information on stock, using marking pencils, rulers, or scribes.",Control Precision,1,0
12420,"Cutting and Slicing Machine Setters, Operators, and Tenders","Type instructions on computer keyboards, push buttons to activate computer programs, or manually set cutting guides, clamps, and knives.",Finger Dexterity,2,0
12420,"Cutting and Slicing Machine Setters, Operators, and Tenders","Type instructions on computer keyboards, push buttons to activate computer programs, or manually set cutting guides, clamps, and knives.",Near Vision,2,0
12420,"Cutting and Slicing Machine Setters, Operators, and Tenders","Type instructions on computer keyboards, push buttons to activate computer programs, or manually set cutting guides, clamps, and knives.",Control Precision,2,0
12420,"Cutting and Slicing Machine Setters, Operators, and Tenders","Type instructions on computer keyboards, push buttons to activate computer programs, or manually set cutting guides, clamps, and knives.",Manual Dexterity,1,0
12420,"Cutting and Slicing Machine Setters, Operators, and Tenders","Type instructions on computer keyboards, push buttons to activate computer programs, or manually set cutting guides, clamps, and knives.",Perceptual Speed,1,0
12435,"Cutting and Slicing Machine Setters, Operators, and Tenders","Change or replace saw blades, cables, cutter heads, and grinding wheels, using hand tools.",Manual Dexterity,3,0
12435,"Cutting and Slicing Machine Setters, Operators, and Tenders","Change or replace saw blades, cables, cutter heads, and grinding wheels, using hand tools.",Finger Dexterity,2,0
12435,"Cutting and Slicing Machine Setters, Operators, and Tenders","Change or replace saw blades, cables, cutter heads, and grinding wheels, using hand tools.",Static Strength,2,0
12435,"Cutting and Slicing Machine Setters, Operators, and Tenders","Change or replace saw blades, cables, cutter heads, and grinding wheels, using hand tools.",Arm-Hand Steadiness,2,0
12435,"Cutting and Slicing Machine Setters, Operators, and Tenders","Change or replace saw blades, cables, cutter heads, and grinding wheels, using hand tools.",Control Precision,1,0
12438,"Cutting and Slicing Machine Setters, Operators, and Tenders","Position width gauge blocks between blades, and level blades and insert wedges into frames to secure blades to frames.",Arm-Hand Steadiness,3,0
12438,"Cutting and Slicing Machine Setters, Operators, and Tenders","Position width gauge blocks between blades, and level blades and insert wedges into frames to secure blades to frames.",Manual Dexterity,2,0
12438,"Cutting and Slicing Machine Setters, Operators, and Tenders","Position width gauge blocks between blades, and level blades and insert wedges into frames to secure blades to frames.",Control Precision,2,0
12438,"Cutting and Slicing Machine Setters, Operators, and Tenders","Position width gauge blocks between blades, and level blades and insert wedges into frames to secure blades to frames.",Near Vision,2,0
12438,"Cutting and Slicing Machine Setters, Operators, and Tenders","Position width gauge blocks between blades, and level blades and insert wedges into frames to secure blades to frames.",Finger Dexterity,1,0
12439,"Cutting and Slicing Machine Setters, Operators, and Tenders",Direct workers on cutting teams.,Oral Expression,3,0
12439,"Cutting and Slicing Machine Setters, Operators, and Tenders",Direct workers on cutting teams.,Oral Comprehension,2,0
12439,"Cutting and Slicing Machine Setters, Operators, and Tenders",Direct workers on cutting teams.,Information Ordering,1,0
12439,"Cutting and Slicing Machine Setters, Operators, and Tenders",Direct workers on cutting teams.,Deductive Reasoning,1,0
12442,"Cutting and Slicing Machine Setters, Operators, and Tenders","Sharpen cutting blades, knives, or saws, using files, bench grinders, or honing stones.",Manual Dexterity,3,0
12442,"Cutting and Slicing Machine Setters, Operators, and Tenders","Sharpen cutting blades, knives, or saws, using files, bench grinders, or honing stones.",Arm-Hand Steadiness,2,0
12442,"Cutting and Slicing Machine Setters, Operators, and Tenders","Sharpen cutting blades, knives, or saws, using files, bench grinders, or honing stones.",Control Precision,2,0
12442,"Cutting and Slicing Machine Setters, Operators, and Tenders","Sharpen cutting blades, knives, or saws, using files, bench grinders, or honing stones.",Near Vision,1,0
12442,"Cutting and Slicing Machine Setters, Operators, and Tenders","Sharpen cutting blades, knives, or saws, using files, bench grinders, or honing stones.",Finger Dexterity,1,0
12437,"Cutting and Slicing Machine Setters, Operators, and Tenders",Turn cranks or press buttons to activate winches that move cars under sawing cables or saw frames.,Control Precision,2,0
12437,"Cutting and Slicing Machine Setters, Operators, and Tenders",Turn cranks or press buttons to activate winches that move cars under sawing cables or saw frames.,Multilimb Coordination,2,0
12437,"Cutting and Slicing Machine Setters, Operators, and Tenders",Turn cranks or press buttons to activate winches that move cars under sawing cables or saw frames.,Static Strength,1,0
12437,"Cutting and Slicing Machine Setters, Operators, and Tenders",Turn cranks or press buttons to activate winches that move cars under sawing cables or saw frames.,Reaction Time,1,0
12437,"Cutting and Slicing Machine Setters, Operators, and Tenders",Turn cranks or press buttons to activate winches that move cars under sawing cables or saw frames.,Near Vision,1,0
12440,"Cutting and Slicing Machine Setters, Operators, and Tenders",Tighten pulleys or add abrasives to maintain cutting speeds.,Manual Dexterity,2,0
12440,"Cutting and Slicing Machine Setters, Operators, and Tenders",Tighten pulleys or add abrasives to maintain cutting speeds.,Static Strength,2,0
12440,"Cutting and Slicing Machine Setters, Operators, and Tenders",Tighten pulleys or add abrasives to maintain cutting speeds.,Control Precision,1,0
12440,"Cutting and Slicing Machine Setters, Operators, and Tenders",Tighten pulleys or add abrasives to maintain cutting speeds.,Near Vision,1,0
12441,"Cutting and Slicing Machine Setters, Operators, and Tenders","Cut stock manually to prepare for machine cutting, using tools such as knives, cleavers, handsaws, or hammers and chisels.",Manual Dexterity,3,0
12441,"Cutting and Slicing Machine Setters, Operators, and Tenders","Cut stock manually to prepare for machine cutting, using tools such as knives, cleavers, handsaws, or hammers and chisels.",Static Strength,2,0
12441,"Cutting and Slicing Machine Setters, Operators, and Tenders","Cut stock manually to prepare for machine cutting, using tools such as knives, cleavers, handsaws, or hammers and chisels.",Arm-Hand Steadiness,2,0
12441,"Cutting and Slicing Machine Setters, Operators, and Tenders","Cut stock manually to prepare for machine cutting, using tools such as knives, cleavers, handsaws, or hammers and chisels.",Control Precision,2,0
12441,"Cutting and Slicing Machine Setters, Operators, and Tenders","Cut stock manually to prepare for machine cutting, using tools such as knives, cleavers, handsaws, or hammers and chisels.",Trunk Strength,1,0
12444,"Extruding, Forming, Pressing, and Compacting Machine Setters, Operators, and Tenders","Adjust machine components to regulate speeds, pressures, and temperatures, and amounts, dimensions, and flow of materials or ingredients.",Control Precision,3,0
12444,"Extruding, Forming, Pressing, and Compacting Machine Setters, Operators, and Tenders","Adjust machine components to regulate speeds, pressures, and temperatures, and amounts, dimensions, and flow of materials or ingredients.",Rate Control,2,0
12444,"Extruding, Forming, Pressing, and Compacting Machine Setters, Operators, and Tenders","Adjust machine components to regulate speeds, pressures, and temperatures, and amounts, dimensions, and flow of materials or ingredients.",Near Vision,1,0
12444,"Extruding, Forming, Pressing, and Compacting Machine Setters, Operators, and Tenders","Adjust machine components to regulate speeds, pressures, and temperatures, and amounts, dimensions, and flow of materials or ingredients.",Finger Dexterity,1,0
12444,"Extruding, Forming, Pressing, and Compacting Machine Setters, Operators, and Tenders","Adjust machine components to regulate speeds, pressures, and temperatures, and amounts, dimensions, and flow of materials or ingredients.",Multilimb Coordination,1,0
12447,"Extruding, Forming, Pressing, and Compacting Machine Setters, Operators, and Tenders",Press control buttons to activate machinery and equipment.,Finger Dexterity,2,0
12447,"Extruding, Forming, Pressing, and Compacting Machine Setters, Operators, and Tenders",Press control buttons to activate machinery and equipment.,Control Precision,2,0
12447,"Extruding, Forming, Pressing, and Compacting Machine Setters, Operators, and Tenders",Press control buttons to activate machinery and equipment.,Reaction Time,1,0
12447,"Extruding, Forming, Pressing, and Compacting Machine Setters, Operators, and Tenders",Press control buttons to activate machinery and equipment.,Near Vision,1,0
12445,"Extruding, Forming, Pressing, and Compacting Machine Setters, Operators, and Tenders","Examine, measure, and weigh materials or products to verify conformance to standards, using measuring devices such as templates, micrometers, or scales.",Near Vision,3,0
12445,"Extruding, Forming, Pressing, and Compacting Machine Setters, Operators, and Tenders","Examine, measure, and weigh materials or products to verify conformance to standards, using measuring devices such as templates, micrometers, or scales.",Number Facility,2,0
12445,"Extruding, Forming, Pressing, and Compacting Machine Setters, Operators, and Tenders","Examine, measure, and weigh materials or products to verify conformance to standards, using measuring devices such as templates, micrometers, or scales.",Control Precision,2,0
12445,"Extruding, Forming, Pressing, and Compacting Machine Setters, Operators, and Tenders","Examine, measure, and weigh materials or products to verify conformance to standards, using measuring devices such as templates, micrometers, or scales.",Selective Attention,1,0
12445,"Extruding, Forming, Pressing, and Compacting Machine Setters, Operators, and Tenders","Examine, measure, and weigh materials or products to verify conformance to standards, using measuring devices such as templates, micrometers, or scales.",Arm-Hand Steadiness,1,0
12446,"Extruding, Forming, Pressing, and Compacting Machine Setters, Operators, and Tenders",Monitor machine operations and observe lights and gauges to detect malfunctions.,Selective Attention,3,0
12446,"Extruding, Forming, Pressing, and Compacting Machine Setters, Operators, and Tenders",Monitor machine operations and observe lights and gauges to detect malfunctions.,Near Vision,2,0
12446,"Extruding, Forming, Pressing, and Compacting Machine Setters, Operators, and Tenders",Monitor machine operations and observe lights and gauges to detect malfunctions.,Problem Sensitivity,2,0
12446,"Extruding, Forming, Pressing, and Compacting Machine Setters, Operators, and Tenders",Monitor machine operations and observe lights and gauges to detect malfunctions.,Auditory Attention,1,1
12455,"Extruding, Forming, Pressing, and Compacting Machine Setters, Operators, and Tenders","Clear jams, and remove defective or substandard materials or products.",Manual Dexterity,2,0
12455,"Extruding, Forming, Pressing, and Compacting Machine Setters, Operators, and Tenders","Clear jams, and remove defective or substandard materials or products.",Problem Sensitivity,2,0
12455,"Extruding, Forming, Pressing, and Compacting Machine Setters, Operators, and Tenders","Clear jams, and remove defective or substandard materials or products.",Static Strength,1,0
12455,"Extruding, Forming, Pressing, and Compacting Machine Setters, Operators, and Tenders","Clear jams, and remove defective or substandard materials or products.",Near Vision,1,0
12455,"Extruding, Forming, Pressing, and Compacting Machine Setters, Operators, and Tenders","Clear jams, and remove defective or substandard materials or products.",Finger Dexterity,1,0
12452,"Extruding, Forming, Pressing, and Compacting Machine Setters, Operators, and Tenders",Notify supervisors when extruded filaments fail to meet standards.,Oral Expression,2,0
12452,"Extruding, Forming, Pressing, and Compacting Machine Setters, Operators, and Tenders",Notify supervisors when extruded filaments fail to meet standards.,Problem Sensitivity,2,0
12452,"Extruding, Forming, Pressing, and Compacting Machine Setters, Operators, and Tenders",Notify supervisors when extruded filaments fail to meet standards.,Oral Comprehension,1,0
12452,"Extruding, Forming, Pressing, and Compacting Machine Setters, Operators, and Tenders",Notify supervisors when extruded filaments fail to meet standards.,Deductive Reasoning,1,0
12451,"Extruding, Forming, Pressing, and Compacting Machine Setters, Operators, and Tenders","Record and maintain production data, such as meter readings, and quantities, types, and dimensions of materials produced.",Number Facility,2,0
12451,"Extruding, Forming, Pressing, and Compacting Machine Setters, Operators, and Tenders","Record and maintain production data, such as meter readings, and quantities, types, and dimensions of materials produced.",Written Expression,2,0
12451,"Extruding, Forming, Pressing, and Compacting Machine Setters, Operators, and Tenders","Record and maintain production data, such as meter readings, and quantities, types, and dimensions of materials produced.",Information Ordering,1,0
12451,"Extruding, Forming, Pressing, and Compacting Machine Setters, Operators, and Tenders","Record and maintain production data, such as meter readings, and quantities, types, and dimensions of materials produced.",Perceptual Speed,1,0
12449,"Extruding, Forming, Pressing, and Compacting Machine Setters, Operators, and Tenders","Review work orders, specifications, or instructions to determine materials, ingredients, procedures, components, settings, and adjustments for extruding, forming, pressing, or compacting machines.",Written Comprehension,3,0
12449,"Extruding, Forming, Pressing, and Compacting Machine Setters, Operators, and Tenders","Review work orders, specifications, or instructions to determine materials, ingredients, procedures, components, settings, and adjustments for extruding, forming, pressing, or compacting machines.",Information Ordering,2,0
12449,"Extruding, Forming, Pressing, and Compacting Machine Setters, Operators, and Tenders","Review work orders, specifications, or instructions to determine materials, ingredients, procedures, components, settings, and adjustments for extruding, forming, pressing, or compacting machines.",Visualization,1,0
12449,"Extruding, Forming, Pressing, and Compacting Machine Setters, Operators, and Tenders","Review work orders, specifications, or instructions to determine materials, ingredients, procedures, components, settings, and adjustments for extruding, forming, pressing, or compacting machines.",Mathematical Reasoning,1,0
12448,"Extruding, Forming, Pressing, and Compacting Machine Setters, Operators, and Tenders","Turn controls to adjust machine functions, such as regulating air pressure, creating vacuums, and adjusting coolant flow.",Control Precision,3,0
12448,"Extruding, Forming, Pressing, and Compacting Machine Setters, Operators, and Tenders","Turn controls to adjust machine functions, such as regulating air pressure, creating vacuums, and adjusting coolant flow.",Finger Dexterity,2,0
12448,"Extruding, Forming, Pressing, and Compacting Machine Setters, Operators, and Tenders","Turn controls to adjust machine functions, such as regulating air pressure, creating vacuums, and adjusting coolant flow.",Rate Control,1,0
12448,"Extruding, Forming, Pressing, and Compacting Machine Setters, Operators, and Tenders","Turn controls to adjust machine functions, such as regulating air pressure, creating vacuums, and adjusting coolant flow.",Near Vision,1,0
12466,"Extruding, Forming, Pressing, and Compacting Machine Setters, Operators, and Tenders","Clean dies, arbors, compression chambers, and molds, using swabs, sponges, or air hoses.",Manual Dexterity,2,0
12466,"Extruding, Forming, Pressing, and Compacting Machine Setters, Operators, and Tenders","Clean dies, arbors, compression chambers, and molds, using swabs, sponges, or air hoses.",Arm-Hand Steadiness,1,0
12466,"Extruding, Forming, Pressing, and Compacting Machine Setters, Operators, and Tenders","Clean dies, arbors, compression chambers, and molds, using swabs, sponges, or air hoses.",Near Vision,1,0
12466,"Extruding, Forming, Pressing, and Compacting Machine Setters, Operators, and Tenders","Clean dies, arbors, compression chambers, and molds, using swabs, sponges, or air hoses.",Finger Dexterity,1,0
12453,"Extruding, Forming, Pressing, and Compacting Machine Setters, Operators, and Tenders",Synchronize speeds of sections of machines when producing products involving several steps or processes.,Rate Control,3,0
12453,"Extruding, Forming, Pressing, and Compacting Machine Setters, Operators, and Tenders",Synchronize speeds of sections of machines when producing products involving several steps or processes.,Multilimb Coordination,2,0
12453,"Extruding, Forming, Pressing, and Compacting Machine Setters, Operators, and Tenders",Synchronize speeds of sections of machines when producing products involving several steps or processes.,Time Sharing,2,0
12453,"Extruding, Forming, Pressing, and Compacting Machine Setters, Operators, and Tenders",Synchronize speeds of sections of machines when producing products involving several steps or processes.,Control Precision,2,0
12453,"Extruding, Forming, Pressing, and Compacting Machine Setters, Operators, and Tenders",Synchronize speeds of sections of machines when producing products involving several steps or processes.,Selective Attention,1,0
12456,"Extruding, Forming, Pressing, and Compacting Machine Setters, Operators, and Tenders","Move materials, supplies, components, and finished products between storage and work areas, using work aids such as racks, hoists, and handtrucks.",Static Strength,3,0
12456,"Extruding, Forming, Pressing, and Compacting Machine Setters, Operators, and Tenders","Move materials, supplies, components, and finished products between storage and work areas, using work aids such as racks, hoists, and handtrucks.",Dynamic Strength,2,0
12456,"Extruding, Forming, Pressing, and Compacting Machine Setters, Operators, and Tenders","Move materials, supplies, components, and finished products between storage and work areas, using work aids such as racks, hoists, and handtrucks.",Trunk Strength,2,0
12456,"Extruding, Forming, Pressing, and Compacting Machine Setters, Operators, and Tenders","Move materials, supplies, components, and finished products between storage and work areas, using work aids such as racks, hoists, and handtrucks.",Stamina,1,0
12456,"Extruding, Forming, Pressing, and Compacting Machine Setters, Operators, and Tenders","Move materials, supplies, components, and finished products between storage and work areas, using work aids such as racks, hoists, and handtrucks.",Gross Body Coordination,1,0
12459,"Extruding, Forming, Pressing, and Compacting Machine Setters, Operators, and Tenders","Activate machines to shape or form products, such as candy bars, light bulbs, balloons, or insulation panels.",Control Precision,2,0
12459,"Extruding, Forming, Pressing, and Compacting Machine Setters, Operators, and Tenders","Activate machines to shape or form products, such as candy bars, light bulbs, balloons, or insulation panels.",Finger Dexterity,2,0
12459,"Extruding, Forming, Pressing, and Compacting Machine Setters, Operators, and Tenders","Activate machines to shape or form products, such as candy bars, light bulbs, balloons, or insulation panels.",Reaction Time,1,0
12459,"Extruding, Forming, Pressing, and Compacting Machine Setters, Operators, and Tenders","Activate machines to shape or form products, such as candy bars, light bulbs, balloons, or insulation panels.",Near Vision,1,0
12450,"Extruding, Forming, Pressing, and Compacting Machine Setters, Operators, and Tenders","Select and install machine components, such as dies, molds, and cutters, according to specifications, using hand tools and measuring devices.",Manual Dexterity,3,0
12450,"Extruding, Forming, Pressing, and Compacting Machine Setters, Operators, and Tenders","Select and install machine components, such as dies, molds, and cutters, according to specifications, using hand tools and measuring devices.",Finger Dexterity,2,0
12450,"Extruding, Forming, Pressing, and Compacting Machine Setters, Operators, and Tenders","Select and install machine components, such as dies, molds, and cutters, according to specifications, using hand tools and measuring devices.",Static Strength,2,0
12450,"Extruding, Forming, Pressing, and Compacting Machine Setters, Operators, and Tenders","Select and install machine components, such as dies, molds, and cutters, according to specifications, using hand tools and measuring devices.",Near Vision,1,0
12450,"Extruding, Forming, Pressing, and Compacting Machine Setters, Operators, and Tenders","Select and install machine components, such as dies, molds, and cutters, according to specifications, using hand tools and measuring devices.",Control Precision,1,0
12463,"Extruding, Forming, Pressing, and Compacting Machine Setters, Operators, and Tenders",Send product samples to laboratories for analysis.,Manual Dexterity,1,1
12463,"Extruding, Forming, Pressing, and Compacting Machine Setters, Operators, and Tenders",Send product samples to laboratories for analysis.,Written Expression,1,0
12463,"Extruding, Forming, Pressing, and Compacting Machine Setters, Operators, and Tenders",Send product samples to laboratories for analysis.,Information Ordering,1,0
12470,"Extruding, Forming, Pressing, and Compacting Machine Setters, Operators, and Tenders",Couple air and gas lines to machines to maintain plasticity of material and to regulate solidification of final products.,Manual Dexterity,2,0
12470,"Extruding, Forming, Pressing, and Compacting Machine Setters, Operators, and Tenders",Couple air and gas lines to machines to maintain plasticity of material and to regulate solidification of final products.,Finger Dexterity,2,0
12470,"Extruding, Forming, Pressing, and Compacting Machine Setters, Operators, and Tenders",Couple air and gas lines to machines to maintain plasticity of material and to regulate solidification of final products.,Arm-Hand Steadiness,2,0
12470,"Extruding, Forming, Pressing, and Compacting Machine Setters, Operators, and Tenders",Couple air and gas lines to machines to maintain plasticity of material and to regulate solidification of final products.,Control Precision,1,0
12470,"Extruding, Forming, Pressing, and Compacting Machine Setters, Operators, and Tenders",Couple air and gas lines to machines to maintain plasticity of material and to regulate solidification of final products.,Near Vision,1,0
12468,"Extruding, Forming, Pressing, and Compacting Machine Setters, Operators, and Tenders","Pour, scoop, or dump specified ingredients, metal assemblies, or mixtures into sections of machine prior to starting machines.",Static Strength,2,0
12468,"Extruding, Forming, Pressing, and Compacting Machine Setters, Operators, and Tenders","Pour, scoop, or dump specified ingredients, metal assemblies, or mixtures into sections of machine prior to starting machines.",Manual Dexterity,2,0
12468,"Extruding, Forming, Pressing, and Compacting Machine Setters, Operators, and Tenders","Pour, scoop, or dump specified ingredients, metal assemblies, or mixtures into sections of machine prior to starting machines.",Arm-Hand Steadiness,1,0
12468,"Extruding, Forming, Pressing, and Compacting Machine Setters, Operators, and Tenders","Pour, scoop, or dump specified ingredients, metal assemblies, or mixtures into sections of machine prior to starting machines.",Trunk Strength,1,0
12468,"Extruding, Forming, Pressing, and Compacting Machine Setters, Operators, and Tenders","Pour, scoop, or dump specified ingredients, metal assemblies, or mixtures into sections of machine prior to starting machines.",Near Vision,1,0
12462,"Extruding, Forming, Pressing, and Compacting Machine Setters, Operators, and Tenders","Measure, mix, cut, shape, soften, and join materials and ingredients, such as powder, cornmeal, or rubber to prepare them for machine processing.",Manual Dexterity,3,0
12462,"Extruding, Forming, Pressing, and Compacting Machine Setters, Operators, and Tenders","Measure, mix, cut, shape, soften, and join materials and ingredients, such as powder, cornmeal, or rubber to prepare them for machine processing.",Static Strength,2,0
12462,"Extruding, Forming, Pressing, and Compacting Machine Setters, Operators, and Tenders","Measure, mix, cut, shape, soften, and join materials and ingredients, such as powder, cornmeal, or rubber to prepare them for machine processing.",Control Precision,2,0
12462,"Extruding, Forming, Pressing, and Compacting Machine Setters, Operators, and Tenders","Measure, mix, cut, shape, soften, and join materials and ingredients, such as powder, cornmeal, or rubber to prepare them for machine processing.",Number Facility,1,0
12462,"Extruding, Forming, Pressing, and Compacting Machine Setters, Operators, and Tenders","Measure, mix, cut, shape, soften, and join materials and ingredients, such as powder, cornmeal, or rubber to prepare them for machine processing.",Arm-Hand Steadiness,1,0
12461,"Extruding, Forming, Pressing, and Compacting Machine Setters, Operators, and Tenders","Remove materials or products from molds or from extruding, forming, pressing, or compacting machines, and stack or store them for additional processing.",Manual Dexterity,2,0
12461,"Extruding, Forming, Pressing, and Compacting Machine Setters, Operators, and Tenders","Remove materials or products from molds or from extruding, forming, pressing, or compacting machines, and stack or store them for additional processing.",Static Strength,2,0
12461,"Extruding, Forming, Pressing, and Compacting Machine Setters, Operators, and Tenders","Remove materials or products from molds or from extruding, forming, pressing, or compacting machines, and stack or store them for additional processing.",Arm-Hand Steadiness,1,0
12461,"Extruding, Forming, Pressing, and Compacting Machine Setters, Operators, and Tenders","Remove materials or products from molds or from extruding, forming, pressing, or compacting machines, and stack or store them for additional processing.",Gross Body Coordination,1,0
12461,"Extruding, Forming, Pressing, and Compacting Machine Setters, Operators, and Tenders","Remove materials or products from molds or from extruding, forming, pressing, or compacting machines, and stack or store them for additional processing.",Near Vision,1,0
12454,"Extruding, Forming, Pressing, and Compacting Machine Setters, Operators, and Tenders",Feed products into machines by hand or conveyor.,Manual Dexterity,2,0
12454,"Extruding, Forming, Pressing, and Compacting Machine Setters, Operators, and Tenders",Feed products into machines by hand or conveyor.,Arm-Hand Steadiness,1,0
12454,"Extruding, Forming, Pressing, and Compacting Machine Setters, Operators, and Tenders",Feed products into machines by hand or conveyor.,Reaction Time,1,0
12454,"Extruding, Forming, Pressing, and Compacting Machine Setters, Operators, and Tenders",Feed products into machines by hand or conveyor.,Near Vision,1,0
12471,"Extruding, Forming, Pressing, and Compacting Machine Setters, Operators, and Tenders",Measure arbors and dies to verify sizes specified on work tickets.,Near Vision,3,0
12471,"Extruding, Forming, Pressing, and Compacting Machine Setters, Operators, and Tenders",Measure arbors and dies to verify sizes specified on work tickets.,Number Facility,2,0
12471,"Extruding, Forming, Pressing, and Compacting Machine Setters, Operators, and Tenders",Measure arbors and dies to verify sizes specified on work tickets.,Control Precision,1,0
12471,"Extruding, Forming, Pressing, and Compacting Machine Setters, Operators, and Tenders",Measure arbors and dies to verify sizes specified on work tickets.,Arm-Hand Steadiness,1,0
12458,"Extruding, Forming, Pressing, and Compacting Machine Setters, Operators, and Tenders","Complete work tickets, and place them with products.",Written Expression,2,0
12458,"Extruding, Forming, Pressing, and Compacting Machine Setters, Operators, and Tenders","Complete work tickets, and place them with products.",Number Facility,1,0
12458,"Extruding, Forming, Pressing, and Compacting Machine Setters, Operators, and Tenders","Complete work tickets, and place them with products.",Information Ordering,1,0
12467,"Extruding, Forming, Pressing, and Compacting Machine Setters, Operators, and Tenders","Disassemble equipment to repair it or to replace parts, such as nozzles, punches, and filters.",Manual Dexterity,3,0
12467,"Extruding, Forming, Pressing, and Compacting Machine Setters, Operators, and Tenders","Disassemble equipment to repair it or to replace parts, such as nozzles, punches, and filters.",Finger Dexterity,2,0
12467,"Extruding, Forming, Pressing, and Compacting Machine Setters, Operators, and Tenders","Disassemble equipment to repair it or to replace parts, such as nozzles, punches, and filters.",Static Strength,2,0
12467,"Extruding, Forming, Pressing, and Compacting Machine Setters, Operators, and Tenders","Disassemble equipment to repair it or to replace parts, such as nozzles, punches, and filters.",Control Precision,2,0
12467,"Extruding, Forming, Pressing, and Compacting Machine Setters, Operators, and Tenders","Disassemble equipment to repair it or to replace parts, such as nozzles, punches, and filters.",Arm-Hand Steadiness,1,0
12460,"Extruding, Forming, Pressing, and Compacting Machine Setters, Operators, and Tenders","Remove molds, mold components, and feeder tubes from machinery after production is complete.",Manual Dexterity,2,0
12460,"Extruding, Forming, Pressing, and Compacting Machine Setters, Operators, and Tenders","Remove molds, mold components, and feeder tubes from machinery after production is complete.",Static Strength,2,0
12460,"Extruding, Forming, Pressing, and Compacting Machine Setters, Operators, and Tenders","Remove molds, mold components, and feeder tubes from machinery after production is complete.",Arm-Hand Steadiness,1,0
12460,"Extruding, Forming, Pressing, and Compacting Machine Setters, Operators, and Tenders","Remove molds, mold components, and feeder tubes from machinery after production is complete.",Trunk Strength,1,0
12457,"Extruding, Forming, Pressing, and Compacting Machine Setters, Operators, and Tenders",Swab molds with solutions to prevent products from sticking.,Manual Dexterity,2,0
12457,"Extruding, Forming, Pressing, and Compacting Machine Setters, Operators, and Tenders",Swab molds with solutions to prevent products from sticking.,Arm-Hand Steadiness,2,0
12457,"Extruding, Forming, Pressing, and Compacting Machine Setters, Operators, and Tenders",Swab molds with solutions to prevent products from sticking.,Near Vision,1,0
12457,"Extruding, Forming, Pressing, and Compacting Machine Setters, Operators, and Tenders",Swab molds with solutions to prevent products from sticking.,Finger Dexterity,1,0
12469,"Extruding, Forming, Pressing, and Compacting Machine Setters, Operators, and Tenders","Install, align, and adjust neck rings, press plungers, and feeder tubes.",Manual Dexterity,3,0
12469,"Extruding, Forming, Pressing, and Compacting Machine Setters, Operators, and Tenders","Install, align, and adjust neck rings, press plungers, and feeder tubes.",Control Precision,2,0
12469,"Extruding, Forming, Pressing, and Compacting Machine Setters, Operators, and Tenders","Install, align, and adjust neck rings, press plungers, and feeder tubes.",Arm-Hand Steadiness,2,0
12469,"Extruding, Forming, Pressing, and Compacting Machine Setters, Operators, and Tenders","Install, align, and adjust neck rings, press plungers, and feeder tubes.",Finger Dexterity,2,0
12469,"Extruding, Forming, Pressing, and Compacting Machine Setters, Operators, and Tenders","Install, align, and adjust neck rings, press plungers, and feeder tubes.",Near Vision,1,0
4963,"Furnace, Kiln, Oven, Drier, and Kettle Operators and Tenders","Monitor equipment operation, gauges, and panel lights to detect deviations from standards.",Selective Attention,3,0
4963,"Furnace, Kiln, Oven, Drier, and Kettle Operators and Tenders","Monitor equipment operation, gauges, and panel lights to detect deviations from standards.",Near Vision,2,0
4963,"Furnace, Kiln, Oven, Drier, and Kettle Operators and Tenders","Monitor equipment operation, gauges, and panel lights to detect deviations from standards.",Problem Sensitivity,2,0
4963,"Furnace, Kiln, Oven, Drier, and Kettle Operators and Tenders","Monitor equipment operation, gauges, and panel lights to detect deviations from standards.",Auditory Attention,1,1
4966,"Furnace, Kiln, Oven, Drier, and Kettle Operators and Tenders",Confer with supervisors or other equipment operators to report equipment malfunctions or to resolve production problems.,Oral Expression,2,0
4966,"Furnace, Kiln, Oven, Drier, and Kettle Operators and Tenders",Confer with supervisors or other equipment operators to report equipment malfunctions or to resolve production problems.,Oral Comprehension,2,0
4966,"Furnace, Kiln, Oven, Drier, and Kettle Operators and Tenders",Confer with supervisors or other equipment operators to report equipment malfunctions or to resolve production problems.,Problem Sensitivity,1,0
4962,"Furnace, Kiln, Oven, Drier, and Kettle Operators and Tenders","Press and adjust controls to activate, set, and regulate equipment according to specifications.",Control Precision,3,0
4962,"Furnace, Kiln, Oven, Drier, and Kettle Operators and Tenders","Press and adjust controls to activate, set, and regulate equipment according to specifications.",Finger Dexterity,2,0
4962,"Furnace, Kiln, Oven, Drier, and Kettle Operators and Tenders","Press and adjust controls to activate, set, and regulate equipment according to specifications.",Rate Control,1,0
4962,"Furnace, Kiln, Oven, Drier, and Kettle Operators and Tenders","Press and adjust controls to activate, set, and regulate equipment according to specifications.",Near Vision,1,0
4965,"Furnace, Kiln, Oven, Drier, and Kettle Operators and Tenders","Record gauge readings, test results, and shift production in log books.",Number Facility,2,0
4965,"Furnace, Kiln, Oven, Drier, and Kettle Operators and Tenders","Record gauge readings, test results, and shift production in log books.",Written Expression,2,0
4965,"Furnace, Kiln, Oven, Drier, and Kettle Operators and Tenders","Record gauge readings, test results, and shift production in log books.",Near Vision,1,0
4965,"Furnace, Kiln, Oven, Drier, and Kettle Operators and Tenders","Record gauge readings, test results, and shift production in log books.",Information Ordering,1,0
4964,"Furnace, Kiln, Oven, Drier, and Kettle Operators and Tenders","Read and interpret work orders and instructions to determine work assignments, process specifications, and production schedules.",Written Comprehension,3,0
4964,"Furnace, Kiln, Oven, Drier, and Kettle Operators and Tenders","Read and interpret work orders and instructions to determine work assignments, process specifications, and production schedules.",Information Ordering,2,0
4964,"Furnace, Kiln, Oven, Drier, and Kettle Operators and Tenders","Read and interpret work orders and instructions to determine work assignments, process specifications, and production schedules.",Deductive Reasoning,1,0
4967,"Furnace, Kiln, Oven, Drier, and Kettle Operators and Tenders","Examine or test samples of processed substances, or collect samples for laboratory testing, to ensure conformance to specifications.",Near Vision,2,0
4967,"Furnace, Kiln, Oven, Drier, and Kettle Operators and Tenders","Examine or test samples of processed substances, or collect samples for laboratory testing, to ensure conformance to specifications.",Manual Dexterity,2,0
4967,"Furnace, Kiln, Oven, Drier, and Kettle Operators and Tenders","Examine or test samples of processed substances, or collect samples for laboratory testing, to ensure conformance to specifications.",Selective Attention,2,0
4967,"Furnace, Kiln, Oven, Drier, and Kettle Operators and Tenders","Examine or test samples of processed substances, or collect samples for laboratory testing, to ensure conformance to specifications.",Problem Sensitivity,1,0
4969,"Furnace, Kiln, Oven, Drier, and Kettle Operators and Tenders","Transport materials and products to and from work areas, manually or using carts, handtrucks, or hoists.",Static Strength,3,0
4969,"Furnace, Kiln, Oven, Drier, and Kettle Operators and Tenders","Transport materials and products to and from work areas, manually or using carts, handtrucks, or hoists.",Dynamic Strength,2,0
4969,"Furnace, Kiln, Oven, Drier, and Kettle Operators and Tenders","Transport materials and products to and from work areas, manually or using carts, handtrucks, or hoists.",Trunk Strength,2,0
4969,"Furnace, Kiln, Oven, Drier, and Kettle Operators and Tenders","Transport materials and products to and from work areas, manually or using carts, handtrucks, or hoists.",Stamina,1,0
4969,"Furnace, Kiln, Oven, Drier, and Kettle Operators and Tenders","Transport materials and products to and from work areas, manually or using carts, handtrucks, or hoists.",Gross Body Coordination,1,0
4970,"Furnace, Kiln, Oven, Drier, and Kettle Operators and Tenders","Stop equipment and clear blockages or jams, using fingers, wire, or hand tools.",Manual Dexterity,3,0
4970,"Furnace, Kiln, Oven, Drier, and Kettle Operators and Tenders","Stop equipment and clear blockages or jams, using fingers, wire, or hand tools.",Finger Dexterity,2,0
4970,"Furnace, Kiln, Oven, Drier, and Kettle Operators and Tenders","Stop equipment and clear blockages or jams, using fingers, wire, or hand tools.",Reaction Time,2,0
4970,"Furnace, Kiln, Oven, Drier, and Kettle Operators and Tenders","Stop equipment and clear blockages or jams, using fingers, wire, or hand tools.",Static Strength,1,0
4970,"Furnace, Kiln, Oven, Drier, and Kettle Operators and Tenders","Stop equipment and clear blockages or jams, using fingers, wire, or hand tools.",Arm-Hand Steadiness,1,0
4976,"Furnace, Kiln, Oven, Drier, and Kettle Operators and Tenders","Load equipment receptacles or conveyors with material to be processed, by hand or using hoists.",Static Strength,3,0
4976,"Furnace, Kiln, Oven, Drier, and Kettle Operators and Tenders","Load equipment receptacles or conveyors with material to be processed, by hand or using hoists.",Dynamic Strength,2,0
4976,"Furnace, Kiln, Oven, Drier, and Kettle Operators and Tenders","Load equipment receptacles or conveyors with material to be processed, by hand or using hoists.",Manual Dexterity,1,0
4976,"Furnace, Kiln, Oven, Drier, and Kettle Operators and Tenders","Load equipment receptacles or conveyors with material to be processed, by hand or using hoists.",Trunk Strength,1,0
4976,"Furnace, Kiln, Oven, Drier, and Kettle Operators and Tenders","Load equipment receptacles or conveyors with material to be processed, by hand or using hoists.",Gross Body Coordination,1,0
4971,"Furnace, Kiln, Oven, Drier, and Kettle Operators and Tenders","Remove products from equipment, manually or using hoists, and prepare them for storage, shipment, or additional processing.",Static Strength,2,0
4971,"Furnace, Kiln, Oven, Drier, and Kettle Operators and Tenders","Remove products from equipment, manually or using hoists, and prepare them for storage, shipment, or additional processing.",Manual Dexterity,2,0
4971,"Furnace, Kiln, Oven, Drier, and Kettle Operators and Tenders","Remove products from equipment, manually or using hoists, and prepare them for storage, shipment, or additional processing.",Dynamic Strength,1,0
4971,"Furnace, Kiln, Oven, Drier, and Kettle Operators and Tenders","Remove products from equipment, manually or using hoists, and prepare them for storage, shipment, or additional processing.",Trunk Strength,1,0
4972,"Furnace, Kiln, Oven, Drier, and Kettle Operators and Tenders","Calculate amounts of materials to be loaded into furnaces, adjusting amounts as necessary for specific conditions.",Mathematical Reasoning,3,0
4972,"Furnace, Kiln, Oven, Drier, and Kettle Operators and Tenders","Calculate amounts of materials to be loaded into furnaces, adjusting amounts as necessary for specific conditions.",Number Facility,3,0
4972,"Furnace, Kiln, Oven, Drier, and Kettle Operators and Tenders","Calculate amounts of materials to be loaded into furnaces, adjusting amounts as necessary for specific conditions.",Deductive Reasoning,1,0
4974,"Furnace, Kiln, Oven, Drier, and Kettle Operators and Tenders","Melt or refine metal before casting, calculating required temperatures, and observe metal color, adjusting controls as necessary to maintain required temperatures.",Visual Color Discrimination,3,0
4974,"Furnace, Kiln, Oven, Drier, and Kettle Operators and Tenders","Melt or refine metal before casting, calculating required temperatures, and observe metal color, adjusting controls as necessary to maintain required temperatures.",Mathematical Reasoning,2,0
4974,"Furnace, Kiln, Oven, Drier, and Kettle Operators and Tenders","Melt or refine metal before casting, calculating required temperatures, and observe metal color, adjusting controls as necessary to maintain required temperatures.",Control Precision,2,0
4974,"Furnace, Kiln, Oven, Drier, and Kettle Operators and Tenders","Melt or refine metal before casting, calculating required temperatures, and observe metal color, adjusting controls as necessary to maintain required temperatures.",Near Vision,2,0
4974,"Furnace, Kiln, Oven, Drier, and Kettle Operators and Tenders","Melt or refine metal before casting, calculating required temperatures, and observe metal color, adjusting controls as necessary to maintain required temperatures.",Selective Attention,1,0
4961,"Furnace, Kiln, Oven, Drier, and Kettle Operators and Tenders","Weigh or measure specified amounts of ingredients or materials for processing, using devices such as scales and calipers.",Number Facility,2,0
4961,"Furnace, Kiln, Oven, Drier, and Kettle Operators and Tenders","Weigh or measure specified amounts of ingredients or materials for processing, using devices such as scales and calipers.",Near Vision,2,0
4961,"Furnace, Kiln, Oven, Drier, and Kettle Operators and Tenders","Weigh or measure specified amounts of ingredients or materials for processing, using devices such as scales and calipers.",Manual Dexterity,1,0
4961,"Furnace, Kiln, Oven, Drier, and Kettle Operators and Tenders","Weigh or measure specified amounts of ingredients or materials for processing, using devices such as scales and calipers.",Arm-Hand Steadiness,1,0
4978,"Furnace, Kiln, Oven, Drier, and Kettle Operators and Tenders",Direct crane operators and crew members to load vessels with materials to be processed.,Oral Expression,3,0
4978,"Furnace, Kiln, Oven, Drier, and Kettle Operators and Tenders",Direct crane operators and crew members to load vessels with materials to be processed.,Oral Comprehension,2,0
4978,"Furnace, Kiln, Oven, Drier, and Kettle Operators and Tenders",Direct crane operators and crew members to load vessels with materials to be processed.,Depth Perception,1,1
4973,"Furnace, Kiln, Oven, Drier, and Kettle Operators and Tenders","Feed fuel, such as coal and coke, into fireboxes or onto conveyors, and remove ashes from furnaces, using shovels and buckets.",Static Strength,3,0
4973,"Furnace, Kiln, Oven, Drier, and Kettle Operators and Tenders","Feed fuel, such as coal and coke, into fireboxes or onto conveyors, and remove ashes from furnaces, using shovels and buckets.",Dynamic Strength,3,0
4973,"Furnace, Kiln, Oven, Drier, and Kettle Operators and Tenders","Feed fuel, such as coal and coke, into fireboxes or onto conveyors, and remove ashes from furnaces, using shovels and buckets.",Trunk Strength,2,0
4973,"Furnace, Kiln, Oven, Drier, and Kettle Operators and Tenders","Feed fuel, such as coal and coke, into fireboxes or onto conveyors, and remove ashes from furnaces, using shovels and buckets.",Stamina,2,0
4973,"Furnace, Kiln, Oven, Drier, and Kettle Operators and Tenders","Feed fuel, such as coal and coke, into fireboxes or onto conveyors, and remove ashes from furnaces, using shovels and buckets.",Gross Body Coordination,1,0
4975,"Furnace, Kiln, Oven, Drier, and Kettle Operators and Tenders","Replace worn or defective equipment parts, using hand tools.",Manual Dexterity,3,0
4975,"Furnace, Kiln, Oven, Drier, and Kettle Operators and Tenders","Replace worn or defective equipment parts, using hand tools.",Finger Dexterity,2,0
4975,"Furnace, Kiln, Oven, Drier, and Kettle Operators and Tenders","Replace worn or defective equipment parts, using hand tools.",Static Strength,1,0
4975,"Furnace, Kiln, Oven, Drier, and Kettle Operators and Tenders","Replace worn or defective equipment parts, using hand tools.",Arm-Hand Steadiness,1,0
4975,"Furnace, Kiln, Oven, Drier, and Kettle Operators and Tenders","Replace worn or defective equipment parts, using hand tools.",Near Vision,1,0
4968,"Furnace, Kiln, Oven, Drier, and Kettle Operators and Tenders","Clean, lubricate, and adjust equipment, using scrapers, solvents, air hoses, oil, and hand tools.",Manual Dexterity,2,0
4968,"Furnace, Kiln, Oven, Drier, and Kettle Operators and Tenders","Clean, lubricate, and adjust equipment, using scrapers, solvents, air hoses, oil, and hand tools.",Arm-Hand Steadiness,1,0
4968,"Furnace, Kiln, Oven, Drier, and Kettle Operators and Tenders","Clean, lubricate, and adjust equipment, using scrapers, solvents, air hoses, oil, and hand tools.",Static Strength,1,0
4968,"Furnace, Kiln, Oven, Drier, and Kettle Operators and Tenders","Clean, lubricate, and adjust equipment, using scrapers, solvents, air hoses, oil, and hand tools.",Control Precision,1,0
12472,"Inspectors, Testers, Sorters, Samplers, and Weighers","Discard or reject products, materials, or equipment not meeting specifications.",Problem Sensitivity,2,0
12472,"Inspectors, Testers, Sorters, Samplers, and Weighers","Discard or reject products, materials, or equipment not meeting specifications.",Near Vision,1,0
12472,"Inspectors, Testers, Sorters, Samplers, and Weighers","Discard or reject products, materials, or equipment not meeting specifications.",Selective Attention,1,0
12472,"Inspectors, Testers, Sorters, Samplers, and Weighers","Discard or reject products, materials, or equipment not meeting specifications.",Deductive Reasoning,1,0
12478,"Inspectors, Testers, Sorters, Samplers, and Weighers","Mark items with details, such as grade or acceptance-rejection status.",Near Vision,2,0
12478,"Inspectors, Testers, Sorters, Samplers, and Weighers","Mark items with details, such as grade or acceptance-rejection status.",Manual Dexterity,1,0
12478,"Inspectors, Testers, Sorters, Samplers, and Weighers","Mark items with details, such as grade or acceptance-rejection status.",Written Expression,1,0
12480,"Inspectors, Testers, Sorters, Samplers, and Weighers","Measure dimensions of products to verify conformance to specifications, using measuring instruments, such as rulers, calipers, gauges, or micrometers.",Near Vision,3,0
12480,"Inspectors, Testers, Sorters, Samplers, and Weighers","Measure dimensions of products to verify conformance to specifications, using measuring instruments, such as rulers, calipers, gauges, or micrometers.",Number Facility,2,0
12480,"Inspectors, Testers, Sorters, Samplers, and Weighers","Measure dimensions of products to verify conformance to specifications, using measuring instruments, such as rulers, calipers, gauges, or micrometers.",Control Precision,2,0
12480,"Inspectors, Testers, Sorters, Samplers, and Weighers","Measure dimensions of products to verify conformance to specifications, using measuring instruments, such as rulers, calipers, gauges, or micrometers.",Arm-Hand Steadiness,1,0
12480,"Inspectors, Testers, Sorters, Samplers, and Weighers","Measure dimensions of products to verify conformance to specifications, using measuring instruments, such as rulers, calipers, gauges, or micrometers.",Perceptual Speed,1,0
20299,"Inspectors, Testers, Sorters, Samplers, and Weighers",Notify supervisors or other personnel of production problems.,Oral Expression,2,0
20299,"Inspectors, Testers, Sorters, Samplers, and Weighers",Notify supervisors or other personnel of production problems.,Problem Sensitivity,2,0
20299,"Inspectors, Testers, Sorters, Samplers, and Weighers",Notify supervisors or other personnel of production problems.,Oral Comprehension,1,0
12474,"Inspectors, Testers, Sorters, Samplers, and Weighers","Inspect, test, or measure materials, products, installations, or work for conformance to specifications.",Near Vision,3,0
12474,"Inspectors, Testers, Sorters, Samplers, and Weighers","Inspect, test, or measure materials, products, installations, or work for conformance to specifications.",Selective Attention,2,0
12474,"Inspectors, Testers, Sorters, Samplers, and Weighers","Inspect, test, or measure materials, products, installations, or work for conformance to specifications.",Problem Sensitivity,2,0
12474,"Inspectors, Testers, Sorters, Samplers, and Weighers","Inspect, test, or measure materials, products, installations, or work for conformance to specifications.",Number Facility,1,0
12474,"Inspectors, Testers, Sorters, Samplers, and Weighers","Inspect, test, or measure materials, products, installations, or work for conformance to specifications.",Control Precision,1,0
12485,"Inspectors, Testers, Sorters, Samplers, and Weighers","Write test or inspection reports describing results, recommendations, or needed repairs.",Written Expression,3,0
12485,"Inspectors, Testers, Sorters, Samplers, and Weighers","Write test or inspection reports describing results, recommendations, or needed repairs.",Information Ordering,2,0
12485,"Inspectors, Testers, Sorters, Samplers, and Weighers","Write test or inspection reports describing results, recommendations, or needed repairs.",Written Comprehension,1,0
12485,"Inspectors, Testers, Sorters, Samplers, and Weighers","Write test or inspection reports describing results, recommendations, or needed repairs.",Deductive Reasoning,1,0
20300,"Inspectors, Testers, Sorters, Samplers, and Weighers","Recommend necessary corrective actions, based on inspection results.",Deductive Reasoning,3,0
20300,"Inspectors, Testers, Sorters, Samplers, and Weighers","Recommend necessary corrective actions, based on inspection results.",Problem Sensitivity,2,0
20300,"Inspectors, Testers, Sorters, Samplers, and Weighers","Recommend necessary corrective actions, based on inspection results.",Oral Expression,1,0
12486,"Inspectors, Testers, Sorters, Samplers, and Weighers",Read dials or meters to verify that equipment is functioning at specified levels.,Near Vision,3,0
12486,"Inspectors, Testers, Sorters, Samplers, and Weighers",Read dials or meters to verify that equipment is functioning at specified levels.,Selective Attention,2,0
12486,"Inspectors, Testers, Sorters, Samplers, and Weighers",Read dials or meters to verify that equipment is functioning at specified levels.,Perceptual Speed,1,0
12495,"Inspectors, Testers, Sorters, Samplers, and Weighers","Make minor adjustments to equipment, such as turning setscrews to calibrate instruments to required tolerances.",Finger Dexterity,3,0
12495,"Inspectors, Testers, Sorters, Samplers, and Weighers","Make minor adjustments to equipment, such as turning setscrews to calibrate instruments to required tolerances.",Control Precision,2,0
12495,"Inspectors, Testers, Sorters, Samplers, and Weighers","Make minor adjustments to equipment, such as turning setscrews to calibrate instruments to required tolerances.",Near Vision,2,0
12495,"Inspectors, Testers, Sorters, Samplers, and Weighers","Make minor adjustments to equipment, such as turning setscrews to calibrate instruments to required tolerances.",Arm-Hand Steadiness,2,0
12495,"Inspectors, Testers, Sorters, Samplers, and Weighers","Make minor adjustments to equipment, such as turning setscrews to calibrate instruments to required tolerances.",Manual Dexterity,1,0
20298,"Inspectors, Testers, Sorters, Samplers, and Weighers","Read blueprints, data, manuals, or other materials to determine specifications, inspection and testing procedures, adjustment methods, certification processes, formulas, or measuring instruments required.",Written Comprehension,3,0
20298,"Inspectors, Testers, Sorters, Samplers, and Weighers","Read blueprints, data, manuals, or other materials to determine specifications, inspection and testing procedures, adjustment methods, certification processes, formulas, or measuring instruments required.",Visualization,2,0
20298,"Inspectors, Testers, Sorters, Samplers, and Weighers","Read blueprints, data, manuals, or other materials to determine specifications, inspection and testing procedures, adjustment methods, certification processes, formulas, or measuring instruments required.",Information Ordering,2,0
20298,"Inspectors, Testers, Sorters, Samplers, and Weighers","Read blueprints, data, manuals, or other materials to determine specifications, inspection and testing procedures, adjustment methods, certification processes, formulas, or measuring instruments required.",Mathematical Reasoning,1,0
20306,"Inspectors, Testers, Sorters, Samplers, and Weighers","Monitor production operations or equipment to ensure conformance to specifications, making necessary process or assembly adjustments.",Selective Attention,3,0
20306,"Inspectors, Testers, Sorters, Samplers, and Weighers","Monitor production operations or equipment to ensure conformance to specifications, making necessary process or assembly adjustments.",Control Precision,2,0
20306,"Inspectors, Testers, Sorters, Samplers, and Weighers","Monitor production operations or equipment to ensure conformance to specifications, making necessary process or assembly adjustments.",Near Vision,2,0
20306,"Inspectors, Testers, Sorters, Samplers, and Weighers","Monitor production operations or equipment to ensure conformance to specifications, making necessary process or assembly adjustments.",Problem Sensitivity,1,0
12477,"Inspectors, Testers, Sorters, Samplers, and Weighers","Record inspection or test data, such as weights, temperatures, grades, or moisture content, and quantities inspected or graded.",Number Facility,2,0
12477,"Inspectors, Testers, Sorters, Samplers, and Weighers","Record inspection or test data, such as weights, temperatures, grades, or moisture content, and quantities inspected or graded.",Written Expression,2,0
12477,"Inspectors, Testers, Sorters, Samplers, and Weighers","Record inspection or test data, such as weights, temperatures, grades, or moisture content, and quantities inspected or graded.",Information Ordering,1,0
12477,"Inspectors, Testers, Sorters, Samplers, and Weighers","Record inspection or test data, such as weights, temperatures, grades, or moisture content, and quantities inspected or graded.",Perceptual Speed,1,0
20304,"Inspectors, Testers, Sorters, Samplers, and Weighers","Position products, components, or parts for testing.",Manual Dexterity,2,0
20304,"Inspectors, Testers, Sorters, Samplers, and Weighers","Position products, components, or parts for testing.",Arm-Hand Steadiness,1,0
20304,"Inspectors, Testers, Sorters, Samplers, and Weighers","Position products, components, or parts for testing.",Control Precision,1,0
20304,"Inspectors, Testers, Sorters, Samplers, and Weighers","Position products, components, or parts for testing.",Near Vision,1,0
12487,"Inspectors, Testers, Sorters, Samplers, and Weighers","Remove defects, such as chips, burrs, or lap corroded or pitted surfaces.",Manual Dexterity,2,0
12487,"Inspectors, Testers, Sorters, Samplers, and Weighers","Remove defects, such as chips, burrs, or lap corroded or pitted surfaces.",Finger Dexterity,2,0
12487,"Inspectors, Testers, Sorters, Samplers, and Weighers","Remove defects, such as chips, burrs, or lap corroded or pitted surfaces.",Arm-Hand Steadiness,2,0
12487,"Inspectors, Testers, Sorters, Samplers, and Weighers","Remove defects, such as chips, burrs, or lap corroded or pitted surfaces.",Control Precision,1,0
12487,"Inspectors, Testers, Sorters, Samplers, and Weighers","Remove defects, such as chips, burrs, or lap corroded or pitted surfaces.",Near Vision,1,0
12482,"Inspectors, Testers, Sorters, Samplers, and Weighers",Collect or select samples for testing or for use as models.,Manual Dexterity,1,0
12482,"Inspectors, Testers, Sorters, Samplers, and Weighers",Collect or select samples for testing or for use as models.,Near Vision,1,0
12482,"Inspectors, Testers, Sorters, Samplers, and Weighers",Collect or select samples for testing or for use as models.,Selective Attention,1,0
20305,"Inspectors, Testers, Sorters, Samplers, and Weighers","Stack or arrange tested products for further processing, shipping, or packaging.",Static Strength,2,0
20305,"Inspectors, Testers, Sorters, Samplers, and Weighers","Stack or arrange tested products for further processing, shipping, or packaging.",Manual Dexterity,1,0
20305,"Inspectors, Testers, Sorters, Samplers, and Weighers","Stack or arrange tested products for further processing, shipping, or packaging.",Gross Body Coordination,1,0
20302,"Inspectors, Testers, Sorters, Samplers, and Weighers","Check arriving materials to ensure that they match purchase orders, submitting discrepancy reports as necessary.",Near Vision,2,0
20302,"Inspectors, Testers, Sorters, Samplers, and Weighers","Check arriving materials to ensure that they match purchase orders, submitting discrepancy reports as necessary.",Written Expression,2,0
20302,"Inspectors, Testers, Sorters, Samplers, and Weighers","Check arriving materials to ensure that they match purchase orders, submitting discrepancy reports as necessary.",Number Facility,1,0
20302,"Inspectors, Testers, Sorters, Samplers, and Weighers","Check arriving materials to ensure that they match purchase orders, submitting discrepancy reports as necessary.",Perceptual Speed,1,0
19920,"Inspectors, Testers, Sorters, Samplers, and Weighers","Inspect or test raw materials, parts, or products to determine compliance with environmental standards.",Near Vision,2,0
19920,"Inspectors, Testers, Sorters, Samplers, and Weighers","Inspect or test raw materials, parts, or products to determine compliance with environmental standards.",Selective Attention,2,0
19920,"Inspectors, Testers, Sorters, Samplers, and Weighers","Inspect or test raw materials, parts, or products to determine compliance with environmental standards.",Written Comprehension,1,0
19920,"Inspectors, Testers, Sorters, Samplers, and Weighers","Inspect or test raw materials, parts, or products to determine compliance with environmental standards.",Problem Sensitivity,1,0
12481,"Inspectors, Testers, Sorters, Samplers, and Weighers","Analyze test data, making computations as necessary, to determine test results.",Mathematical Reasoning,3,0
12481,"Inspectors, Testers, Sorters, Samplers, and Weighers","Analyze test data, making computations as necessary, to determine test results.",Number Facility,3,0
12481,"Inspectors, Testers, Sorters, Samplers, and Weighers","Analyze test data, making computations as necessary, to determine test results.",Deductive Reasoning,2,0
12484,"Inspectors, Testers, Sorters, Samplers, and Weighers","Compare colors, shapes, textures, or grades of products or materials with color charts, templates, or samples to verify conformance to standards.",Visual Color Discrimination,3,0
12484,"Inspectors, Testers, Sorters, Samplers, and Weighers","Compare colors, shapes, textures, or grades of products or materials with color charts, templates, or samples to verify conformance to standards.",Near Vision,3,0
12484,"Inspectors, Testers, Sorters, Samplers, and Weighers","Compare colors, shapes, textures, or grades of products or materials with color charts, templates, or samples to verify conformance to standards.",Flexibility of Closure,2,0
12484,"Inspectors, Testers, Sorters, Samplers, and Weighers","Compare colors, shapes, textures, or grades of products or materials with color charts, templates, or samples to verify conformance to standards.",Selective Attention,1,0
20301,"Inspectors, Testers, Sorters, Samplers, and Weighers","Clean, maintain, calibrate, or repair measuring instruments or test equipment, such as dial indicators, fixed gauges, or height gauges.",Finger Dexterity,2,0
20301,"Inspectors, Testers, Sorters, Samplers, and Weighers","Clean, maintain, calibrate, or repair measuring instruments or test equipment, such as dial indicators, fixed gauges, or height gauges.",Control Precision,2,0
20301,"Inspectors, Testers, Sorters, Samplers, and Weighers","Clean, maintain, calibrate, or repair measuring instruments or test equipment, such as dial indicators, fixed gauges, or height gauges.",Near Vision,2,0
20301,"Inspectors, Testers, Sorters, Samplers, and Weighers","Clean, maintain, calibrate, or repair measuring instruments or test equipment, such as dial indicators, fixed gauges, or height gauges.",Manual Dexterity,1,0
20301,"Inspectors, Testers, Sorters, Samplers, and Weighers","Clean, maintain, calibrate, or repair measuring instruments or test equipment, such as dial indicators, fixed gauges, or height gauges.",Arm-Hand Steadiness,1,0
12491,"Inspectors, Testers, Sorters, Samplers, and Weighers","Fabricate, install, position, or connect components, parts, finished products, or instruments for testing or operational purposes.",Manual Dexterity,3,0
12491,"Inspectors, Testers, Sorters, Samplers, and Weighers","Fabricate, install, position, or connect components, parts, finished products, or instruments for testing or operational purposes.",Finger Dexterity,2,0
12491,"Inspectors, Testers, Sorters, Samplers, and Weighers","Fabricate, install, position, or connect components, parts, finished products, or instruments for testing or operational purposes.",Arm-Hand Steadiness,2,0
12491,"Inspectors, Testers, Sorters, Samplers, and Weighers","Fabricate, install, position, or connect components, parts, finished products, or instruments for testing or operational purposes.",Control Precision,2,0
12491,"Inspectors, Testers, Sorters, Samplers, and Weighers","Fabricate, install, position, or connect components, parts, finished products, or instruments for testing or operational purposes.",Near Vision,1,0
20311,"Inspectors, Testers, Sorters, Samplers, and Weighers",Administer tests to assess whether engineers or operators are qualified to use equipment.,Oral Expression,2,0
20311,"Inspectors, Testers, Sorters, Samplers, and Weighers",Administer tests to assess whether engineers or operators are qualified to use equipment.,Written Comprehension,1,0
20311,"Inspectors, Testers, Sorters, Samplers, and Weighers",Administer tests to assess whether engineers or operators are qualified to use equipment.,Information Ordering,1,0
20307,"Inspectors, Testers, Sorters, Samplers, and Weighers","Monitor machines that automatically measure, sort, or inspect products.",Selective Attention,3,0
20307,"Inspectors, Testers, Sorters, Samplers, and Weighers","Monitor machines that automatically measure, sort, or inspect products.",Near Vision,2,0
20307,"Inspectors, Testers, Sorters, Samplers, and Weighers","Monitor machines that automatically measure, sort, or inspect products.",Problem Sensitivity,1,0
12497,"Inspectors, Testers, Sorters, Samplers, and Weighers","Interpret legal requirements, provide safety information, or recommend compliance procedures to contractors, craft workers, engineers, or property owners.",Written Comprehension,3,0
12497,"Inspectors, Testers, Sorters, Samplers, and Weighers","Interpret legal requirements, provide safety information, or recommend compliance procedures to contractors, craft workers, engineers, or property owners.",Oral Expression,2,0
12497,"Inspectors, Testers, Sorters, Samplers, and Weighers","Interpret legal requirements, provide safety information, or recommend compliance procedures to contractors, craft workers, engineers, or property owners.",Deductive Reasoning,2,0
12497,"Inspectors, Testers, Sorters, Samplers, and Weighers","Interpret legal requirements, provide safety information, or recommend compliance procedures to contractors, craft workers, engineers, or property owners.",Oral Comprehension,1,0
12488,"Inspectors, Testers, Sorters, Samplers, and Weighers","Adjust, clean, or repair products or processing equipment to correct defects found during inspections.",Manual Dexterity,2,0
12488,"Inspectors, Testers, Sorters, Samplers, and Weighers","Adjust, clean, or repair products or processing equipment to correct defects found during inspections.",Finger Dexterity,2,0
12488,"Inspectors, Testers, Sorters, Samplers, and Weighers","Adjust, clean, or repair products or processing equipment to correct defects found during inspections.",Control Precision,2,0
12488,"Inspectors, Testers, Sorters, Samplers, and Weighers","Adjust, clean, or repair products or processing equipment to correct defects found during inspections.",Problem Sensitivity,1,0
12488,"Inspectors, Testers, Sorters, Samplers, and Weighers","Adjust, clean, or repair products or processing equipment to correct defects found during inspections.",Near Vision,1,0
20308,"Inspectors, Testers, Sorters, Samplers, and Weighers",Compute usable amounts of items in shipments.,Number Facility,3,0
20308,"Inspectors, Testers, Sorters, Samplers, and Weighers",Compute usable amounts of items in shipments.,Mathematical Reasoning,2,0
20308,"Inspectors, Testers, Sorters, Samplers, and Weighers",Compute usable amounts of items in shipments.,Perceptual Speed,1,0
12493,"Inspectors, Testers, Sorters, Samplers, and Weighers","Grade, classify, or sort products according to sizes, weights, colors, or other specifications.",Near Vision,2,0
12493,"Inspectors, Testers, Sorters, Samplers, and Weighers","Grade, classify, or sort products according to sizes, weights, colors, or other specifications.",Visual Color Discrimination,2,0
12493,"Inspectors, Testers, Sorters, Samplers, and Weighers","Grade, classify, or sort products according to sizes, weights, colors, or other specifications.",Perceptual Speed,2,0
12493,"Inspectors, Testers, Sorters, Samplers, and Weighers","Grade, classify, or sort products according to sizes, weights, colors, or other specifications.",Selective Attention,1,0
20310,"Inspectors, Testers, Sorters, Samplers, and Weighers","Disassemble defective parts or components, such as inaccurate or worn gauges or measuring instruments.",Manual Dexterity,2,0
20310,"Inspectors, Testers, Sorters, Samplers, and Weighers","Disassemble defective parts or components, such as inaccurate or worn gauges or measuring instruments.",Finger Dexterity,2,0
20310,"Inspectors, Testers, Sorters, Samplers, and Weighers","Disassemble defective parts or components, such as inaccurate or worn gauges or measuring instruments.",Control Precision,1,0
20310,"Inspectors, Testers, Sorters, Samplers, and Weighers","Disassemble defective parts or components, such as inaccurate or worn gauges or measuring instruments.",Near Vision,1,0
20303,"Inspectors, Testers, Sorters, Samplers, and Weighers","Compute defect percentages or averages, using formulas and calculators.",Number Facility,3,0
20303,"Inspectors, Testers, Sorters, Samplers, and Weighers","Compute defect percentages or averages, using formulas and calculators.",Mathematical Reasoning,2,0
20303,"Inspectors, Testers, Sorters, Samplers, and Weighers","Compute defect percentages or averages, using formulas and calculators.",Information Ordering,1,0
20309,"Inspectors, Testers, Sorters, Samplers, and Weighers","Weigh materials, products, containers, or samples to verify packaging weights or ingredient quantities.",Number Facility,2,0
20309,"Inspectors, Testers, Sorters, Samplers, and Weighers","Weigh materials, products, containers, or samples to verify packaging weights or ingredient quantities.",Near Vision,1,0
20309,"Inspectors, Testers, Sorters, Samplers, and Weighers","Weigh materials, products, containers, or samples to verify packaging weights or ingredient quantities.",Manual Dexterity,1,0
23624,Jewelers and Precious Stone and Metal Workers,"Clean and polish metal items and jewelry pieces, using jewelers' tools, polishing wheels, and chemical baths.",Finger Dexterity,2,0
23624,Jewelers and Precious Stone and Metal Workers,"Clean and polish metal items and jewelry pieces, using jewelers' tools, polishing wheels, and chemical baths.",Manual Dexterity,2,0
23624,Jewelers and Precious Stone and Metal Workers,"Clean and polish metal items and jewelry pieces, using jewelers' tools, polishing wheels, and chemical baths.",Arm-Hand Steadiness,2,0
23624,Jewelers and Precious Stone and Metal Workers,"Clean and polish metal items and jewelry pieces, using jewelers' tools, polishing wheels, and chemical baths.",Near Vision,1,0
23624,Jewelers and Precious Stone and Metal Workers,"Clean and polish metal items and jewelry pieces, using jewelers' tools, polishing wheels, and chemical baths.",Control Precision,1,0
23621,Jewelers and Precious Stone and Metal Workers,"Smooth soldered joints and rough spots, using hand files and emery paper, and polish smoothed areas with polishing wheels or buffing wire.",Finger Dexterity,3,0
23621,Jewelers and Precious Stone and Metal Workers,"Smooth soldered joints and rough spots, using hand files and emery paper, and polish smoothed areas with polishing wheels or buffing wire.",Manual Dexterity,2,0
23621,Jewelers and Precious Stone and Metal Workers,"Smooth soldered joints and rough spots, using hand files and emery paper, and polish smoothed areas with polishing wheels or buffing wire.",Arm-Hand Steadiness,2,0
23621,Jewelers and Precious Stone and Metal Workers,"Smooth soldered joints and rough spots, using hand files and emery paper, and polish smoothed areas with polishing wheels or buffing wire.",Near Vision,1,0
23621,Jewelers and Precious Stone and Metal Workers,"Smooth soldered joints and rough spots, using hand files and emery paper, and polish smoothed areas with polishing wheels or buffing wire.",Control Precision,1,0
23622,Jewelers and Precious Stone and Metal Workers,"Create jewelry from materials such as gold, silver, platinum, and precious or semiprecious stones.",Finger Dexterity,3,0
23622,Jewelers and Precious Stone and Metal Workers,"Create jewelry from materials such as gold, silver, platinum, and precious or semiprecious stones.",Manual Dexterity,3,0
23622,Jewelers and Precious Stone and Metal Workers,"Create jewelry from materials such as gold, silver, platinum, and precious or semiprecious stones.",Arm-Hand Steadiness,2,0
23622,Jewelers and Precious Stone and Metal Workers,"Create jewelry from materials such as gold, silver, platinum, and precious or semiprecious stones.",Originality,1,0
23622,Jewelers and Precious Stone and Metal Workers,"Create jewelry from materials such as gold, silver, platinum, and precious or semiprecious stones.",Near Vision,1,0
23625,Jewelers and Precious Stone and Metal Workers,"Cut and file pieces of jewelry such as rings, brooches, bracelets, and lockets.",Finger Dexterity,3,0
23625,Jewelers and Precious Stone and Metal Workers,"Cut and file pieces of jewelry such as rings, brooches, bracelets, and lockets.",Manual Dexterity,2,0
23625,Jewelers and Precious Stone and Metal Workers,"Cut and file pieces of jewelry such as rings, brooches, bracelets, and lockets.",Arm-Hand Steadiness,2,0
23625,Jewelers and Precious Stone and Metal Workers,"Cut and file pieces of jewelry such as rings, brooches, bracelets, and lockets.",Near Vision,1,0
23625,Jewelers and Precious Stone and Metal Workers,"Cut and file pieces of jewelry such as rings, brooches, bracelets, and lockets.",Control Precision,1,0
23628,Jewelers and Precious Stone and Metal Workers,"Examine assembled or finished products to ensure conformance to specifications, using magnifying glasses or precision measuring instruments.",Near Vision,3,0
23628,Jewelers and Precious Stone and Metal Workers,"Examine assembled or finished products to ensure conformance to specifications, using magnifying glasses or precision measuring instruments.",Selective Attention,2,0
23628,Jewelers and Precious Stone and Metal Workers,"Examine assembled or finished products to ensure conformance to specifications, using magnifying glasses or precision measuring instruments.",Flexibility of Closure,1,0
23628,Jewelers and Precious Stone and Metal Workers,"Examine assembled or finished products to ensure conformance to specifications, using magnifying glasses or precision measuring instruments.",Perceptual Speed,1,0
23623,Jewelers and Precious Stone and Metal Workers,"Make repairs, such as enlarging or reducing ring sizes, soldering pieces of jewelry together, and replacing broken clasps and mountings.",Finger Dexterity,3,0
23623,Jewelers and Precious Stone and Metal Workers,"Make repairs, such as enlarging or reducing ring sizes, soldering pieces of jewelry together, and replacing broken clasps and mountings.",Manual Dexterity,2,0
23623,Jewelers and Precious Stone and Metal Workers,"Make repairs, such as enlarging or reducing ring sizes, soldering pieces of jewelry together, and replacing broken clasps and mountings.",Arm-Hand Steadiness,2,0
23623,Jewelers and Precious Stone and Metal Workers,"Make repairs, such as enlarging or reducing ring sizes, soldering pieces of jewelry together, and replacing broken clasps and mountings.",Near Vision,2,0
23623,Jewelers and Precious Stone and Metal Workers,"Make repairs, such as enlarging or reducing ring sizes, soldering pieces of jewelry together, and replacing broken clasps and mountings.",Control Precision,1,0
23627,Jewelers and Precious Stone and Metal Workers,Compute costs of labor and materials to determine production costs of products and articles.,Number Facility,3,0
23627,Jewelers and Precious Stone and Metal Workers,Compute costs of labor and materials to determine production costs of products and articles.,Mathematical Reasoning,2,0
23627,Jewelers and Precious Stone and Metal Workers,Compute costs of labor and materials to determine production costs of products and articles.,Information Ordering,1,0
23620,Jewelers and Precious Stone and Metal Workers,"Position stones and metal pieces, and set, mount, and secure items in place, using setting and hand tools.",Finger Dexterity,3,0
23620,Jewelers and Precious Stone and Metal Workers,"Position stones and metal pieces, and set, mount, and secure items in place, using setting and hand tools.",Arm-Hand Steadiness,3,0
23620,Jewelers and Precious Stone and Metal Workers,"Position stones and metal pieces, and set, mount, and secure items in place, using setting and hand tools.",Near Vision,2,0
23620,Jewelers and Precious Stone and Metal Workers,"Position stones and metal pieces, and set, mount, and secure items in place, using setting and hand tools.",Control Precision,2,0
23620,Jewelers and Precious Stone and Metal Workers,"Position stones and metal pieces, and set, mount, and secure items in place, using setting and hand tools.",Manual Dexterity,1,0
23635,Jewelers and Precious Stone and Metal Workers,"Grade stones based on their color, perfection, and quality of cut.",Visual Color Discrimination,3,0
23635,Jewelers and Precious Stone and Metal Workers,"Grade stones based on their color, perfection, and quality of cut.",Near Vision,3,0
23635,Jewelers and Precious Stone and Metal Workers,"Grade stones based on their color, perfection, and quality of cut.",Flexibility of Closure,2,0
23635,Jewelers and Precious Stone and Metal Workers,"Grade stones based on their color, perfection, and quality of cut.",Selective Attention,1,0
23626,Jewelers and Precious Stone and Metal Workers,Select and acquire metals and gems for designs.,Near Vision,1,1
23626,Jewelers and Precious Stone and Metal Workers,Select and acquire metals and gems for designs.,Visual Color Discrimination,1,1
23626,Jewelers and Precious Stone and Metal Workers,Select and acquire metals and gems for designs.,Deductive Reasoning,2,1
23632,Jewelers and Precious Stone and Metal Workers,Shape and straighten damaged or twisted articles by hand or using pliers.,Manual Dexterity,3,0
23632,Jewelers and Precious Stone and Metal Workers,Shape and straighten damaged or twisted articles by hand or using pliers.,Finger Dexterity,2,0
23632,Jewelers and Precious Stone and Metal Workers,Shape and straighten damaged or twisted articles by hand or using pliers.,Arm-Hand Steadiness,2,0
23632,Jewelers and Precious Stone and Metal Workers,Shape and straighten damaged or twisted articles by hand or using pliers.,Static Strength,1,0
23632,Jewelers and Precious Stone and Metal Workers,Shape and straighten damaged or twisted articles by hand or using pliers.,Control Precision,1,0
23638,Jewelers and Precious Stone and Metal Workers,"Create new jewelry designs and modify existing designs, using computers as necessary.",Originality,3,0
23638,Jewelers and Precious Stone and Metal Workers,"Create new jewelry designs and modify existing designs, using computers as necessary.",Visualization,3,0
23638,Jewelers and Precious Stone and Metal Workers,"Create new jewelry designs and modify existing designs, using computers as necessary.",Fluency of Ideas,2,0
23636,Jewelers and Precious Stone and Metal Workers,"Plate articles such as jewelry pieces and watch dials, using silver, gold, nickel, or other metals.",Manual Dexterity,2,0
23636,Jewelers and Precious Stone and Metal Workers,"Plate articles such as jewelry pieces and watch dials, using silver, gold, nickel, or other metals.",Arm-Hand Steadiness,2,0
23636,Jewelers and Precious Stone and Metal Workers,"Plate articles such as jewelry pieces and watch dials, using silver, gold, nickel, or other metals.",Near Vision,1,0
23636,Jewelers and Precious Stone and Metal Workers,"Plate articles such as jewelry pieces and watch dials, using silver, gold, nickel, or other metals.",Control Precision,1,0
23640,Jewelers and Precious Stone and Metal Workers,Record the weights and processing times of finished pieces.,Number Facility,2,0
23640,Jewelers and Precious Stone and Metal Workers,Record the weights and processing times of finished pieces.,Written Expression,1,0
23640,Jewelers and Precious Stone and Metal Workers,Record the weights and processing times of finished pieces.,Information Ordering,1,0
23630,Jewelers and Precious Stone and Metal Workers,"Construct preliminary models of wax, metal, clay, or plaster, and form sample castings in molds.",Manual Dexterity,3,0
23630,Jewelers and Precious Stone and Metal Workers,"Construct preliminary models of wax, metal, clay, or plaster, and form sample castings in molds.",Finger Dexterity,2,0
23630,Jewelers and Precious Stone and Metal Workers,"Construct preliminary models of wax, metal, clay, or plaster, and form sample castings in molds.",Visualization,2,0
23630,Jewelers and Precious Stone and Metal Workers,"Construct preliminary models of wax, metal, clay, or plaster, and form sample castings in molds.",Control Precision,1,0
23630,Jewelers and Precious Stone and Metal Workers,"Construct preliminary models of wax, metal, clay, or plaster, and form sample castings in molds.",Arm-Hand Steadiness,1,0
23637,Jewelers and Precious Stone and Metal Workers,Write or modify design specifications such as the metal contents and weights of items.,Written Expression,2,0
23637,Jewelers and Precious Stone and Metal Workers,Write or modify design specifications such as the metal contents and weights of items.,Number Facility,1,0
23637,Jewelers and Precious Stone and Metal Workers,Write or modify design specifications such as the metal contents and weights of items.,Information Ordering,1,0
23633,Jewelers and Precious Stone and Metal Workers,"Soften metal to be used in designs by heating it with a gas torch and shape it, using hammers and dies.",Manual Dexterity,3,0
23633,Jewelers and Precious Stone and Metal Workers,"Soften metal to be used in designs by heating it with a gas torch and shape it, using hammers and dies.",Arm-Hand Steadiness,2,0
23633,Jewelers and Precious Stone and Metal Workers,"Soften metal to be used in designs by heating it with a gas torch and shape it, using hammers and dies.",Control Precision,2,0
23633,Jewelers and Precious Stone and Metal Workers,"Soften metal to be used in designs by heating it with a gas torch and shape it, using hammers and dies.",Static Strength,1,0
23633,Jewelers and Precious Stone and Metal Workers,"Soften metal to be used in designs by heating it with a gas torch and shape it, using hammers and dies.",Near Vision,1,0
23629,Jewelers and Precious Stone and Metal Workers,"Pierce and cut open designs in ornamentation, using hand drills and scroll saws.",Finger Dexterity,3,0
23629,Jewelers and Precious Stone and Metal Workers,"Pierce and cut open designs in ornamentation, using hand drills and scroll saws.",Manual Dexterity,2,0
23629,Jewelers and Precious Stone and Metal Workers,"Pierce and cut open designs in ornamentation, using hand drills and scroll saws.",Arm-Hand Steadiness,2,0
23629,Jewelers and Precious Stone and Metal Workers,"Pierce and cut open designs in ornamentation, using hand drills and scroll saws.",Near Vision,2,0
23629,Jewelers and Precious Stone and Metal Workers,"Pierce and cut open designs in ornamentation, using hand drills and scroll saws.",Control Precision,1,0
23645,Jewelers and Precious Stone and Metal Workers,"Research and analyze reference materials, and consult with interested parties to develop new products or modify existing designs.",Written Comprehension,2,0
23645,Jewelers and Precious Stone and Metal Workers,"Research and analyze reference materials, and consult with interested parties to develop new products or modify existing designs.",Oral Comprehension,2,0
23645,Jewelers and Precious Stone and Metal Workers,"Research and analyze reference materials, and consult with interested parties to develop new products or modify existing designs.",Originality,2,0
23645,Jewelers and Precious Stone and Metal Workers,"Research and analyze reference materials, and consult with interested parties to develop new products or modify existing designs.",Fluency of Ideas,1,0
23642,Jewelers and Precious Stone and Metal Workers,"Mark, engrave, or emboss designs on metal pieces such as castings, wire, or jewelry, following specifications.",Finger Dexterity,3,0
23642,Jewelers and Precious Stone and Metal Workers,"Mark, engrave, or emboss designs on metal pieces such as castings, wire, or jewelry, following specifications.",Arm-Hand Steadiness,3,0
23642,Jewelers and Precious Stone and Metal Workers,"Mark, engrave, or emboss designs on metal pieces such as castings, wire, or jewelry, following specifications.",Control Precision,2,0
23642,Jewelers and Precious Stone and Metal Workers,"Mark, engrave, or emboss designs on metal pieces such as castings, wire, or jewelry, following specifications.",Near Vision,2,0
23642,Jewelers and Precious Stone and Metal Workers,"Mark, engrave, or emboss designs on metal pieces such as castings, wire, or jewelry, following specifications.",Manual Dexterity,1,0
23631,Jewelers and Precious Stone and Metal Workers,Pour molten metal alloys or other materials into molds to cast models of jewelry.,Arm-Hand Steadiness,3,0
23631,Jewelers and Precious Stone and Metal Workers,Pour molten metal alloys or other materials into molds to cast models of jewelry.,Control Precision,2,0
23631,Jewelers and Precious Stone and Metal Workers,Pour molten metal alloys or other materials into molds to cast models of jewelry.,Static Strength,1,0
23631,Jewelers and Precious Stone and Metal Workers,Pour molten metal alloys or other materials into molds to cast models of jewelry.,Near Vision,1,0
23639,Jewelers and Precious Stone and Metal Workers,"Buy and sell jewelry, or serve as agents between buyers and sellers.",Oral Expression,2,0
23639,Jewelers and Precious Stone and Metal Workers,"Buy and sell jewelry, or serve as agents between buyers and sellers.",Oral Comprehension,2,0
23639,Jewelers and Precious Stone and Metal Workers,"Buy and sell jewelry, or serve as agents between buyers and sellers.",Deductive Reasoning,1,0
23634,Jewelers and Precious Stone and Metal Workers,"Determine appraised values of diamonds and other gemstones based on price guides, market fluctuations, and stone grades and rarity.",Deductive Reasoning,3,0
23634,Jewelers and Precious Stone and Metal Workers,"Determine appraised values of diamonds and other gemstones based on price guides, market fluctuations, and stone grades and rarity.",Number Facility,2,0
23634,Jewelers and Precious Stone and Metal Workers,"Determine appraised values of diamonds and other gemstones based on price guides, market fluctuations, and stone grades and rarity.",Near Vision,2,0
23634,Jewelers and Precious Stone and Metal Workers,"Determine appraised values of diamonds and other gemstones based on price guides, market fluctuations, and stone grades and rarity.",Visual Color Discrimination,1,0
23641,Jewelers and Precious Stone and Metal Workers,"Lay out designs on metal stock, and cut along markings to fabricate pieces used to cast metal molds.",Manual Dexterity,2,0
23641,Jewelers and Precious Stone and Metal Workers,"Lay out designs on metal stock, and cut along markings to fabricate pieces used to cast metal molds.",Near Vision,2,0
23641,Jewelers and Precious Stone and Metal Workers,"Lay out designs on metal stock, and cut along markings to fabricate pieces used to cast metal molds.",Visualization,2,0
23641,Jewelers and Precious Stone and Metal Workers,"Lay out designs on metal stock, and cut along markings to fabricate pieces used to cast metal molds.",Arm-Hand Steadiness,2,0
23641,Jewelers and Precious Stone and Metal Workers,"Lay out designs on metal stock, and cut along markings to fabricate pieces used to cast metal molds.",Finger Dexterity,1,0
23644,Jewelers and Precious Stone and Metal Workers,"Design and fabricate molds, models, and machine accessories, and modify hand tools used to cast metal and jewelry pieces.",Visualization,3,0
23644,Jewelers and Precious Stone and Metal Workers,"Design and fabricate molds, models, and machine accessories, and modify hand tools used to cast metal and jewelry pieces.",Manual Dexterity,2,0
23644,Jewelers and Precious Stone and Metal Workers,"Design and fabricate molds, models, and machine accessories, and modify hand tools used to cast metal and jewelry pieces.",Originality,2,0
23644,Jewelers and Precious Stone and Metal Workers,"Design and fabricate molds, models, and machine accessories, and modify hand tools used to cast metal and jewelry pieces.",Finger Dexterity,1,0
23643,Jewelers and Precious Stone and Metal Workers,Cut designs in molds or other materials to be used as models in the fabrication of metal and jewelry products.,Manual Dexterity,2,0
23643,Jewelers and Precious Stone and Metal Workers,Cut designs in molds or other materials to be used as models in the fabrication of metal and jewelry products.,Finger Dexterity,2,0
23643,Jewelers and Precious Stone and Metal Workers,Cut designs in molds or other materials to be used as models in the fabrication of metal and jewelry products.,Near Vision,2,0
23643,Jewelers and Precious Stone and Metal Workers,Cut designs in molds or other materials to be used as models in the fabrication of metal and jewelry products.,Control Precision,1,0
23643,Jewelers and Precious Stone and Metal Workers,Cut designs in molds or other materials to be used as models in the fabrication of metal and jewelry products.,Arm-Hand Steadiness,1,0
23649,Jewelers and Precious Stone and Metal Workers,"Rout out locations where parts are to be joined to items, using routing machines.",Control Precision,2,0
23649,Jewelers and Precious Stone and Metal Workers,"Rout out locations where parts are to be joined to items, using routing machines.",Manual Dexterity,2,0
23649,Jewelers and Precious Stone and Metal Workers,"Rout out locations where parts are to be joined to items, using routing machines.",Arm-Hand Steadiness,2,0
23649,Jewelers and Precious Stone and Metal Workers,"Rout out locations where parts are to be joined to items, using routing machines.",Near Vision,1,0
23649,Jewelers and Precious Stone and Metal Workers,"Rout out locations where parts are to be joined to items, using routing machines.",Finger Dexterity,1,0
23647,Jewelers and Precious Stone and Metal Workers,"Weigh, mix, and melt metal alloys or materials needed for jewelry models.",Number Facility,2,0
23647,Jewelers and Precious Stone and Metal Workers,"Weigh, mix, and melt metal alloys or materials needed for jewelry models.",Manual Dexterity,1,0
23647,Jewelers and Precious Stone and Metal Workers,"Weigh, mix, and melt metal alloys or materials needed for jewelry models.",Static Strength,1,0
23646,Jewelers and Precious Stone and Metal Workers,"Anneal precious metal objects such as coffeepots, tea sets, and trays in gas ovens for prescribed times to soften metal for reworking.",Control Precision,2,0
23646,Jewelers and Precious Stone and Metal Workers,"Anneal precious metal objects such as coffeepots, tea sets, and trays in gas ovens for prescribed times to soften metal for reworking.",Near Vision,1,0
23646,Jewelers and Precious Stone and Metal Workers,"Anneal precious metal objects such as coffeepots, tea sets, and trays in gas ovens for prescribed times to soften metal for reworking.",Manual Dexterity,1,0
23646,Jewelers and Precious Stone and Metal Workers,"Anneal precious metal objects such as coffeepots, tea sets, and trays in gas ovens for prescribed times to soften metal for reworking.",Static Strength,1,0
