task_id,occupation,task_text,ability_name,weight,uncertain
253,"Child, Family, and School Social Workers",Recommend temporary foster care and advise foster or adoptive parents.,Oral Comprehension,3,0
253,"Child, Family, and School Social Workers",Recommend temporary foster care and advise foster or adoptive parents.,Oral Expression,3,0
253,"Child, Family, and School Social Workers",Recommend temporary foster care and advise foster or adoptive parents.,Deductive Reasoning,2,0
253,"Child, Family, and School Social Workers",Recommend temporary foster care and advise foster or adoptive parents.,Inductive Reasoning,2,0
253,"Child, Family, and School Social Workers",Recommend temporary foster care and advise foster or adoptive parents.,Problem Sensitivity,2,0
253,"Child, Family, and School Social Workers",Recommend temporary foster care and advise foster or adoptive parents.,Written Expression,1,0
253,"Child, Family, and School Social Workers",Recommend temporary foster care and advise foster or adoptive parents.,Speech Clarity,2,0
253,"Child, Family, and School Social Workers",Recommend temporary foster care and advise foster or adoptive parents.,Speech Recognition,2,0
238,"Child, Family, and School Social Workers","Counsel students whose behavior, school progress, or mental or physical impairment indicate a need for assistance, diagnosing students' problems and arranging for needed services.",Oral Comprehension,3,0
238,"Child, Family, and School Social Workers","Counsel students whose behavior, school progress, or mental or physical impairment indicate a need for assistance, diagnosing students' problems and arranging for needed services.",Oral Expression,3,0
238,"Child, Family, and School Social Workers","Counsel students whose behavior, school progress, or mental or physical impairment indicate a need for assistance, diagnosing students' problems and arranging for needed services.",Problem Sensitivity,3,0
238,"Child, Family, and School Social Workers","Counsel students whose behavior, school progress, or mental or physical impairment indicate a need for assistance, diagnosing students' problems and arranging for needed services.",Inductive Reasoning,2,0
238,"Child, Family, and School Social Workers","Counsel students whose behavior, school progress, or mental or physical impairment indicate a need for assistance, diagnosing students' problems and arranging for needed services.",Deductive Reasoning,2,0
238,"Child, Family, and School Social Workers","Counsel students whose behavior, school progress, or mental or physical impairment indicate a need for assistance, diagnosing students' problems and arranging for needed services.",Speech Recognition,2,0
238,"Child, Family, and School Social Workers","Counsel students whose behavior, school progress, or mental or physical impairment indicate a need for assistance, diagnosing students' problems and arranging for needed services.",Speech Clarity,2,0
238,"Child, Family, and School Social Workers","Counsel students whose behavior, school progress, or mental or physical impairment indicate a need for assistance, diagnosing students' problems and arranging for needed services.",Written Expression,1,0
249,"Child, Family, and School Social Workers",Evaluate personal characteristics and home conditions of foster home or adoption applicants.,Inductive Reasoning,3,0
249,"Child, Family, and School Social Workers",Evaluate personal characteristics and home conditions of foster home or adoption applicants.,Problem Sensitivity,3,0
249,"Child, Family, and School Social Workers",Evaluate personal characteristics and home conditions of foster home or adoption applicants.,Oral Comprehension,2,0
249,"Child, Family, and School Social Workers",Evaluate personal characteristics and home conditions of foster home or adoption applicants.,Oral Expression,2,0
249,"Child, Family, and School Social Workers",Evaluate personal characteristics and home conditions of foster home or adoption applicants.,Deductive Reasoning,2,0
249,"Child, Family, and School Social Workers",Evaluate personal characteristics and home conditions of foster home or adoption applicants.,Written Comprehension,2,0
249,"Child, Family, and School Social Workers",Evaluate personal characteristics and home conditions of foster home or adoption applicants.,Near Vision,1,0
249,"Child, Family, and School Social Workers",Evaluate personal characteristics and home conditions of foster home or adoption applicants.,Speech Recognition,2,0
255,"Child, Family, and School Social Workers",Conduct social research.,Inductive Reasoning,3,0
255,"Child, Family, and School Social Workers",Conduct social research.,Deductive Reasoning,2,0
255,"Child, Family, and School Social Workers",Conduct social research.,Information Ordering,2,0
255,"Child, Family, and School Social Workers",Conduct social research.,Written Comprehension,3,0
255,"Child, Family, and School Social Workers",Conduct social research.,Written Expression,2,0
255,"Child, Family, and School Social Workers",Conduct social research.,Mathematical Reasoning,2,0
255,"Child, Family, and School Social Workers",Conduct social research.,Number Facility,1,0
255,"Child, Family, and School Social Workers",Conduct social research.,Problem Sensitivity,2,0
252,"Child, Family, and School Social Workers",Supervise other social workers.,Oral Comprehension,3,0
252,"Child, Family, and School Social Workers",Supervise other social workers.,Oral Expression,3,0
252,"Child, Family, and School Social Workers",Supervise other social workers.,Problem Sensitivity,2,0
252,"Child, Family, and School Social Workers",Supervise other social workers.,Deductive Reasoning,2,0
252,"Child, Family, and School Social Workers",Supervise other social workers.,Written Comprehension,2,0
252,"Child, Family, and School Social Workers",Supervise other social workers.,Written Expression,2,0
252,"Child, Family, and School Social Workers",Supervise other social workers.,Speech Clarity,2,0
252,"Child, Family, and School Social Workers",Supervise other social workers.,Speech Recognition,2,0
256,"Child, Family, and School Social Workers","Lead group counseling sessions that provide support in such areas as grief, stress, or chemical dependency.",Oral Expression,3,0
256,"Child, Family, and School Social Workers","Lead group counseling sessions that provide support in such areas as grief, stress, or chemical dependency.",Oral Comprehension,3,0
256,"Child, Family, and School Social Workers","Lead group counseling sessions that provide support in such areas as grief, stress, or chemical dependency.",Speech Clarity,3,0
256,"Child, Family, and School Social Workers","Lead group counseling sessions that provide support in such areas as grief, stress, or chemical dependency.",Speech Recognition,2,0
256,"Child, Family, and School Social Workers","Lead group counseling sessions that provide support in such areas as grief, stress, or chemical dependency.",Problem Sensitivity,2,0
256,"Child, Family, and School Social Workers","Lead group counseling sessions that provide support in such areas as grief, stress, or chemical dependency.",Inductive Reasoning,2,0
256,"Child, Family, and School Social Workers","Lead group counseling sessions that provide support in such areas as grief, stress, or chemical dependency.",Selective Attention,2,0
256,"Child, Family, and School Social Workers","Lead group counseling sessions that provide support in such areas as grief, stress, or chemical dependency.",Fluency of Ideas,1,0
257,"Child, Family, and School Social Workers","Serve on policy-making committees, assist in community development, and assist client groups by lobbying for solutions to problems.",Oral Comprehension,3,0
257,"Child, Family, and School Social Workers","Serve on policy-making committees, assist in community development, and assist client groups by lobbying for solutions to problems.",Oral Expression,3,0
257,"Child, Family, and School Social Workers","Serve on policy-making committees, assist in community development, and assist client groups by lobbying for solutions to problems.",Written Comprehension,2,0
257,"Child, Family, and School Social Workers","Serve on policy-making committees, assist in community development, and assist client groups by lobbying for solutions to problems.",Deductive Reasoning,2,0
257,"Child, Family, and School Social Workers","Serve on policy-making committees, assist in community development, and assist client groups by lobbying for solutions to problems.",Inductive Reasoning,2,0
257,"Child, Family, and School Social Workers","Serve on policy-making committees, assist in community development, and assist client groups by lobbying for solutions to problems.",Speech Clarity,2,0
257,"Child, Family, and School Social Workers","Serve on policy-making committees, assist in community development, and assist client groups by lobbying for solutions to problems.",Fluency of Ideas,2,0
257,"Child, Family, and School Social Workers","Serve on policy-making committees, assist in community development, and assist client groups by lobbying for solutions to problems.",Problem Sensitivity,1,0
254,"Child, Family, and School Social Workers",Determine clients' eligibility for financial assistance.,Deductive Reasoning,3,0
254,"Child, Family, and School Social Workers",Determine clients' eligibility for financial assistance.,Written Comprehension,3,0
254,"Child, Family, and School Social Workers",Determine clients' eligibility for financial assistance.,Mathematical Reasoning,2,0
254,"Child, Family, and School Social Workers",Determine clients' eligibility for financial assistance.,Number Facility,2,0
254,"Child, Family, and School Social Workers",Determine clients' eligibility for financial assistance.,Information Ordering,2,0
254,"Child, Family, and School Social Workers",Determine clients' eligibility for financial assistance.,Oral Comprehension,2,0
254,"Child, Family, and School Social Workers",Determine clients' eligibility for financial assistance.,Near Vision,1,0
254,"Child, Family, and School Social Workers",Determine clients' eligibility for financial assistance.,Perceptual Speed,1,0
263,Healthcare Social Workers,Advocate for clients or patients to resolve crises.,Oral Expression,3,0
263,Healthcare Social Workers,Advocate for clients or patients to resolve crises.,Oral Comprehension,3,0
263,Healthcare Social Workers,Advocate for clients or patients to resolve crises.,Problem Sensitivity,3,0
263,Healthcare Social Workers,Advocate for clients or patients to resolve crises.,Speech Clarity,2,0
263,Healthcare Social Workers,Advocate for clients or patients to resolve crises.,Speech Recognition,2,0
263,Healthcare Social Workers,Advocate for clients or patients to resolve crises.,Deductive Reasoning,2,0
263,Healthcare Social Workers,Advocate for clients or patients to resolve crises.,Fluency of Ideas,1,0
23910,Healthcare Social Workers,Educate clients about end-of-life symptoms and options to assist them in making informed decisions.,Oral Expression,3,0
23910,Healthcare Social Workers,Educate clients about end-of-life symptoms and options to assist them in making informed decisions.,Oral Comprehension,3,0
23910,Healthcare Social Workers,Educate clients about end-of-life symptoms and options to assist them in making informed decisions.,Written Comprehension,2,0
23910,Healthcare Social Workers,Educate clients about end-of-life symptoms and options to assist them in making informed decisions.,Speech Clarity,3,0
23910,Healthcare Social Workers,Educate clients about end-of-life symptoms and options to assist them in making informed decisions.,Speech Recognition,2,0
23910,Healthcare Social Workers,Educate clients about end-of-life symptoms and options to assist them in making informed decisions.,Deductive Reasoning,2,0
23910,Healthcare Social Workers,Educate clients about end-of-life symptoms and options to assist them in making informed decisions.,Problem Sensitivity,2,0
258,Healthcare Social Workers,Collaborate with other professionals to evaluate patients' medical or physical condition and to assess client needs.,Oral Comprehension,3,0
258,Healthcare Social Workers,Collaborate with other professionals to evaluate patients' medical or physical condition and to assess client needs.,Oral Expression,3,0
258,Healthcare Social Workers,Collaborate with other professionals to evaluate patients' medical or physical condition and to assess client needs.,Problem Sensitivity,3,0
258,Healthcare Social Workers,Collaborate with other professionals to evaluate patients' medical or physical condition and to assess client needs.,Inductive Reasoning,2,0
258,Healthcare Social Workers,Collaborate with other professionals to evaluate patients' medical or physical condition and to assess client needs.,Deductive Reasoning,2,0
258,Healthcare Social Workers,Collaborate with other professionals to evaluate patients' medical or physical condition and to assess client needs.,Speech Recognition,2,0
258,Healthcare Social Workers,Collaborate with other professionals to evaluate patients' medical or physical condition and to assess client needs.,Written Comprehension,2,0
260,Healthcare Social Workers,"Refer patient, client, or family to community resources to assist in recovery from mental or physical illness and to provide access to services such as financial assistance, legal aid, housing, job placement or education.",Oral Comprehension,3,0
260,Healthcare Social Workers,"Refer patient, client, or family to community resources to assist in recovery from mental or physical illness and to provide access to services such as financial assistance, legal aid, housing, job placement or education.",Oral Expression,3,0
260,Healthcare Social Workers,"Refer patient, client, or family to community resources to assist in recovery from mental or physical illness and to provide access to services such as financial assistance, legal aid, housing, job placement or education.",Information Ordering,2,0
260,Healthcare Social Workers,"Refer patient, client, or family to community resources to assist in recovery from mental or physical illness and to provide access to services such as financial assistance, legal aid, housing, job placement or education.",Deductive Reasoning,2,0
260,Healthcare Social Workers,"Refer patient, client, or family to community resources to assist in recovery from mental or physical illness and to provide access to services such as financial assistance, legal aid, housing, job placement or education.",Written Comprehension,2,0
260,Healthcare Social Workers,"Refer patient, client, or family to community resources to assist in recovery from mental or physical illness and to provide access to services such as financial assistance, legal aid, housing, job placement or education.",Speech Clarity,2,0
260,Healthcare Social Workers,"Refer patient, client, or family to community resources to assist in recovery from mental or physical illness and to provide access to services such as financial assistance, legal aid, housing, job placement or education.",Speech Recognition,2,0
265,Healthcare Social Workers,"Utilize consultation data and social work experience to plan and coordinate client or patient care and rehabilitation, following through to ensure service efficacy.",Inductive Reasoning,3,0
265,Healthcare Social Workers,"Utilize consultation data and social work experience to plan and coordinate client or patient care and rehabilitation, following through to ensure service efficacy.",Deductive Reasoning,3,0
265,Healthcare Social Workers,"Utilize consultation data and social work experience to plan and coordinate client or patient care and rehabilitation, following through to ensure service efficacy.",Information Ordering,2,0
265,Healthcare Social Workers,"Utilize consultation data and social work experience to plan and coordinate client or patient care and rehabilitation, following through to ensure service efficacy.",Written Comprehension,2,0
265,Healthcare Social Workers,"Utilize consultation data and social work experience to plan and coordinate client or patient care and rehabilitation, following through to ensure service efficacy.",Problem Sensitivity,2,0
265,Healthcare Social Workers,"Utilize consultation data and social work experience to plan and coordinate client or patient care and rehabilitation, following through to ensure service efficacy.",Oral Comprehension,2,0
265,Healthcare Social Workers,"Utilize consultation data and social work experience to plan and coordinate client or patient care and rehabilitation, following through to ensure service efficacy.",Memorization,1,0
267,Healthcare Social Workers,"Monitor, evaluate, and record client progress according to measurable goals described in treatment and care plan.",Written Expression,3,0
267,Healthcare Social Workers,"Monitor, evaluate, and record client progress according to measurable goals described in treatment and care plan.",Written Comprehension,2,0
267,Healthcare Social Workers,"Monitor, evaluate, and record client progress according to measurable goals described in treatment and care plan.",Deductive Reasoning,2,0
267,Healthcare Social Workers,"Monitor, evaluate, and record client progress according to measurable goals described in treatment and care plan.",Information Ordering,2,0
267,Healthcare Social Workers,"Monitor, evaluate, and record client progress according to measurable goals described in treatment and care plan.",Near Vision,2,0
267,Healthcare Social Workers,"Monitor, evaluate, and record client progress according to measurable goals described in treatment and care plan.",Perceptual Speed,2,0
267,Healthcare Social Workers,"Monitor, evaluate, and record client progress according to measurable goals described in treatment and care plan.",Problem Sensitivity,2,0
264,Healthcare Social Workers,Identify environmental impediments to client or patient progress through interviews and review of patient records.,Inductive Reasoning,3,0
264,Healthcare Social Workers,Identify environmental impediments to client or patient progress through interviews and review of patient records.,Problem Sensitivity,3,0
264,Healthcare Social Workers,Identify environmental impediments to client or patient progress through interviews and review of patient records.,Oral Comprehension,2,0
264,Healthcare Social Workers,Identify environmental impediments to client or patient progress through interviews and review of patient records.,Written Comprehension,2,0
264,Healthcare Social Workers,Identify environmental impediments to client or patient progress through interviews and review of patient records.,Near Vision,2,0
264,Healthcare Social Workers,Identify environmental impediments to client or patient progress through interviews and review of patient records.,Deductive Reasoning,2,0
264,Healthcare Social Workers,Identify environmental impediments to client or patient progress through interviews and review of patient records.,Speech Recognition,2,0
261,Healthcare Social Workers,"Counsel clients and patients in individual and group sessions to help them overcome dependencies, recover from illness, and adjust to life.",Oral Expression,3,0
261,Healthcare Social Workers,"Counsel clients and patients in individual and group sessions to help them overcome dependencies, recover from illness, and adjust to life.",Oral Comprehension,3,0
261,Healthcare Social Workers,"Counsel clients and patients in individual and group sessions to help them overcome dependencies, recover from illness, and adjust to life.",Problem Sensitivity,3,0
261,Healthcare Social Workers,"Counsel clients and patients in individual and group sessions to help them overcome dependencies, recover from illness, and adjust to life.",Speech Clarity,2,0
261,Healthcare Social Workers,"Counsel clients and patients in individual and group sessions to help them overcome dependencies, recover from illness, and adjust to life.",Speech Recognition,2,0
261,Healthcare Social Workers,"Counsel clients and patients in individual and group sessions to help them overcome dependencies, recover from illness, and adjust to life.",Inductive Reasoning,2,0
261,Healthcare Social Workers,"Counsel clients and patients in individual and group sessions to help them overcome dependencies, recover from illness, and adjust to life.",Selective Attention,2,0
15227,Healthcare Social Workers,Plan discharge from care facility to home or other care facility.,Deductive Reasoning,3,0
15227,Healthcare Social Workers,Plan discharge from care facility to home or other care facility.,Information Ordering,3,0
15227,Healthcare Social Workers,Plan discharge from care facility to home or other care facility.,Problem Sensitivity,2,0
15227,Healthcare Social Workers,Plan discharge from care facility to home or other care facility.,Written Comprehension,2,0
15227,Healthcare Social Workers,Plan discharge from care facility to home or other care facility.,Oral Comprehension,2,0
15227,Healthcare Social Workers,Plan discharge from care facility to home or other care facility.,Inductive Reasoning,2,0
15227,Healthcare Social Workers,Plan discharge from care facility to home or other care facility.,Written Expression,2,0
262,Healthcare Social Workers,"Organize support groups or counsel family members to assist them in understanding, dealing with, and supporting the client or patient.",Oral Expression,3,0
262,Healthcare Social Workers,"Organize support groups or counsel family members to assist them in understanding, dealing with, and supporting the client or patient.",Oral Comprehension,3,0
262,Healthcare Social Workers,"Organize support groups or counsel family members to assist them in understanding, dealing with, and supporting the client or patient.",Speech Clarity,2,0
262,Healthcare Social Workers,"Organize support groups or counsel family members to assist them in understanding, dealing with, and supporting the client or patient.",Speech Recognition,2,0
262,Healthcare Social Workers,"Organize support groups or counsel family members to assist them in understanding, dealing with, and supporting the client or patient.",Problem Sensitivity,2,0
262,Healthcare Social Workers,"Organize support groups or counsel family members to assist them in understanding, dealing with, and supporting the client or patient.",Inductive Reasoning,2,0
262,Healthcare Social Workers,"Organize support groups or counsel family members to assist them in understanding, dealing with, and supporting the client or patient.",Information Ordering,1,0
266,Healthcare Social Workers,Modify treatment plans to comply with changes in clients' status.,Deductive Reasoning,3,0
266,Healthcare Social Workers,Modify treatment plans to comply with changes in clients' status.,Inductive Reasoning,3,0
266,Healthcare Social Workers,Modify treatment plans to comply with changes in clients' status.,Problem Sensitivity,3,0
266,Healthcare Social Workers,Modify treatment plans to comply with changes in clients' status.,Written Expression,2,0
266,Healthcare Social Workers,Modify treatment plans to comply with changes in clients' status.,Written Comprehension,2,0
266,Healthcare Social Workers,Modify treatment plans to comply with changes in clients' status.,Information Ordering,2,0
268,Healthcare Social Workers,Supervise and direct other workers providing services to clients or patients.,Oral Expression,3,0
268,Healthcare Social Workers,Supervise and direct other workers providing services to clients or patients.,Oral Comprehension,3,0
268,Healthcare Social Workers,Supervise and direct other workers providing services to clients or patients.,Speech Clarity,2,0
268,Healthcare Social Workers,Supervise and direct other workers providing services to clients or patients.,Deductive Reasoning,2,0
268,Healthcare Social Workers,Supervise and direct other workers providing services to clients or patients.,Written Comprehension,2,0
268,Healthcare Social Workers,Supervise and direct other workers providing services to clients or patients.,Problem Sensitivity,2,0
268,Healthcare Social Workers,Supervise and direct other workers providing services to clients or patients.,Information Ordering,1,0
272,Healthcare Social Workers,"Plan and conduct programs to combat social problems, prevent substance abuse, or improve community health and counseling services.",Inductive Reasoning,3,0
272,Healthcare Social Workers,"Plan and conduct programs to combat social problems, prevent substance abuse, or improve community health and counseling services.",Deductive Reasoning,2,0
272,Healthcare Social Workers,"Plan and conduct programs to combat social problems, prevent substance abuse, or improve community health and counseling services.",Written Expression,2,0
272,Healthcare Social Workers,"Plan and conduct programs to combat social problems, prevent substance abuse, or improve community health and counseling services.",Oral Expression,3,0
272,Healthcare Social Workers,"Plan and conduct programs to combat social problems, prevent substance abuse, or improve community health and counseling services.",Information Ordering,2,0
272,Healthcare Social Workers,"Plan and conduct programs to combat social problems, prevent substance abuse, or improve community health and counseling services.",Fluency of Ideas,2,0
272,Healthcare Social Workers,"Plan and conduct programs to combat social problems, prevent substance abuse, or improve community health and counseling services.",Problem Sensitivity,2,0
272,Healthcare Social Workers,"Plan and conduct programs to combat social problems, prevent substance abuse, or improve community health and counseling services.",Oral Comprehension,2,0
269,Healthcare Social Workers,Develop or advise on social policy and assist in community development.,Deductive Reasoning,3,0
269,Healthcare Social Workers,Develop or advise on social policy and assist in community development.,Inductive Reasoning,2,0
269,Healthcare Social Workers,Develop or advise on social policy and assist in community development.,Written Expression,2,0
269,Healthcare Social Workers,Develop or advise on social policy and assist in community development.,Oral Expression,3,0
269,Healthcare Social Workers,Develop or advise on social policy and assist in community development.,Written Comprehension,2,0
269,Healthcare Social Workers,Develop or advise on social policy and assist in community development.,Fluency of Ideas,2,0
269,Healthcare Social Workers,Develop or advise on social policy and assist in community development.,Problem Sensitivity,1,0
271,Healthcare Social Workers,Conduct social research to advance knowledge in the social work field.,Inductive Reasoning,3,0
271,Healthcare Social Workers,Conduct social research to advance knowledge in the social work field.,Deductive Reasoning,3,0
271,Healthcare Social Workers,Conduct social research to advance knowledge in the social work field.,Written Comprehension,3,0
271,Healthcare Social Workers,Conduct social research to advance knowledge in the social work field.,Written Expression,2,0
271,Healthcare Social Workers,Conduct social research to advance knowledge in the social work field.,Information Ordering,2,0
271,Healthcare Social Workers,Conduct social research to advance knowledge in the social work field.,Mathematical Reasoning,2,0
271,Healthcare Social Workers,Conduct social research to advance knowledge in the social work field.,Number Facility,1,0
271,Healthcare Social Workers,Conduct social research to advance knowledge in the social work field.,Problem Sensitivity,2,0
259,Healthcare Social Workers,Investigate child abuse or neglect cases and take authorized protective action when necessary.,Problem Sensitivity,3,0
259,Healthcare Social Workers,Investigate child abuse or neglect cases and take authorized protective action when necessary.,Inductive Reasoning,3,0
259,Healthcare Social Workers,Investigate child abuse or neglect cases and take authorized protective action when necessary.,Deductive Reasoning,2,0
259,Healthcare Social Workers,Investigate child abuse or neglect cases and take authorized protective action when necessary.,Oral Comprehension,2,0
259,Healthcare Social Workers,Investigate child abuse or neglect cases and take authorized protective action when necessary.,Oral Expression,2,0
259,Healthcare Social Workers,Investigate child abuse or neglect cases and take authorized protective action when necessary.,Speech Recognition,2,0
259,Healthcare Social Workers,Investigate child abuse or neglect cases and take authorized protective action when necessary.,Written Expression,2,0
259,Healthcare Social Workers,Investigate child abuse or neglect cases and take authorized protective action when necessary.,Near Vision,1,0
270,Healthcare Social Workers,Oversee Medicaid- and Medicare-related paperwork and recordkeeping in hospitals.,Written Comprehension,3,0
270,Healthcare Social Workers,Oversee Medicaid- and Medicare-related paperwork and recordkeeping in hospitals.,Written Expression,3,0
270,Healthcare Social Workers,Oversee Medicaid- and Medicare-related paperwork and recordkeeping in hospitals.,Information Ordering,3,0
270,Healthcare Social Workers,Oversee Medicaid- and Medicare-related paperwork and recordkeeping in hospitals.,Near Vision,2,0
270,Healthcare Social Workers,Oversee Medicaid- and Medicare-related paperwork and recordkeeping in hospitals.,Perceptual Speed,2,0
270,Healthcare Social Workers,Oversee Medicaid- and Medicare-related paperwork and recordkeeping in hospitals.,Number Facility,2,0
270,Healthcare Social Workers,Oversee Medicaid- and Medicare-related paperwork and recordkeeping in hospitals.,Deductive Reasoning,2,0
273,Mental Health and Substance Abuse Social Workers,"Counsel clients in individual or group sessions to assist them in dealing with substance abuse, mental or physical illness, poverty, unemployment, or physical abuse.",Oral Expression,3,0
273,Mental Health and Substance Abuse Social Workers,"Counsel clients in individual or group sessions to assist them in dealing with substance abuse, mental or physical illness, poverty, unemployment, or physical abuse.",Oral Comprehension,3,0
273,Mental Health and Substance Abuse Social Workers,"Counsel clients in individual or group sessions to assist them in dealing with substance abuse, mental or physical illness, poverty, unemployment, or physical abuse.",Problem Sensitivity,3,0
273,Mental Health and Substance Abuse Social Workers,"Counsel clients in individual or group sessions to assist them in dealing with substance abuse, mental or physical illness, poverty, unemployment, or physical abuse.",Speech Clarity,2,0
273,Mental Health and Substance Abuse Social Workers,"Counsel clients in individual or group sessions to assist them in dealing with substance abuse, mental or physical illness, poverty, unemployment, or physical abuse.",Speech Recognition,2,0
273,Mental Health and Substance Abuse Social Workers,"Counsel clients in individual or group sessions to assist them in dealing with substance abuse, mental or physical illness, poverty, unemployment, or physical abuse.",Inductive Reasoning,2,0
273,Mental Health and Substance Abuse Social Workers,"Counsel clients in individual or group sessions to assist them in dealing with substance abuse, mental or physical illness, poverty, unemployment, or physical abuse.",Selective Attention,2,0
275,Mental Health and Substance Abuse Social Workers,"Collaborate with counselors, physicians, or nurses to plan or coordinate treatment, drawing on social work experience and patient needs.",Oral Comprehension,3,0
275,Mental Health and Substance Abuse Social Workers,"Collaborate with counselors, physicians, or nurses to plan or coordinate treatment, drawing on social work experience and patient needs.",Oral Expression,3,0
275,Mental Health and Substance Abuse Social Workers,"Collaborate with counselors, physicians, or nurses to plan or coordinate treatment, drawing on social work experience and patient needs.",Written Comprehension,2,0
275,Mental Health and Substance Abuse Social Workers,"Collaborate with counselors, physicians, or nurses to plan or coordinate treatment, drawing on social work experience and patient needs.",Problem Sensitivity,2,0
275,Mental Health and Substance Abuse Social Workers,"Collaborate with counselors, physicians, or nurses to plan or coordinate treatment, drawing on social work experience and patient needs.",Deductive Reasoning,2,0
275,Mental Health and Substance Abuse Social Workers,"Collaborate with counselors, physicians, or nurses to plan or coordinate treatment, drawing on social work experience and patient needs.",Information Ordering,2,0
275,Mental Health and Substance Abuse Social Workers,"Collaborate with counselors, physicians, or nurses to plan or coordinate treatment, drawing on social work experience and patient needs.",Speech Recognition,2,0
276,Mental Health and Substance Abuse Social Workers,"Monitor, evaluate, and record client progress with respect to treatment goals.",Written Expression,3,0
276,Mental Health and Substance Abuse Social Workers,"Monitor, evaluate, and record client progress with respect to treatment goals.",Written Comprehension,2,0
276,Mental Health and Substance Abuse Social Workers,"Monitor, evaluate, and record client progress with respect to treatment goals.",Deductive Reasoning,2,0
276,Mental Health and Substance Abuse Social Workers,"Monitor, evaluate, and record client progress with respect to treatment goals.",Information Ordering,2,0
276,Mental Health and Substance Abuse Social Workers,"Monitor, evaluate, and record client progress with respect to treatment goals.",Problem Sensitivity,2,0
276,Mental Health and Substance Abuse Social Workers,"Monitor, evaluate, and record client progress with respect to treatment goals.",Near Vision,2,0
276,Mental Health and Substance Abuse Social Workers,"Monitor, evaluate, and record client progress with respect to treatment goals.",Perceptual Speed,1,0
18487,Mental Health and Substance Abuse Social Workers,"Interview clients, review records, conduct assessments, or confer with other professionals to evaluate the mental or physical condition of clients or patients.",Oral Comprehension,3,0
18487,Mental Health and Substance Abuse Social Workers,"Interview clients, review records, conduct assessments, or confer with other professionals to evaluate the mental or physical condition of clients or patients.",Inductive Reasoning,3,0
18487,Mental Health and Substance Abuse Social Workers,"Interview clients, review records, conduct assessments, or confer with other professionals to evaluate the mental or physical condition of clients or patients.",Problem Sensitivity,3,0
18487,Mental Health and Substance Abuse Social Workers,"Interview clients, review records, conduct assessments, or confer with other professionals to evaluate the mental or physical condition of clients or patients.",Deductive Reasoning,2,0
18487,Mental Health and Substance Abuse Social Workers,"Interview clients, review records, conduct assessments, or confer with other professionals to evaluate the mental or physical condition of clients or patients.",Written Comprehension,2,0
18487,Mental Health and Substance Abuse Social Workers,"Interview clients, review records, conduct assessments, or confer with other professionals to evaluate the mental or physical condition of clients or patients.",Speech Recognition,2,0
18487,Mental Health and Substance Abuse Social Workers,"Interview clients, review records, conduct assessments, or confer with other professionals to evaluate the mental or physical condition of clients or patients.",Near Vision,2,0
281,Mental Health and Substance Abuse Social Workers,Supervise or direct other workers who provide services to clients or patients.,Oral Expression,3,0
281,Mental Health and Substance Abuse Social Workers,Supervise or direct other workers who provide services to clients or patients.,Oral Comprehension,2,0
281,Mental Health and Substance Abuse Social Workers,Supervise or direct other workers who provide services to clients or patients.,Deductive Reasoning,2,0
281,Mental Health and Substance Abuse Social Workers,Supervise or direct other workers who provide services to clients or patients.,Problem Sensitivity,2,0
281,Mental Health and Substance Abuse Social Workers,Supervise or direct other workers who provide services to clients or patients.,Written Comprehension,2,0
281,Mental Health and Substance Abuse Social Workers,Supervise or direct other workers who provide services to clients or patients.,Speech Clarity,2,0
281,Mental Health and Substance Abuse Social Workers,Supervise or direct other workers who provide services to clients or patients.,Information Ordering,1,0
279,Mental Health and Substance Abuse Social Workers,Modify treatment plans according to changes in client status.,Deductive Reasoning,3,0
279,Mental Health and Substance Abuse Social Workers,Modify treatment plans according to changes in client status.,Inductive Reasoning,3,0
279,Mental Health and Substance Abuse Social Workers,Modify treatment plans according to changes in client status.,Problem Sensitivity,3,0
279,Mental Health and Substance Abuse Social Workers,Modify treatment plans according to changes in client status.,Written Expression,2,0
279,Mental Health and Substance Abuse Social Workers,Modify treatment plans according to changes in client status.,Written Comprehension,2,0
279,Mental Health and Substance Abuse Social Workers,Modify treatment plans according to changes in client status.,Information Ordering,2,0
18489,Mental Health and Substance Abuse Social Workers,"Assist clients in adhering to treatment plans, such as setting up appointments, arranging for transportation to appointments, or providing support.",Oral Expression,3,0
18489,Mental Health and Substance Abuse Social Workers,"Assist clients in adhering to treatment plans, such as setting up appointments, arranging for transportation to appointments, or providing support.",Oral Comprehension,2,0
18489,Mental Health and Substance Abuse Social Workers,"Assist clients in adhering to treatment plans, such as setting up appointments, arranging for transportation to appointments, or providing support.",Problem Sensitivity,2,0
18489,Mental Health and Substance Abuse Social Workers,"Assist clients in adhering to treatment plans, such as setting up appointments, arranging for transportation to appointments, or providing support.",Information Ordering,2,0
18489,Mental Health and Substance Abuse Social Workers,"Assist clients in adhering to treatment plans, such as setting up appointments, arranging for transportation to appointments, or providing support.",Deductive Reasoning,1,0
18489,Mental Health and Substance Abuse Social Workers,"Assist clients in adhering to treatment plans, such as setting up appointments, arranging for transportation to appointments, or providing support.",Speech Clarity,2,0
18489,Mental Health and Substance Abuse Social Workers,"Assist clients in adhering to treatment plans, such as setting up appointments, arranging for transportation to appointments, or providing support.",Speech Recognition,2,0
18488,Mental Health and Substance Abuse Social Workers,"Educate clients or community members about mental or physical illness, abuse, medication, or available community resources.",Oral Expression,3,0
18488,Mental Health and Substance Abuse Social Workers,"Educate clients or community members about mental or physical illness, abuse, medication, or available community resources.",Oral Comprehension,2,0
18488,Mental Health and Substance Abuse Social Workers,"Educate clients or community members about mental or physical illness, abuse, medication, or available community resources.",Written Comprehension,2,0
18488,Mental Health and Substance Abuse Social Workers,"Educate clients or community members about mental or physical illness, abuse, medication, or available community resources.",Speech Clarity,3,0
18488,Mental Health and Substance Abuse Social Workers,"Educate clients or community members about mental or physical illness, abuse, medication, or available community resources.",Fluency of Ideas,2,0
18488,Mental Health and Substance Abuse Social Workers,"Educate clients or community members about mental or physical illness, abuse, medication, or available community resources.",Deductive Reasoning,2,0
18488,Mental Health and Substance Abuse Social Workers,"Educate clients or community members about mental or physical illness, abuse, medication, or available community resources.",Problem Sensitivity,1,0
278,Mental Health and Substance Abuse Social Workers,"Counsel or aid family members to assist them in understanding, dealing with, or supporting the client or patient.",Oral Expression,3,0
278,Mental Health and Substance Abuse Social Workers,"Counsel or aid family members to assist them in understanding, dealing with, or supporting the client or patient.",Oral Comprehension,3,0
278,Mental Health and Substance Abuse Social Workers,"Counsel or aid family members to assist them in understanding, dealing with, or supporting the client or patient.",Problem Sensitivity,2,0
278,Mental Health and Substance Abuse Social Workers,"Counsel or aid family members to assist them in understanding, dealing with, or supporting the client or patient.",Speech Clarity,2,0
278,Mental Health and Substance Abuse Social Workers,"Counsel or aid family members to assist them in understanding, dealing with, or supporting the client or patient.",Speech Recognition,2,0
278,Mental Health and Substance Abuse Social Workers,"Counsel or aid family members to assist them in understanding, dealing with, or supporting the client or patient.",Inductive Reasoning,2,0
278,Mental Health and Substance Abuse Social Workers,"Counsel or aid family members to assist them in understanding, dealing with, or supporting the client or patient.",Deductive Reasoning,1,0
18490,Mental Health and Substance Abuse Social Workers,"Increase social work knowledge by reviewing current literature, conducting social research, or attending seminars, training workshops, or classes.",Written Comprehension,3,0
18490,Mental Health and Substance Abuse Social Workers,"Increase social work knowledge by reviewing current literature, conducting social research, or attending seminars, training workshops, or classes.",Inductive Reasoning,2,0
18490,Mental Health and Substance Abuse Social Workers,"Increase social work knowledge by reviewing current literature, conducting social research, or attending seminars, training workshops, or classes.",Deductive Reasoning,2,0
18490,Mental Health and Substance Abuse Social Workers,"Increase social work knowledge by reviewing current literature, conducting social research, or attending seminars, training workshops, or classes.",Oral Comprehension,2,0
18490,Mental Health and Substance Abuse Social Workers,"Increase social work knowledge by reviewing current literature, conducting social research, or attending seminars, training workshops, or classes.",Information Ordering,2,0
18490,Mental Health and Substance Abuse Social Workers,"Increase social work knowledge by reviewing current literature, conducting social research, or attending seminars, training workshops, or classes.",Memorization,2,0
18490,Mental Health and Substance Abuse Social Workers,"Increase social work knowledge by reviewing current literature, conducting social research, or attending seminars, training workshops, or classes.",Near Vision,1,0
277,Mental Health and Substance Abuse Social Workers,"Refer patient, client, or family to community resources for housing or treatment to assist in recovery from mental or physical illness, following through to ensure service efficacy.",Oral Comprehension,3,0
277,Mental Health and Substance Abuse Social Workers,"Refer patient, client, or family to community resources for housing or treatment to assist in recovery from mental or physical illness, following through to ensure service efficacy.",Oral Expression,2,0
277,Mental Health and Substance Abuse Social Workers,"Refer patient, client, or family to community resources for housing or treatment to assist in recovery from mental or physical illness, following through to ensure service efficacy.",Information Ordering,2,0
277,Mental Health and Substance Abuse Social Workers,"Refer patient, client, or family to community resources for housing or treatment to assist in recovery from mental or physical illness, following through to ensure service efficacy.",Deductive Reasoning,2,0
277,Mental Health and Substance Abuse Social Workers,"Refer patient, client, or family to community resources for housing or treatment to assist in recovery from mental or physical illness, following through to ensure service efficacy.",Written Comprehension,2,0
277,Mental Health and Substance Abuse Social Workers,"Refer patient, client, or family to community resources for housing or treatment to assist in recovery from mental or physical illness, following through to ensure service efficacy.",Speech Clarity,2,0
277,Mental Health and Substance Abuse Social Workers,"Refer patient, client, or family to community resources for housing or treatment to assist in recovery from mental or physical illness, following through to ensure service efficacy.",Speech Recognition,2,0
280,Mental Health and Substance Abuse Social Workers,"Plan or conduct programs to prevent substance abuse, combat social problems, or improve health or counseling services in community.",Inductive Reasoning,3,0
280,Mental Health and Substance Abuse Social Workers,"Plan or conduct programs to prevent substance abuse, combat social problems, or improve health or counseling services in community.",Deductive Reasoning,2,0
280,Mental Health and Substance Abuse Social Workers,"Plan or conduct programs to prevent substance abuse, combat social problems, or improve health or counseling services in community.",Oral Expression,3,0
280,Mental Health and Substance Abuse Social Workers,"Plan or conduct programs to prevent substance abuse, combat social problems, or improve health or counseling services in community.",Written Expression,2,0
280,Mental Health and Substance Abuse Social Workers,"Plan or conduct programs to prevent substance abuse, combat social problems, or improve health or counseling services in community.",Information Ordering,2,0
280,Mental Health and Substance Abuse Social Workers,"Plan or conduct programs to prevent substance abuse, combat social problems, or improve health or counseling services in community.",Fluency of Ideas,2,0
280,Mental Health and Substance Abuse Social Workers,"Plan or conduct programs to prevent substance abuse, combat social problems, or improve health or counseling services in community.",Problem Sensitivity,2,0
282,Mental Health and Substance Abuse Social Workers,Develop or advise on social policy or assist in community development.,Deductive Reasoning,3,0
282,Mental Health and Substance Abuse Social Workers,Develop or advise on social policy or assist in community development.,Inductive Reasoning,2,0
282,Mental Health and Substance Abuse Social Workers,Develop or advise on social policy or assist in community development.,Written Expression,2,0
282,Mental Health and Substance Abuse Social Workers,Develop or advise on social policy or assist in community development.,Oral Expression,3,0
282,Mental Health and Substance Abuse Social Workers,Develop or advise on social policy or assist in community development.,Written Comprehension,2,0
282,Mental Health and Substance Abuse Social Workers,Develop or advise on social policy or assist in community development.,Fluency of Ideas,2,0
282,Mental Health and Substance Abuse Social Workers,Develop or advise on social policy or assist in community development.,Problem Sensitivity,1,0
20236,Health Education Specialists,"Prepare and distribute health education materials, such as reports, bulletins, and visual aids, to address smoking, vaccines, and other public health concerns.",Written Expression,3,0
20236,Health Education Specialists,"Prepare and distribute health education materials, such as reports, bulletins, and visual aids, to address smoking, vaccines, and other public health concerns.",Written Comprehension,2,0
20236,Health Education Specialists,"Prepare and distribute health education materials, such as reports, bulletins, and visual aids, to address smoking, vaccines, and other public health concerns.",Information Ordering,2,0
20236,Health Education Specialists,"Prepare and distribute health education materials, such as reports, bulletins, and visual aids, to address smoking, vaccines, and other public health concerns.",Near Vision,2,0
20236,Health Education Specialists,"Prepare and distribute health education materials, such as reports, bulletins, and visual aids, to address smoking, vaccines, and other public health concerns.",Fluency of Ideas,2,0
20236,Health Education Specialists,"Prepare and distribute health education materials, such as reports, bulletins, and visual aids, to address smoking, vaccines, and other public health concerns.",Originality,1,0
20236,Health Education Specialists,"Prepare and distribute health education materials, such as reports, bulletins, and visual aids, to address smoking, vaccines, and other public health concerns.",Finger Dexterity,1,0
9218,Health Education Specialists,Develop and maintain cooperative working relationships with agencies and organizations interested in public health care.,Oral Expression,3,0
9218,Health Education Specialists,Develop and maintain cooperative working relationships with agencies and organizations interested in public health care.,Oral Comprehension,3,0
9218,Health Education Specialists,Develop and maintain cooperative working relationships with agencies and organizations interested in public health care.,Speech Clarity,2,0
9218,Health Education Specialists,Develop and maintain cooperative working relationships with agencies and organizations interested in public health care.,Speech Recognition,2,0
9218,Health Education Specialists,Develop and maintain cooperative working relationships with agencies and organizations interested in public health care.,Deductive Reasoning,2,0
9218,Health Education Specialists,Develop and maintain cooperative working relationships with agencies and organizations interested in public health care.,Written Comprehension,2,0
9218,Health Education Specialists,Develop and maintain cooperative working relationships with agencies and organizations interested in public health care.,Inductive Reasoning,1,0
9222,Health Education Specialists,"Maintain databases, mailing lists, telephone networks, and other information to facilitate the functioning of health education programs.",Written Comprehension,2,0
9222,Health Education Specialists,"Maintain databases, mailing lists, telephone networks, and other information to facilitate the functioning of health education programs.",Written Expression,2,0
9222,Health Education Specialists,"Maintain databases, mailing lists, telephone networks, and other information to facilitate the functioning of health education programs.",Information Ordering,3,0
9222,Health Education Specialists,"Maintain databases, mailing lists, telephone networks, and other information to facilitate the functioning of health education programs.",Near Vision,2,0
9222,Health Education Specialists,"Maintain databases, mailing lists, telephone networks, and other information to facilitate the functioning of health education programs.",Perceptual Speed,2,0
9222,Health Education Specialists,"Maintain databases, mailing lists, telephone networks, and other information to facilitate the functioning of health education programs.",Finger Dexterity,2,0
9222,Health Education Specialists,"Maintain databases, mailing lists, telephone networks, and other information to facilitate the functioning of health education programs.",Selective Attention,2,0
9216,Health Education Specialists,"Document activities and record information, such as the numbers of applications completed, presentations conducted, and persons assisted.",Written Expression,3,0
9216,Health Education Specialists,"Document activities and record information, such as the numbers of applications completed, presentations conducted, and persons assisted.",Written Comprehension,2,0
9216,Health Education Specialists,"Document activities and record information, such as the numbers of applications completed, presentations conducted, and persons assisted.",Information Ordering,2,0
9216,Health Education Specialists,"Document activities and record information, such as the numbers of applications completed, presentations conducted, and persons assisted.",Near Vision,2,0
9216,Health Education Specialists,"Document activities and record information, such as the numbers of applications completed, presentations conducted, and persons assisted.",Number Facility,2,0
9216,Health Education Specialists,"Document activities and record information, such as the numbers of applications completed, presentations conducted, and persons assisted.",Perceptual Speed,2,0
9216,Health Education Specialists,"Document activities and record information, such as the numbers of applications completed, presentations conducted, and persons assisted.",Finger Dexterity,1,0
9217,Health Education Specialists,"Develop and present health education and promotion programs, such as training workshops, conferences, and school or community presentations.",Oral Expression,3,0
9217,Health Education Specialists,"Develop and present health education and promotion programs, such as training workshops, conferences, and school or community presentations.",Written Expression,2,0
9217,Health Education Specialists,"Develop and present health education and promotion programs, such as training workshops, conferences, and school or community presentations.",Fluency of Ideas,2,0
9217,Health Education Specialists,"Develop and present health education and promotion programs, such as training workshops, conferences, and school or community presentations.",Originality,2,0
9217,Health Education Specialists,"Develop and present health education and promotion programs, such as training workshops, conferences, and school or community presentations.",Inductive Reasoning,2,0
9217,Health Education Specialists,"Develop and present health education and promotion programs, such as training workshops, conferences, and school or community presentations.",Information Ordering,2,0
9217,Health Education Specialists,"Develop and present health education and promotion programs, such as training workshops, conferences, and school or community presentations.",Speech Clarity,3,0
9221,Health Education Specialists,Collaborate with health specialists and civic groups to determine community health needs and the availability of services and to develop goals for meeting needs.,Oral Comprehension,3,0
9221,Health Education Specialists,Collaborate with health specialists and civic groups to determine community health needs and the availability of services and to develop goals for meeting needs.,Oral Expression,2,0
9221,Health Education Specialists,Collaborate with health specialists and civic groups to determine community health needs and the availability of services and to develop goals for meeting needs.,Problem Sensitivity,2,0
9221,Health Education Specialists,Collaborate with health specialists and civic groups to determine community health needs and the availability of services and to develop goals for meeting needs.,Deductive Reasoning,2,0
9221,Health Education Specialists,Collaborate with health specialists and civic groups to determine community health needs and the availability of services and to develop goals for meeting needs.,Inductive Reasoning,2,0
9221,Health Education Specialists,Collaborate with health specialists and civic groups to determine community health needs and the availability of services and to develop goals for meeting needs.,Speech Recognition,2,0
9221,Health Education Specialists,Collaborate with health specialists and civic groups to determine community health needs and the availability of services and to develop goals for meeting needs.,Written Comprehension,2,0
9229,Health Education Specialists,"Develop, conduct, or coordinate health needs assessments and other public health surveys.",Inductive Reasoning,3,0
9229,Health Education Specialists,"Develop, conduct, or coordinate health needs assessments and other public health surveys.",Deductive Reasoning,2,0
9229,Health Education Specialists,"Develop, conduct, or coordinate health needs assessments and other public health surveys.",Written Expression,2,0
9229,Health Education Specialists,"Develop, conduct, or coordinate health needs assessments and other public health surveys.",Written Comprehension,2,0
9229,Health Education Specialists,"Develop, conduct, or coordinate health needs assessments and other public health surveys.",Mathematical Reasoning,2,0
9229,Health Education Specialists,"Develop, conduct, or coordinate health needs assessments and other public health surveys.",Information Ordering,2,0
9229,Health Education Specialists,"Develop, conduct, or coordinate health needs assessments and other public health surveys.",Problem Sensitivity,2,0
9223,Health Education Specialists,"Supervise professional and technical staff in implementing health programs, objectives, and goals.",Oral Expression,3,0
9223,Health Education Specialists,"Supervise professional and technical staff in implementing health programs, objectives, and goals.",Oral Comprehension,2,0
9223,Health Education Specialists,"Supervise professional and technical staff in implementing health programs, objectives, and goals.",Deductive Reasoning,2,0
9223,Health Education Specialists,"Supervise professional and technical staff in implementing health programs, objectives, and goals.",Information Ordering,2,0
9223,Health Education Specialists,"Supervise professional and technical staff in implementing health programs, objectives, and goals.",Problem Sensitivity,2,0
9223,Health Education Specialists,"Supervise professional and technical staff in implementing health programs, objectives, and goals.",Written Comprehension,2,0
9223,Health Education Specialists,"Supervise professional and technical staff in implementing health programs, objectives, and goals.",Speech Clarity,2,0
9220,Health Education Specialists,Develop operational plans and policies necessary to achieve health education objectives and services.,Deductive Reasoning,3,0
9220,Health Education Specialists,Develop operational plans and policies necessary to achieve health education objectives and services.,Inductive Reasoning,2,0
9220,Health Education Specialists,Develop operational plans and policies necessary to achieve health education objectives and services.,Written Expression,3,0
9220,Health Education Specialists,Develop operational plans and policies necessary to achieve health education objectives and services.,Written Comprehension,2,0
9220,Health Education Specialists,Develop operational plans and policies necessary to achieve health education objectives and services.,Information Ordering,2,0
9220,Health Education Specialists,Develop operational plans and policies necessary to achieve health education objectives and services.,Fluency of Ideas,2,0
9220,Health Education Specialists,Develop operational plans and policies necessary to achieve health education objectives and services.,Problem Sensitivity,2,0
9225,Health Education Specialists,"Provide program information to the public by preparing and presenting press releases, conducting media campaigns, or maintaining program-related Web sites.",Written Expression,3,0
9225,Health Education Specialists,"Provide program information to the public by preparing and presenting press releases, conducting media campaigns, or maintaining program-related Web sites.",Oral Expression,3,0
9225,Health Education Specialists,"Provide program information to the public by preparing and presenting press releases, conducting media campaigns, or maintaining program-related Web sites.",Fluency of Ideas,2,0
9225,Health Education Specialists,"Provide program information to the public by preparing and presenting press releases, conducting media campaigns, or maintaining program-related Web sites.",Originality,2,0
9225,Health Education Specialists,"Provide program information to the public by preparing and presenting press releases, conducting media campaigns, or maintaining program-related Web sites.",Information Ordering,2,0
9225,Health Education Specialists,"Provide program information to the public by preparing and presenting press releases, conducting media campaigns, or maintaining program-related Web sites.",Speech Clarity,2,0
9225,Health Education Specialists,"Provide program information to the public by preparing and presenting press releases, conducting media campaigns, or maintaining program-related Web sites.",Near Vision,1,0
9228,Health Education Specialists,Develop and maintain health education libraries to provide resources for staff and community agencies.,Information Ordering,3,0
9228,Health Education Specialists,Develop and maintain health education libraries to provide resources for staff and community agencies.,Written Comprehension,2,0
9228,Health Education Specialists,Develop and maintain health education libraries to provide resources for staff and community agencies.,Deductive Reasoning,2,0
9228,Health Education Specialists,Develop and maintain health education libraries to provide resources for staff and community agencies.,Near Vision,2,0
9228,Health Education Specialists,Develop and maintain health education libraries to provide resources for staff and community agencies.,Perceptual Speed,1,0
9228,Health Education Specialists,Develop and maintain health education libraries to provide resources for staff and community agencies.,Written Expression,1,0
9224,Health Education Specialists,Design and conduct evaluations and diagnostic studies to assess the quality and performance of health education programs.,Inductive Reasoning,3,0
9224,Health Education Specialists,Design and conduct evaluations and diagnostic studies to assess the quality and performance of health education programs.,Deductive Reasoning,3,0
9224,Health Education Specialists,Design and conduct evaluations and diagnostic studies to assess the quality and performance of health education programs.,Mathematical Reasoning,2,0
9224,Health Education Specialists,Design and conduct evaluations and diagnostic studies to assess the quality and performance of health education programs.,Written Comprehension,2,0
9224,Health Education Specialists,Design and conduct evaluations and diagnostic studies to assess the quality and performance of health education programs.,Written Expression,2,0
9224,Health Education Specialists,Design and conduct evaluations and diagnostic studies to assess the quality and performance of health education programs.,Problem Sensitivity,2,0
9224,Health Education Specialists,Design and conduct evaluations and diagnostic studies to assess the quality and performance of health education programs.,Information Ordering,2,0
9226,Health Education Specialists,"Develop, prepare, and coordinate grant applications and grant-related activities to obtain funding for health education programs and related work.",Written Expression,3,0
9226,Health Education Specialists,"Develop, prepare, and coordinate grant applications and grant-related activities to obtain funding for health education programs and related work.",Written Comprehension,3,0
9226,Health Education Specialists,"Develop, prepare, and coordinate grant applications and grant-related activities to obtain funding for health education programs and related work.",Deductive Reasoning,2,0
9226,Health Education Specialists,"Develop, prepare, and coordinate grant applications and grant-related activities to obtain funding for health education programs and related work.",Information Ordering,2,0
9226,Health Education Specialists,"Develop, prepare, and coordinate grant applications and grant-related activities to obtain funding for health education programs and related work.",Number Facility,2,0
9226,Health Education Specialists,"Develop, prepare, and coordinate grant applications and grant-related activities to obtain funding for health education programs and related work.",Mathematical Reasoning,1,0
9226,Health Education Specialists,"Develop, prepare, and coordinate grant applications and grant-related activities to obtain funding for health education programs and related work.",Fluency of Ideas,2,0
9227,Health Education Specialists,Provide guidance to agencies and organizations on assessment of health education needs and on development and delivery of health education programs.,Oral Expression,3,0
9227,Health Education Specialists,Provide guidance to agencies and organizations on assessment of health education needs and on development and delivery of health education programs.,Oral Comprehension,2,0
9227,Health Education Specialists,Provide guidance to agencies and organizations on assessment of health education needs and on development and delivery of health education programs.,Deductive Reasoning,2,0
9227,Health Education Specialists,Provide guidance to agencies and organizations on assessment of health education needs and on development and delivery of health education programs.,Inductive Reasoning,2,0
9227,Health Education Specialists,Provide guidance to agencies and organizations on assessment of health education needs and on development and delivery of health education programs.,Written Comprehension,2,0
9227,Health Education Specialists,Provide guidance to agencies and organizations on assessment of health education needs and on development and delivery of health education programs.,Problem Sensitivity,2,0
9227,Health Education Specialists,Provide guidance to agencies and organizations on assessment of health education needs and on development and delivery of health education programs.,Speech Clarity,2,0
20237,Health Education Specialists,Design and administer training programs for new employees and continuing education for existing employees.,Oral Expression,3,0
20237,Health Education Specialists,Design and administer training programs for new employees and continuing education for existing employees.,Written Expression,2,0
20237,Health Education Specialists,Design and administer training programs for new employees and continuing education for existing employees.,Fluency of Ideas,2,0
20237,Health Education Specialists,Design and administer training programs for new employees and continuing education for existing employees.,Originality,2,0
20237,Health Education Specialists,Design and administer training programs for new employees and continuing education for existing employees.,Deductive Reasoning,2,0
20237,Health Education Specialists,Design and administer training programs for new employees and continuing education for existing employees.,Information Ordering,2,0
20237,Health Education Specialists,Design and administer training programs for new employees and continuing education for existing employees.,Speech Clarity,2,0
20235,Health Education Specialists,"Develop educational materials and programs for community agencies, local government, and state government.",Written Expression,3,0
20235,Health Education Specialists,"Develop educational materials and programs for community agencies, local government, and state government.",Fluency of Ideas,2,0
20235,Health Education Specialists,"Develop educational materials and programs for community agencies, local government, and state government.",Originality,2,0
20235,Health Education Specialists,"Develop educational materials and programs for community agencies, local government, and state government.",Inductive Reasoning,2,0
20235,Health Education Specialists,"Develop educational materials and programs for community agencies, local government, and state government.",Deductive Reasoning,2,0
20235,Health Education Specialists,"Develop educational materials and programs for community agencies, local government, and state government.",Information Ordering,2,0
20235,Health Education Specialists,"Develop educational materials and programs for community agencies, local government, and state government.",Written Comprehension,2,0
1614,Probation Officers and Correctional Treatment Specialists,Prepare and maintain case folder for each assigned inmate or offender.,Written Expression,3,0
1614,Probation Officers and Correctional Treatment Specialists,Prepare and maintain case folder for each assigned inmate or offender.,Written Comprehension,2,0
1614,Probation Officers and Correctional Treatment Specialists,Prepare and maintain case folder for each assigned inmate or offender.,Information Ordering,3,0
1614,Probation Officers and Correctional Treatment Specialists,Prepare and maintain case folder for each assigned inmate or offender.,Near Vision,2,0
1614,Probation Officers and Correctional Treatment Specialists,Prepare and maintain case folder for each assigned inmate or offender.,Perceptual Speed,2,0
1614,Probation Officers and Correctional Treatment Specialists,Prepare and maintain case folder for each assigned inmate or offender.,Finger Dexterity,1,0
1614,Probation Officers and Correctional Treatment Specialists,Prepare and maintain case folder for each assigned inmate or offender.,Memorization,1,0
1618,Probation Officers and Correctional Treatment Specialists,"Gather information about offenders' backgrounds by talking to offenders, their families and friends, and other people who have relevant information.",Oral Comprehension,3,0
1618,Probation Officers and Correctional Treatment Specialists,"Gather information about offenders' backgrounds by talking to offenders, their families and friends, and other people who have relevant information.",Speech Recognition,2,0
1618,Probation Officers and Correctional Treatment Specialists,"Gather information about offenders' backgrounds by talking to offenders, their families and friends, and other people who have relevant information.",Inductive Reasoning,2,0
1618,Probation Officers and Correctional Treatment Specialists,"Gather information about offenders' backgrounds by talking to offenders, their families and friends, and other people who have relevant information.",Problem Sensitivity,2,0
1618,Probation Officers and Correctional Treatment Specialists,"Gather information about offenders' backgrounds by talking to offenders, their families and friends, and other people who have relevant information.",Written Expression,2,0
1618,Probation Officers and Correctional Treatment Specialists,"Gather information about offenders' backgrounds by talking to offenders, their families and friends, and other people who have relevant information.",Selective Attention,2,0
1618,Probation Officers and Correctional Treatment Specialists,"Gather information about offenders' backgrounds by talking to offenders, their families and friends, and other people who have relevant information.",Deductive Reasoning,1,0
1625,Probation Officers and Correctional Treatment Specialists,Interview probationers and parolees regularly to evaluate their progress in accomplishing goals and maintaining the terms specified in their probation contracts and rehabilitation plans.,Oral Comprehension,3,0
1625,Probation Officers and Correctional Treatment Specialists,Interview probationers and parolees regularly to evaluate their progress in accomplishing goals and maintaining the terms specified in their probation contracts and rehabilitation plans.,Speech Recognition,2,0
1625,Probation Officers and Correctional Treatment Specialists,Interview probationers and parolees regularly to evaluate their progress in accomplishing goals and maintaining the terms specified in their probation contracts and rehabilitation plans.,Deductive Reasoning,2,0
1625,Probation Officers and Correctional Treatment Specialists,Interview probationers and parolees regularly to evaluate their progress in accomplishing goals and maintaining the terms specified in their probation contracts and rehabilitation plans.,Inductive Reasoning,2,0
1625,Probation Officers and Correctional Treatment Specialists,Interview probationers and parolees regularly to evaluate their progress in accomplishing goals and maintaining the terms specified in their probation contracts and rehabilitation plans.,Written Expression,2,0
1625,Probation Officers and Correctional Treatment Specialists,Interview probationers and parolees regularly to evaluate their progress in accomplishing goals and maintaining the terms specified in their probation contracts and rehabilitation plans.,Problem Sensitivity,2,0
1625,Probation Officers and Correctional Treatment Specialists,Interview probationers and parolees regularly to evaluate their progress in accomplishing goals and maintaining the terms specified in their probation contracts and rehabilitation plans.,Selective Attention,2,0
1617,Probation Officers and Correctional Treatment Specialists,Discuss with offenders how such issues as drug and alcohol abuse and anger management problems might have played roles in their criminal behavior.,Oral Expression,3,0
1617,Probation Officers and Correctional Treatment Specialists,Discuss with offenders how such issues as drug and alcohol abuse and anger management problems might have played roles in their criminal behavior.,Oral Comprehension,3,0
1617,Probation Officers and Correctional Treatment Specialists,Discuss with offenders how such issues as drug and alcohol abuse and anger management problems might have played roles in their criminal behavior.,Problem Sensitivity,2,0
1617,Probation Officers and Correctional Treatment Specialists,Discuss with offenders how such issues as drug and alcohol abuse and anger management problems might have played roles in their criminal behavior.,Speech Clarity,2,0
1617,Probation Officers and Correctional Treatment Specialists,Discuss with offenders how such issues as drug and alcohol abuse and anger management problems might have played roles in their criminal behavior.,Speech Recognition,2,0
1617,Probation Officers and Correctional Treatment Specialists,Discuss with offenders how such issues as drug and alcohol abuse and anger management problems might have played roles in their criminal behavior.,Inductive Reasoning,2,0
1617,Probation Officers and Correctional Treatment Specialists,Discuss with offenders how such issues as drug and alcohol abuse and anger management problems might have played roles in their criminal behavior.,Deductive Reasoning,1,0
20056,Probation Officers and Correctional Treatment Specialists,"Supervise people on community-based sentences, such as electronically monitored home detention, and provide field supervision of probationers by conducting curfew checks or visits to home, work, or school.",Far Vision,2,0
20056,Probation Officers and Correctional Treatment Specialists,"Supervise people on community-based sentences, such as electronically monitored home detention, and provide field supervision of probationers by conducting curfew checks or visits to home, work, or school.",Near Vision,1,0
20056,Probation Officers and Correctional Treatment Specialists,"Supervise people on community-based sentences, such as electronically monitored home detention, and provide field supervision of probationers by conducting curfew checks or visits to home, work, or school.",Oral Comprehension,2,0
20056,Probation Officers and Correctional Treatment Specialists,"Supervise people on community-based sentences, such as electronically monitored home detention, and provide field supervision of probationers by conducting curfew checks or visits to home, work, or school.",Oral Expression,2,0
20056,Probation Officers and Correctional Treatment Specialists,"Supervise people on community-based sentences, such as electronically monitored home detention, and provide field supervision of probationers by conducting curfew checks or visits to home, work, or school.",Problem Sensitivity,3,0
20056,Probation Officers and Correctional Treatment Specialists,"Supervise people on community-based sentences, such as electronically monitored home detention, and provide field supervision of probationers by conducting curfew checks or visits to home, work, or school.",Selective Attention,2,0
20056,Probation Officers and Correctional Treatment Specialists,"Supervise people on community-based sentences, such as electronically monitored home detention, and provide field supervision of probationers by conducting curfew checks or visits to home, work, or school.",Deductive Reasoning,2,0
20056,Probation Officers and Correctional Treatment Specialists,"Supervise people on community-based sentences, such as electronically monitored home detention, and provide field supervision of probationers by conducting curfew checks or visits to home, work, or school.",Gross Body Coordination,1,0
1628,Probation Officers and Correctional Treatment Specialists,"Investigate alleged parole violations, using interviews, surveillance, and search and seizure.",Problem Sensitivity,3,0
1628,Probation Officers and Correctional Treatment Specialists,"Investigate alleged parole violations, using interviews, surveillance, and search and seizure.",Inductive Reasoning,3,0
1628,Probation Officers and Correctional Treatment Specialists,"Investigate alleged parole violations, using interviews, surveillance, and search and seizure.",Oral Comprehension,2,0
1628,Probation Officers and Correctional Treatment Specialists,"Investigate alleged parole violations, using interviews, surveillance, and search and seizure.",Speech Recognition,2,0
1628,Probation Officers and Correctional Treatment Specialists,"Investigate alleged parole violations, using interviews, surveillance, and search and seizure.",Far Vision,2,0
1628,Probation Officers and Correctional Treatment Specialists,"Investigate alleged parole violations, using interviews, surveillance, and search and seizure.",Near Vision,2,0
1628,Probation Officers and Correctional Treatment Specialists,"Investigate alleged parole violations, using interviews, surveillance, and search and seizure.",Deductive Reasoning,2,0
1628,Probation Officers and Correctional Treatment Specialists,"Investigate alleged parole violations, using interviews, surveillance, and search and seizure.",Selective Attention,2,0
1624,Probation Officers and Correctional Treatment Specialists,Recommend remedial action or initiate court action in response to noncompliance with terms of probation or parole.,Deductive Reasoning,3,0
1624,Probation Officers and Correctional Treatment Specialists,Recommend remedial action or initiate court action in response to noncompliance with terms of probation or parole.,Written Expression,3,0
1624,Probation Officers and Correctional Treatment Specialists,Recommend remedial action or initiate court action in response to noncompliance with terms of probation or parole.,Written Comprehension,2,0
1624,Probation Officers and Correctional Treatment Specialists,Recommend remedial action or initiate court action in response to noncompliance with terms of probation or parole.,Oral Expression,2,0
1624,Probation Officers and Correctional Treatment Specialists,Recommend remedial action or initiate court action in response to noncompliance with terms of probation or parole.,Problem Sensitivity,2,0
1624,Probation Officers and Correctional Treatment Specialists,Recommend remedial action or initiate court action in response to noncompliance with terms of probation or parole.,Information Ordering,2,0
1624,Probation Officers and Correctional Treatment Specialists,Recommend remedial action or initiate court action in response to noncompliance with terms of probation or parole.,Inductive Reasoning,1,0
1621,Probation Officers and Correctional Treatment Specialists,"Arrange for medical, mental health, or substance abuse treatment services according to individual needs or court orders.",Oral Expression,2,0
1621,Probation Officers and Correctional Treatment Specialists,"Arrange for medical, mental health, or substance abuse treatment services according to individual needs or court orders.",Oral Comprehension,2,0
1621,Probation Officers and Correctional Treatment Specialists,"Arrange for medical, mental health, or substance abuse treatment services according to individual needs or court orders.",Information Ordering,3,0
1621,Probation Officers and Correctional Treatment Specialists,"Arrange for medical, mental health, or substance abuse treatment services according to individual needs or court orders.",Deductive Reasoning,2,0
1621,Probation Officers and Correctional Treatment Specialists,"Arrange for medical, mental health, or substance abuse treatment services according to individual needs or court orders.",Written Expression,2,0
1621,Probation Officers and Correctional Treatment Specialists,"Arrange for medical, mental health, or substance abuse treatment services according to individual needs or court orders.",Problem Sensitivity,2,0
1621,Probation Officers and Correctional Treatment Specialists,"Arrange for medical, mental health, or substance abuse treatment services according to individual needs or court orders.",Speech Clarity,1,0
1620,Probation Officers and Correctional Treatment Specialists,"Develop liaisons and networks with other parole officers, community agencies, correctional institutions, psychiatric facilities, and aftercare agencies to plan for helping offenders with life adjustments.",Oral Expression,3,0
1620,Probation Officers and Correctional Treatment Specialists,"Develop liaisons and networks with other parole officers, community agencies, correctional institutions, psychiatric facilities, and aftercare agencies to plan for helping offenders with life adjustments.",Oral Comprehension,2,0
1620,Probation Officers and Correctional Treatment Specialists,"Develop liaisons and networks with other parole officers, community agencies, correctional institutions, psychiatric facilities, and aftercare agencies to plan for helping offenders with life adjustments.",Deductive Reasoning,2,0
1620,Probation Officers and Correctional Treatment Specialists,"Develop liaisons and networks with other parole officers, community agencies, correctional institutions, psychiatric facilities, and aftercare agencies to plan for helping offenders with life adjustments.",Inductive Reasoning,2,0
1620,Probation Officers and Correctional Treatment Specialists,"Develop liaisons and networks with other parole officers, community agencies, correctional institutions, psychiatric facilities, and aftercare agencies to plan for helping offenders with life adjustments.",Written Comprehension,2,0
1620,Probation Officers and Correctional Treatment Specialists,"Develop liaisons and networks with other parole officers, community agencies, correctional institutions, psychiatric facilities, and aftercare agencies to plan for helping offenders with life adjustments.",Speech Clarity,2,0
1620,Probation Officers and Correctional Treatment Specialists,"Develop liaisons and networks with other parole officers, community agencies, correctional institutions, psychiatric facilities, and aftercare agencies to plan for helping offenders with life adjustments.",Information Ordering,1,0
20055,Probation Officers and Correctional Treatment Specialists,"Administer drug and alcohol tests, including random drug screens of offenders, to verify compliance with substance abuse treatment programs.",Deductive Reasoning,2,0
20055,Probation Officers and Correctional Treatment Specialists,"Administer drug and alcohol tests, including random drug screens of offenders, to verify compliance with substance abuse treatment programs.",Information Ordering,2,0
20055,Probation Officers and Correctional Treatment Specialists,"Administer drug and alcohol tests, including random drug screens of offenders, to verify compliance with substance abuse treatment programs.",Near Vision,2,0
20055,Probation Officers and Correctional Treatment Specialists,"Administer drug and alcohol tests, including random drug screens of offenders, to verify compliance with substance abuse treatment programs.",Manual Dexterity,2,0
20055,Probation Officers and Correctional Treatment Specialists,"Administer drug and alcohol tests, including random drug screens of offenders, to verify compliance with substance abuse treatment programs.",Finger Dexterity,2,0
20055,Probation Officers and Correctional Treatment Specialists,"Administer drug and alcohol tests, including random drug screens of offenders, to verify compliance with substance abuse treatment programs.",Written Expression,2,0
20055,Probation Officers and Correctional Treatment Specialists,"Administer drug and alcohol tests, including random drug screens of offenders, to verify compliance with substance abuse treatment programs.",Selective Attention,2,0
1616,Probation Officers and Correctional Treatment Specialists,"Inform offenders or inmates of requirements of conditional release, such as office visits, restitution payments, or educational and employment stipulations.",Oral Expression,3,0
1616,Probation Officers and Correctional Treatment Specialists,"Inform offenders or inmates of requirements of conditional release, such as office visits, restitution payments, or educational and employment stipulations.",Speech Clarity,2,0
1616,Probation Officers and Correctional Treatment Specialists,"Inform offenders or inmates of requirements of conditional release, such as office visits, restitution payments, or educational and employment stipulations.",Written Comprehension,2,0
1616,Probation Officers and Correctional Treatment Specialists,"Inform offenders or inmates of requirements of conditional release, such as office visits, restitution payments, or educational and employment stipulations.",Oral Comprehension,2,0
1616,Probation Officers and Correctional Treatment Specialists,"Inform offenders or inmates of requirements of conditional release, such as office visits, restitution payments, or educational and employment stipulations.",Deductive Reasoning,2,0
1616,Probation Officers and Correctional Treatment Specialists,"Inform offenders or inmates of requirements of conditional release, such as office visits, restitution payments, or educational and employment stipulations.",Information Ordering,2,0
1616,Probation Officers and Correctional Treatment Specialists,"Inform offenders or inmates of requirements of conditional release, such as office visits, restitution payments, or educational and employment stipulations.",Speech Recognition,1,0
1631,Probation Officers and Correctional Treatment Specialists,Participate in decisions about whether cases should go before courts and which court should hear them.,Deductive Reasoning,3,0
1631,Probation Officers and Correctional Treatment Specialists,Participate in decisions about whether cases should go before courts and which court should hear them.,Inductive Reasoning,2,0
1631,Probation Officers and Correctional Treatment Specialists,Participate in decisions about whether cases should go before courts and which court should hear them.,Oral Comprehension,3,0
1631,Probation Officers and Correctional Treatment Specialists,Participate in decisions about whether cases should go before courts and which court should hear them.,Oral Expression,2,0
1631,Probation Officers and Correctional Treatment Specialists,Participate in decisions about whether cases should go before courts and which court should hear them.,Written Comprehension,2,0
1631,Probation Officers and Correctional Treatment Specialists,Participate in decisions about whether cases should go before courts and which court should hear them.,Problem Sensitivity,2,0
1631,Probation Officers and Correctional Treatment Specialists,Participate in decisions about whether cases should go before courts and which court should hear them.,Speech Recognition,1,0
1615,Probation Officers and Correctional Treatment Specialists,Write reports describing offenders' progress.,Written Expression,3,0
1615,Probation Officers and Correctional Treatment Specialists,Write reports describing offenders' progress.,Written Comprehension,2,0
1615,Probation Officers and Correctional Treatment Specialists,Write reports describing offenders' progress.,Deductive Reasoning,2,0
1615,Probation Officers and Correctional Treatment Specialists,Write reports describing offenders' progress.,Information Ordering,2,0
1615,Probation Officers and Correctional Treatment Specialists,Write reports describing offenders' progress.,Near Vision,2,0
1615,Probation Officers and Correctional Treatment Specialists,Write reports describing offenders' progress.,Fluency of Ideas,2,0
1615,Probation Officers and Correctional Treatment Specialists,Write reports describing offenders' progress.,Finger Dexterity,1,0
1629,Probation Officers and Correctional Treatment Specialists,Conduct prehearing and presentencing investigations and testify in court regarding offenders' backgrounds and recommended sentences and sentencing conditions.,Inductive Reasoning,3,0
1629,Probation Officers and Correctional Treatment Specialists,Conduct prehearing and presentencing investigations and testify in court regarding offenders' backgrounds and recommended sentences and sentencing conditions.,Oral Expression,3,0
1629,Probation Officers and Correctional Treatment Specialists,Conduct prehearing and presentencing investigations and testify in court regarding offenders' backgrounds and recommended sentences and sentencing conditions.,Written Expression,2,0
1629,Probation Officers and Correctional Treatment Specialists,Conduct prehearing and presentencing investigations and testify in court regarding offenders' backgrounds and recommended sentences and sentencing conditions.,Written Comprehension,2,0
1629,Probation Officers and Correctional Treatment Specialists,Conduct prehearing and presentencing investigations and testify in court regarding offenders' backgrounds and recommended sentences and sentencing conditions.,Speech Clarity,3,0
1629,Probation Officers and Correctional Treatment Specialists,Conduct prehearing and presentencing investigations and testify in court regarding offenders' backgrounds and recommended sentences and sentencing conditions.,Deductive Reasoning,2,0
1629,Probation Officers and Correctional Treatment Specialists,Conduct prehearing and presentencing investigations and testify in court regarding offenders' backgrounds and recommended sentences and sentencing conditions.,Problem Sensitivity,2,0
1623,Probation Officers and Correctional Treatment Specialists,"Arrange for postrelease services, such as employment, housing, counseling, education, and social activities.",Oral Expression,2,0
1623,Probation Officers and Correctional Treatment Specialists,"Arrange for postrelease services, such as employment, housing, counseling, education, and social activities.",Oral Comprehension,2,0
1623,Probation Officers and Correctional Treatment Specialists,"Arrange for postrelease services, such as employment, housing, counseling, education, and social activities.",Information Ordering,3,0
1623,Probation Officers and Correctional Treatment Specialists,"Arrange for postrelease services, such as employment, housing, counseling, education, and social activities.",Deductive Reasoning,2,0
1623,Probation Officers and Correctional Treatment Specialists,"Arrange for postrelease services, such as employment, housing, counseling, education, and social activities.",Written Expression,2,0
1623,Probation Officers and Correctional Treatment Specialists,"Arrange for postrelease services, such as employment, housing, counseling, education, and social activities.",Problem Sensitivity,2,0
1623,Probation Officers and Correctional Treatment Specialists,"Arrange for postrelease services, such as employment, housing, counseling, education, and social activities.",Speech Clarity,1,0
1622,Probation Officers and Correctional Treatment Specialists,"Provide offenders or inmates with assistance in matters concerning detainers, sentences in other jurisdictions, writs, and applications for social assistance.",Oral Expression,2,0
1622,Probation Officers and Correctional Treatment Specialists,"Provide offenders or inmates with assistance in matters concerning detainers, sentences in other jurisdictions, writs, and applications for social assistance.",Oral Comprehension,2,0
1622,Probation Officers and Correctional Treatment Specialists,"Provide offenders or inmates with assistance in matters concerning detainers, sentences in other jurisdictions, writs, and applications for social assistance.",Written Comprehension,3,0
1622,Probation Officers and Correctional Treatment Specialists,"Provide offenders or inmates with assistance in matters concerning detainers, sentences in other jurisdictions, writs, and applications for social assistance.",Deductive Reasoning,2,0
1622,Probation Officers and Correctional Treatment Specialists,"Provide offenders or inmates with assistance in matters concerning detainers, sentences in other jurisdictions, writs, and applications for social assistance.",Written Expression,2,0
1622,Probation Officers and Correctional Treatment Specialists,"Provide offenders or inmates with assistance in matters concerning detainers, sentences in other jurisdictions, writs, and applications for social assistance.",Information Ordering,2,0
1622,Probation Officers and Correctional Treatment Specialists,"Provide offenders or inmates with assistance in matters concerning detainers, sentences in other jurisdictions, writs, and applications for social assistance.",Speech Clarity,1,0
1633,Probation Officers and Correctional Treatment Specialists,"Develop and prepare packets containing information about social service agencies, assistance organizations, and programs that might be useful for inmates or offenders.",Written Expression,3,0
1633,Probation Officers and Correctional Treatment Specialists,"Develop and prepare packets containing information about social service agencies, assistance organizations, and programs that might be useful for inmates or offenders.",Information Ordering,3,0
1633,Probation Officers and Correctional Treatment Specialists,"Develop and prepare packets containing information about social service agencies, assistance organizations, and programs that might be useful for inmates or offenders.",Written Comprehension,2,0
1633,Probation Officers and Correctional Treatment Specialists,"Develop and prepare packets containing information about social service agencies, assistance organizations, and programs that might be useful for inmates or offenders.",Deductive Reasoning,2,0
1633,Probation Officers and Correctional Treatment Specialists,"Develop and prepare packets containing information about social service agencies, assistance organizations, and programs that might be useful for inmates or offenders.",Near Vision,2,0
1633,Probation Officers and Correctional Treatment Specialists,"Develop and prepare packets containing information about social service agencies, assistance organizations, and programs that might be useful for inmates or offenders.",Fluency of Ideas,1,0
1633,Probation Officers and Correctional Treatment Specialists,"Develop and prepare packets containing information about social service agencies, assistance organizations, and programs that might be useful for inmates or offenders.",Finger Dexterity,1,0
1619,Probation Officers and Correctional Treatment Specialists,"Develop rehabilitation programs for assigned offenders or inmates, establishing rules of conduct, goals, and objectives.",Inductive Reasoning,3,0
1619,Probation Officers and Correctional Treatment Specialists,"Develop rehabilitation programs for assigned offenders or inmates, establishing rules of conduct, goals, and objectives.",Deductive Reasoning,2,0
1619,Probation Officers and Correctional Treatment Specialists,"Develop rehabilitation programs for assigned offenders or inmates, establishing rules of conduct, goals, and objectives.",Written Expression,2,0
1619,Probation Officers and Correctional Treatment Specialists,"Develop rehabilitation programs for assigned offenders or inmates, establishing rules of conduct, goals, and objectives.",Fluency of Ideas,2,0
1619,Probation Officers and Correctional Treatment Specialists,"Develop rehabilitation programs for assigned offenders or inmates, establishing rules of conduct, goals, and objectives.",Originality,2,0
1619,Probation Officers and Correctional Treatment Specialists,"Develop rehabilitation programs for assigned offenders or inmates, establishing rules of conduct, goals, and objectives.",Information Ordering,2,0
1619,Probation Officers and Correctional Treatment Specialists,"Develop rehabilitation programs for assigned offenders or inmates, establishing rules of conduct, goals, and objectives.",Problem Sensitivity,2,0
1630,Probation Officers and Correctional Treatment Specialists,Recommend appropriate penitentiary for initial placement of an offender.,Deductive Reasoning,3,0
1630,Probation Officers and Correctional Treatment Specialists,Recommend appropriate penitentiary for initial placement of an offender.,Inductive Reasoning,2,0
1630,Probation Officers and Correctional Treatment Specialists,Recommend appropriate penitentiary for initial placement of an offender.,Written Expression,2,0
1630,Probation Officers and Correctional Treatment Specialists,Recommend appropriate penitentiary for initial placement of an offender.,Written Comprehension,2,0
1630,Probation Officers and Correctional Treatment Specialists,Recommend appropriate penitentiary for initial placement of an offender.,Problem Sensitivity,2,0
1630,Probation Officers and Correctional Treatment Specialists,Recommend appropriate penitentiary for initial placement of an offender.,Information Ordering,2,0
1630,Probation Officers and Correctional Treatment Specialists,Recommend appropriate penitentiary for initial placement of an offender.,Memorization,1,0
1627,Probation Officers and Correctional Treatment Specialists,Assess the suitability of penitentiary inmates for release under parole and statutory release programs and submit recommendations to parole boards.,Inductive Reasoning,3,0
1627,Probation Officers and Correctional Treatment Specialists,Assess the suitability of penitentiary inmates for release under parole and statutory release programs and submit recommendations to parole boards.,Deductive Reasoning,3,0
1627,Probation Officers and Correctional Treatment Specialists,Assess the suitability of penitentiary inmates for release under parole and statutory release programs and submit recommendations to parole boards.,Problem Sensitivity,3,0
1627,Probation Officers and Correctional Treatment Specialists,Assess the suitability of penitentiary inmates for release under parole and statutory release programs and submit recommendations to parole boards.,Written Expression,2,0
1627,Probation Officers and Correctional Treatment Specialists,Assess the suitability of penitentiary inmates for release under parole and statutory release programs and submit recommendations to parole boards.,Written Comprehension,2,0
1627,Probation Officers and Correctional Treatment Specialists,Assess the suitability of penitentiary inmates for release under parole and statutory release programs and submit recommendations to parole boards.,Information Ordering,2,0
1627,Probation Officers and Correctional Treatment Specialists,Assess the suitability of penitentiary inmates for release under parole and statutory release programs and submit recommendations to parole boards.,Oral Comprehension,1,0
1632,Probation Officers and Correctional Treatment Specialists,Identify and approve work placements for offenders with community service sentences.,Deductive Reasoning,3,0
1632,Probation Officers and Correctional Treatment Specialists,Identify and approve work placements for offenders with community service sentences.,Inductive Reasoning,2,0
1632,Probation Officers and Correctional Treatment Specialists,Identify and approve work placements for offenders with community service sentences.,Oral Expression,2,0
1632,Probation Officers and Correctional Treatment Specialists,Identify and approve work placements for offenders with community service sentences.,Problem Sensitivity,2,0
1632,Probation Officers and Correctional Treatment Specialists,Identify and approve work placements for offenders with community service sentences.,Written Expression,2,0
1632,Probation Officers and Correctional Treatment Specialists,Identify and approve work placements for offenders with community service sentences.,Information Ordering,2,0
1632,Probation Officers and Correctional Treatment Specialists,Identify and approve work placements for offenders with community service sentences.,Written Comprehension,1,0
21179,Social and Human Service Assistants,Assess clients' cognitive abilities and physical and emotional needs to determine appropriate interventions.,Inductive Reasoning,3,0
21179,Social and Human Service Assistants,Assess clients' cognitive abilities and physical and emotional needs to determine appropriate interventions.,Problem Sensitivity,3,0
21179,Social and Human Service Assistants,Assess clients' cognitive abilities and physical and emotional needs to determine appropriate interventions.,Oral Comprehension,2,0
21179,Social and Human Service Assistants,Assess clients' cognitive abilities and physical and emotional needs to determine appropriate interventions.,Deductive Reasoning,2,0
21179,Social and Human Service Assistants,Assess clients' cognitive abilities and physical and emotional needs to determine appropriate interventions.,Near Vision,2,0
21179,Social and Human Service Assistants,Assess clients' cognitive abilities and physical and emotional needs to determine appropriate interventions.,Written Comprehension,2,0
21179,Social and Human Service Assistants,Assess clients' cognitive abilities and physical and emotional needs to determine appropriate interventions.,Speech Recognition,2,0
21180,Social and Human Service Assistants,Develop and implement behavioral management and care plans for clients.,Deductive Reasoning,3,0
21180,Social and Human Service Assistants,Develop and implement behavioral management and care plans for clients.,Inductive Reasoning,2,0
21180,Social and Human Service Assistants,Develop and implement behavioral management and care plans for clients.,Written Expression,2,0
21180,Social and Human Service Assistants,Develop and implement behavioral management and care plans for clients.,Information Ordering,2,0
21180,Social and Human Service Assistants,Develop and implement behavioral management and care plans for clients.,Problem Sensitivity,2,0
21180,Social and Human Service Assistants,Develop and implement behavioral management and care plans for clients.,Fluency of Ideas,2,0
21180,Social and Human Service Assistants,Develop and implement behavioral management and care plans for clients.,Oral Expression,1,0
3754,Social and Human Service Assistants,Keep records or prepare reports for owner or management concerning visits with clients.,Written Expression,3,0
3754,Social and Human Service Assistants,Keep records or prepare reports for owner or management concerning visits with clients.,Written Comprehension,2,0
3754,Social and Human Service Assistants,Keep records or prepare reports for owner or management concerning visits with clients.,Information Ordering,2,0
3754,Social and Human Service Assistants,Keep records or prepare reports for owner or management concerning visits with clients.,Near Vision,2,0
3754,Social and Human Service Assistants,Keep records or prepare reports for owner or management concerning visits with clients.,Perceptual Speed,2,0
3754,Social and Human Service Assistants,Keep records or prepare reports for owner or management concerning visits with clients.,Finger Dexterity,1,0
3755,Social and Human Service Assistants,"Visit individuals in homes or attend group meetings to provide information on agency services, requirements, or procedures.",Oral Expression,3,0
3755,Social and Human Service Assistants,"Visit individuals in homes or attend group meetings to provide information on agency services, requirements, or procedures.",Oral Comprehension,2,0
3755,Social and Human Service Assistants,"Visit individuals in homes or attend group meetings to provide information on agency services, requirements, or procedures.",Speech Clarity,2,0
3755,Social and Human Service Assistants,"Visit individuals in homes or attend group meetings to provide information on agency services, requirements, or procedures.",Deductive Reasoning,2,0
3755,Social and Human Service Assistants,"Visit individuals in homes or attend group meetings to provide information on agency services, requirements, or procedures.",Gross Body Coordination,1,0
3755,Social and Human Service Assistants,"Visit individuals in homes or attend group meetings to provide information on agency services, requirements, or procedures.",Far Vision,1,0
3755,Social and Human Service Assistants,"Visit individuals in homes or attend group meetings to provide information on agency services, requirements, or procedures.",Speech Recognition,2,0
3757,Social and Human Service Assistants,Submit reports and review reports or problems with superior.,Written Expression,3,0
3757,Social and Human Service Assistants,Submit reports and review reports or problems with superior.,Written Comprehension,2,0
3757,Social and Human Service Assistants,Submit reports and review reports or problems with superior.,Oral Expression,2,0
3757,Social and Human Service Assistants,Submit reports and review reports or problems with superior.,Oral Comprehension,2,0
3757,Social and Human Service Assistants,Submit reports and review reports or problems with superior.,Information Ordering,2,0
3757,Social and Human Service Assistants,Submit reports and review reports or problems with superior.,Near Vision,2,0
3757,Social and Human Service Assistants,Submit reports and review reports or problems with superior.,Speech Clarity,1,0
3759,Social and Human Service Assistants,"Interview individuals or family members to compile information on social, educational, criminal, institutional, or drug history.",Oral Comprehension,3,0
3759,Social and Human Service Assistants,"Interview individuals or family members to compile information on social, educational, criminal, institutional, or drug history.",Speech Recognition,2,0
3759,Social and Human Service Assistants,"Interview individuals or family members to compile information on social, educational, criminal, institutional, or drug history.",Inductive Reasoning,2,0
3759,Social and Human Service Assistants,"Interview individuals or family members to compile information on social, educational, criminal, institutional, or drug history.",Written Expression,2,0
3759,Social and Human Service Assistants,"Interview individuals or family members to compile information on social, educational, criminal, institutional, or drug history.",Selective Attention,2,0
3759,Social and Human Service Assistants,"Interview individuals or family members to compile information on social, educational, criminal, institutional, or drug history.",Problem Sensitivity,2,0
3759,Social and Human Service Assistants,"Interview individuals or family members to compile information on social, educational, criminal, institutional, or drug history.",Memorization,1,0
3753,Social and Human Service Assistants,Provide information or refer individuals to public or private agencies or community services for assistance.,Oral Expression,3,0
3753,Social and Human Service Assistants,Provide information or refer individuals to public or private agencies or community services for assistance.,Oral Comprehension,2,0
3753,Social and Human Service Assistants,Provide information or refer individuals to public or private agencies or community services for assistance.,Information Ordering,2,0
3753,Social and Human Service Assistants,Provide information or refer individuals to public or private agencies or community services for assistance.,Deductive Reasoning,2,0
3753,Social and Human Service Assistants,Provide information or refer individuals to public or private agencies or community services for assistance.,Speech Clarity,2,0
3753,Social and Human Service Assistants,Provide information or refer individuals to public or private agencies or community services for assistance.,Written Comprehension,1,0
3753,Social and Human Service Assistants,Provide information or refer individuals to public or private agencies or community services for assistance.,Speech Recognition,1,0
3756,Social and Human Service Assistants,"Advise clients regarding food stamps, child care, food, money management, sanitation, or housekeeping.",Oral Expression,3,0
3756,Social and Human Service Assistants,"Advise clients regarding food stamps, child care, food, money management, sanitation, or housekeeping.",Oral Comprehension,2,0
3756,Social and Human Service Assistants,"Advise clients regarding food stamps, child care, food, money management, sanitation, or housekeeping.",Deductive Reasoning,2,0
3756,Social and Human Service Assistants,"Advise clients regarding food stamps, child care, food, money management, sanitation, or housekeeping.",Information Ordering,2,0
3756,Social and Human Service Assistants,"Advise clients regarding food stamps, child care, food, money management, sanitation, or housekeeping.",Speech Clarity,2,0
3756,Social and Human Service Assistants,"Advise clients regarding food stamps, child care, food, money management, sanitation, or housekeeping.",Problem Sensitivity,1,0
3756,Social and Human Service Assistants,"Advise clients regarding food stamps, child care, food, money management, sanitation, or housekeeping.",Written Comprehension,1,0
3758,Social and Human Service Assistants,Oversee day-to-day group activities of residents in institution.,Oral Expression,2,0
3758,Social and Human Service Assistants,Oversee day-to-day group activities of residents in institution.,Problem Sensitivity,2,0
3758,Social and Human Service Assistants,Oversee day-to-day group activities of residents in institution.,Far Vision,2,0
3758,Social and Human Service Assistants,Oversee day-to-day group activities of residents in institution.,Near Vision,1,0
3758,Social and Human Service Assistants,Oversee day-to-day group activities of residents in institution.,Selective Attention,2,0
3758,Social and Human Service Assistants,Oversee day-to-day group activities of residents in institution.,Deductive Reasoning,2,0
3758,Social and Human Service Assistants,Oversee day-to-day group activities of residents in institution.,Oral Comprehension,2,0
3758,Social and Human Service Assistants,Oversee day-to-day group activities of residents in institution.,Gross Body Coordination,1,0
3770,Social and Human Service Assistants,Assist in locating housing for displaced individuals.,Oral Expression,2,0
3770,Social and Human Service Assistants,Assist in locating housing for displaced individuals.,Oral Comprehension,2,0
3770,Social and Human Service Assistants,Assist in locating housing for displaced individuals.,Inductive Reasoning,2,0
3770,Social and Human Service Assistants,Assist in locating housing for displaced individuals.,Written Comprehension,2,0
3770,Social and Human Service Assistants,Assist in locating housing for displaced individuals.,Information Ordering,2,0
3770,Social and Human Service Assistants,Assist in locating housing for displaced individuals.,Problem Sensitivity,2,0
3770,Social and Human Service Assistants,Assist in locating housing for displaced individuals.,Deductive Reasoning,1,0
3765,Social and Human Service Assistants,Consult with supervisor concerning programs for individual families.,Oral Expression,2,0
3765,Social and Human Service Assistants,Consult with supervisor concerning programs for individual families.,Oral Comprehension,3,0
3765,Social and Human Service Assistants,Consult with supervisor concerning programs for individual families.,Speech Recognition,2,0
3765,Social and Human Service Assistants,Consult with supervisor concerning programs for individual families.,Speech Clarity,2,0
3765,Social and Human Service Assistants,Consult with supervisor concerning programs for individual families.,Problem Sensitivity,2,0
3765,Social and Human Service Assistants,Consult with supervisor concerning programs for individual families.,Deductive Reasoning,2,0
3765,Social and Human Service Assistants,Consult with supervisor concerning programs for individual families.,Inductive Reasoning,1,0
3764,Social and Human Service Assistants,Demonstrate use and care of equipment for tenant use.,Oral Expression,3,0
3764,Social and Human Service Assistants,Demonstrate use and care of equipment for tenant use.,Manual Dexterity,2,0
3764,Social and Human Service Assistants,Demonstrate use and care of equipment for tenant use.,Finger Dexterity,2,0
3764,Social and Human Service Assistants,Demonstrate use and care of equipment for tenant use.,Near Vision,2,0
3764,Social and Human Service Assistants,Demonstrate use and care of equipment for tenant use.,Speech Clarity,2,0
3764,Social and Human Service Assistants,Demonstrate use and care of equipment for tenant use.,Deductive Reasoning,1,0
3764,Social and Human Service Assistants,Demonstrate use and care of equipment for tenant use.,Control Precision,1,0
3772,Social and Human Service Assistants,"Assist in planning food budgets, using charts or sample budgets.",Mathematical Reasoning,2,0
3772,Social and Human Service Assistants,"Assist in planning food budgets, using charts or sample budgets.",Number Facility,2,0
3772,Social and Human Service Assistants,"Assist in planning food budgets, using charts or sample budgets.",Written Comprehension,2,0
3772,Social and Human Service Assistants,"Assist in planning food budgets, using charts or sample budgets.",Near Vision,2,0
3772,Social and Human Service Assistants,"Assist in planning food budgets, using charts or sample budgets.",Deductive Reasoning,2,0
3772,Social and Human Service Assistants,"Assist in planning food budgets, using charts or sample budgets.",Oral Expression,1,0
3772,Social and Human Service Assistants,"Assist in planning food budgets, using charts or sample budgets.",Information Ordering,2,0
3771,Social and Human Service Assistants,"Assist clients with preparation of forms, such as tax or rent forms.",Written Comprehension,3,0
3771,Social and Human Service Assistants,"Assist clients with preparation of forms, such as tax or rent forms.",Near Vision,2,0
3771,Social and Human Service Assistants,"Assist clients with preparation of forms, such as tax or rent forms.",Finger Dexterity,2,0
3771,Social and Human Service Assistants,"Assist clients with preparation of forms, such as tax or rent forms.",Deductive Reasoning,2,0
3771,Social and Human Service Assistants,"Assist clients with preparation of forms, such as tax or rent forms.",Number Facility,2,0
3771,Social and Human Service Assistants,"Assist clients with preparation of forms, such as tax or rent forms.",Oral Expression,1,0
3771,Social and Human Service Assistants,"Assist clients with preparation of forms, such as tax or rent forms.",Perceptual Speed,1,0
3762,Social and Human Service Assistants,"Explain rules established by owner or management, such as sanitation or maintenance requirements or parking regulations.",Oral Expression,3,0
3762,Social and Human Service Assistants,"Explain rules established by owner or management, such as sanitation or maintenance requirements or parking regulations.",Speech Clarity,2,0
3762,Social and Human Service Assistants,"Explain rules established by owner or management, such as sanitation or maintenance requirements or parking regulations.",Written Comprehension,2,0
3762,Social and Human Service Assistants,"Explain rules established by owner or management, such as sanitation or maintenance requirements or parking regulations.",Deductive Reasoning,2,0
3762,Social and Human Service Assistants,"Explain rules established by owner or management, such as sanitation or maintenance requirements or parking regulations.",Oral Comprehension,2,0
3762,Social and Human Service Assistants,"Explain rules established by owner or management, such as sanitation or maintenance requirements or parking regulations.",Speech Recognition,1,0
3762,Social and Human Service Assistants,"Explain rules established by owner or management, such as sanitation or maintenance requirements or parking regulations.",Information Ordering,1,0
3767,Social and Human Service Assistants,Observe clients' food selections and recommend alternate economical and nutritional food choices.,Inductive Reasoning,2,0
3767,Social and Human Service Assistants,Observe clients' food selections and recommend alternate economical and nutritional food choices.,Oral Expression,2,0
3767,Social and Human Service Assistants,Observe clients' food selections and recommend alternate economical and nutritional food choices.,Near Vision,2,0
3767,Social and Human Service Assistants,Observe clients' food selections and recommend alternate economical and nutritional food choices.,Deductive Reasoning,2,0
3767,Social and Human Service Assistants,Observe clients' food selections and recommend alternate economical and nutritional food choices.,Problem Sensitivity,2,0
3767,Social and Human Service Assistants,Observe clients' food selections and recommend alternate economical and nutritional food choices.,Speech Clarity,2,0
3767,Social and Human Service Assistants,Observe clients' food selections and recommend alternate economical and nutritional food choices.,Mathematical Reasoning,1,0
3763,Social and Human Service Assistants,Observe and discuss meal preparation and suggest alternate methods of food preparation.,Oral Expression,2,0
3763,Social and Human Service Assistants,Observe and discuss meal preparation and suggest alternate methods of food preparation.,Inductive Reasoning,2,0
3763,Social and Human Service Assistants,Observe and discuss meal preparation and suggest alternate methods of food preparation.,Near Vision,2,0
3763,Social and Human Service Assistants,Observe and discuss meal preparation and suggest alternate methods of food preparation.,Problem Sensitivity,2,0
3763,Social and Human Service Assistants,Observe and discuss meal preparation and suggest alternate methods of food preparation.,Speech Clarity,2,0
3763,Social and Human Service Assistants,Observe and discuss meal preparation and suggest alternate methods of food preparation.,Deductive Reasoning,1,0
3763,Social and Human Service Assistants,Observe and discuss meal preparation and suggest alternate methods of food preparation.,Speech Recognition,1,0
3761,Social and Human Service Assistants,"Transport and accompany clients to shopping areas or to appointments, using automobile.",Control Precision,2,0
3761,Social and Human Service Assistants,"Transport and accompany clients to shopping areas or to appointments, using automobile.",Multilimb Coordination,2,0
3761,Social and Human Service Assistants,"Transport and accompany clients to shopping areas or to appointments, using automobile.",Far Vision,3,0
3761,Social and Human Service Assistants,"Transport and accompany clients to shopping areas or to appointments, using automobile.",Depth Perception,2,0
3761,Social and Human Service Assistants,"Transport and accompany clients to shopping areas or to appointments, using automobile.",Reaction Time,2,0
3761,Social and Human Service Assistants,"Transport and accompany clients to shopping areas or to appointments, using automobile.",Oral Comprehension,1,0
3761,Social and Human Service Assistants,"Transport and accompany clients to shopping areas or to appointments, using automobile.",Selective Attention,2,0
3761,Social and Human Service Assistants,"Transport and accompany clients to shopping areas or to appointments, using automobile.",Gross Body Coordination,1,0
3768,Social and Human Service Assistants,"Inform tenants of facilities, such as laundries or playgrounds.",Oral Expression,3,0
3768,Social and Human Service Assistants,"Inform tenants of facilities, such as laundries or playgrounds.",Speech Clarity,2,0
3768,Social and Human Service Assistants,"Inform tenants of facilities, such as laundries or playgrounds.",Oral Comprehension,1,0
3768,Social and Human Service Assistants,"Inform tenants of facilities, such as laundries or playgrounds.",Deductive Reasoning,1,0
3768,Social and Human Service Assistants,"Inform tenants of facilities, such as laundries or playgrounds.",Written Comprehension,1,0
3768,Social and Human Service Assistants,"Inform tenants of facilities, such as laundries or playgrounds.",Information Ordering,1,0
19031,Community Health Workers,"Maintain updated client records with plans, notes, appropriate forms, or related information.",Written Expression,3,0
19031,Community Health Workers,"Maintain updated client records with plans, notes, appropriate forms, or related information.",Written Comprehension,2,0
19031,Community Health Workers,"Maintain updated client records with plans, notes, appropriate forms, or related information.",Information Ordering,2,0
19031,Community Health Workers,"Maintain updated client records with plans, notes, appropriate forms, or related information.",Near Vision,2,0
19031,Community Health Workers,"Maintain updated client records with plans, notes, appropriate forms, or related information.",Perceptual Speed,2,0
19031,Community Health Workers,"Maintain updated client records with plans, notes, appropriate forms, or related information.",Finger Dexterity,1,0
19017,Community Health Workers,"Advise clients or community groups on issues related to improving general health, such as diet or exercise.",Oral Expression,3,0
19017,Community Health Workers,"Advise clients or community groups on issues related to improving general health, such as diet or exercise.",Oral Comprehension,2,0
19017,Community Health Workers,"Advise clients or community groups on issues related to improving general health, such as diet or exercise.",Speech Clarity,2,0
19017,Community Health Workers,"Advise clients or community groups on issues related to improving general health, such as diet or exercise.",Deductive Reasoning,2,0
19017,Community Health Workers,"Advise clients or community groups on issues related to improving general health, such as diet or exercise.",Problem Sensitivity,2,0
19017,Community Health Workers,"Advise clients or community groups on issues related to improving general health, such as diet or exercise.",Inductive Reasoning,1,0
19017,Community Health Workers,"Advise clients or community groups on issues related to improving general health, such as diet or exercise.",Written Comprehension,1,0
19028,Community Health Workers,"Identify or contact members of high-risk or otherwise targeted groups, such as members of minority populations, low-income populations, or pregnant women.",Inductive Reasoning,2,0
19028,Community Health Workers,"Identify or contact members of high-risk or otherwise targeted groups, such as members of minority populations, low-income populations, or pregnant women.",Problem Sensitivity,2,0
19028,Community Health Workers,"Identify or contact members of high-risk or otherwise targeted groups, such as members of minority populations, low-income populations, or pregnant women.",Oral Expression,2,0
19028,Community Health Workers,"Identify or contact members of high-risk or otherwise targeted groups, such as members of minority populations, low-income populations, or pregnant women.",Oral Comprehension,2,0
19028,Community Health Workers,"Identify or contact members of high-risk or otherwise targeted groups, such as members of minority populations, low-income populations, or pregnant women.",Written Comprehension,2,0
19028,Community Health Workers,"Identify or contact members of high-risk or otherwise targeted groups, such as members of minority populations, low-income populations, or pregnant women.",Deductive Reasoning,2,0
19028,Community Health Workers,"Identify or contact members of high-risk or otherwise targeted groups, such as members of minority populations, low-income populations, or pregnant women.",Speech Clarity,1,0
19026,Community Health Workers,"Contact clients in person, by phone, or in writing to ensure they have completed required or recommended actions.",Oral Expression,2,0
19026,Community Health Workers,"Contact clients in person, by phone, or in writing to ensure they have completed required or recommended actions.",Oral Comprehension,2,0
19026,Community Health Workers,"Contact clients in person, by phone, or in writing to ensure they have completed required or recommended actions.",Written Expression,2,0
19026,Community Health Workers,"Contact clients in person, by phone, or in writing to ensure they have completed required or recommended actions.",Speech Clarity,2,0
19026,Community Health Workers,"Contact clients in person, by phone, or in writing to ensure they have completed required or recommended actions.",Information Ordering,2,0
19026,Community Health Workers,"Contact clients in person, by phone, or in writing to ensure they have completed required or recommended actions.",Deductive Reasoning,1,0
19026,Community Health Workers,"Contact clients in person, by phone, or in writing to ensure they have completed required or recommended actions.",Speech Recognition,2,0
19027,Community Health Workers,"Distribute flyers, brochures, or other informational or educational documents to inform members of a targeted community.",Oral Expression,2,0
19027,Community Health Workers,"Distribute flyers, brochures, or other informational or educational documents to inform members of a targeted community.",Written Comprehension,2,0
19027,Community Health Workers,"Distribute flyers, brochures, or other informational or educational documents to inform members of a targeted community.",Near Vision,1,0
19027,Community Health Workers,"Distribute flyers, brochures, or other informational or educational documents to inform members of a targeted community.",Manual Dexterity,1,0
19027,Community Health Workers,"Distribute flyers, brochures, or other informational or educational documents to inform members of a targeted community.",Speech Clarity,1,0
19027,Community Health Workers,"Distribute flyers, brochures, or other informational or educational documents to inform members of a targeted community.",Information Ordering,2,0
19027,Community Health Workers,"Distribute flyers, brochures, or other informational or educational documents to inform members of a targeted community.",Gross Body Coordination,1,0
19036,Community Health Workers,Refer community members to needed health services.,Oral Expression,3,0
19036,Community Health Workers,Refer community members to needed health services.,Oral Comprehension,2,0
19036,Community Health Workers,Refer community members to needed health services.,Information Ordering,2,0
19036,Community Health Workers,Refer community members to needed health services.,Deductive Reasoning,2,0
19036,Community Health Workers,Refer community members to needed health services.,Written Comprehension,1,0
19036,Community Health Workers,Refer community members to needed health services.,Speech Clarity,2,0
19036,Community Health Workers,Refer community members to needed health services.,Problem Sensitivity,1,0
19024,Community Health Workers,Attend community meetings or health fairs to understand community issues or build relationships with community members.,Oral Comprehension,3,0
19024,Community Health Workers,Attend community meetings or health fairs to understand community issues or build relationships with community members.,Oral Expression,2,0
19024,Community Health Workers,Attend community meetings or health fairs to understand community issues or build relationships with community members.,Speech Recognition,2,0
19024,Community Health Workers,Attend community meetings or health fairs to understand community issues or build relationships with community members.,Inductive Reasoning,2,0
19024,Community Health Workers,Attend community meetings or health fairs to understand community issues or build relationships with community members.,Problem Sensitivity,2,0
19024,Community Health Workers,Attend community meetings or health fairs to understand community issues or build relationships with community members.,Selective Attention,2,0
19024,Community Health Workers,Attend community meetings or health fairs to understand community issues or build relationships with community members.,Speech Clarity,1,0
19033,Community Health Workers,"Perform basic diagnostic procedures, such as blood pressure screening, breast cancer screening, or communicable disease screening.",Manual Dexterity,2,0
19033,Community Health Workers,"Perform basic diagnostic procedures, such as blood pressure screening, breast cancer screening, or communicable disease screening.",Finger Dexterity,2,0
19033,Community Health Workers,"Perform basic diagnostic procedures, such as blood pressure screening, breast cancer screening, or communicable disease screening.",Near Vision,3,0
19033,Community Health Workers,"Perform basic diagnostic procedures, such as blood pressure screening, breast cancer screening, or communicable disease screening.",Deductive Reasoning,2,0
19033,Community Health Workers,"Perform basic diagnostic procedures, such as blood pressure screening, breast cancer screening, or communicable disease screening.",Problem Sensitivity,2,0
19033,Community Health Workers,"Perform basic diagnostic procedures, such as blood pressure screening, breast cancer screening, or communicable disease screening.",Oral Expression,2,0
19033,Community Health Workers,"Perform basic diagnostic procedures, such as blood pressure screening, breast cancer screening, or communicable disease screening.",Arm-Hand Steadiness,2,0
19016,Community Health Workers,"Advise clients or community groups on issues related to diagnostic screenings, such as breast cancer screening, pap smears, glaucoma tests, or diabetes screenings.",Oral Expression,3,0
19016,Community Health Workers,"Advise clients or community groups on issues related to diagnostic screenings, such as breast cancer screening, pap smears, glaucoma tests, or diabetes screenings.",Oral Comprehension,2,0
19016,Community Health Workers,"Advise clients or community groups on issues related to diagnostic screenings, such as breast cancer screening, pap smears, glaucoma tests, or diabetes screenings.",Written Comprehension,2,0
19016,Community Health Workers,"Advise clients or community groups on issues related to diagnostic screenings, such as breast cancer screening, pap smears, glaucoma tests, or diabetes screenings.",Deductive Reasoning,2,0
19016,Community Health Workers,"Advise clients or community groups on issues related to diagnostic screenings, such as breast cancer screening, pap smears, glaucoma tests, or diabetes screenings.",Speech Clarity,2,0
19016,Community Health Workers,"Advise clients or community groups on issues related to diagnostic screenings, such as breast cancer screening, pap smears, glaucoma tests, or diabetes screenings.",Problem Sensitivity,2,0
19016,Community Health Workers,"Advise clients or community groups on issues related to diagnostic screenings, such as breast cancer screening, pap smears, glaucoma tests, or diabetes screenings.",Information Ordering,1,0
19018,Community Health Workers,"Advise clients or community groups on issues related to risk or prevention of conditions, such as lead poisoning, human immunodeficiency virus (HIV), prenatal substance abuse, or domestic violence.",Oral Expression,3,0
19018,Community Health Workers,"Advise clients or community groups on issues related to risk or prevention of conditions, such as lead poisoning, human immunodeficiency virus (HIV), prenatal substance abuse, or domestic violence.",Oral Comprehension,2,0
19018,Community Health Workers,"Advise clients or community groups on issues related to risk or prevention of conditions, such as lead poisoning, human immunodeficiency virus (HIV), prenatal substance abuse, or domestic violence.",Written Comprehension,2,0
19018,Community Health Workers,"Advise clients or community groups on issues related to risk or prevention of conditions, such as lead poisoning, human immunodeficiency virus (HIV), prenatal substance abuse, or domestic violence.",Deductive Reasoning,2,0
19018,Community Health Workers,"Advise clients or community groups on issues related to risk or prevention of conditions, such as lead poisoning, human immunodeficiency virus (HIV), prenatal substance abuse, or domestic violence.",Problem Sensitivity,2,0
19018,Community Health Workers,"Advise clients or community groups on issues related to risk or prevention of conditions, such as lead poisoning, human immunodeficiency virus (HIV), prenatal substance abuse, or domestic violence.",Speech Clarity,2,0
19018,Community Health Workers,"Advise clients or community groups on issues related to risk or prevention of conditions, such as lead poisoning, human immunodeficiency virus (HIV), prenatal substance abuse, or domestic violence.",Inductive Reasoning,1,0
19015,Community Health Workers,Administer immunizations or other basic preventive treatments.,Finger Dexterity,3,0
19015,Community Health Workers,Administer immunizations or other basic preventive treatments.,Manual Dexterity,2,0
19015,Community Health Workers,Administer immunizations or other basic preventive treatments.,Arm-Hand Steadiness,3,0
19015,Community Health Workers,Administer immunizations or other basic preventive treatments.,Near Vision,2,0
19015,Community Health Workers,Administer immunizations or other basic preventive treatments.,Control Precision,2,0
19015,Community Health Workers,Administer immunizations or other basic preventive treatments.,Oral Expression,2,0
19015,Community Health Workers,Administer immunizations or other basic preventive treatments.,Deductive Reasoning,1,0
19029,Community Health Workers,Identify the particular health care needs of individuals in a community or target area.,Inductive Reasoning,3,0
19029,Community Health Workers,Identify the particular health care needs of individuals in a community or target area.,Problem Sensitivity,3,0
19029,Community Health Workers,Identify the particular health care needs of individuals in a community or target area.,Oral Comprehension,2,0
19029,Community Health Workers,Identify the particular health care needs of individuals in a community or target area.,Deductive Reasoning,2,0
19029,Community Health Workers,Identify the particular health care needs of individuals in a community or target area.,Written Comprehension,2,0
19029,Community Health Workers,Identify the particular health care needs of individuals in a community or target area.,Speech Recognition,1,0
19020,Community Health Workers,"Advise clients or community groups on issues related to self-care, such as diabetes management.",Oral Expression,3,0
19020,Community Health Workers,"Advise clients or community groups on issues related to self-care, such as diabetes management.",Oral Comprehension,2,0
19020,Community Health Workers,"Advise clients or community groups on issues related to self-care, such as diabetes management.",Written Comprehension,2,0
19020,Community Health Workers,"Advise clients or community groups on issues related to self-care, such as diabetes management.",Speech Clarity,2,0
19020,Community Health Workers,"Advise clients or community groups on issues related to self-care, such as diabetes management.",Deductive Reasoning,2,0
19020,Community Health Workers,"Advise clients or community groups on issues related to self-care, such as diabetes management.",Problem Sensitivity,1,0
19020,Community Health Workers,"Advise clients or community groups on issues related to self-care, such as diabetes management.",Inductive Reasoning,1,0
19025,Community Health Workers,"Conduct home visits for pregnant women, newborn infants, or other high-risk individuals to monitor their progress or assess their needs.",Oral Comprehension,3,0
19025,Community Health Workers,"Conduct home visits for pregnant women, newborn infants, or other high-risk individuals to monitor their progress or assess their needs.",Oral Expression,2,0
19025,Community Health Workers,"Conduct home visits for pregnant women, newborn infants, or other high-risk individuals to monitor their progress or assess their needs.",Problem Sensitivity,3,0
19025,Community Health Workers,"Conduct home visits for pregnant women, newborn infants, or other high-risk individuals to monitor their progress or assess their needs.",Inductive Reasoning,2,0
19025,Community Health Workers,"Conduct home visits for pregnant women, newborn infants, or other high-risk individuals to monitor their progress or assess their needs.",Near Vision,2,0
19025,Community Health Workers,"Conduct home visits for pregnant women, newborn infants, or other high-risk individuals to monitor their progress or assess their needs.",Far Vision,1,0
19025,Community Health Workers,"Conduct home visits for pregnant women, newborn infants, or other high-risk individuals to monitor their progress or assess their needs.",Gross Body Coordination,1,0
19025,Community Health Workers,"Conduct home visits for pregnant women, newborn infants, or other high-risk individuals to monitor their progress or assess their needs.",Speech Recognition,2,0
19043,Community Health Workers,Transport or accompany clients to scheduled health appointments or referral sites.,Control Precision,2,0
19043,Community Health Workers,Transport or accompany clients to scheduled health appointments or referral sites.,Multilimb Coordination,2,0
19043,Community Health Workers,Transport or accompany clients to scheduled health appointments or referral sites.,Far Vision,3,0
19043,Community Health Workers,Transport or accompany clients to scheduled health appointments or referral sites.,Depth Perception,2,0
19043,Community Health Workers,Transport or accompany clients to scheduled health appointments or referral sites.,Reaction Time,2,0
19043,Community Health Workers,Transport or accompany clients to scheduled health appointments or referral sites.,Selective Attention,2,0
19043,Community Health Workers,Transport or accompany clients to scheduled health appointments or referral sites.,Oral Comprehension,1,0
19023,Community Health Workers,Advocate for individual or community health needs with government agencies or health service providers.,Oral Expression,3,0
19023,Community Health Workers,Advocate for individual or community health needs with government agencies or health service providers.,Written Expression,2,0
19023,Community Health Workers,Advocate for individual or community health needs with government agencies or health service providers.,Deductive Reasoning,2,0
19023,Community Health Workers,Advocate for individual or community health needs with government agencies or health service providers.,Inductive Reasoning,2,0
19023,Community Health Workers,Advocate for individual or community health needs with government agencies or health service providers.,Problem Sensitivity,2,0
19023,Community Health Workers,Advocate for individual or community health needs with government agencies or health service providers.,Speech Clarity,2,0
19023,Community Health Workers,Advocate for individual or community health needs with government agencies or health service providers.,Oral Comprehension,2,0
19042,Community Health Workers,"Report incidences of child or elder abuse, neglect, or threats of harm to authorities, as required.",Written Expression,3,0
19042,Community Health Workers,"Report incidences of child or elder abuse, neglect, or threats of harm to authorities, as required.",Oral Expression,2,0
19042,Community Health Workers,"Report incidences of child or elder abuse, neglect, or threats of harm to authorities, as required.",Problem Sensitivity,3,0
19042,Community Health Workers,"Report incidences of child or elder abuse, neglect, or threats of harm to authorities, as required.",Deductive Reasoning,2,0
19042,Community Health Workers,"Report incidences of child or elder abuse, neglect, or threats of harm to authorities, as required.",Speech Clarity,2,0
19042,Community Health Workers,"Report incidences of child or elder abuse, neglect, or threats of harm to authorities, as required.",Written Comprehension,1,0
19042,Community Health Workers,"Report incidences of child or elder abuse, neglect, or threats of harm to authorities, as required.",Information Ordering,1,0
19038,Community Health Workers,"Teach classes or otherwise disseminate medical or dental health information to school groups, community groups, or targeted families or individuals, in a manner consistent with cultural norms.",Oral Expression,3,0
19038,Community Health Workers,"Teach classes or otherwise disseminate medical or dental health information to school groups, community groups, or targeted families or individuals, in a manner consistent with cultural norms.",Speech Clarity,3,0
19038,Community Health Workers,"Teach classes or otherwise disseminate medical or dental health information to school groups, community groups, or targeted families or individuals, in a manner consistent with cultural norms.",Written Comprehension,2,0
19038,Community Health Workers,"Teach classes or otherwise disseminate medical or dental health information to school groups, community groups, or targeted families or individuals, in a manner consistent with cultural norms.",Fluency of Ideas,2,0
19038,Community Health Workers,"Teach classes or otherwise disseminate medical or dental health information to school groups, community groups, or targeted families or individuals, in a manner consistent with cultural norms.",Deductive Reasoning,2,0
19038,Community Health Workers,"Teach classes or otherwise disseminate medical or dental health information to school groups, community groups, or targeted families or individuals, in a manner consistent with cultural norms.",Inductive Reasoning,1,0
19038,Community Health Workers,"Teach classes or otherwise disseminate medical or dental health information to school groups, community groups, or targeted families or individuals, in a manner consistent with cultural norms.",Oral Comprehension,2,0
19019,Community Health Workers,"Advise clients or community groups on issues related to sanitation or hygiene, such as flossing or hand washing.",Oral Expression,3,0
19019,Community Health Workers,"Advise clients or community groups on issues related to sanitation or hygiene, such as flossing or hand washing.",Speech Clarity,2,0
19019,Community Health Workers,"Advise clients or community groups on issues related to sanitation or hygiene, such as flossing or hand washing.",Oral Comprehension,1,0
19019,Community Health Workers,"Advise clients or community groups on issues related to sanitation or hygiene, such as flossing or hand washing.",Deductive Reasoning,2,0
19019,Community Health Workers,"Advise clients or community groups on issues related to sanitation or hygiene, such as flossing or hand washing.",Written Comprehension,1,0
19019,Community Health Workers,"Advise clients or community groups on issues related to sanitation or hygiene, such as flossing or hand washing.",Information Ordering,1,0
19019,Community Health Workers,"Advise clients or community groups on issues related to sanitation or hygiene, such as flossing or hand washing.",Problem Sensitivity,1,0
19040,Community Health Workers,Collect information from individuals to compile vital statistics about the general health of community members.,Oral Comprehension,2,0
19040,Community Health Workers,Collect information from individuals to compile vital statistics about the general health of community members.,Written Expression,2,0
19040,Community Health Workers,Collect information from individuals to compile vital statistics about the general health of community members.,Information Ordering,2,0
19040,Community Health Workers,Collect information from individuals to compile vital statistics about the general health of community members.,Mathematical Reasoning,2,0
19040,Community Health Workers,Collect information from individuals to compile vital statistics about the general health of community members.,Number Facility,2,0
19040,Community Health Workers,Collect information from individuals to compile vital statistics about the general health of community members.,Near Vision,2,0
19040,Community Health Workers,Collect information from individuals to compile vital statistics about the general health of community members.,Inductive Reasoning,2,0
19039,Community Health Workers,"Assist families to apply for social services, including Medicaid or Women, Infants, and Children (WIC).",Oral Expression,2,0
19039,Community Health Workers,"Assist families to apply for social services, including Medicaid or Women, Infants, and Children (WIC).",Written Comprehension,3,0
19039,Community Health Workers,"Assist families to apply for social services, including Medicaid or Women, Infants, and Children (WIC).",Near Vision,2,0
19039,Community Health Workers,"Assist families to apply for social services, including Medicaid or Women, Infants, and Children (WIC).",Deductive Reasoning,2,0
19039,Community Health Workers,"Assist families to apply for social services, including Medicaid or Women, Infants, and Children (WIC).",Information Ordering,2,0
19039,Community Health Workers,"Assist families to apply for social services, including Medicaid or Women, Infants, and Children (WIC).",Written Expression,2,0
19039,Community Health Workers,"Assist families to apply for social services, including Medicaid or Women, Infants, and Children (WIC).",Finger Dexterity,1,0
19021,Community Health Workers,"Advise clients or community groups on issues related to social or intellectual development, such as education, childcare, or problem solving.",Oral Expression,3,0
19021,Community Health Workers,"Advise clients or community groups on issues related to social or intellectual development, such as education, childcare, or problem solving.",Oral Comprehension,2,0
19021,Community Health Workers,"Advise clients or community groups on issues related to social or intellectual development, such as education, childcare, or problem solving.",Deductive Reasoning,2,0
19021,Community Health Workers,"Advise clients or community groups on issues related to social or intellectual development, such as education, childcare, or problem solving.",Inductive Reasoning,2,0
19021,Community Health Workers,"Advise clients or community groups on issues related to social or intellectual development, such as education, childcare, or problem solving.",Problem Sensitivity,2,0
19021,Community Health Workers,"Advise clients or community groups on issues related to social or intellectual development, such as education, childcare, or problem solving.",Speech Clarity,2,0
19021,Community Health Workers,"Advise clients or community groups on issues related to social or intellectual development, such as education, childcare, or problem solving.",Written Comprehension,1,0
19034,Community Health Workers,"Provide basic health services, such as first aid.",Manual Dexterity,3,0
19034,Community Health Workers,"Provide basic health services, such as first aid.",Finger Dexterity,2,0
19034,Community Health Workers,"Provide basic health services, such as first aid.",Near Vision,2,0
19034,Community Health Workers,"Provide basic health services, such as first aid.",Problem Sensitivity,3,0
19034,Community Health Workers,"Provide basic health services, such as first aid.",Deductive Reasoning,2,0
19034,Community Health Workers,"Provide basic health services, such as first aid.",Arm-Hand Steadiness,2,0
19034,Community Health Workers,"Provide basic health services, such as first aid.",Control Precision,1,0
19030,Community Health Workers,"Interpret, translate, or provide cultural mediation related to health services or information for community members.",Oral Comprehension,3,0
19030,Community Health Workers,"Interpret, translate, or provide cultural mediation related to health services or information for community members.",Oral Expression,3,0
19030,Community Health Workers,"Interpret, translate, or provide cultural mediation related to health services or information for community members.",Speech Recognition,2,0
19030,Community Health Workers,"Interpret, translate, or provide cultural mediation related to health services or information for community members.",Speech Clarity,2,0
19030,Community Health Workers,"Interpret, translate, or provide cultural mediation related to health services or information for community members.",Written Comprehension,2,0
19030,Community Health Workers,"Interpret, translate, or provide cultural mediation related to health services or information for community members.",Fluency of Ideas,1,0
19030,Community Health Workers,"Interpret, translate, or provide cultural mediation related to health services or information for community members.",Category Flexibility,1,0
19032,Community Health Workers,"Monitor nutrition of children, elderly, or other high-risk groups.",Inductive Reasoning,2,0
19032,Community Health Workers,"Monitor nutrition of children, elderly, or other high-risk groups.",Problem Sensitivity,3,0
19032,Community Health Workers,"Monitor nutrition of children, elderly, or other high-risk groups.",Near Vision,2,0
19032,Community Health Workers,"Monitor nutrition of children, elderly, or other high-risk groups.",Oral Expression,2,0
19032,Community Health Workers,"Monitor nutrition of children, elderly, or other high-risk groups.",Written Expression,2,0
19032,Community Health Workers,"Monitor nutrition of children, elderly, or other high-risk groups.",Deductive Reasoning,2,0
19032,Community Health Workers,"Monitor nutrition of children, elderly, or other high-risk groups.",Mathematical Reasoning,1,0
19022,Community Health Workers,Advise clients or community groups to ensure parental understanding of the importance of childhood immunizations and how to access immunization services.,Oral Expression,3,0
19022,Community Health Workers,Advise clients or community groups to ensure parental understanding of the importance of childhood immunizations and how to access immunization services.,Speech Clarity,2,0
19022,Community Health Workers,Advise clients or community groups to ensure parental understanding of the importance of childhood immunizations and how to access immunization services.,Written Comprehension,2,0
19022,Community Health Workers,Advise clients or community groups to ensure parental understanding of the importance of childhood immunizations and how to access immunization services.,Deductive Reasoning,2,0
19022,Community Health Workers,Advise clients or community groups to ensure parental understanding of the importance of childhood immunizations and how to access immunization services.,Problem Sensitivity,1,0
19022,Community Health Workers,Advise clients or community groups to ensure parental understanding of the importance of childhood immunizations and how to access immunization services.,Oral Comprehension,2,0
19022,Community Health Workers,Advise clients or community groups to ensure parental understanding of the importance of childhood immunizations and how to access immunization services.,Information Ordering,1,0
19041,Community Health Workers,"Develop plans or formal contracts for individuals, families, or community groups to improve overall health.",Written Expression,3,0
19041,Community Health Workers,"Develop plans or formal contracts for individuals, families, or community groups to improve overall health.",Deductive Reasoning,2,0
19041,Community Health Workers,"Develop plans or formal contracts for individuals, families, or community groups to improve overall health.",Inductive Reasoning,2,0
19041,Community Health Workers,"Develop plans or formal contracts for individuals, families, or community groups to improve overall health.",Information Ordering,2,0
19041,Community Health Workers,"Develop plans or formal contracts for individuals, families, or community groups to improve overall health.",Problem Sensitivity,2,0
19041,Community Health Workers,"Develop plans or formal contracts for individuals, families, or community groups to improve overall health.",Oral Expression,2,0
19041,Community Health Workers,"Develop plans or formal contracts for individuals, families, or community groups to improve overall health.",Fluency of Ideas,1,0
19035,Community Health Workers,Provide feedback to health service providers regarding improving service accessibility or acceptability.,Oral Expression,2,0
19035,Community Health Workers,Provide feedback to health service providers regarding improving service accessibility or acceptability.,Written Expression,2,0
19035,Community Health Workers,Provide feedback to health service providers regarding improving service accessibility or acceptability.,Oral Comprehension,2,0
19035,Community Health Workers,Provide feedback to health service providers regarding improving service accessibility or acceptability.,Problem Sensitivity,2,0
19035,Community Health Workers,Provide feedback to health service providers regarding improving service accessibility or acceptability.,Inductive Reasoning,2,0
19035,Community Health Workers,Provide feedback to health service providers regarding improving service accessibility or acceptability.,Deductive Reasoning,1,0
19035,Community Health Workers,Provide feedback to health service providers regarding improving service accessibility or acceptability.,Speech Clarity,1,0
10934,Clergy,Pray and promote spirituality.,Oral Expression,3,0
10934,Clergy,Pray and promote spirituality.,Speech Clarity,2,0
10934,Clergy,Pray and promote spirituality.,Memorization,2,0
10934,Clergy,Pray and promote spirituality.,Written Comprehension,2,0
10934,Clergy,Pray and promote spirituality.,Fluency of Ideas,1,0
10934,Clergy,Pray and promote spirituality.,Oral Comprehension,2,0
10936,Clergy,Prepare and deliver sermons or other talks.,Oral Expression,3,0
10936,Clergy,Prepare and deliver sermons or other talks.,Written Expression,2,0
10936,Clergy,Prepare and deliver sermons or other talks.,Fluency of Ideas,3,0
10936,Clergy,Prepare and deliver sermons or other talks.,Originality,2,0
10936,Clergy,Prepare and deliver sermons or other talks.,Written Comprehension,2,0
10936,Clergy,Prepare and deliver sermons or other talks.,Speech Clarity,3,0
10936,Clergy,Prepare and deliver sermons or other talks.,Deductive Reasoning,2,0
10936,Clergy,Prepare and deliver sermons or other talks.,Inductive Reasoning,1,0
10935,Clergy,"Read from sacred texts, such as the Bible, Torah, or Koran.",Written Comprehension,3,0
10935,Clergy,"Read from sacred texts, such as the Bible, Torah, or Koran.",Oral Expression,2,0
10935,Clergy,"Read from sacred texts, such as the Bible, Torah, or Koran.",Near Vision,3,0
10935,Clergy,"Read from sacred texts, such as the Bible, Torah, or Koran.",Speech Clarity,2,0
10935,Clergy,"Read from sacred texts, such as the Bible, Torah, or Koran.",Memorization,2,0
10935,Clergy,"Read from sacred texts, such as the Bible, Torah, or Koran.",Selective Attention,2,0
10937,Clergy,Organize and lead regular religious services.,Oral Expression,3,0
10937,Clergy,Organize and lead regular religious services.,Information Ordering,2,0
10937,Clergy,Organize and lead regular religious services.,Speech Clarity,2,0
10937,Clergy,Organize and lead regular religious services.,Oral Comprehension,2,0
10937,Clergy,Organize and lead regular religious services.,Memorization,2,0
10937,Clergy,Organize and lead regular religious services.,Fluency of Ideas,1,0
10937,Clergy,Organize and lead regular religious services.,Deductive Reasoning,1,0
10939,Clergy,Instruct people who seek conversion to a particular faith.,Oral Expression,3,0
10939,Clergy,Instruct people who seek conversion to a particular faith.,Speech Clarity,3,0
10939,Clergy,Instruct people who seek conversion to a particular faith.,Written Comprehension,2,0
10939,Clergy,Instruct people who seek conversion to a particular faith.,Deductive Reasoning,2,0
10939,Clergy,Instruct people who seek conversion to a particular faith.,Oral Comprehension,2,0
10939,Clergy,Instruct people who seek conversion to a particular faith.,Fluency of Ideas,2,0
10939,Clergy,Instruct people who seek conversion to a particular faith.,Inductive Reasoning,1,0
10938,Clergy,"Share information about religious issues by writing articles, giving speeches, or teaching.",Oral Expression,3,0
10938,Clergy,"Share information about religious issues by writing articles, giving speeches, or teaching.",Written Expression,2,0
10938,Clergy,"Share information about religious issues by writing articles, giving speeches, or teaching.",Speech Clarity,2,0
10938,Clergy,"Share information about religious issues by writing articles, giving speeches, or teaching.",Fluency of Ideas,2,0
10938,Clergy,"Share information about religious issues by writing articles, giving speeches, or teaching.",Written Comprehension,2,0
10938,Clergy,"Share information about religious issues by writing articles, giving speeches, or teaching.",Deductive Reasoning,2,0
10938,Clergy,"Share information about religious issues by writing articles, giving speeches, or teaching.",Originality,1,0
10940,Clergy,"Counsel individuals or groups concerning their spiritual, emotional, or personal needs.",Oral Expression,3,0
10940,Clergy,"Counsel individuals or groups concerning their spiritual, emotional, or personal needs.",Oral Comprehension,3,0
10940,Clergy,"Counsel individuals or groups concerning their spiritual, emotional, or personal needs.",Problem Sensitivity,2,0
10940,Clergy,"Counsel individuals or groups concerning their spiritual, emotional, or personal needs.",Speech Clarity,2,0
10940,Clergy,"Counsel individuals or groups concerning their spiritual, emotional, or personal needs.",Speech Recognition,2,0
10940,Clergy,"Counsel individuals or groups concerning their spiritual, emotional, or personal needs.",Inductive Reasoning,2,0
10940,Clergy,"Counsel individuals or groups concerning their spiritual, emotional, or personal needs.",Selective Attention,2,0
10943,Clergy,Administer religious rites or ordinances.,Oral Expression,3,0
10943,Clergy,Administer religious rites or ordinances.,Memorization,3,0
10943,Clergy,Administer religious rites or ordinances.,Speech Clarity,2,0
10943,Clergy,Administer religious rites or ordinances.,Information Ordering,2,0
10943,Clergy,Administer religious rites or ordinances.,Written Comprehension,1,0
10943,Clergy,Administer religious rites or ordinances.,Selective Attention,1,0
