task_id,occupation,task_text,ability_name,weight,uncertain
22374,"Special Education Teachers, Elementary School","Maintain accurate and complete student records as required by laws, district policies, or administrative regulations.",Written Expression,2,0
22374,"Special Education Teachers, Elementary School","Maintain accurate and complete student records as required by laws, district policies, or administrative regulations.",Written Comprehension,2,0
22374,"Special Education Teachers, Elementary School","Maintain accurate and complete student records as required by laws, district policies, or administrative regulations.",Information Ordering,2,0
22374,"Special Education Teachers, Elementary School","Maintain accurate and complete student records as required by laws, district policies, or administrative regulations.",Memorization,1,0
22374,"Special Education Teachers, Elementary School","Maintain accurate and complete student records as required by laws, district policies, or administrative regulations.",Deductive Reasoning,1,0
22383,"Special Education Teachers, Elementary School","Prepare classrooms with a variety of materials or resources for children to explore, manipulate, or use in learning activities or imaginative play.",Originality,2,0
22383,"Special Education Teachers, Elementary School","Prepare classrooms with a variety of materials or resources for children to explore, manipulate, or use in learning activities or imaginative play.",Visualization,2,0
22383,"Special Education Teachers, Elementary School","Prepare classrooms with a variety of materials or resources for children to explore, manipulate, or use in learning activities or imaginative play.",Category Flexibility,1,0
22383,"Special Education Teachers, Elementary School","Prepare classrooms with a variety of materials or resources for children to explore, manipulate, or use in learning activities or imaginative play.",Fluency of Ideas,2,0
22383,"Special Education Teachers, Elementary School","Prepare classrooms with a variety of materials or resources for children to explore, manipulate, or use in learning activities or imaginative play.",Information Ordering,1,0
22368,"Special Education Teachers, Elementary School",Establish and enforce rules for behavior and procedures for maintaining order among students.,Oral Expression,2,0
22368,"Special Education Teachers, Elementary School",Establish and enforce rules for behavior and procedures for maintaining order among students.,Deductive Reasoning,2,0
22368,"Special Education Teachers, Elementary School",Establish and enforce rules for behavior and procedures for maintaining order among students.,Problem Sensitivity,2,0
22368,"Special Education Teachers, Elementary School",Establish and enforce rules for behavior and procedures for maintaining order among students.,Selective Attention,2,0
22368,"Special Education Teachers, Elementary School",Establish and enforce rules for behavior and procedures for maintaining order among students.,Oral Comprehension,1,0
22386,"Special Education Teachers, Elementary School","Provide assistive devices, supportive technology, or assistance accessing facilities, such as restrooms.",Problem Sensitivity,2,0
22386,"Special Education Teachers, Elementary School","Provide assistive devices, supportive technology, or assistance accessing facilities, such as restrooms.",Oral Comprehension,1,0
22386,"Special Education Teachers, Elementary School","Provide assistive devices, supportive technology, or assistance accessing facilities, such as restrooms.",Manual Dexterity,1,0
22386,"Special Education Teachers, Elementary School","Provide assistive devices, supportive technology, or assistance accessing facilities, such as restrooms.",Static Strength,1,1
22386,"Special Education Teachers, Elementary School","Provide assistive devices, supportive technology, or assistance accessing facilities, such as restrooms.",Written Comprehension,1,0
22364,"Special Education Teachers, Elementary School",Coordinate placement of students with special needs into mainstream classes.,Deductive Reasoning,2,0
22364,"Special Education Teachers, Elementary School",Coordinate placement of students with special needs into mainstream classes.,Oral Expression,2,0
22364,"Special Education Teachers, Elementary School",Coordinate placement of students with special needs into mainstream classes.,Oral Comprehension,2,0
22364,"Special Education Teachers, Elementary School",Coordinate placement of students with special needs into mainstream classes.,Information Ordering,1,0
22364,"Special Education Teachers, Elementary School",Coordinate placement of students with special needs into mainstream classes.,Problem Sensitivity,1,0
22378,"Special Education Teachers, Elementary School","Observe and evaluate students' performance, behavior, social development, and physical health.",Problem Sensitivity,3,0
22378,"Special Education Teachers, Elementary School","Observe and evaluate students' performance, behavior, social development, and physical health.",Selective Attention,2,0
22378,"Special Education Teachers, Elementary School","Observe and evaluate students' performance, behavior, social development, and physical health.",Deductive Reasoning,2,0
22378,"Special Education Teachers, Elementary School","Observe and evaluate students' performance, behavior, social development, and physical health.",Perceptual Speed,1,0
22378,"Special Education Teachers, Elementary School","Observe and evaluate students' performance, behavior, social development, and physical health.",Memorization,1,0
22366,"Special Education Teachers, Elementary School",Encourage students to explore learning opportunities or persevere with challenging tasks to prepare them for later grades.,Oral Expression,3,0
22366,"Special Education Teachers, Elementary School",Encourage students to explore learning opportunities or persevere with challenging tasks to prepare them for later grades.,Oral Comprehension,2,0
22366,"Special Education Teachers, Elementary School",Encourage students to explore learning opportunities or persevere with challenging tasks to prepare them for later grades.,Originality,1,0
22366,"Special Education Teachers, Elementary School",Encourage students to explore learning opportunities or persevere with challenging tasks to prepare them for later grades.,Problem Sensitivity,1,0
22363,"Special Education Teachers, Elementary School","Confer with parents, administrators, testing specialists, social workers, or other professionals to develop individual educational plans (IEPs) for students' educational, physical, or social development.",Oral Expression,3,0
22363,"Special Education Teachers, Elementary School","Confer with parents, administrators, testing specialists, social workers, or other professionals to develop individual educational plans (IEPs) for students' educational, physical, or social development.",Oral Comprehension,3,0
22363,"Special Education Teachers, Elementary School","Confer with parents, administrators, testing specialists, social workers, or other professionals to develop individual educational plans (IEPs) for students' educational, physical, or social development.",Written Expression,2,0
22363,"Special Education Teachers, Elementary School","Confer with parents, administrators, testing specialists, social workers, or other professionals to develop individual educational plans (IEPs) for students' educational, physical, or social development.",Deductive Reasoning,2,0
22363,"Special Education Teachers, Elementary School","Confer with parents, administrators, testing specialists, social workers, or other professionals to develop individual educational plans (IEPs) for students' educational, physical, or social development.",Problem Sensitivity,2,0
22375,"Special Education Teachers, Elementary School","Meet with parents or guardians to discuss their children's progress, advise them on using community resources, or teach skills for dealing with students' impairments.",Oral Expression,3,0
22375,"Special Education Teachers, Elementary School","Meet with parents or guardians to discuss their children's progress, advise them on using community resources, or teach skills for dealing with students' impairments.",Oral Comprehension,3,0
22375,"Special Education Teachers, Elementary School","Meet with parents or guardians to discuss their children's progress, advise them on using community resources, or teach skills for dealing with students' impairments.",Speech Clarity,1,0
22375,"Special Education Teachers, Elementary School","Meet with parents or guardians to discuss their children's progress, advise them on using community resources, or teach skills for dealing with students' impairments.",Problem Sensitivity,1,0
22377,"Special Education Teachers, Elementary School",Monitor teachers or teacher assistants to ensure adherence to special education program requirements.,Selective Attention,2,0
22377,"Special Education Teachers, Elementary School",Monitor teachers or teacher assistants to ensure adherence to special education program requirements.,Deductive Reasoning,2,0
22377,"Special Education Teachers, Elementary School",Monitor teachers or teacher assistants to ensure adherence to special education program requirements.,Oral Expression,2,0
22377,"Special Education Teachers, Elementary School",Monitor teachers or teacher assistants to ensure adherence to special education program requirements.,Written Comprehension,1,0
22377,"Special Education Teachers, Elementary School",Monitor teachers or teacher assistants to ensure adherence to special education program requirements.,Problem Sensitivity,1,0
22388,"Special Education Teachers, Elementary School","Teach students personal development skills, such as goal setting, independence, or self-advocacy.",Oral Expression,3,0
22388,"Special Education Teachers, Elementary School","Teach students personal development skills, such as goal setting, independence, or self-advocacy.",Oral Comprehension,2,0
22388,"Special Education Teachers, Elementary School","Teach students personal development skills, such as goal setting, independence, or self-advocacy.",Originality,1,0
22388,"Special Education Teachers, Elementary School","Teach students personal development skills, such as goal setting, independence, or self-advocacy.",Problem Sensitivity,1,0
22367,"Special Education Teachers, Elementary School","Establish and communicate clear objectives for all lessons, units, and projects to students.",Oral Expression,3,0
22367,"Special Education Teachers, Elementary School","Establish and communicate clear objectives for all lessons, units, and projects to students.",Information Ordering,2,0
22367,"Special Education Teachers, Elementary School","Establish and communicate clear objectives for all lessons, units, and projects to students.",Written Expression,1,0
22367,"Special Education Teachers, Elementary School","Establish and communicate clear objectives for all lessons, units, and projects to students.",Oral Comprehension,1,0
22369,"Special Education Teachers, Elementary School","Guide or counsel students with adjustment problems, academic problems, or special academic interests.",Oral Expression,3,0
22369,"Special Education Teachers, Elementary School","Guide or counsel students with adjustment problems, academic problems, or special academic interests.",Oral Comprehension,2,0
22369,"Special Education Teachers, Elementary School","Guide or counsel students with adjustment problems, academic problems, or special academic interests.",Problem Sensitivity,2,0
22369,"Special Education Teachers, Elementary School","Guide or counsel students with adjustment problems, academic problems, or special academic interests.",Deductive Reasoning,1,0
22381,"Special Education Teachers, Elementary School","Plan or conduct activities for a balanced program of instruction, demonstration, and work time that provides students with opportunities to observe, question, and investigate.",Information Ordering,2,0
22381,"Special Education Teachers, Elementary School","Plan or conduct activities for a balanced program of instruction, demonstration, and work time that provides students with opportunities to observe, question, and investigate.",Originality,2,0
22381,"Special Education Teachers, Elementary School","Plan or conduct activities for a balanced program of instruction, demonstration, and work time that provides students with opportunities to observe, question, and investigate.",Oral Expression,2,0
22381,"Special Education Teachers, Elementary School","Plan or conduct activities for a balanced program of instruction, demonstration, and work time that provides students with opportunities to observe, question, and investigate.",Fluency of Ideas,1,0
22384,"Special Education Teachers, Elementary School","Prepare objectives, outlines, or other materials for courses of study, following curriculum guidelines or school or state requirements.",Written Expression,3,0
22384,"Special Education Teachers, Elementary School","Prepare objectives, outlines, or other materials for courses of study, following curriculum guidelines or school or state requirements.",Information Ordering,2,0
22384,"Special Education Teachers, Elementary School","Prepare objectives, outlines, or other materials for courses of study, following curriculum guidelines or school or state requirements.",Written Comprehension,2,0
22384,"Special Education Teachers, Elementary School","Prepare objectives, outlines, or other materials for courses of study, following curriculum guidelines or school or state requirements.",Deductive Reasoning,1,0
22372,"Special Education Teachers, Elementary School","Instruct students in daily living skills required for independent maintenance and self-sufficiency, such as hygiene, safety, or food preparation.",Oral Expression,2,0
22372,"Special Education Teachers, Elementary School","Instruct students in daily living skills required for independent maintenance and self-sufficiency, such as hygiene, safety, or food preparation.",Oral Comprehension,1,0
22372,"Special Education Teachers, Elementary School","Instruct students in daily living skills required for independent maintenance and self-sufficiency, such as hygiene, safety, or food preparation.",Manual Dexterity,1,0
22372,"Special Education Teachers, Elementary School","Instruct students in daily living skills required for independent maintenance and self-sufficiency, such as hygiene, safety, or food preparation.",Problem Sensitivity,1,0
22372,"Special Education Teachers, Elementary School","Instruct students in daily living skills required for independent maintenance and self-sufficiency, such as hygiene, safety, or food preparation.",Originality,1,0
22361,"Special Education Teachers, Elementary School","Collaborate with other teachers or administrators to develop, evaluate, or revise elementary school programs.",Oral Expression,2,0
22361,"Special Education Teachers, Elementary School","Collaborate with other teachers or administrators to develop, evaluate, or revise elementary school programs.",Deductive Reasoning,2,0
22361,"Special Education Teachers, Elementary School","Collaborate with other teachers or administrators to develop, evaluate, or revise elementary school programs.",Written Expression,1,0
22361,"Special Education Teachers, Elementary School","Collaborate with other teachers or administrators to develop, evaluate, or revise elementary school programs.",Oral Comprehension,2,0
22362,"Special Education Teachers, Elementary School","Confer with other staff members to plan or schedule lessons promoting learning, following approved curricula.",Oral Expression,2,0
22362,"Special Education Teachers, Elementary School","Confer with other staff members to plan or schedule lessons promoting learning, following approved curricula.",Oral Comprehension,2,0
22362,"Special Education Teachers, Elementary School","Confer with other staff members to plan or schedule lessons promoting learning, following approved curricula.",Information Ordering,2,0
22362,"Special Education Teachers, Elementary School","Confer with other staff members to plan or schedule lessons promoting learning, following approved curricula.",Deductive Reasoning,1,0
22370,"Special Education Teachers, Elementary School",Instruct and monitor students in the use and care of equipment or materials to prevent injuries and damage.,Oral Expression,2,0
22370,"Special Education Teachers, Elementary School",Instruct and monitor students in the use and care of equipment or materials to prevent injuries and damage.,Selective Attention,2,0
22370,"Special Education Teachers, Elementary School",Instruct and monitor students in the use and care of equipment or materials to prevent injuries and damage.,Problem Sensitivity,2,0
22370,"Special Education Teachers, Elementary School",Instruct and monitor students in the use and care of equipment or materials to prevent injuries and damage.,Oral Comprehension,1,0
22385,"Special Education Teachers, Elementary School","Prepare, administer, or grade tests or assignments to evaluate students' progress.",Written Expression,2,0
22385,"Special Education Teachers, Elementary School","Prepare, administer, or grade tests or assignments to evaluate students' progress.",Deductive Reasoning,2,0
22385,"Special Education Teachers, Elementary School","Prepare, administer, or grade tests or assignments to evaluate students' progress.",Information Ordering,2,0
22385,"Special Education Teachers, Elementary School","Prepare, administer, or grade tests or assignments to evaluate students' progress.",Perceptual Speed,1,0
22385,"Special Education Teachers, Elementary School","Prepare, administer, or grade tests or assignments to evaluate students' progress.",Number Facility,1,0
22379,"Special Education Teachers, Elementary School",Organize and display students' work in a manner appropriate for their perceptual skills.,Visualization,2,0
22379,"Special Education Teachers, Elementary School",Organize and display students' work in a manner appropriate for their perceptual skills.,Category Flexibility,1,0
22379,"Special Education Teachers, Elementary School",Organize and display students' work in a manner appropriate for their perceptual skills.,Information Ordering,1,0
22379,"Special Education Teachers, Elementary School",Organize and display students' work in a manner appropriate for their perceptual skills.,Originality,1,0
22360,"Special Education Teachers, Elementary School","Attend professional meetings, educational conferences, or teacher training workshops to maintain or improve professional competence.",Oral Comprehension,2,0
22360,"Special Education Teachers, Elementary School","Attend professional meetings, educational conferences, or teacher training workshops to maintain or improve professional competence.",Written Comprehension,1,0
22360,"Special Education Teachers, Elementary School","Attend professional meetings, educational conferences, or teacher training workshops to maintain or improve professional competence.",Memorization,1,0
22373,"Special Education Teachers, Elementary School",Interpret the results of standardized tests to determine students' strengths and areas of need.,Deductive Reasoning,3,0
22373,"Special Education Teachers, Elementary School",Interpret the results of standardized tests to determine students' strengths and areas of need.,Mathematical Reasoning,2,0
22373,"Special Education Teachers, Elementary School",Interpret the results of standardized tests to determine students' strengths and areas of need.,Written Comprehension,2,0
22373,"Special Education Teachers, Elementary School",Interpret the results of standardized tests to determine students' strengths and areas of need.,Number Facility,1,0
22373,"Special Education Teachers, Elementary School",Interpret the results of standardized tests to determine students' strengths and areas of need.,Problem Sensitivity,1,0
22380,"Special Education Teachers, Elementary School","Organize and supervise games or other recreational activities to promote physical, mental, or social development.",Oral Expression,2,0
22380,"Special Education Teachers, Elementary School","Organize and supervise games or other recreational activities to promote physical, mental, or social development.",Selective Attention,2,0
22380,"Special Education Teachers, Elementary School","Organize and supervise games or other recreational activities to promote physical, mental, or social development.",Gross Body Coordination,1,1
22380,"Special Education Teachers, Elementary School","Organize and supervise games or other recreational activities to promote physical, mental, or social development.",Information Ordering,1,0
22359,"Special Education Teachers, Elementary School",Administer standardized ability and achievement tests to elementary students with special needs.,Oral Expression,2,0
22359,"Special Education Teachers, Elementary School",Administer standardized ability and achievement tests to elementary students with special needs.,Selective Attention,2,0
22359,"Special Education Teachers, Elementary School",Administer standardized ability and achievement tests to elementary students with special needs.,Information Ordering,2,0
22359,"Special Education Teachers, Elementary School",Administer standardized ability and achievement tests to elementary students with special needs.,Written Comprehension,1,0
22382,"Special Education Teachers, Elementary School","Plan or supervise experiential learning activities, such as class projects, field trips, demonstrations, or visits by guest speakers.",Information Ordering,2,0
22382,"Special Education Teachers, Elementary School","Plan or supervise experiential learning activities, such as class projects, field trips, demonstrations, or visits by guest speakers.",Originality,2,0
22382,"Special Education Teachers, Elementary School","Plan or supervise experiential learning activities, such as class projects, field trips, demonstrations, or visits by guest speakers.",Oral Expression,2,0
22382,"Special Education Teachers, Elementary School","Plan or supervise experiential learning activities, such as class projects, field trips, demonstrations, or visits by guest speakers.",Selective Attention,1,0
21063,"Special Education Teachers, Middle School",Develop or write Individualized Education Programs (IEPs) for students.,Written Expression,3,0
21063,"Special Education Teachers, Middle School",Develop or write Individualized Education Programs (IEPs) for students.,Deductive Reasoning,2,0
21063,"Special Education Teachers, Middle School",Develop or write Individualized Education Programs (IEPs) for students.,Written Comprehension,2,0
21063,"Special Education Teachers, Middle School",Develop or write Individualized Education Programs (IEPs) for students.,Problem Sensitivity,1,0
6744,"Special Education Teachers, Middle School",Establish and enforce rules for behavior and policies and procedures to maintain order among students.,Oral Expression,2,0
6744,"Special Education Teachers, Middle School",Establish and enforce rules for behavior and policies and procedures to maintain order among students.,Deductive Reasoning,2,0
6744,"Special Education Teachers, Middle School",Establish and enforce rules for behavior and policies and procedures to maintain order among students.,Problem Sensitivity,2,0
6744,"Special Education Teachers, Middle School",Establish and enforce rules for behavior and policies and procedures to maintain order among students.,Selective Attention,2,0
6744,"Special Education Teachers, Middle School",Establish and enforce rules for behavior and policies and procedures to maintain order among students.,Oral Comprehension,1,0
6748,"Special Education Teachers, Middle School",Develop and implement strategies to meet the needs of students with a variety of handicapping conditions.,Deductive Reasoning,2,0
6748,"Special Education Teachers, Middle School",Develop and implement strategies to meet the needs of students with a variety of handicapping conditions.,Originality,2,0
6748,"Special Education Teachers, Middle School",Develop and implement strategies to meet the needs of students with a variety of handicapping conditions.,Problem Sensitivity,2,0
6748,"Special Education Teachers, Middle School",Develop and implement strategies to meet the needs of students with a variety of handicapping conditions.,Oral Expression,1,0
6746,"Special Education Teachers, Middle School",Prepare materials and classrooms for class activities.,Visualization,2,0
6746,"Special Education Teachers, Middle School",Prepare materials and classrooms for class activities.,Information Ordering,1,0
6746,"Special Education Teachers, Middle School",Prepare materials and classrooms for class activities.,Originality,1,0
6746,"Special Education Teachers, Middle School",Prepare materials and classrooms for class activities.,Category Flexibility,1,0
6778,"Special Education Teachers, Middle School","Instruct students in daily living skills required for independent maintenance and self-sufficiency, such as hygiene, safety, and food preparation.",Oral Expression,2,0
6778,"Special Education Teachers, Middle School","Instruct students in daily living skills required for independent maintenance and self-sufficiency, such as hygiene, safety, and food preparation.",Oral Comprehension,1,0
6778,"Special Education Teachers, Middle School","Instruct students in daily living skills required for independent maintenance and self-sufficiency, such as hygiene, safety, and food preparation.",Manual Dexterity,1,0
6778,"Special Education Teachers, Middle School","Instruct students in daily living skills required for independent maintenance and self-sufficiency, such as hygiene, safety, and food preparation.",Problem Sensitivity,1,0
6778,"Special Education Teachers, Middle School","Instruct students in daily living skills required for independent maintenance and self-sufficiency, such as hygiene, safety, and food preparation.",Originality,1,0
6752,"Special Education Teachers, Middle School","Confer with parents or guardians, other teachers, counselors, and administrators to resolve students' behavioral and academic problems.",Oral Expression,3,0
6752,"Special Education Teachers, Middle School","Confer with parents or guardians, other teachers, counselors, and administrators to resolve students' behavioral and academic problems.",Oral Comprehension,2,0
6752,"Special Education Teachers, Middle School","Confer with parents or guardians, other teachers, counselors, and administrators to resolve students' behavioral and academic problems.",Problem Sensitivity,2,0
6752,"Special Education Teachers, Middle School","Confer with parents or guardians, other teachers, counselors, and administrators to resolve students' behavioral and academic problems.",Deductive Reasoning,1,0
6754,"Special Education Teachers, Middle School",Coordinate placement of students with special needs into mainstream classes.,Deductive Reasoning,2,0
6754,"Special Education Teachers, Middle School",Coordinate placement of students with special needs into mainstream classes.,Oral Expression,2,0
6754,"Special Education Teachers, Middle School",Coordinate placement of students with special needs into mainstream classes.,Oral Comprehension,2,0
6754,"Special Education Teachers, Middle School",Coordinate placement of students with special needs into mainstream classes.,Information Ordering,1,0
6754,"Special Education Teachers, Middle School",Coordinate placement of students with special needs into mainstream classes.,Problem Sensitivity,1,0
6747,"Special Education Teachers, Middle School","Confer with parents, administrators, testing specialists, social workers, and professionals to develop individual educational plans (IEPs) for students' educational, physical, and social development.",Oral Expression,3,0
6747,"Special Education Teachers, Middle School","Confer with parents, administrators, testing specialists, social workers, and professionals to develop individual educational plans (IEPs) for students' educational, physical, and social development.",Oral Comprehension,3,0
6747,"Special Education Teachers, Middle School","Confer with parents, administrators, testing specialists, social workers, and professionals to develop individual educational plans (IEPs) for students' educational, physical, and social development.",Written Expression,2,0
6747,"Special Education Teachers, Middle School","Confer with parents, administrators, testing specialists, social workers, and professionals to develop individual educational plans (IEPs) for students' educational, physical, and social development.",Deductive Reasoning,2,0
6747,"Special Education Teachers, Middle School","Confer with parents, administrators, testing specialists, social workers, and professionals to develop individual educational plans (IEPs) for students' educational, physical, and social development.",Problem Sensitivity,2,0
6750,"Special Education Teachers, Middle School","Modify the general education curriculum for students with disabilities, based upon a variety of instructional techniques and instructional technology.",Deductive Reasoning,2,0
6750,"Special Education Teachers, Middle School","Modify the general education curriculum for students with disabilities, based upon a variety of instructional techniques and instructional technology.",Originality,2,0
6750,"Special Education Teachers, Middle School","Modify the general education curriculum for students with disabilities, based upon a variety of instructional techniques and instructional technology.",Written Expression,1,0
6750,"Special Education Teachers, Middle School","Modify the general education curriculum for students with disabilities, based upon a variety of instructional techniques and instructional technology.",Category Flexibility,2,0
6749,"Special Education Teachers, Middle School","Teach socially acceptable behavior, employing techniques such as behavior modification and positive reinforcement.",Oral Expression,2,0
6749,"Special Education Teachers, Middle School","Teach socially acceptable behavior, employing techniques such as behavior modification and positive reinforcement.",Problem Sensitivity,2,0
6749,"Special Education Teachers, Middle School","Teach socially acceptable behavior, employing techniques such as behavior modification and positive reinforcement.",Deductive Reasoning,1,0
6749,"Special Education Teachers, Middle School","Teach socially acceptable behavior, employing techniques such as behavior modification and positive reinforcement.",Selective Attention,1,0
6757,"Special Education Teachers, Middle School","Guide and counsel students with adjustments, academic problems, or special academic interests.",Oral Expression,3,0
6757,"Special Education Teachers, Middle School","Guide and counsel students with adjustments, academic problems, or special academic interests.",Oral Comprehension,2,0
6757,"Special Education Teachers, Middle School","Guide and counsel students with adjustments, academic problems, or special academic interests.",Problem Sensitivity,2,0
6757,"Special Education Teachers, Middle School","Guide and counsel students with adjustments, academic problems, or special academic interests.",Deductive Reasoning,1,0
6759,"Special Education Teachers, Middle School","Establish clear objectives for all lessons, units, and projects, and communicate those objectives to students.",Oral Expression,3,0
6759,"Special Education Teachers, Middle School","Establish clear objectives for all lessons, units, and projects, and communicate those objectives to students.",Information Ordering,2,0
6759,"Special Education Teachers, Middle School","Establish clear objectives for all lessons, units, and projects, and communicate those objectives to students.",Written Expression,1,0
6759,"Special Education Teachers, Middle School","Establish clear objectives for all lessons, units, and projects, and communicate those objectives to students.",Oral Comprehension,1,0
6760,"Special Education Teachers, Middle School","Teach students personal development skills, such as goal setting, independence, and self-advocacy.",Oral Expression,3,0
6760,"Special Education Teachers, Middle School","Teach students personal development skills, such as goal setting, independence, and self-advocacy.",Oral Comprehension,2,0
6760,"Special Education Teachers, Middle School","Teach students personal development skills, such as goal setting, independence, and self-advocacy.",Originality,1,0
6760,"Special Education Teachers, Middle School","Teach students personal development skills, such as goal setting, independence, and self-advocacy.",Problem Sensitivity,1,0
6751,"Special Education Teachers, Middle School","Employ special educational strategies and techniques during instruction to improve the development of sensory- and perceptual-motor skills, language, cognition, and memory.",Originality,2,0
6751,"Special Education Teachers, Middle School","Employ special educational strategies and techniques during instruction to improve the development of sensory- and perceptual-motor skills, language, cognition, and memory.",Deductive Reasoning,2,0
6751,"Special Education Teachers, Middle School","Employ special educational strategies and techniques during instruction to improve the development of sensory- and perceptual-motor skills, language, cognition, and memory.",Oral Expression,2,0
6751,"Special Education Teachers, Middle School","Employ special educational strategies and techniques during instruction to improve the development of sensory- and perceptual-motor skills, language, cognition, and memory.",Problem Sensitivity,1,0
6751,"Special Education Teachers, Middle School","Employ special educational strategies and techniques during instruction to improve the development of sensory- and perceptual-motor skills, language, cognition, and memory.",Flexibility of Closure,1,1
6745,"Special Education Teachers, Middle School","Maintain accurate and complete student records, and prepare reports on children and activities, as required by laws, district policies, and administrative regulations.",Written Expression,2,0
6745,"Special Education Teachers, Middle School","Maintain accurate and complete student records, and prepare reports on children and activities, as required by laws, district policies, and administrative regulations.",Written Comprehension,2,0
6745,"Special Education Teachers, Middle School","Maintain accurate and complete student records, and prepare reports on children and activities, as required by laws, district policies, and administrative regulations.",Information Ordering,2,0
6745,"Special Education Teachers, Middle School","Maintain accurate and complete student records, and prepare reports on children and activities, as required by laws, district policies, and administrative regulations.",Memorization,1,0
6745,"Special Education Teachers, Middle School","Maintain accurate and complete student records, and prepare reports on children and activities, as required by laws, district policies, and administrative regulations.",Deductive Reasoning,1,0
21064,"Special Education Teachers, Middle School",Collaborate with other teachers that provide instruction to special education students to ensure that the students receive appropriate support.,Oral Expression,2,0
21064,"Special Education Teachers, Middle School",Collaborate with other teachers that provide instruction to special education students to ensure that the students receive appropriate support.,Oral Comprehension,2,0
21064,"Special Education Teachers, Middle School",Collaborate with other teachers that provide instruction to special education students to ensure that the students receive appropriate support.,Deductive Reasoning,1,0
21064,"Special Education Teachers, Middle School",Collaborate with other teachers that provide instruction to special education students to ensure that the students receive appropriate support.,Problem Sensitivity,1,0
6753,"Special Education Teachers, Middle School","Instruct through lectures, discussions, and demonstrations in one or more subjects, such as English, mathematics, or social studies.",Oral Expression,3,0
6753,"Special Education Teachers, Middle School","Instruct through lectures, discussions, and demonstrations in one or more subjects, such as English, mathematics, or social studies.",Oral Comprehension,2,0
6753,"Special Education Teachers, Middle School","Instruct through lectures, discussions, and demonstrations in one or more subjects, such as English, mathematics, or social studies.",Written Expression,1,0
6753,"Special Education Teachers, Middle School","Instruct through lectures, discussions, and demonstrations in one or more subjects, such as English, mathematics, or social studies.",Information Ordering,1,0
6763,"Special Education Teachers, Middle School",Monitor teachers and teacher assistants to ensure that they adhere to inclusive special education program requirements.,Selective Attention,2,0
6763,"Special Education Teachers, Middle School",Monitor teachers and teacher assistants to ensure that they adhere to inclusive special education program requirements.,Deductive Reasoning,2,0
6763,"Special Education Teachers, Middle School",Monitor teachers and teacher assistants to ensure that they adhere to inclusive special education program requirements.,Oral Expression,2,0
6763,"Special Education Teachers, Middle School",Monitor teachers and teacher assistants to ensure that they adhere to inclusive special education program requirements.,Written Comprehension,1,0
6763,"Special Education Teachers, Middle School",Monitor teachers and teacher assistants to ensure that they adhere to inclusive special education program requirements.,Problem Sensitivity,1,0
6755,"Special Education Teachers, Middle School",Meet with parents and guardians to discuss their children's progress and to determine priorities for their children and their resource needs.,Oral Expression,3,0
6755,"Special Education Teachers, Middle School",Meet with parents and guardians to discuss their children's progress and to determine priorities for their children and their resource needs.,Oral Comprehension,3,0
6755,"Special Education Teachers, Middle School",Meet with parents and guardians to discuss their children's progress and to determine priorities for their children and their resource needs.,Problem Sensitivity,1,0
6758,"Special Education Teachers, Middle School","Observe and evaluate students' performance, behavior, social development, and physical health.",Problem Sensitivity,3,0
6758,"Special Education Teachers, Middle School","Observe and evaluate students' performance, behavior, social development, and physical health.",Selective Attention,2,0
6758,"Special Education Teachers, Middle School","Observe and evaluate students' performance, behavior, social development, and physical health.",Deductive Reasoning,2,0
6758,"Special Education Teachers, Middle School","Observe and evaluate students' performance, behavior, social development, and physical health.",Perceptual Speed,1,0
6758,"Special Education Teachers, Middle School","Observe and evaluate students' performance, behavior, social development, and physical health.",Memorization,1,0
6769,"Special Education Teachers, Middle School",Instruct and monitor students in the use and care of equipment and materials to prevent injuries and damage.,Oral Expression,2,0
6769,"Special Education Teachers, Middle School",Instruct and monitor students in the use and care of equipment and materials to prevent injuries and damage.,Selective Attention,2,0
6769,"Special Education Teachers, Middle School",Instruct and monitor students in the use and care of equipment and materials to prevent injuries and damage.,Problem Sensitivity,2,0
6769,"Special Education Teachers, Middle School",Instruct and monitor students in the use and care of equipment and materials to prevent injuries and damage.,Oral Comprehension,1,0
6761,"Special Education Teachers, Middle School","Plan and conduct activities for a balanced program of instruction, demonstration, and work time that provides students with opportunities to observe, question, and investigate.",Information Ordering,2,0
6761,"Special Education Teachers, Middle School","Plan and conduct activities for a balanced program of instruction, demonstration, and work time that provides students with opportunities to observe, question, and investigate.",Originality,2,0
6761,"Special Education Teachers, Middle School","Plan and conduct activities for a balanced program of instruction, demonstration, and work time that provides students with opportunities to observe, question, and investigate.",Oral Expression,2,0
6761,"Special Education Teachers, Middle School","Plan and conduct activities for a balanced program of instruction, demonstration, and work time that provides students with opportunities to observe, question, and investigate.",Fluency of Ideas,1,0
6767,"Special Education Teachers, Middle School","Confer with other staff members to plan and schedule lessons promoting learning, following approved curricula.",Oral Expression,2,0
6767,"Special Education Teachers, Middle School","Confer with other staff members to plan and schedule lessons promoting learning, following approved curricula.",Oral Comprehension,2,0
6767,"Special Education Teachers, Middle School","Confer with other staff members to plan and schedule lessons promoting learning, following approved curricula.",Information Ordering,2,0
6767,"Special Education Teachers, Middle School","Confer with other staff members to plan and schedule lessons promoting learning, following approved curricula.",Deductive Reasoning,1,0
6771,"Special Education Teachers, Middle School","Use computers, audio-visual aids, and other equipment and materials to supplement presentations.",Oral Expression,2,0
6771,"Special Education Teachers, Middle School","Use computers, audio-visual aids, and other equipment and materials to supplement presentations.",Manual Dexterity,1,0
6771,"Special Education Teachers, Middle School","Use computers, audio-visual aids, and other equipment and materials to supplement presentations.",Near Vision,1,0
6771,"Special Education Teachers, Middle School","Use computers, audio-visual aids, and other equipment and materials to supplement presentations.",Information Ordering,1,0
6765,"Special Education Teachers, Middle School","Prepare objectives and outlines for courses of study, following curriculum guidelines or requirements of states and schools.",Written Expression,3,0
6765,"Special Education Teachers, Middle School","Prepare objectives and outlines for courses of study, following curriculum guidelines or requirements of states and schools.",Information Ordering,2,0
6765,"Special Education Teachers, Middle School","Prepare objectives and outlines for courses of study, following curriculum guidelines or requirements of states and schools.",Written Comprehension,2,0
6765,"Special Education Teachers, Middle School","Prepare objectives and outlines for courses of study, following curriculum guidelines or requirements of states and schools.",Deductive Reasoning,1,0
6764,"Special Education Teachers, Middle School","Administer standardized ability and achievement tests, and interpret results to determine students' strengths and needs.",Deductive Reasoning,3,0
6764,"Special Education Teachers, Middle School","Administer standardized ability and achievement tests, and interpret results to determine students' strengths and needs.",Selective Attention,2,0
6764,"Special Education Teachers, Middle School","Administer standardized ability and achievement tests, and interpret results to determine students' strengths and needs.",Written Comprehension,2,0
6764,"Special Education Teachers, Middle School","Administer standardized ability and achievement tests, and interpret results to determine students' strengths and needs.",Number Facility,1,0
6764,"Special Education Teachers, Middle School","Administer standardized ability and achievement tests, and interpret results to determine students' strengths and needs.",Oral Expression,1,0
6762,"Special Education Teachers, Middle School","Prepare for assigned classes, and show written evidence of preparation upon request of immediate supervisors.",Written Expression,2,0
6762,"Special Education Teachers, Middle School","Prepare for assigned classes, and show written evidence of preparation upon request of immediate supervisors.",Information Ordering,2,0
6762,"Special Education Teachers, Middle School","Prepare for assigned classes, and show written evidence of preparation upon request of immediate supervisors.",Written Comprehension,1,0
6762,"Special Education Teachers, Middle School","Prepare for assigned classes, and show written evidence of preparation upon request of immediate supervisors.",Memorization,1,0
6756,"Special Education Teachers, Middle School","Prepare, administer, and grade tests and assignments to evaluate students' progress.",Written Expression,2,0
6756,"Special Education Teachers, Middle School","Prepare, administer, and grade tests and assignments to evaluate students' progress.",Deductive Reasoning,2,0
6756,"Special Education Teachers, Middle School","Prepare, administer, and grade tests and assignments to evaluate students' progress.",Information Ordering,2,0
6756,"Special Education Teachers, Middle School","Prepare, administer, and grade tests and assignments to evaluate students' progress.",Perceptual Speed,1,0
6756,"Special Education Teachers, Middle School","Prepare, administer, and grade tests and assignments to evaluate students' progress.",Number Facility,1,0
6766,"Special Education Teachers, Middle School",Meet with parents and guardians to provide guidance in using community resources and to teach skills for dealing with students' impairments.,Oral Expression,3,0
6766,"Special Education Teachers, Middle School",Meet with parents and guardians to provide guidance in using community resources and to teach skills for dealing with students' impairments.,Oral Comprehension,3,0
6766,"Special Education Teachers, Middle School",Meet with parents and guardians to provide guidance in using community resources and to teach skills for dealing with students' impairments.,Speech Clarity,1,0
6766,"Special Education Teachers, Middle School",Meet with parents and guardians to provide guidance in using community resources and to teach skills for dealing with students' impairments.,Problem Sensitivity,1,0
6781,"Special Education Teachers, Middle School",Provide additional instruction in vocational areas.,Oral Expression,2,0
6781,"Special Education Teachers, Middle School",Provide additional instruction in vocational areas.,Oral Comprehension,1,0
6781,"Special Education Teachers, Middle School",Provide additional instruction in vocational areas.,Manual Dexterity,1,0
6781,"Special Education Teachers, Middle School",Provide additional instruction in vocational areas.,Problem Sensitivity,1,0
6770,"Special Education Teachers, Middle School",Organize and label materials and display students' work.,Visualization,2,0
6770,"Special Education Teachers, Middle School",Organize and label materials and display students' work.,Information Ordering,1,0
6770,"Special Education Teachers, Middle School",Organize and label materials and display students' work.,Category Flexibility,1,0
6770,"Special Education Teachers, Middle School",Organize and label materials and display students' work.,Written Expression,1,0
6775,"Special Education Teachers, Middle School","Attend staff meetings and serve on committees, as required.",Oral Comprehension,2,0
6775,"Special Education Teachers, Middle School","Attend staff meetings and serve on committees, as required.",Oral Expression,1,0
6775,"Special Education Teachers, Middle School","Attend staff meetings and serve on committees, as required.",Written Comprehension,1,0
6772,"Special Education Teachers, Middle School","Attend professional meetings, educational conferences, and teacher training workshops to maintain and improve professional competence.",Oral Comprehension,2,0
6772,"Special Education Teachers, Middle School","Attend professional meetings, educational conferences, and teacher training workshops to maintain and improve professional competence.",Written Comprehension,1,0
6772,"Special Education Teachers, Middle School","Attend professional meetings, educational conferences, and teacher training workshops to maintain and improve professional competence.",Memorization,1,0
6776,"Special Education Teachers, Middle School","Plan and supervise class projects, field trips, visits by guest speakers, or other experiential activities, and guide students in learning from those activities.",Information Ordering,2,0
6776,"Special Education Teachers, Middle School","Plan and supervise class projects, field trips, visits by guest speakers, or other experiential activities, and guide students in learning from those activities.",Originality,2,0
6776,"Special Education Teachers, Middle School","Plan and supervise class projects, field trips, visits by guest speakers, or other experiential activities, and guide students in learning from those activities.",Oral Expression,2,0
6776,"Special Education Teachers, Middle School","Plan and supervise class projects, field trips, visits by guest speakers, or other experiential activities, and guide students in learning from those activities.",Selective Attention,1,0
6774,"Special Education Teachers, Middle School","Perform administrative duties, such as school library assistance, hall and cafeteria monitoring, and bus loading and unloading.",Selective Attention,2,0
6774,"Special Education Teachers, Middle School","Perform administrative duties, such as school library assistance, hall and cafeteria monitoring, and bus loading and unloading.",Oral Expression,1,0
6774,"Special Education Teachers, Middle School","Perform administrative duties, such as school library assistance, hall and cafeteria monitoring, and bus loading and unloading.",Problem Sensitivity,1,0
6774,"Special Education Teachers, Middle School","Perform administrative duties, such as school library assistance, hall and cafeteria monitoring, and bus loading and unloading.",Information Ordering,1,0
6780,"Special Education Teachers, Middle School","Provide assistive devices, supportive technology, and assistance accessing facilities, such as restrooms.",Problem Sensitivity,2,0
6780,"Special Education Teachers, Middle School","Provide assistive devices, supportive technology, and assistance accessing facilities, such as restrooms.",Oral Comprehension,1,0
6780,"Special Education Teachers, Middle School","Provide assistive devices, supportive technology, and assistance accessing facilities, such as restrooms.",Manual Dexterity,1,0
6780,"Special Education Teachers, Middle School","Provide assistive devices, supportive technology, and assistance accessing facilities, such as restrooms.",Static Strength,1,1
6780,"Special Education Teachers, Middle School","Provide assistive devices, supportive technology, and assistance accessing facilities, such as restrooms.",Written Comprehension,1,0
6768,"Special Education Teachers, Middle School","Supervise, evaluate, and plan assignments for teacher assistants and volunteers.",Deductive Reasoning,2,0
6768,"Special Education Teachers, Middle School","Supervise, evaluate, and plan assignments for teacher assistants and volunteers.",Oral Expression,2,0
6768,"Special Education Teachers, Middle School","Supervise, evaluate, and plan assignments for teacher assistants and volunteers.",Information Ordering,2,0
6768,"Special Education Teachers, Middle School","Supervise, evaluate, and plan assignments for teacher assistants and volunteers.",Oral Comprehension,1,0
6773,"Special Education Teachers, Middle School","Organize and supervise games and other recreational activities to promote physical, mental, and social development.",Oral Expression,2,0
6773,"Special Education Teachers, Middle School","Organize and supervise games and other recreational activities to promote physical, mental, and social development.",Selective Attention,2,0
6773,"Special Education Teachers, Middle School","Organize and supervise games and other recreational activities to promote physical, mental, and social development.",Gross Body Coordination,1,1
6773,"Special Education Teachers, Middle School","Organize and supervise games and other recreational activities to promote physical, mental, and social development.",Information Ordering,1,0
6782,"Special Education Teachers, Middle School",Visit schools to tutor students with sensory impairments and to consult with teachers regarding students' special needs.,Oral Expression,2,0
6782,"Special Education Teachers, Middle School",Visit schools to tutor students with sensory impairments and to consult with teachers regarding students' special needs.,Oral Comprehension,2,0
6782,"Special Education Teachers, Middle School",Visit schools to tutor students with sensory impairments and to consult with teachers regarding students' special needs.,Problem Sensitivity,2,0
6782,"Special Education Teachers, Middle School",Visit schools to tutor students with sensory impairments and to consult with teachers regarding students' special needs.,Deductive Reasoning,1,0
6777,"Special Education Teachers, Middle School","Select, store, order, issue, and inventory classroom equipment, materials, and supplies.",Information Ordering,2,0
6777,"Special Education Teachers, Middle School","Select, store, order, issue, and inventory classroom equipment, materials, and supplies.",Number Facility,1,0
6777,"Special Education Teachers, Middle School","Select, store, order, issue, and inventory classroom equipment, materials, and supplies.",Category Flexibility,1,0
6777,"Special Education Teachers, Middle School","Select, store, order, issue, and inventory classroom equipment, materials, and supplies.",Memorization,1,0
6787,"Special Education Teachers, Secondary School",Establish and enforce rules for behavior and policies and procedures to maintain order among students.,Oral Expression,2,0
6787,"Special Education Teachers, Secondary School",Establish and enforce rules for behavior and policies and procedures to maintain order among students.,Deductive Reasoning,2,0
6787,"Special Education Teachers, Secondary School",Establish and enforce rules for behavior and policies and procedures to maintain order among students.,Problem Sensitivity,2,0
6787,"Special Education Teachers, Secondary School",Establish and enforce rules for behavior and policies and procedures to maintain order among students.,Selective Attention,2,0
6787,"Special Education Teachers, Secondary School",Establish and enforce rules for behavior and policies and procedures to maintain order among students.,Oral Comprehension,1,0
6784,"Special Education Teachers, Secondary School","Maintain accurate and complete student records, and prepare reports on children and activities, as required by laws, district policies, and administrative regulations.",Written Expression,2,0
6784,"Special Education Teachers, Secondary School","Maintain accurate and complete student records, and prepare reports on children and activities, as required by laws, district policies, and administrative regulations.",Written Comprehension,2,0
6784,"Special Education Teachers, Secondary School","Maintain accurate and complete student records, and prepare reports on children and activities, as required by laws, district policies, and administrative regulations.",Information Ordering,2,0
6784,"Special Education Teachers, Secondary School","Maintain accurate and complete student records, and prepare reports on children and activities, as required by laws, district policies, and administrative regulations.",Memorization,1,0
6784,"Special Education Teachers, Secondary School","Maintain accurate and complete student records, and prepare reports on children and activities, as required by laws, district policies, and administrative regulations.",Deductive Reasoning,1,0
6788,"Special Education Teachers, Secondary School","Confer with parents, administrators, testing specialists, social workers, or other professionals to develop individual educational plans (IEPs) for students' educational, physical, and social development.",Oral Expression,3,0
6788,"Special Education Teachers, Secondary School","Confer with parents, administrators, testing specialists, social workers, or other professionals to develop individual educational plans (IEPs) for students' educational, physical, and social development.",Oral Comprehension,3,0
6788,"Special Education Teachers, Secondary School","Confer with parents, administrators, testing specialists, social workers, or other professionals to develop individual educational plans (IEPs) for students' educational, physical, and social development.",Written Expression,2,0
6788,"Special Education Teachers, Secondary School","Confer with parents, administrators, testing specialists, social workers, or other professionals to develop individual educational plans (IEPs) for students' educational, physical, and social development.",Deductive Reasoning,2,0
6788,"Special Education Teachers, Secondary School","Confer with parents, administrators, testing specialists, social workers, or other professionals to develop individual educational plans (IEPs) for students' educational, physical, and social development.",Problem Sensitivity,2,0
6790,"Special Education Teachers, Secondary School","Employ special educational strategies and techniques during instruction to improve the development of sensory- and perceptual-motor skills, language, cognition, and memory.",Originality,2,0
6790,"Special Education Teachers, Secondary School","Employ special educational strategies and techniques during instruction to improve the development of sensory- and perceptual-motor skills, language, cognition, and memory.",Deductive Reasoning,2,0
6790,"Special Education Teachers, Secondary School","Employ special educational strategies and techniques during instruction to improve the development of sensory- and perceptual-motor skills, language, cognition, and memory.",Oral Expression,2,0
6790,"Special Education Teachers, Secondary School","Employ special educational strategies and techniques during instruction to improve the development of sensory- and perceptual-motor skills, language, cognition, and memory.",Problem Sensitivity,1,0
6790,"Special Education Teachers, Secondary School","Employ special educational strategies and techniques during instruction to improve the development of sensory- and perceptual-motor skills, language, cognition, and memory.",Flexibility of Closure,1,1
6794,"Special Education Teachers, Secondary School","Establish clear objectives for all lessons, units, and projects, and communicate those objectives to students.",Oral Expression,3,0
6794,"Special Education Teachers, Secondary School","Establish clear objectives for all lessons, units, and projects, and communicate those objectives to students.",Information Ordering,2,0
6794,"Special Education Teachers, Secondary School","Establish clear objectives for all lessons, units, and projects, and communicate those objectives to students.",Written Expression,1,0
6794,"Special Education Teachers, Secondary School","Establish clear objectives for all lessons, units, and projects, and communicate those objectives to students.",Oral Comprehension,1,0
6786,"Special Education Teachers, Secondary School",Prepare materials and classrooms for class activities.,Visualization,2,0
6786,"Special Education Teachers, Secondary School",Prepare materials and classrooms for class activities.,Information Ordering,1,0
6786,"Special Education Teachers, Secondary School",Prepare materials and classrooms for class activities.,Originality,1,0
6786,"Special Education Teachers, Secondary School",Prepare materials and classrooms for class activities.,Category Flexibility,1,0
6785,"Special Education Teachers, Secondary School","Teach socially acceptable behavior, employing techniques such as behavior modification and positive reinforcement.",Oral Expression,2,0
6785,"Special Education Teachers, Secondary School","Teach socially acceptable behavior, employing techniques such as behavior modification and positive reinforcement.",Problem Sensitivity,2,0
6785,"Special Education Teachers, Secondary School","Teach socially acceptable behavior, employing techniques such as behavior modification and positive reinforcement.",Deductive Reasoning,1,0
6785,"Special Education Teachers, Secondary School","Teach socially acceptable behavior, employing techniques such as behavior modification and positive reinforcement.",Selective Attention,1,0
6798,"Special Education Teachers, Secondary School","Confer with parents or guardians, other teachers, counselors, and administrators to resolve students' behavioral and academic problems.",Oral Expression,3,0
6798,"Special Education Teachers, Secondary School","Confer with parents or guardians, other teachers, counselors, and administrators to resolve students' behavioral and academic problems.",Oral Comprehension,2,0
6798,"Special Education Teachers, Secondary School","Confer with parents or guardians, other teachers, counselors, and administrators to resolve students' behavioral and academic problems.",Problem Sensitivity,2,0
6798,"Special Education Teachers, Secondary School","Confer with parents or guardians, other teachers, counselors, and administrators to resolve students' behavioral and academic problems.",Deductive Reasoning,1,0
6795,"Special Education Teachers, Secondary School",Develop and implement strategies to meet the needs of students with a variety of handicapping conditions.,Deductive Reasoning,2,0
6795,"Special Education Teachers, Secondary School",Develop and implement strategies to meet the needs of students with a variety of handicapping conditions.,Originality,2,0
6795,"Special Education Teachers, Secondary School",Develop and implement strategies to meet the needs of students with a variety of handicapping conditions.,Problem Sensitivity,2,0
6795,"Special Education Teachers, Secondary School",Develop and implement strategies to meet the needs of students with a variety of handicapping conditions.,Oral Expression,1,0
6792,"Special Education Teachers, Secondary School","Teach personal development skills, such as goal setting, independence, and self-advocacy.",Oral Expression,3,0
6792,"Special Education Teachers, Secondary School","Teach personal development skills, such as goal setting, independence, and self-advocacy.",Oral Comprehension,2,0
6792,"Special Education Teachers, Secondary School","Teach personal development skills, such as goal setting, independence, and self-advocacy.",Originality,1,0
6792,"Special Education Teachers, Secondary School","Teach personal development skills, such as goal setting, independence, and self-advocacy.",Problem Sensitivity,1,0
6793,"Special Education Teachers, Secondary School",Prepare students for later grades by encouraging them to explore learning opportunities and to persevere with challenging tasks.,Oral Expression,3,0
6793,"Special Education Teachers, Secondary School",Prepare students for later grades by encouraging them to explore learning opportunities and to persevere with challenging tasks.,Oral Comprehension,2,0
6793,"Special Education Teachers, Secondary School",Prepare students for later grades by encouraging them to explore learning opportunities and to persevere with challenging tasks.,Originality,1,0
6793,"Special Education Teachers, Secondary School",Prepare students for later grades by encouraging them to explore learning opportunities and to persevere with challenging tasks.,Problem Sensitivity,1,0
6796,"Special Education Teachers, Secondary School","Modify the general education curriculum for students with disabilities, based upon a variety of instructional techniques and technologies.",Deductive Reasoning,2,0
6796,"Special Education Teachers, Secondary School","Modify the general education curriculum for students with disabilities, based upon a variety of instructional techniques and technologies.",Originality,2,0
6796,"Special Education Teachers, Secondary School","Modify the general education curriculum for students with disabilities, based upon a variety of instructional techniques and technologies.",Written Expression,1,0
6796,"Special Education Teachers, Secondary School","Modify the general education curriculum for students with disabilities, based upon a variety of instructional techniques and technologies.",Category Flexibility,2,0
6802,"Special Education Teachers, Secondary School","Observe and evaluate students' performance, behavior, social development, and physical health.",Problem Sensitivity,3,0
6802,"Special Education Teachers, Secondary School","Observe and evaluate students' performance, behavior, social development, and physical health.",Selective Attention,2,0
6802,"Special Education Teachers, Secondary School","Observe and evaluate students' performance, behavior, social development, and physical health.",Deductive Reasoning,2,0
6802,"Special Education Teachers, Secondary School","Observe and evaluate students' performance, behavior, social development, and physical health.",Perceptual Speed,1,0
6802,"Special Education Teachers, Secondary School","Observe and evaluate students' performance, behavior, social development, and physical health.",Memorization,1,0
6809,"Special Education Teachers, Secondary School","Confer with other staff members to plan and schedule lessons promoting learning, following approved curricula.",Oral Expression,2,0
6809,"Special Education Teachers, Secondary School","Confer with other staff members to plan and schedule lessons promoting learning, following approved curricula.",Oral Comprehension,2,0
6809,"Special Education Teachers, Secondary School","Confer with other staff members to plan and schedule lessons promoting learning, following approved curricula.",Information Ordering,2,0
6809,"Special Education Teachers, Secondary School","Confer with other staff members to plan and schedule lessons promoting learning, following approved curricula.",Deductive Reasoning,1,0
6797,"Special Education Teachers, Secondary School",Meet with other professionals to discuss individual students' needs and progress.,Oral Expression,2,0
6797,"Special Education Teachers, Secondary School",Meet with other professionals to discuss individual students' needs and progress.,Oral Comprehension,2,0
6797,"Special Education Teachers, Secondary School",Meet with other professionals to discuss individual students' needs and progress.,Problem Sensitivity,1,0
6797,"Special Education Teachers, Secondary School",Meet with other professionals to discuss individual students' needs and progress.,Deductive Reasoning,1,0
6801,"Special Education Teachers, Secondary School",Coordinate placement of students with special needs into mainstream classes.,Deductive Reasoning,2,0
6801,"Special Education Teachers, Secondary School",Coordinate placement of students with special needs into mainstream classes.,Oral Expression,2,0
6801,"Special Education Teachers, Secondary School",Coordinate placement of students with special needs into mainstream classes.,Oral Comprehension,2,0
6801,"Special Education Teachers, Secondary School",Coordinate placement of students with special needs into mainstream classes.,Information Ordering,1,0
6801,"Special Education Teachers, Secondary School",Coordinate placement of students with special needs into mainstream classes.,Problem Sensitivity,1,0
6808,"Special Education Teachers, Secondary School","Prepare objectives and outlines for courses of study, following curriculum guidelines or requirements of states and schools.",Written Expression,3,0
6808,"Special Education Teachers, Secondary School","Prepare objectives and outlines for courses of study, following curriculum guidelines or requirements of states and schools.",Information Ordering,2,0
6808,"Special Education Teachers, Secondary School","Prepare objectives and outlines for courses of study, following curriculum guidelines or requirements of states and schools.",Written Comprehension,2,0
6808,"Special Education Teachers, Secondary School","Prepare objectives and outlines for courses of study, following curriculum guidelines or requirements of states and schools.",Deductive Reasoning,1,0
6800,"Special Education Teachers, Secondary School","Guide and counsel students with adjustments, academic problems, or special academic interests.",Oral Expression,3,0
6800,"Special Education Teachers, Secondary School","Guide and counsel students with adjustments, academic problems, or special academic interests.",Oral Comprehension,2,0
6800,"Special Education Teachers, Secondary School","Guide and counsel students with adjustments, academic problems, or special academic interests.",Problem Sensitivity,2,0
6800,"Special Education Teachers, Secondary School","Guide and counsel students with adjustments, academic problems, or special academic interests.",Deductive Reasoning,1,0
6803,"Special Education Teachers, Secondary School",Monitor teachers and teacher assistants to ensure that they adhere to inclusive special education program requirements.,Selective Attention,2,0
6803,"Special Education Teachers, Secondary School",Monitor teachers and teacher assistants to ensure that they adhere to inclusive special education program requirements.,Deductive Reasoning,2,0
6803,"Special Education Teachers, Secondary School",Monitor teachers and teacher assistants to ensure that they adhere to inclusive special education program requirements.,Oral Expression,2,0
6803,"Special Education Teachers, Secondary School",Monitor teachers and teacher assistants to ensure that they adhere to inclusive special education program requirements.,Written Comprehension,1,0
6803,"Special Education Teachers, Secondary School",Monitor teachers and teacher assistants to ensure that they adhere to inclusive special education program requirements.,Problem Sensitivity,1,0
6791,"Special Education Teachers, Secondary School","Plan and conduct activities for a balanced program of instruction, demonstration, and work time that provides students with opportunities to observe, question, and investigate.",Information Ordering,2,0
6791,"Special Education Teachers, Secondary School","Plan and conduct activities for a balanced program of instruction, demonstration, and work time that provides students with opportunities to observe, question, and investigate.",Originality,2,0
6791,"Special Education Teachers, Secondary School","Plan and conduct activities for a balanced program of instruction, demonstration, and work time that provides students with opportunities to observe, question, and investigate.",Oral Expression,2,0
6791,"Special Education Teachers, Secondary School","Plan and conduct activities for a balanced program of instruction, demonstration, and work time that provides students with opportunities to observe, question, and investigate.",Fluency of Ideas,1,0
6811,"Special Education Teachers, Secondary School","Use computers, audio-visual aids, and other equipment and materials to supplement presentations.",Oral Expression,2,0
6811,"Special Education Teachers, Secondary School","Use computers, audio-visual aids, and other equipment and materials to supplement presentations.",Manual Dexterity,1,0
6811,"Special Education Teachers, Secondary School","Use computers, audio-visual aids, and other equipment and materials to supplement presentations.",Near Vision,1,0
6811,"Special Education Teachers, Secondary School","Use computers, audio-visual aids, and other equipment and materials to supplement presentations.",Information Ordering,1,0
6799,"Special Education Teachers, Secondary School",Meet with parents and guardians to discuss their children's progress and to determine priorities for their children and their resource needs.,Oral Expression,3,0
6799,"Special Education Teachers, Secondary School",Meet with parents and guardians to discuss their children's progress and to determine priorities for their children and their resource needs.,Oral Comprehension,3,0
6799,"Special Education Teachers, Secondary School",Meet with parents and guardians to discuss their children's progress and to determine priorities for their children and their resource needs.,Problem Sensitivity,1,0
6820,"Special Education Teachers, Secondary School","Provide assistive devices, supportive technology, and assistance accessing facilities, such as restrooms.",Problem Sensitivity,2,0
6820,"Special Education Teachers, Secondary School","Provide assistive devices, supportive technology, and assistance accessing facilities, such as restrooms.",Oral Comprehension,1,0
6820,"Special Education Teachers, Secondary School","Provide assistive devices, supportive technology, and assistance accessing facilities, such as restrooms.",Manual Dexterity,1,0
6820,"Special Education Teachers, Secondary School","Provide assistive devices, supportive technology, and assistance accessing facilities, such as restrooms.",Static Strength,1,1
6820,"Special Education Teachers, Secondary School","Provide assistive devices, supportive technology, and assistance accessing facilities, such as restrooms.",Written Comprehension,1,0
6789,"Special Education Teachers, Secondary School","Instruct through lectures, discussions, and demonstrations in one or more subjects, such as English, mathematics, or social studies.",Oral Expression,3,0
6789,"Special Education Teachers, Secondary School","Instruct through lectures, discussions, and demonstrations in one or more subjects, such as English, mathematics, or social studies.",Oral Comprehension,2,0
6789,"Special Education Teachers, Secondary School","Instruct through lectures, discussions, and demonstrations in one or more subjects, such as English, mathematics, or social studies.",Written Expression,1,0
6789,"Special Education Teachers, Secondary School","Instruct through lectures, discussions, and demonstrations in one or more subjects, such as English, mathematics, or social studies.",Information Ordering,1,0
6804,"Special Education Teachers, Secondary School","Prepare, administer, and grade tests and assignments to evaluate students' progress.",Written Expression,2,0
6804,"Special Education Teachers, Secondary School","Prepare, administer, and grade tests and assignments to evaluate students' progress.",Deductive Reasoning,2,0
6804,"Special Education Teachers, Secondary School","Prepare, administer, and grade tests and assignments to evaluate students' progress.",Information Ordering,2,0
6804,"Special Education Teachers, Secondary School","Prepare, administer, and grade tests and assignments to evaluate students' progress.",Perceptual Speed,1,0
6804,"Special Education Teachers, Secondary School","Prepare, administer, and grade tests and assignments to evaluate students' progress.",Number Facility,1,0
6813,"Special Education Teachers, Secondary School","Collaborate with other teachers and administrators in the development, evaluation, and revision of secondary school programs.",Oral Expression,2,0
6813,"Special Education Teachers, Secondary School","Collaborate with other teachers and administrators in the development, evaluation, and revision of secondary school programs.",Deductive Reasoning,2,0
6813,"Special Education Teachers, Secondary School","Collaborate with other teachers and administrators in the development, evaluation, and revision of secondary school programs.",Written Expression,1,0
6813,"Special Education Teachers, Secondary School","Collaborate with other teachers and administrators in the development, evaluation, and revision of secondary school programs.",Oral Comprehension,2,0
6805,"Special Education Teachers, Secondary School","Instruct students in daily living skills required for independent maintenance and self-sufficiency, such as hygiene, safety, and food preparation.",Oral Expression,2,0
6805,"Special Education Teachers, Secondary School","Instruct students in daily living skills required for independent maintenance and self-sufficiency, such as hygiene, safety, and food preparation.",Oral Comprehension,1,0
6805,"Special Education Teachers, Secondary School","Instruct students in daily living skills required for independent maintenance and self-sufficiency, such as hygiene, safety, and food preparation.",Manual Dexterity,1,0
6805,"Special Education Teachers, Secondary School","Instruct students in daily living skills required for independent maintenance and self-sufficiency, such as hygiene, safety, and food preparation.",Problem Sensitivity,1,0
6805,"Special Education Teachers, Secondary School","Instruct students in daily living skills required for independent maintenance and self-sufficiency, such as hygiene, safety, and food preparation.",Originality,1,0
6812,"Special Education Teachers, Secondary School","Administer standardized ability and achievement tests, and interpret results to determine students' strengths and needs.",Deductive Reasoning,3,0
6812,"Special Education Teachers, Secondary School","Administer standardized ability and achievement tests, and interpret results to determine students' strengths and needs.",Selective Attention,2,0
6812,"Special Education Teachers, Secondary School","Administer standardized ability and achievement tests, and interpret results to determine students' strengths and needs.",Written Comprehension,2,0
6812,"Special Education Teachers, Secondary School","Administer standardized ability and achievement tests, and interpret results to determine students' strengths and needs.",Number Facility,1,0
6812,"Special Education Teachers, Secondary School","Administer standardized ability and achievement tests, and interpret results to determine students' strengths and needs.",Oral Expression,1,0
6814,"Special Education Teachers, Secondary School","Prepare for assigned classes, and show written evidence of preparation upon request of immediate supervisors.",Written Expression,2,0
6814,"Special Education Teachers, Secondary School","Prepare for assigned classes, and show written evidence of preparation upon request of immediate supervisors.",Information Ordering,2,0
6814,"Special Education Teachers, Secondary School","Prepare for assigned classes, and show written evidence of preparation upon request of immediate supervisors.",Written Comprehension,1,0
6814,"Special Education Teachers, Secondary School","Prepare for assigned classes, and show written evidence of preparation upon request of immediate supervisors.",Memorization,1,0
6806,"Special Education Teachers, Secondary School",Meet with parents and guardians to provide guidance in using community resources and to teach skills for dealing with students' impairments.,Oral Expression,3,0
6806,"Special Education Teachers, Secondary School",Meet with parents and guardians to provide guidance in using community resources and to teach skills for dealing with students' impairments.,Oral Comprehension,3,0
6806,"Special Education Teachers, Secondary School",Meet with parents and guardians to provide guidance in using community resources and to teach skills for dealing with students' impairments.,Speech Clarity,1,0
6806,"Special Education Teachers, Secondary School",Meet with parents and guardians to provide guidance in using community resources and to teach skills for dealing with students' impairments.,Problem Sensitivity,1,0
6815,"Special Education Teachers, Secondary School","Attend professional meetings, educational conferences, and teacher training workshops to maintain and improve professional competence.",Oral Comprehension,2,0
6815,"Special Education Teachers, Secondary School","Attend professional meetings, educational conferences, and teacher training workshops to maintain and improve professional competence.",Written Comprehension,1,0
6815,"Special Education Teachers, Secondary School","Attend professional meetings, educational conferences, and teacher training workshops to maintain and improve professional competence.",Memorization,1,0
6817,"Special Education Teachers, Secondary School","Attend staff meetings and serve on committees, as required.",Oral Comprehension,2,0
6817,"Special Education Teachers, Secondary School","Attend staff meetings and serve on committees, as required.",Oral Expression,1,0
6817,"Special Education Teachers, Secondary School","Attend staff meetings and serve on committees, as required.",Written Comprehension,1,0
6816,"Special Education Teachers, Secondary School","Plan and supervise class projects, field trips, visits by guest speakers, or other experiential activities, and guide students in learning from those activities.",Information Ordering,2,0
6816,"Special Education Teachers, Secondary School","Plan and supervise class projects, field trips, visits by guest speakers, or other experiential activities, and guide students in learning from those activities.",Originality,2,0
6816,"Special Education Teachers, Secondary School","Plan and supervise class projects, field trips, visits by guest speakers, or other experiential activities, and guide students in learning from those activities.",Oral Expression,2,0
6816,"Special Education Teachers, Secondary School","Plan and supervise class projects, field trips, visits by guest speakers, or other experiential activities, and guide students in learning from those activities.",Selective Attention,1,0
6807,"Special Education Teachers, Secondary School",Provide additional instruction in vocational areas.,Oral Expression,2,0
6807,"Special Education Teachers, Secondary School",Provide additional instruction in vocational areas.,Oral Comprehension,1,0
6807,"Special Education Teachers, Secondary School",Provide additional instruction in vocational areas.,Manual Dexterity,1,0
6807,"Special Education Teachers, Secondary School",Provide additional instruction in vocational areas.,Problem Sensitivity,1,0
6810,"Special Education Teachers, Secondary School",Instruct and monitor students in the use and care of equipment and materials to prevent injuries and damage.,Oral Expression,2,0
6810,"Special Education Teachers, Secondary School",Instruct and monitor students in the use and care of equipment and materials to prevent injuries and damage.,Selective Attention,2,0
6810,"Special Education Teachers, Secondary School",Instruct and monitor students in the use and care of equipment and materials to prevent injuries and damage.,Problem Sensitivity,2,0
6810,"Special Education Teachers, Secondary School",Instruct and monitor students in the use and care of equipment and materials to prevent injuries and damage.,Oral Comprehension,1,0
6822,"Special Education Teachers, Secondary School",Provide interpretation and transcription of regular classroom materials through Braille and sign language.,Finger Dexterity,2,0
6822,"Special Education Teachers, Secondary School",Provide interpretation and transcription of regular classroom materials through Braille and sign language.,Written Expression,2,0
6822,"Special Education Teachers, Secondary School",Provide interpretation and transcription of regular classroom materials through Braille and sign language.,Oral Comprehension,2,0
6822,"Special Education Teachers, Secondary School",Provide interpretation and transcription of regular classroom materials through Braille and sign language.,Manual Dexterity,2,0
6822,"Special Education Teachers, Secondary School",Provide interpretation and transcription of regular classroom materials through Braille and sign language.,Near Vision,1,0
6819,"Special Education Teachers, Secondary School","Perform administrative duties, such as school library assistance, hall and cafeteria monitoring, and bus loading and unloading.",Selective Attention,2,0
6819,"Special Education Teachers, Secondary School","Perform administrative duties, such as school library assistance, hall and cafeteria monitoring, and bus loading and unloading.",Oral Expression,1,0
6819,"Special Education Teachers, Secondary School","Perform administrative duties, such as school library assistance, hall and cafeteria monitoring, and bus loading and unloading.",Problem Sensitivity,1,0
6819,"Special Education Teachers, Secondary School","Perform administrative duties, such as school library assistance, hall and cafeteria monitoring, and bus loading and unloading.",Information Ordering,1,0
6823,"Special Education Teachers, Secondary School","Sponsor extracurricular activities, such as clubs, student organizations, and academic contests.",Oral Expression,2,0
6823,"Special Education Teachers, Secondary School","Sponsor extracurricular activities, such as clubs, student organizations, and academic contests.",Information Ordering,1,0
6823,"Special Education Teachers, Secondary School","Sponsor extracurricular activities, such as clubs, student organizations, and academic contests.",Originality,1,0
6823,"Special Education Teachers, Secondary School","Sponsor extracurricular activities, such as clubs, student organizations, and academic contests.",Deductive Reasoning,1,0
6818,"Special Education Teachers, Secondary School","Select, store, order, issue, and inventory classroom equipment, materials, and supplies.",Information Ordering,2,0
6818,"Special Education Teachers, Secondary School","Select, store, order, issue, and inventory classroom equipment, materials, and supplies.",Number Facility,1,0
6818,"Special Education Teachers, Secondary School","Select, store, order, issue, and inventory classroom equipment, materials, and supplies.",Category Flexibility,1,0
6818,"Special Education Teachers, Secondary School","Select, store, order, issue, and inventory classroom equipment, materials, and supplies.",Memorization,1,0
6821,"Special Education Teachers, Secondary School",Visit schools to tutor students with sensory impairments and to consult with teachers regarding students' special needs.,Oral Expression,2,0
6821,"Special Education Teachers, Secondary School",Visit schools to tutor students with sensory impairments and to consult with teachers regarding students' special needs.,Oral Comprehension,2,0
6821,"Special Education Teachers, Secondary School",Visit schools to tutor students with sensory impairments and to consult with teachers regarding students' special needs.,Problem Sensitivity,2,0
6821,"Special Education Teachers, Secondary School",Visit schools to tutor students with sensory impairments and to consult with teachers regarding students' special needs.,Deductive Reasoning,1,0
17016,Adapted Physical Education Specialists,Adapt instructional techniques to the age and skill levels of students.,Deductive Reasoning,2,0
17016,Adapted Physical Education Specialists,Adapt instructional techniques to the age and skill levels of students.,Originality,2,0
17016,Adapted Physical Education Specialists,Adapt instructional techniques to the age and skill levels of students.,Oral Expression,1,0
17016,Adapted Physical Education Specialists,Adapt instructional techniques to the age and skill levels of students.,Problem Sensitivity,1,0
17018,Adapted Physical Education Specialists,"Instruct students, using adapted physical education techniques, to improve physical fitness, gross motor skills, perceptual motor skills, or sports and game achievement.",Gross Body Coordination,2,0
17018,Adapted Physical Education Specialists,"Instruct students, using adapted physical education techniques, to improve physical fitness, gross motor skills, perceptual motor skills, or sports and game achievement.",Oral Expression,2,0
17018,Adapted Physical Education Specialists,"Instruct students, using adapted physical education techniques, to improve physical fitness, gross motor skills, perceptual motor skills, or sports and game achievement.",Multilimb Coordination,1,0
17018,Adapted Physical Education Specialists,"Instruct students, using adapted physical education techniques, to improve physical fitness, gross motor skills, perceptual motor skills, or sports and game achievement.",Dynamic Flexibility,1,0
17018,Adapted Physical Education Specialists,"Instruct students, using adapted physical education techniques, to improve physical fitness, gross motor skills, perceptual motor skills, or sports and game achievement.",Problem Sensitivity,1,0
17006,Adapted Physical Education Specialists,Provide individual or small groups of students with adapted physical education instruction that meets desired physical needs or goals.,Oral Expression,2,0
17006,Adapted Physical Education Specialists,Provide individual or small groups of students with adapted physical education instruction that meets desired physical needs or goals.,Gross Body Coordination,1,0
17006,Adapted Physical Education Specialists,Provide individual or small groups of students with adapted physical education instruction that meets desired physical needs or goals.,Problem Sensitivity,2,0
17006,Adapted Physical Education Specialists,Provide individual or small groups of students with adapted physical education instruction that meets desired physical needs or goals.,Deductive Reasoning,1,0
17005,Adapted Physical Education Specialists,Provide students positive feedback to encourage them and help them develop an appreciation for physical education.,Oral Expression,3,0
17005,Adapted Physical Education Specialists,Provide students positive feedback to encourage them and help them develop an appreciation for physical education.,Oral Comprehension,1,0
17005,Adapted Physical Education Specialists,Provide students positive feedback to encourage them and help them develop an appreciation for physical education.,Speech Clarity,1,0
17011,Adapted Physical Education Specialists,"Establish and maintain standards of behavior to create safe, orderly, and effective environments for learning.",Oral Expression,2,0
17011,Adapted Physical Education Specialists,"Establish and maintain standards of behavior to create safe, orderly, and effective environments for learning.",Deductive Reasoning,2,0
17011,Adapted Physical Education Specialists,"Establish and maintain standards of behavior to create safe, orderly, and effective environments for learning.",Selective Attention,2,0
17011,Adapted Physical Education Specialists,"Establish and maintain standards of behavior to create safe, orderly, and effective environments for learning.",Problem Sensitivity,1,0
17017,Adapted Physical Education Specialists,"Provide adapted physical education services to students with intellectual disabilities, autism, traumatic brain injury, orthopedic impairments, or other disabling condition.",Problem Sensitivity,2,0
17017,Adapted Physical Education Specialists,"Provide adapted physical education services to students with intellectual disabilities, autism, traumatic brain injury, orthopedic impairments, or other disabling condition.",Oral Expression,2,0
17017,Adapted Physical Education Specialists,"Provide adapted physical education services to students with intellectual disabilities, autism, traumatic brain injury, orthopedic impairments, or other disabling condition.",Deductive Reasoning,2,0
17017,Adapted Physical Education Specialists,"Provide adapted physical education services to students with intellectual disabilities, autism, traumatic brain injury, orthopedic impairments, or other disabling condition.",Gross Body Coordination,1,0
17014,Adapted Physical Education Specialists,Assess students' physical progress or needs.,Problem Sensitivity,2,0
17014,Adapted Physical Education Specialists,Assess students' physical progress or needs.,Deductive Reasoning,2,0
17014,Adapted Physical Education Specialists,Assess students' physical progress or needs.,Near Vision,1,0
17014,Adapted Physical Education Specialists,Assess students' physical progress or needs.,Selective Attention,1,0
17013,Adapted Physical Education Specialists,Assist in screening or placement of students in adapted physical education programs.,Deductive Reasoning,2,0
17013,Adapted Physical Education Specialists,Assist in screening or placement of students in adapted physical education programs.,Problem Sensitivity,2,0
17013,Adapted Physical Education Specialists,Assist in screening or placement of students in adapted physical education programs.,Oral Expression,1,0
17013,Adapted Physical Education Specialists,Assist in screening or placement of students in adapted physical education programs.,Information Ordering,1,0
17010,Adapted Physical Education Specialists,Evaluate the motor needs of individual students to determine their need for adapted physical education services.,Problem Sensitivity,3,0
17010,Adapted Physical Education Specialists,Evaluate the motor needs of individual students to determine their need for adapted physical education services.,Deductive Reasoning,2,0
17010,Adapted Physical Education Specialists,Evaluate the motor needs of individual students to determine their need for adapted physical education services.,Near Vision,1,0
17010,Adapted Physical Education Specialists,Evaluate the motor needs of individual students to determine their need for adapted physical education services.,Selective Attention,1,0
21186,Adapted Physical Education Specialists,Collaborate with other educational personnel to provide inclusive activities or programs for children with disabilities.,Oral Expression,2,0
21186,Adapted Physical Education Specialists,Collaborate with other educational personnel to provide inclusive activities or programs for children with disabilities.,Oral Comprehension,2,0
21186,Adapted Physical Education Specialists,Collaborate with other educational personnel to provide inclusive activities or programs for children with disabilities.,Deductive Reasoning,1,0
21186,Adapted Physical Education Specialists,Collaborate with other educational personnel to provide inclusive activities or programs for children with disabilities.,Originality,1,0
17008,Adapted Physical Education Specialists,"Maintain thorough student records to document attendance, participation, or progress, ensuring confidentiality of all records.",Written Expression,2,0
17008,Adapted Physical Education Specialists,"Maintain thorough student records to document attendance, participation, or progress, ensuring confidentiality of all records.",Information Ordering,2,0
17008,Adapted Physical Education Specialists,"Maintain thorough student records to document attendance, participation, or progress, ensuring confidentiality of all records.",Memorization,1,0
17008,Adapted Physical Education Specialists,"Maintain thorough student records to document attendance, participation, or progress, ensuring confidentiality of all records.",Written Comprehension,1,0
17015,Adapted Physical Education Specialists,Advise education professionals of students' physical abilities or disabilities and the accommodations required to enhance their school performance.,Oral Expression,3,0
17015,Adapted Physical Education Specialists,Advise education professionals of students' physical abilities or disabilities and the accommodations required to enhance their school performance.,Oral Comprehension,2,0
17015,Adapted Physical Education Specialists,Advise education professionals of students' physical abilities or disabilities and the accommodations required to enhance their school performance.,Problem Sensitivity,2,0
17015,Adapted Physical Education Specialists,Advise education professionals of students' physical abilities or disabilities and the accommodations required to enhance their school performance.,Deductive Reasoning,1,0
17012,Adapted Physical Education Specialists,"Communicate behavioral observations and student progress reports to students, parents, teachers, or administrators.",Oral Expression,3,0
17012,Adapted Physical Education Specialists,"Communicate behavioral observations and student progress reports to students, parents, teachers, or administrators.",Written Expression,1,0
17012,Adapted Physical Education Specialists,"Communicate behavioral observations and student progress reports to students, parents, teachers, or administrators.",Oral Comprehension,1,0
17004,Adapted Physical Education Specialists,Write or modify individualized education plans (IEPs) for students with intellectual or physical disabilities.,Written Expression,3,0
17004,Adapted Physical Education Specialists,Write or modify individualized education plans (IEPs) for students with intellectual or physical disabilities.,Deductive Reasoning,2,0
17004,Adapted Physical Education Specialists,Write or modify individualized education plans (IEPs) for students with intellectual or physical disabilities.,Written Comprehension,2,0
17004,Adapted Physical Education Specialists,Write or modify individualized education plans (IEPs) for students with intellectual or physical disabilities.,Problem Sensitivity,1,0
17002,Adapted Physical Education Specialists,"Write reports to summarize student performance, social growth, or physical development.",Written Expression,3,0
17002,Adapted Physical Education Specialists,"Write reports to summarize student performance, social growth, or physical development.",Information Ordering,2,0
17002,Adapted Physical Education Specialists,"Write reports to summarize student performance, social growth, or physical development.",Written Comprehension,1,0
17007,Adapted Physical Education Specialists,Prepare lesson plans in accordance with individualized education plans (IEPs) and the functional abilities or needs of students.,Written Expression,2,0
17007,Adapted Physical Education Specialists,Prepare lesson plans in accordance with individualized education plans (IEPs) and the functional abilities or needs of students.,Information Ordering,2,0
17007,Adapted Physical Education Specialists,Prepare lesson plans in accordance with individualized education plans (IEPs) and the functional abilities or needs of students.,Deductive Reasoning,2,0
17007,Adapted Physical Education Specialists,Prepare lesson plans in accordance with individualized education plans (IEPs) and the functional abilities or needs of students.,Written Comprehension,1,0
17003,Adapted Physical Education Specialists,"Attend in-service training, workshops, or meetings to keep abreast of current practices or trends in adapted physical education.",Oral Comprehension,2,0
17003,Adapted Physical Education Specialists,"Attend in-service training, workshops, or meetings to keep abreast of current practices or trends in adapted physical education.",Written Comprehension,1,0
17003,Adapted Physical Education Specialists,"Attend in-service training, workshops, or meetings to keep abreast of current practices or trends in adapted physical education.",Memorization,1,0
17000,Adapted Physical Education Specialists,Review adapted physical education programs or practices to ensure compliance with government or other regulations.,Written Comprehension,2,0
17000,Adapted Physical Education Specialists,Review adapted physical education programs or practices to ensure compliance with government or other regulations.,Deductive Reasoning,2,0
17000,Adapted Physical Education Specialists,Review adapted physical education programs or practices to ensure compliance with government or other regulations.,Information Ordering,1,0
17000,Adapted Physical Education Specialists,Review adapted physical education programs or practices to ensure compliance with government or other regulations.,Problem Sensitivity,1,0
17001,Adapted Physical Education Specialists,"Request or order physical education equipment, following standard procedures.",Information Ordering,1,0
17001,Adapted Physical Education Specialists,"Request or order physical education equipment, following standard procedures.",Number Facility,1,0
17001,Adapted Physical Education Specialists,"Request or order physical education equipment, following standard procedures.",Written Expression,1,0
17001,Adapted Physical Education Specialists,"Request or order physical education equipment, following standard procedures.",Category Flexibility,1,0
17009,Adapted Physical Education Specialists,"Maintain inventory of instructional equipment, materials, or aids.",Information Ordering,2,0
17009,Adapted Physical Education Specialists,"Maintain inventory of instructional equipment, materials, or aids.",Number Facility,1,0
17009,Adapted Physical Education Specialists,"Maintain inventory of instructional equipment, materials, or aids.",Memorization,1,0
17009,Adapted Physical Education Specialists,"Maintain inventory of instructional equipment, materials, or aids.",Category Flexibility,1,0
6825,"Adult Basic Education, Adult Secondary Education, and English as a Second Language Instructors",Observe and evaluate students' work to determine progress and make suggestions for improvement.,Problem Sensitivity,2,0
6825,"Adult Basic Education, Adult Secondary Education, and English as a Second Language Instructors",Observe and evaluate students' work to determine progress and make suggestions for improvement.,Deductive Reasoning,2,0
6825,"Adult Basic Education, Adult Secondary Education, and English as a Second Language Instructors",Observe and evaluate students' work to determine progress and make suggestions for improvement.,Written Expression,1,0
6825,"Adult Basic Education, Adult Secondary Education, and English as a Second Language Instructors",Observe and evaluate students' work to determine progress and make suggestions for improvement.,Oral Expression,1,0
6836,"Adult Basic Education, Adult Secondary Education, and English as a Second Language Instructors","Observe students to determine qualifications, limitations, abilities, interests, and other individual characteristics.",Problem Sensitivity,2,0
6836,"Adult Basic Education, Adult Secondary Education, and English as a Second Language Instructors","Observe students to determine qualifications, limitations, abilities, interests, and other individual characteristics.",Selective Attention,2,0
6836,"Adult Basic Education, Adult Secondary Education, and English as a Second Language Instructors","Observe students to determine qualifications, limitations, abilities, interests, and other individual characteristics.",Deductive Reasoning,2,0
6836,"Adult Basic Education, Adult Secondary Education, and English as a Second Language Instructors","Observe students to determine qualifications, limitations, abilities, interests, and other individual characteristics.",Oral Comprehension,1,0
6830,"Adult Basic Education, Adult Secondary Education, and English as a Second Language Instructors","Establish clear objectives for all lessons, units, and projects and communicate those objectives to students.",Oral Expression,3,0
6830,"Adult Basic Education, Adult Secondary Education, and English as a Second Language Instructors","Establish clear objectives for all lessons, units, and projects and communicate those objectives to students.",Information Ordering,2,0
6830,"Adult Basic Education, Adult Secondary Education, and English as a Second Language Instructors","Establish clear objectives for all lessons, units, and projects and communicate those objectives to students.",Written Expression,1,0
6830,"Adult Basic Education, Adult Secondary Education, and English as a Second Language Instructors","Establish clear objectives for all lessons, units, and projects and communicate those objectives to students.",Oral Comprehension,1,0
6824,"Adult Basic Education, Adult Secondary Education, and English as a Second Language Instructors","Adapt teaching methods and instructional materials to meet students' varying needs, abilities, and interests.",Deductive Reasoning,2,0
6824,"Adult Basic Education, Adult Secondary Education, and English as a Second Language Instructors","Adapt teaching methods and instructional materials to meet students' varying needs, abilities, and interests.",Originality,2,0
6824,"Adult Basic Education, Adult Secondary Education, and English as a Second Language Instructors","Adapt teaching methods and instructional materials to meet students' varying needs, abilities, and interests.",Oral Comprehension,1,0
6824,"Adult Basic Education, Adult Secondary Education, and English as a Second Language Instructors","Adapt teaching methods and instructional materials to meet students' varying needs, abilities, and interests.",Category Flexibility,1,0
