task_id,occupation,task_text,ability_name,weight,uncertain
9533,First-Line Supervisors of Housekeeping and Janitorial Workers,"Supervise in-house services, such as laundries, maintenance and repair, dry cleaning, or valet services.",Oral Comprehension,2,0
9533,First-Line Supervisors of Housekeeping and Janitorial Workers,"Supervise in-house services, such as laundries, maintenance and repair, dry cleaning, or valet services.",Oral Expression,2,0
9533,First-Line Supervisors of Housekeeping and Janitorial Workers,"Supervise in-house services, such as laundries, maintenance and repair, dry cleaning, or valet services.",Information Ordering,2,0
9533,First-Line Supervisors of Housekeeping and Janitorial Workers,"Supervise in-house services, such as laundries, maintenance and repair, dry cleaning, or valet services.",Deductive Reasoning,2,0
9533,First-Line Supervisors of Housekeeping and Janitorial Workers,"Supervise in-house services, such as laundries, maintenance and repair, dry cleaning, or valet services.",Written Comprehension,1,0
9520,First-Line Supervisors of Housekeeping and Janitorial Workers,"Select the most suitable cleaning materials for different types of linens, furniture, flooring, and surfaces.",Deductive Reasoning,2,0
9520,First-Line Supervisors of Housekeeping and Janitorial Workers,"Select the most suitable cleaning materials for different types of linens, furniture, flooring, and surfaces.",Category Flexibility,2,0
9520,First-Line Supervisors of Housekeeping and Janitorial Workers,"Select the most suitable cleaning materials for different types of linens, furniture, flooring, and surfaces.",Written Comprehension,1,0
9520,First-Line Supervisors of Housekeeping and Janitorial Workers,"Select the most suitable cleaning materials for different types of linens, furniture, flooring, and surfaces.",Information Ordering,1,0
9534,First-Line Supervisors of Housekeeping and Janitorial Workers,"Advise managers, desk clerks, or admitting personnel of rooms ready for occupancy.",Oral Expression,3,0
9534,First-Line Supervisors of Housekeeping and Janitorial Workers,"Advise managers, desk clerks, or admitting personnel of rooms ready for occupancy.",Oral Comprehension,2,0
9534,First-Line Supervisors of Housekeeping and Janitorial Workers,"Advise managers, desk clerks, or admitting personnel of rooms ready for occupancy.",Speech Clarity,1,0
9534,First-Line Supervisors of Housekeeping and Janitorial Workers,"Advise managers, desk clerks, or admitting personnel of rooms ready for occupancy.",Information Ordering,1,0
9513,First-Line Supervisors of Housekeeping and Janitorial Workers,Inspect work performed to ensure that it meets specifications and established standards.,Near Vision,2,0
9513,First-Line Supervisors of Housekeeping and Janitorial Workers,Inspect work performed to ensure that it meets specifications and established standards.,Problem Sensitivity,3,0
9513,First-Line Supervisors of Housekeeping and Janitorial Workers,Inspect work performed to ensure that it meets specifications and established standards.,Selective Attention,2,0
9513,First-Line Supervisors of Housekeeping and Janitorial Workers,Inspect work performed to ensure that it meets specifications and established standards.,Deductive Reasoning,2,0
9513,First-Line Supervisors of Housekeeping and Janitorial Workers,Inspect work performed to ensure that it meets specifications and established standards.,Flexibility of Closure,1,1
9515,First-Line Supervisors of Housekeeping and Janitorial Workers,Perform or assist with cleaning duties as necessary.,Static Strength,2,0
9515,First-Line Supervisors of Housekeeping and Janitorial Workers,Perform or assist with cleaning duties as necessary.,Gross Body Coordination,2,0
9515,First-Line Supervisors of Housekeeping and Janitorial Workers,Perform or assist with cleaning duties as necessary.,Manual Dexterity,2,0
9515,First-Line Supervisors of Housekeeping and Janitorial Workers,Perform or assist with cleaning duties as necessary.,Stamina,2,0
9515,First-Line Supervisors of Housekeeping and Janitorial Workers,Perform or assist with cleaning duties as necessary.,Trunk Strength,1,0
9514,First-Line Supervisors of Housekeeping and Janitorial Workers,Plan and prepare employee work schedules.,Information Ordering,3,0
9514,First-Line Supervisors of Housekeeping and Janitorial Workers,Plan and prepare employee work schedules.,Deductive Reasoning,2,0
9514,First-Line Supervisors of Housekeeping and Janitorial Workers,Plan and prepare employee work schedules.,Mathematical Reasoning,1,0
9514,First-Line Supervisors of Housekeeping and Janitorial Workers,Plan and prepare employee work schedules.,Written Expression,1,0
9514,First-Line Supervisors of Housekeeping and Janitorial Workers,Plan and prepare employee work schedules.,Time Sharing,1,1
9527,First-Line Supervisors of Housekeeping and Janitorial Workers,Establish and implement operational standards and procedures for the departments supervised.,Written Expression,2,0
9527,First-Line Supervisors of Housekeeping and Janitorial Workers,Establish and implement operational standards and procedures for the departments supervised.,Deductive Reasoning,2,0
9527,First-Line Supervisors of Housekeeping and Janitorial Workers,Establish and implement operational standards and procedures for the departments supervised.,Information Ordering,2,0
9527,First-Line Supervisors of Housekeeping and Janitorial Workers,Establish and implement operational standards and procedures for the departments supervised.,Oral Expression,1,0
9527,First-Line Supervisors of Housekeeping and Janitorial Workers,Establish and implement operational standards and procedures for the departments supervised.,Problem Sensitivity,1,0
9519,First-Line Supervisors of Housekeeping and Janitorial Workers,Inspect and evaluate the physical condition of facilities to determine the type of work required.,Near Vision,2,0
9519,First-Line Supervisors of Housekeeping and Janitorial Workers,Inspect and evaluate the physical condition of facilities to determine the type of work required.,Far Vision,2,0
9519,First-Line Supervisors of Housekeeping and Janitorial Workers,Inspect and evaluate the physical condition of facilities to determine the type of work required.,Problem Sensitivity,3,0
9519,First-Line Supervisors of Housekeeping and Janitorial Workers,Inspect and evaluate the physical condition of facilities to determine the type of work required.,Deductive Reasoning,2,0
9519,First-Line Supervisors of Housekeeping and Janitorial Workers,Inspect and evaluate the physical condition of facilities to determine the type of work required.,Selective Attention,1,0
9524,First-Line Supervisors of Housekeeping and Janitorial Workers,Inventory stock to ensure that supplies and equipment are available in adequate amounts.,Number Facility,2,0
9524,First-Line Supervisors of Housekeeping and Janitorial Workers,Inventory stock to ensure that supplies and equipment are available in adequate amounts.,Perceptual Speed,2,0
9524,First-Line Supervisors of Housekeeping and Janitorial Workers,Inventory stock to ensure that supplies and equipment are available in adequate amounts.,Information Ordering,2,0
9524,First-Line Supervisors of Housekeeping and Janitorial Workers,Inventory stock to ensure that supplies and equipment are available in adequate amounts.,Near Vision,1,0
9524,First-Line Supervisors of Housekeeping and Janitorial Workers,Inventory stock to ensure that supplies and equipment are available in adequate amounts.,Memorization,1,1
9522,First-Line Supervisors of Housekeeping and Janitorial Workers,Issue supplies and equipment to workers.,Oral Comprehension,1,0
9522,First-Line Supervisors of Housekeeping and Janitorial Workers,Issue supplies and equipment to workers.,Information Ordering,2,0
9522,First-Line Supervisors of Housekeeping and Janitorial Workers,Issue supplies and equipment to workers.,Near Vision,1,0
9522,First-Line Supervisors of Housekeeping and Janitorial Workers,Issue supplies and equipment to workers.,Perceptual Speed,1,0
9523,First-Line Supervisors of Housekeeping and Janitorial Workers,Forecast necessary levels of staffing and stock at different times to facilitate effective scheduling and ordering.,Mathematical Reasoning,2,0
9523,First-Line Supervisors of Housekeeping and Janitorial Workers,Forecast necessary levels of staffing and stock at different times to facilitate effective scheduling and ordering.,Inductive Reasoning,2,0
9523,First-Line Supervisors of Housekeeping and Janitorial Workers,Forecast necessary levels of staffing and stock at different times to facilitate effective scheduling and ordering.,Number Facility,2,0
9523,First-Line Supervisors of Housekeeping and Janitorial Workers,Forecast necessary levels of staffing and stock at different times to facilitate effective scheduling and ordering.,Information Ordering,2,0
9523,First-Line Supervisors of Housekeeping and Janitorial Workers,Forecast necessary levels of staffing and stock at different times to facilitate effective scheduling and ordering.,Deductive Reasoning,1,0
20130,First-Line Supervisors of Housekeeping and Janitorial Workers,Check and maintain equipment to ensure that it is in working order.,Near Vision,2,0
20130,First-Line Supervisors of Housekeeping and Janitorial Workers,Check and maintain equipment to ensure that it is in working order.,Problem Sensitivity,2,0
20130,First-Line Supervisors of Housekeeping and Janitorial Workers,Check and maintain equipment to ensure that it is in working order.,Control Precision,1,0
20130,First-Line Supervisors of Housekeeping and Janitorial Workers,Check and maintain equipment to ensure that it is in working order.,Manual Dexterity,1,0
20130,First-Line Supervisors of Housekeeping and Janitorial Workers,Check and maintain equipment to ensure that it is in working order.,Selective Attention,1,0
9531,First-Line Supervisors of Housekeeping and Janitorial Workers,"Maintain required records of work hours, budgets, payrolls, and other information.",Number Facility,2,0
9531,First-Line Supervisors of Housekeeping and Janitorial Workers,"Maintain required records of work hours, budgets, payrolls, and other information.",Information Ordering,2,0
9531,First-Line Supervisors of Housekeeping and Janitorial Workers,"Maintain required records of work hours, budgets, payrolls, and other information.",Written Expression,1,0
9531,First-Line Supervisors of Housekeeping and Janitorial Workers,"Maintain required records of work hours, budgets, payrolls, and other information.",Near Vision,1,0
9531,First-Line Supervisors of Housekeeping and Janitorial Workers,"Maintain required records of work hours, budgets, payrolls, and other information.",Memorization,1,0
9512,First-Line Supervisors of Housekeeping and Janitorial Workers,"Direct activities for stopping the spread of infections in facilities, such as hospitals.",Oral Expression,2,0
9512,First-Line Supervisors of Housekeeping and Janitorial Workers,"Direct activities for stopping the spread of infections in facilities, such as hospitals.",Deductive Reasoning,2,0
9512,First-Line Supervisors of Housekeeping and Janitorial Workers,"Direct activities for stopping the spread of infections in facilities, such as hospitals.",Problem Sensitivity,2,0
9512,First-Line Supervisors of Housekeeping and Janitorial Workers,"Direct activities for stopping the spread of infections in facilities, such as hospitals.",Information Ordering,1,0
9512,First-Line Supervisors of Housekeeping and Janitorial Workers,"Direct activities for stopping the spread of infections in facilities, such as hospitals.",Oral Comprehension,1,0
9528,First-Line Supervisors of Housekeeping and Janitorial Workers,"Recommend or arrange for additional services, such as painting, repair work, renovations, and the replacement of furnishings and equipment.",Oral Expression,2,0
9528,First-Line Supervisors of Housekeeping and Janitorial Workers,"Recommend or arrange for additional services, such as painting, repair work, renovations, and the replacement of furnishings and equipment.",Deductive Reasoning,2,0
9528,First-Line Supervisors of Housekeeping and Janitorial Workers,"Recommend or arrange for additional services, such as painting, repair work, renovations, and the replacement of furnishings and equipment.",Written Expression,1,0
9528,First-Line Supervisors of Housekeeping and Janitorial Workers,"Recommend or arrange for additional services, such as painting, repair work, renovations, and the replacement of furnishings and equipment.",Problem Sensitivity,1,0
9528,First-Line Supervisors of Housekeeping and Janitorial Workers,"Recommend or arrange for additional services, such as painting, repair work, renovations, and the replacement of furnishings and equipment.",Oral Comprehension,1,0
9517,First-Line Supervisors of Housekeeping and Janitorial Workers,Coordinate activities with other departments to ensure that services are provided in an efficient and timely manner.,Oral Expression,2,0
9517,First-Line Supervisors of Housekeeping and Janitorial Workers,Coordinate activities with other departments to ensure that services are provided in an efficient and timely manner.,Oral Comprehension,2,0
9517,First-Line Supervisors of Housekeeping and Janitorial Workers,Coordinate activities with other departments to ensure that services are provided in an efficient and timely manner.,Time Sharing,2,0
9517,First-Line Supervisors of Housekeeping and Janitorial Workers,Coordinate activities with other departments to ensure that services are provided in an efficient and timely manner.,Information Ordering,2,0
9517,First-Line Supervisors of Housekeeping and Janitorial Workers,Coordinate activities with other departments to ensure that services are provided in an efficient and timely manner.,Deductive Reasoning,1,0
9516,First-Line Supervisors of Housekeeping and Janitorial Workers,"Investigate complaints about service and equipment, and take corrective action.",Problem Sensitivity,3,0
9516,First-Line Supervisors of Housekeeping and Janitorial Workers,"Investigate complaints about service and equipment, and take corrective action.",Deductive Reasoning,2,0
9516,First-Line Supervisors of Housekeeping and Janitorial Workers,"Investigate complaints about service and equipment, and take corrective action.",Oral Comprehension,2,0
9516,First-Line Supervisors of Housekeeping and Janitorial Workers,"Investigate complaints about service and equipment, and take corrective action.",Oral Expression,1,0
9516,First-Line Supervisors of Housekeeping and Janitorial Workers,"Investigate complaints about service and equipment, and take corrective action.",Inductive Reasoning,1,0
9521,First-Line Supervisors of Housekeeping and Janitorial Workers,"Instruct staff in work policies and procedures, and the use and maintenance of equipment.",Oral Expression,3,0
9521,First-Line Supervisors of Housekeeping and Janitorial Workers,"Instruct staff in work policies and procedures, and the use and maintenance of equipment.",Oral Comprehension,2,0
9521,First-Line Supervisors of Housekeeping and Janitorial Workers,"Instruct staff in work policies and procedures, and the use and maintenance of equipment.",Information Ordering,2,0
9521,First-Line Supervisors of Housekeeping and Janitorial Workers,"Instruct staff in work policies and procedures, and the use and maintenance of equipment.",Speech Clarity,1,0
9529,First-Line Supervisors of Housekeeping and Janitorial Workers,"Select and order or purchase new equipment, supplies, or furnishings.",Deductive Reasoning,2,0
9529,First-Line Supervisors of Housekeeping and Janitorial Workers,"Select and order or purchase new equipment, supplies, or furnishings.",Category Flexibility,1,0
9529,First-Line Supervisors of Housekeeping and Janitorial Workers,"Select and order or purchase new equipment, supplies, or furnishings.",Number Facility,1,0
9529,First-Line Supervisors of Housekeeping and Janitorial Workers,"Select and order or purchase new equipment, supplies, or furnishings.",Written Expression,1,0
9529,First-Line Supervisors of Housekeeping and Janitorial Workers,"Select and order or purchase new equipment, supplies, or furnishings.",Information Ordering,1,0
9536,First-Line Supervisors of Housekeeping and Janitorial Workers,"Prepare reports on activity, personnel, and information, such as occupancy, hours worked, facility usage, work performed, and departmental expenses.",Written Expression,3,0
9536,First-Line Supervisors of Housekeeping and Janitorial Workers,"Prepare reports on activity, personnel, and information, such as occupancy, hours worked, facility usage, work performed, and departmental expenses.",Information Ordering,2,0
9536,First-Line Supervisors of Housekeeping and Janitorial Workers,"Prepare reports on activity, personnel, and information, such as occupancy, hours worked, facility usage, work performed, and departmental expenses.",Number Facility,2,0
9536,First-Line Supervisors of Housekeeping and Janitorial Workers,"Prepare reports on activity, personnel, and information, such as occupancy, hours worked, facility usage, work performed, and departmental expenses.",Near Vision,1,0
9536,First-Line Supervisors of Housekeeping and Janitorial Workers,"Prepare reports on activity, personnel, and information, such as occupancy, hours worked, facility usage, work performed, and departmental expenses.",Written Comprehension,1,0
9526,First-Line Supervisors of Housekeeping and Janitorial Workers,"Confer with staff to resolve performance and personnel problems, and to discuss company policies.",Oral Expression,3,0
9526,First-Line Supervisors of Housekeeping and Janitorial Workers,"Confer with staff to resolve performance and personnel problems, and to discuss company policies.",Oral Comprehension,2,0
9526,First-Line Supervisors of Housekeeping and Janitorial Workers,"Confer with staff to resolve performance and personnel problems, and to discuss company policies.",Deductive Reasoning,1,0
9526,First-Line Supervisors of Housekeeping and Janitorial Workers,"Confer with staff to resolve performance and personnel problems, and to discuss company policies.",Speech Recognition,1,0
9526,First-Line Supervisors of Housekeeping and Janitorial Workers,"Confer with staff to resolve performance and personnel problems, and to discuss company policies.",Problem Sensitivity,1,0
9525,First-Line Supervisors of Housekeeping and Janitorial Workers,"Evaluate employee performance and recommend personnel actions, such as promotions, transfers, and dismissals.",Deductive Reasoning,2,0
9525,First-Line Supervisors of Housekeeping and Janitorial Workers,"Evaluate employee performance and recommend personnel actions, such as promotions, transfers, and dismissals.",Problem Sensitivity,2,0
9525,First-Line Supervisors of Housekeeping and Janitorial Workers,"Evaluate employee performance and recommend personnel actions, such as promotions, transfers, and dismissals.",Oral Expression,1,0
9525,First-Line Supervisors of Housekeeping and Janitorial Workers,"Evaluate employee performance and recommend personnel actions, such as promotions, transfers, and dismissals.",Written Expression,1,0
9525,First-Line Supervisors of Housekeeping and Janitorial Workers,"Evaluate employee performance and recommend personnel actions, such as promotions, transfers, and dismissals.",Information Ordering,1,0
9530,First-Line Supervisors of Housekeeping and Janitorial Workers,Recommend changes that could improve service and increase operational efficiency.,Inductive Reasoning,2,0
9530,First-Line Supervisors of Housekeeping and Janitorial Workers,Recommend changes that could improve service and increase operational efficiency.,Deductive Reasoning,2,0
9530,First-Line Supervisors of Housekeeping and Janitorial Workers,Recommend changes that could improve service and increase operational efficiency.,Originality,1,0
9530,First-Line Supervisors of Housekeeping and Janitorial Workers,Recommend changes that could improve service and increase operational efficiency.,Oral Expression,1,0
9530,First-Line Supervisors of Housekeeping and Janitorial Workers,Recommend changes that could improve service and increase operational efficiency.,Written Expression,1,0
9535,First-Line Supervisors of Housekeeping and Janitorial Workers,"Perform financial tasks, such as estimating costs and preparing and managing budgets.",Mathematical Reasoning,3,0
9535,First-Line Supervisors of Housekeeping and Janitorial Workers,"Perform financial tasks, such as estimating costs and preparing and managing budgets.",Number Facility,3,0
9535,First-Line Supervisors of Housekeeping and Janitorial Workers,"Perform financial tasks, such as estimating costs and preparing and managing budgets.",Information Ordering,1,0
9535,First-Line Supervisors of Housekeeping and Janitorial Workers,"Perform financial tasks, such as estimating costs and preparing and managing budgets.",Written Expression,1,0
9535,First-Line Supervisors of Housekeeping and Janitorial Workers,"Perform financial tasks, such as estimating costs and preparing and managing budgets.",Deductive Reasoning,1,0
9532,First-Line Supervisors of Housekeeping and Janitorial Workers,"Screen job applicants, and hire new employees.",Oral Comprehension,2,0
9532,First-Line Supervisors of Housekeeping and Janitorial Workers,"Screen job applicants, and hire new employees.",Oral Expression,2,0
9532,First-Line Supervisors of Housekeeping and Janitorial Workers,"Screen job applicants, and hire new employees.",Deductive Reasoning,2,0
9532,First-Line Supervisors of Housekeeping and Janitorial Workers,"Screen job applicants, and hire new employees.",Written Comprehension,1,0
9532,First-Line Supervisors of Housekeeping and Janitorial Workers,"Screen job applicants, and hire new employees.",Problem Sensitivity,1,0
20131,First-Line Supervisors of Housekeeping and Janitorial Workers,"Perform grounds maintenance tasks, such as removing snow and mowing the lawn.",Static Strength,2,0
20131,First-Line Supervisors of Housekeeping and Janitorial Workers,"Perform grounds maintenance tasks, such as removing snow and mowing the lawn.",Stamina,2,0
20131,First-Line Supervisors of Housekeeping and Janitorial Workers,"Perform grounds maintenance tasks, such as removing snow and mowing the lawn.",Gross Body Coordination,2,0
20131,First-Line Supervisors of Housekeeping and Janitorial Workers,"Perform grounds maintenance tasks, such as removing snow and mowing the lawn.",Dynamic Strength,2,0
20131,First-Line Supervisors of Housekeeping and Janitorial Workers,"Perform grounds maintenance tasks, such as removing snow and mowing the lawn.",Trunk Strength,1,0
20131,First-Line Supervisors of Housekeeping and Janitorial Workers,"Perform grounds maintenance tasks, such as removing snow and mowing the lawn.",Extent Flexibility,1,0
11199,"First-Line Supervisors of Landscaping, Lawn Service, and Groundskeeping Workers",Establish and enforce operating procedures and work standards that will ensure adequate performance and personnel safety.,Deductive Reasoning,2,0
11199,"First-Line Supervisors of Landscaping, Lawn Service, and Groundskeeping Workers",Establish and enforce operating procedures and work standards that will ensure adequate performance and personnel safety.,Information Ordering,2,0
11199,"First-Line Supervisors of Landscaping, Lawn Service, and Groundskeeping Workers",Establish and enforce operating procedures and work standards that will ensure adequate performance and personnel safety.,Written Expression,1,0
11199,"First-Line Supervisors of Landscaping, Lawn Service, and Groundskeeping Workers",Establish and enforce operating procedures and work standards that will ensure adequate performance and personnel safety.,Oral Expression,1,0
11202,"First-Line Supervisors of Landscaping, Lawn Service, and Groundskeeping Workers","Schedule work for crews, depending on work priorities, crew or equipment availability, or weather conditions.",Information Ordering,3,0
11202,"First-Line Supervisors of Landscaping, Lawn Service, and Groundskeeping Workers","Schedule work for crews, depending on work priorities, crew or equipment availability, or weather conditions.",Deductive Reasoning,2,0
11202,"First-Line Supervisors of Landscaping, Lawn Service, and Groundskeeping Workers","Schedule work for crews, depending on work priorities, crew or equipment availability, or weather conditions.",Time Sharing,1,0
11202,"First-Line Supervisors of Landscaping, Lawn Service, and Groundskeeping Workers","Schedule work for crews, depending on work priorities, crew or equipment availability, or weather conditions.",Mathematical Reasoning,1,0
11225,"First-Line Supervisors of Landscaping, Lawn Service, and Groundskeeping Workers","Tour grounds, such as parks, botanical gardens, cemeteries, or golf courses, to inspect conditions of plants and soil.",Near Vision,2,0
11225,"First-Line Supervisors of Landscaping, Lawn Service, and Groundskeeping Workers","Tour grounds, such as parks, botanical gardens, cemeteries, or golf courses, to inspect conditions of plants and soil.",Far Vision,2,0
11225,"First-Line Supervisors of Landscaping, Lawn Service, and Groundskeeping Workers","Tour grounds, such as parks, botanical gardens, cemeteries, or golf courses, to inspect conditions of plants and soil.",Problem Sensitivity,2,0
11225,"First-Line Supervisors of Landscaping, Lawn Service, and Groundskeeping Workers","Tour grounds, such as parks, botanical gardens, cemeteries, or golf courses, to inspect conditions of plants and soil.",Visual Color Discrimination,1,0
11225,"First-Line Supervisors of Landscaping, Lawn Service, and Groundskeeping Workers","Tour grounds, such as parks, botanical gardens, cemeteries, or golf courses, to inspect conditions of plants and soil.",Stamina,1,0
11204,"First-Line Supervisors of Landscaping, Lawn Service, and Groundskeeping Workers","Monitor project activities to ensure that instructions are followed, deadlines are met, and schedules are maintained.",Selective Attention,2,0
11204,"First-Line Supervisors of Landscaping, Lawn Service, and Groundskeeping Workers","Monitor project activities to ensure that instructions are followed, deadlines are met, and schedules are maintained.",Information Ordering,2,0
11204,"First-Line Supervisors of Landscaping, Lawn Service, and Groundskeeping Workers","Monitor project activities to ensure that instructions are followed, deadlines are met, and schedules are maintained.",Time Sharing,2,0
11204,"First-Line Supervisors of Landscaping, Lawn Service, and Groundskeeping Workers","Monitor project activities to ensure that instructions are followed, deadlines are met, and schedules are maintained.",Deductive Reasoning,1,0
11204,"First-Line Supervisors of Landscaping, Lawn Service, and Groundskeeping Workers","Monitor project activities to ensure that instructions are followed, deadlines are met, and schedules are maintained.",Problem Sensitivity,1,0
11201,"First-Line Supervisors of Landscaping, Lawn Service, and Groundskeeping Workers","Direct activities of workers who perform duties, such as landscaping, cultivating lawns, or pruning trees and shrubs.",Oral Expression,2,0
11201,"First-Line Supervisors of Landscaping, Lawn Service, and Groundskeeping Workers","Direct activities of workers who perform duties, such as landscaping, cultivating lawns, or pruning trees and shrubs.",Oral Comprehension,2,0
11201,"First-Line Supervisors of Landscaping, Lawn Service, and Groundskeeping Workers","Direct activities of workers who perform duties, such as landscaping, cultivating lawns, or pruning trees and shrubs.",Information Ordering,1,0
11201,"First-Line Supervisors of Landscaping, Lawn Service, and Groundskeeping Workers","Direct activities of workers who perform duties, such as landscaping, cultivating lawns, or pruning trees and shrubs.",Deductive Reasoning,1,0
11200,"First-Line Supervisors of Landscaping, Lawn Service, and Groundskeeping Workers","Inspect completed work to ensure conformance to specifications, standards, and contract requirements.",Near Vision,2,0
11200,"First-Line Supervisors of Landscaping, Lawn Service, and Groundskeeping Workers","Inspect completed work to ensure conformance to specifications, standards, and contract requirements.",Problem Sensitivity,2,0
11200,"First-Line Supervisors of Landscaping, Lawn Service, and Groundskeeping Workers","Inspect completed work to ensure conformance to specifications, standards, and contract requirements.",Deductive Reasoning,2,0
11200,"First-Line Supervisors of Landscaping, Lawn Service, and Groundskeeping Workers","Inspect completed work to ensure conformance to specifications, standards, and contract requirements.",Selective Attention,1,0
11203,"First-Line Supervisors of Landscaping, Lawn Service, and Groundskeeping Workers","Plant or maintain vegetation through activities such as mulching, fertilizing, watering, mowing, or pruning.",Static Strength,2,0
11203,"First-Line Supervisors of Landscaping, Lawn Service, and Groundskeeping Workers","Plant or maintain vegetation through activities such as mulching, fertilizing, watering, mowing, or pruning.",Trunk Strength,2,0
11203,"First-Line Supervisors of Landscaping, Lawn Service, and Groundskeeping Workers","Plant or maintain vegetation through activities such as mulching, fertilizing, watering, mowing, or pruning.",Gross Body Coordination,2,0
11203,"First-Line Supervisors of Landscaping, Lawn Service, and Groundskeeping Workers","Plant or maintain vegetation through activities such as mulching, fertilizing, watering, mowing, or pruning.",Stamina,2,0
11203,"First-Line Supervisors of Landscaping, Lawn Service, and Groundskeeping Workers","Plant or maintain vegetation through activities such as mulching, fertilizing, watering, mowing, or pruning.",Manual Dexterity,2,0
11203,"First-Line Supervisors of Landscaping, Lawn Service, and Groundskeeping Workers","Plant or maintain vegetation through activities such as mulching, fertilizing, watering, mowing, or pruning.",Extent Flexibility,1,0
11210,"First-Line Supervisors of Landscaping, Lawn Service, and Groundskeeping Workers","Direct or perform mixing or application of fertilizers, insecticides, herbicides, or fungicides.",Control Precision,2,0
11210,"First-Line Supervisors of Landscaping, Lawn Service, and Groundskeeping Workers","Direct or perform mixing or application of fertilizers, insecticides, herbicides, or fungicides.",Manual Dexterity,2,0
11210,"First-Line Supervisors of Landscaping, Lawn Service, and Groundskeeping Workers","Direct or perform mixing or application of fertilizers, insecticides, herbicides, or fungicides.",Near Vision,1,0
11210,"First-Line Supervisors of Landscaping, Lawn Service, and Groundskeeping Workers","Direct or perform mixing or application of fertilizers, insecticides, herbicides, or fungicides.",Arm-Hand Steadiness,1,0
11210,"First-Line Supervisors of Landscaping, Lawn Service, and Groundskeeping Workers","Direct or perform mixing or application of fertilizers, insecticides, herbicides, or fungicides.",Static Strength,1,0
11205,"First-Line Supervisors of Landscaping, Lawn Service, and Groundskeeping Workers","Train workers in tasks such as transplanting or pruning trees or shrubs, finishing cement, using equipment, or caring for turf.",Oral Expression,3,0
11205,"First-Line Supervisors of Landscaping, Lawn Service, and Groundskeeping Workers","Train workers in tasks such as transplanting or pruning trees or shrubs, finishing cement, using equipment, or caring for turf.",Oral Comprehension,2,0
11205,"First-Line Supervisors of Landscaping, Lawn Service, and Groundskeeping Workers","Train workers in tasks such as transplanting or pruning trees or shrubs, finishing cement, using equipment, or caring for turf.",Information Ordering,1,0
11205,"First-Line Supervisors of Landscaping, Lawn Service, and Groundskeeping Workers","Train workers in tasks such as transplanting or pruning trees or shrubs, finishing cement, using equipment, or caring for turf.",Speech Clarity,1,0
11224,"First-Line Supervisors of Landscaping, Lawn Service, and Groundskeeping Workers","Prepare service estimates based on labor, material, and machine costs and maintain budgets for individual projects.",Mathematical Reasoning,3,0
11224,"First-Line Supervisors of Landscaping, Lawn Service, and Groundskeeping Workers","Prepare service estimates based on labor, material, and machine costs and maintain budgets for individual projects.",Number Facility,3,0
11224,"First-Line Supervisors of Landscaping, Lawn Service, and Groundskeeping Workers","Prepare service estimates based on labor, material, and machine costs and maintain budgets for individual projects.",Written Expression,1,0
11224,"First-Line Supervisors of Landscaping, Lawn Service, and Groundskeeping Workers","Prepare service estimates based on labor, material, and machine costs and maintain budgets for individual projects.",Information Ordering,1,0
11215,"First-Line Supervisors of Landscaping, Lawn Service, and Groundskeeping Workers",Identify diseases or pests affecting landscaping and order appropriate treatments.,Problem Sensitivity,3,0
11215,"First-Line Supervisors of Landscaping, Lawn Service, and Groundskeeping Workers",Identify diseases or pests affecting landscaping and order appropriate treatments.,Near Vision,2,0
11215,"First-Line Supervisors of Landscaping, Lawn Service, and Groundskeeping Workers",Identify diseases or pests affecting landscaping and order appropriate treatments.,Deductive Reasoning,2,0
11215,"First-Line Supervisors of Landscaping, Lawn Service, and Groundskeeping Workers",Identify diseases or pests affecting landscaping and order appropriate treatments.,Visual Color Discrimination,1,0
11215,"First-Line Supervisors of Landscaping, Lawn Service, and Groundskeeping Workers",Identify diseases or pests affecting landscaping and order appropriate treatments.,Category Flexibility,1,0
11207,"First-Line Supervisors of Landscaping, Lawn Service, and Groundskeeping Workers","Inventory supplies of tools, equipment, or materials to ensure that sufficient supplies are available and items are in usable condition.",Number Facility,2,0
11207,"First-Line Supervisors of Landscaping, Lawn Service, and Groundskeeping Workers","Inventory supplies of tools, equipment, or materials to ensure that sufficient supplies are available and items are in usable condition.",Information Ordering,2,0
11207,"First-Line Supervisors of Landscaping, Lawn Service, and Groundskeeping Workers","Inventory supplies of tools, equipment, or materials to ensure that sufficient supplies are available and items are in usable condition.",Near Vision,1,0
11207,"First-Line Supervisors of Landscaping, Lawn Service, and Groundskeeping Workers","Inventory supplies of tools, equipment, or materials to ensure that sufficient supplies are available and items are in usable condition.",Perceptual Speed,1,0
11212,"First-Line Supervisors of Landscaping, Lawn Service, and Groundskeeping Workers","Maintain required records, such as personnel information or project records.",Information Ordering,2,0
11212,"First-Line Supervisors of Landscaping, Lawn Service, and Groundskeeping Workers","Maintain required records, such as personnel information or project records.",Written Expression,1,0
11212,"First-Line Supervisors of Landscaping, Lawn Service, and Groundskeeping Workers","Maintain required records, such as personnel information or project records.",Near Vision,1,0
11212,"First-Line Supervisors of Landscaping, Lawn Service, and Groundskeeping Workers","Maintain required records, such as personnel information or project records.",Memorization,1,0
11209,"First-Line Supervisors of Landscaping, Lawn Service, and Groundskeeping Workers","Perform personnel-related activities, such as hiring workers, evaluating staff performance, or taking disciplinary actions when performance problems occur.",Oral Expression,2,0
11209,"First-Line Supervisors of Landscaping, Lawn Service, and Groundskeeping Workers","Perform personnel-related activities, such as hiring workers, evaluating staff performance, or taking disciplinary actions when performance problems occur.",Oral Comprehension,2,0
11209,"First-Line Supervisors of Landscaping, Lawn Service, and Groundskeeping Workers","Perform personnel-related activities, such as hiring workers, evaluating staff performance, or taking disciplinary actions when performance problems occur.",Deductive Reasoning,2,0
11209,"First-Line Supervisors of Landscaping, Lawn Service, and Groundskeeping Workers","Perform personnel-related activities, such as hiring workers, evaluating staff performance, or taking disciplinary actions when performance problems occur.",Problem Sensitivity,1,0
11209,"First-Line Supervisors of Landscaping, Lawn Service, and Groundskeeping Workers","Perform personnel-related activities, such as hiring workers, evaluating staff performance, or taking disciplinary actions when performance problems occur.",Written Expression,1,0
11206,"First-Line Supervisors of Landscaping, Lawn Service, and Groundskeeping Workers",Provide workers with assistance in performing duties as necessary to meet deadlines.,Static Strength,1,0
11206,"First-Line Supervisors of Landscaping, Lawn Service, and Groundskeeping Workers",Provide workers with assistance in performing duties as necessary to meet deadlines.,Stamina,1,0
11206,"First-Line Supervisors of Landscaping, Lawn Service, and Groundskeeping Workers",Provide workers with assistance in performing duties as necessary to meet deadlines.,Gross Body Coordination,1,0
11206,"First-Line Supervisors of Landscaping, Lawn Service, and Groundskeeping Workers",Provide workers with assistance in performing duties as necessary to meet deadlines.,Manual Dexterity,1,0
11206,"First-Line Supervisors of Landscaping, Lawn Service, and Groundskeeping Workers",Provide workers with assistance in performing duties as necessary to meet deadlines.,Time Sharing,1,1
11213,"First-Line Supervisors of Landscaping, Lawn Service, and Groundskeeping Workers","Prepare or maintain required records, such as work activity or personnel reports.",Written Expression,2,0
11213,"First-Line Supervisors of Landscaping, Lawn Service, and Groundskeeping Workers","Prepare or maintain required records, such as work activity or personnel reports.",Information Ordering,2,0
11213,"First-Line Supervisors of Landscaping, Lawn Service, and Groundskeeping Workers","Prepare or maintain required records, such as work activity or personnel reports.",Near Vision,1,0
11213,"First-Line Supervisors of Landscaping, Lawn Service, and Groundskeeping Workers","Prepare or maintain required records, such as work activity or personnel reports.",Memorization,1,0
11216,"First-Line Supervisors of Landscaping, Lawn Service, and Groundskeeping Workers",Investigate work-related complaints to verify problems and to determine responses.,Problem Sensitivity,3,0
11216,"First-Line Supervisors of Landscaping, Lawn Service, and Groundskeeping Workers",Investigate work-related complaints to verify problems and to determine responses.,Deductive Reasoning,2,0
11216,"First-Line Supervisors of Landscaping, Lawn Service, and Groundskeeping Workers",Investigate work-related complaints to verify problems and to determine responses.,Oral Comprehension,2,0
11216,"First-Line Supervisors of Landscaping, Lawn Service, and Groundskeeping Workers",Investigate work-related complaints to verify problems and to determine responses.,Oral Expression,1,0
11219,"First-Line Supervisors of Landscaping, Lawn Service, and Groundskeeping Workers","Perform administrative duties, such as authorizing leaves or processing time sheets.",Information Ordering,2,0
11219,"First-Line Supervisors of Landscaping, Lawn Service, and Groundskeeping Workers","Perform administrative duties, such as authorizing leaves or processing time sheets.",Number Facility,1,0
11219,"First-Line Supervisors of Landscaping, Lawn Service, and Groundskeeping Workers","Perform administrative duties, such as authorizing leaves or processing time sheets.",Written Comprehension,1,0
11219,"First-Line Supervisors of Landscaping, Lawn Service, and Groundskeeping Workers","Perform administrative duties, such as authorizing leaves or processing time sheets.",Near Vision,1,0
11208,"First-Line Supervisors of Landscaping, Lawn Service, and Groundskeeping Workers",Confer with other supervisors to coordinate work activities with those of other departments or units.,Oral Expression,3,0
11208,"First-Line Supervisors of Landscaping, Lawn Service, and Groundskeeping Workers",Confer with other supervisors to coordinate work activities with those of other departments or units.,Oral Comprehension,3,0
11208,"First-Line Supervisors of Landscaping, Lawn Service, and Groundskeeping Workers",Confer with other supervisors to coordinate work activities with those of other departments or units.,Information Ordering,1,0
11208,"First-Line Supervisors of Landscaping, Lawn Service, and Groundskeeping Workers",Confer with other supervisors to coordinate work activities with those of other departments or units.,Deductive Reasoning,1,0
11217,"First-Line Supervisors of Landscaping, Lawn Service, and Groundskeeping Workers","Direct or assist workers engaged in the maintenance or repair of equipment, such as power tools or motorized equipment.",Oral Expression,2,0
11217,"First-Line Supervisors of Landscaping, Lawn Service, and Groundskeeping Workers","Direct or assist workers engaged in the maintenance or repair of equipment, such as power tools or motorized equipment.",Manual Dexterity,1,0
11217,"First-Line Supervisors of Landscaping, Lawn Service, and Groundskeeping Workers","Direct or assist workers engaged in the maintenance or repair of equipment, such as power tools or motorized equipment.",Control Precision,1,0
11217,"First-Line Supervisors of Landscaping, Lawn Service, and Groundskeeping Workers","Direct or assist workers engaged in the maintenance or repair of equipment, such as power tools or motorized equipment.",Problem Sensitivity,1,0
11217,"First-Line Supervisors of Landscaping, Lawn Service, and Groundskeeping Workers","Direct or assist workers engaged in the maintenance or repair of equipment, such as power tools or motorized equipment.",Near Vision,1,0
11211,"First-Line Supervisors of Landscaping, Lawn Service, and Groundskeeping Workers","Review contracts or work assignments to determine service, machine, or workforce requirements for jobs.",Written Comprehension,3,0
11211,"First-Line Supervisors of Landscaping, Lawn Service, and Groundskeeping Workers","Review contracts or work assignments to determine service, machine, or workforce requirements for jobs.",Deductive Reasoning,2,0
11211,"First-Line Supervisors of Landscaping, Lawn Service, and Groundskeeping Workers","Review contracts or work assignments to determine service, machine, or workforce requirements for jobs.",Information Ordering,2,0
11211,"First-Line Supervisors of Landscaping, Lawn Service, and Groundskeeping Workers","Review contracts or work assignments to determine service, machine, or workforce requirements for jobs.",Mathematical Reasoning,1,0
11214,"First-Line Supervisors of Landscaping, Lawn Service, and Groundskeeping Workers",Order the performance of corrective work when problems occur and recommend procedural changes to avoid such problems.,Problem Sensitivity,2,0
11214,"First-Line Supervisors of Landscaping, Lawn Service, and Groundskeeping Workers",Order the performance of corrective work when problems occur and recommend procedural changes to avoid such problems.,Deductive Reasoning,2,0
11214,"First-Line Supervisors of Landscaping, Lawn Service, and Groundskeeping Workers",Order the performance of corrective work when problems occur and recommend procedural changes to avoid such problems.,Oral Expression,2,0
11214,"First-Line Supervisors of Landscaping, Lawn Service, and Groundskeeping Workers",Order the performance of corrective work when problems occur and recommend procedural changes to avoid such problems.,Inductive Reasoning,1,0
11221,"First-Line Supervisors of Landscaping, Lawn Service, and Groundskeeping Workers",Confer with managers or landscape architects to develop plans or schedules for landscaping maintenance or improvement.,Oral Expression,2,0
11221,"First-Line Supervisors of Landscaping, Lawn Service, and Groundskeeping Workers",Confer with managers or landscape architects to develop plans or schedules for landscaping maintenance or improvement.,Oral Comprehension,2,0
11221,"First-Line Supervisors of Landscaping, Lawn Service, and Groundskeeping Workers",Confer with managers or landscape architects to develop plans or schedules for landscaping maintenance or improvement.,Information Ordering,2,0
11221,"First-Line Supervisors of Landscaping, Lawn Service, and Groundskeeping Workers",Confer with managers or landscape architects to develop plans or schedules for landscaping maintenance or improvement.,Deductive Reasoning,1,0
11221,"First-Line Supervisors of Landscaping, Lawn Service, and Groundskeeping Workers",Confer with managers or landscape architects to develop plans or schedules for landscaping maintenance or improvement.,Visualization,1,1
11220,"First-Line Supervisors of Landscaping, Lawn Service, and Groundskeeping Workers",Recommend changes in working conditions or equipment used to increase crew efficiency.,Inductive Reasoning,2,0
11220,"First-Line Supervisors of Landscaping, Lawn Service, and Groundskeeping Workers",Recommend changes in working conditions or equipment used to increase crew efficiency.,Deductive Reasoning,2,0
11220,"First-Line Supervisors of Landscaping, Lawn Service, and Groundskeeping Workers",Recommend changes in working conditions or equipment used to increase crew efficiency.,Oral Expression,1,0
11220,"First-Line Supervisors of Landscaping, Lawn Service, and Groundskeeping Workers",Recommend changes in working conditions or equipment used to increase crew efficiency.,Originality,1,0
11223,"First-Line Supervisors of Landscaping, Lawn Service, and Groundskeeping Workers","Answer inquiries from current or prospective customers regarding methods, materials, or price ranges.",Oral Comprehension,2,0
11223,"First-Line Supervisors of Landscaping, Lawn Service, and Groundskeeping Workers","Answer inquiries from current or prospective customers regarding methods, materials, or price ranges.",Oral Expression,3,0
11223,"First-Line Supervisors of Landscaping, Lawn Service, and Groundskeeping Workers","Answer inquiries from current or prospective customers regarding methods, materials, or price ranges.",Written Comprehension,1,0
11223,"First-Line Supervisors of Landscaping, Lawn Service, and Groundskeeping Workers","Answer inquiries from current or prospective customers regarding methods, materials, or price ranges.",Speech Clarity,1,0
11218,"First-Line Supervisors of Landscaping, Lawn Service, and Groundskeeping Workers","Install or maintain landscaped areas, performing tasks such as removing snow, pouring cement curbs, or repairing sidewalks.",Static Strength,3,0
11218,"First-Line Supervisors of Landscaping, Lawn Service, and Groundskeeping Workers","Install or maintain landscaped areas, performing tasks such as removing snow, pouring cement curbs, or repairing sidewalks.",Dynamic Strength,2,0
11218,"First-Line Supervisors of Landscaping, Lawn Service, and Groundskeeping Workers","Install or maintain landscaped areas, performing tasks such as removing snow, pouring cement curbs, or repairing sidewalks.",Trunk Strength,2,0
11218,"First-Line Supervisors of Landscaping, Lawn Service, and Groundskeeping Workers","Install or maintain landscaped areas, performing tasks such as removing snow, pouring cement curbs, or repairing sidewalks.",Stamina,2,0
11218,"First-Line Supervisors of Landscaping, Lawn Service, and Groundskeeping Workers","Install or maintain landscaped areas, performing tasks such as removing snow, pouring cement curbs, or repairing sidewalks.",Gross Body Coordination,1,0
11218,"First-Line Supervisors of Landscaping, Lawn Service, and Groundskeeping Workers","Install or maintain landscaped areas, performing tasks such as removing snow, pouring cement curbs, or repairing sidewalks.",Manual Dexterity,1,0
11226,"First-Line Supervisors of Landscaping, Lawn Service, and Groundskeeping Workers","Design or supervise the installation of sprinkler systems, calculating water pressure, or valve and pipe coverage needs.",Mathematical Reasoning,3,0
11226,"First-Line Supervisors of Landscaping, Lawn Service, and Groundskeeping Workers","Design or supervise the installation of sprinkler systems, calculating water pressure, or valve and pipe coverage needs.",Visualization,2,0
11226,"First-Line Supervisors of Landscaping, Lawn Service, and Groundskeeping Workers","Design or supervise the installation of sprinkler systems, calculating water pressure, or valve and pipe coverage needs.",Deductive Reasoning,2,0
11226,"First-Line Supervisors of Landscaping, Lawn Service, and Groundskeeping Workers","Design or supervise the installation of sprinkler systems, calculating water pressure, or valve and pipe coverage needs.",Spatial Orientation,1,0
11226,"First-Line Supervisors of Landscaping, Lawn Service, and Groundskeeping Workers","Design or supervise the installation of sprinkler systems, calculating water pressure, or valve and pipe coverage needs.",Number Facility,1,0
11222,"First-Line Supervisors of Landscaping, Lawn Service, and Groundskeeping Workers","Negotiate with customers regarding fees for landscaping, lawn service, or groundskeeping work.",Oral Expression,3,0
11222,"First-Line Supervisors of Landscaping, Lawn Service, and Groundskeeping Workers","Negotiate with customers regarding fees for landscaping, lawn service, or groundskeeping work.",Oral Comprehension,2,0
11222,"First-Line Supervisors of Landscaping, Lawn Service, and Groundskeeping Workers","Negotiate with customers regarding fees for landscaping, lawn service, or groundskeeping work.",Deductive Reasoning,1,0
11222,"First-Line Supervisors of Landscaping, Lawn Service, and Groundskeeping Workers","Negotiate with customers regarding fees for landscaping, lawn service, or groundskeeping work.",Speech Recognition,1,0
9538,"Janitors and Cleaners, Except Maids and Housekeeping Cleaners","Service, clean, or supply restrooms.",Manual Dexterity,2,0
9538,"Janitors and Cleaners, Except Maids and Housekeeping Cleaners","Service, clean, or supply restrooms.",Static Strength,1,0
9538,"Janitors and Cleaners, Except Maids and Housekeeping Cleaners","Service, clean, or supply restrooms.",Gross Body Coordination,1,0
9538,"Janitors and Cleaners, Except Maids and Housekeeping Cleaners","Service, clean, or supply restrooms.",Near Vision,1,0
9538,"Janitors and Cleaners, Except Maids and Housekeeping Cleaners","Service, clean, or supply restrooms.",Stamina,1,0
9539,"Janitors and Cleaners, Except Maids and Housekeeping Cleaners",Gather and empty trash.,Static Strength,2,0
9539,"Janitors and Cleaners, Except Maids and Housekeeping Cleaners",Gather and empty trash.,Dynamic Strength,1,0
9539,"Janitors and Cleaners, Except Maids and Housekeeping Cleaners",Gather and empty trash.,Gross Body Coordination,1,0
9539,"Janitors and Cleaners, Except Maids and Housekeeping Cleaners",Gather and empty trash.,Stamina,1,0
9539,"Janitors and Cleaners, Except Maids and Housekeeping Cleaners",Gather and empty trash.,Trunk Strength,1,0
9540,"Janitors and Cleaners, Except Maids and Housekeeping Cleaners","Clean building floors by sweeping, mopping, scrubbing, or vacuuming.",Static Strength,2,0
9540,"Janitors and Cleaners, Except Maids and Housekeeping Cleaners","Clean building floors by sweeping, mopping, scrubbing, or vacuuming.",Trunk Strength,2,0
9540,"Janitors and Cleaners, Except Maids and Housekeeping Cleaners","Clean building floors by sweeping, mopping, scrubbing, or vacuuming.",Gross Body Coordination,2,0
9540,"Janitors and Cleaners, Except Maids and Housekeeping Cleaners","Clean building floors by sweeping, mopping, scrubbing, or vacuuming.",Stamina,2,0
9540,"Janitors and Cleaners, Except Maids and Housekeeping Cleaners","Clean building floors by sweeping, mopping, scrubbing, or vacuuming.",Manual Dexterity,1,0
9540,"Janitors and Cleaners, Except Maids and Housekeeping Cleaners","Clean building floors by sweeping, mopping, scrubbing, or vacuuming.",Extent Flexibility,1,0
20590,"Janitors and Cleaners, Except Maids and Housekeeping Cleaners",Monitor building security and safety by performing tasks such as locking doors after operating hours or checking electrical appliance use to ensure that hazards are not created.,Selective Attention,2,0
20590,"Janitors and Cleaners, Except Maids and Housekeeping Cleaners",Monitor building security and safety by performing tasks such as locking doors after operating hours or checking electrical appliance use to ensure that hazards are not created.,Near Vision,1,0
20590,"Janitors and Cleaners, Except Maids and Housekeeping Cleaners",Monitor building security and safety by performing tasks such as locking doors after operating hours or checking electrical appliance use to ensure that hazards are not created.,Problem Sensitivity,2,0
20590,"Janitors and Cleaners, Except Maids and Housekeeping Cleaners",Monitor building security and safety by performing tasks such as locking doors after operating hours or checking electrical appliance use to ensure that hazards are not created.,Peripheral Vision,1,1
9544,"Janitors and Cleaners, Except Maids and Housekeeping Cleaners",Notify managers concerning the need for major repairs or additions to building operating systems.,Oral Expression,2,0
9544,"Janitors and Cleaners, Except Maids and Housekeeping Cleaners",Notify managers concerning the need for major repairs or additions to building operating systems.,Written Expression,1,0
9544,"Janitors and Cleaners, Except Maids and Housekeeping Cleaners",Notify managers concerning the need for major repairs or additions to building operating systems.,Problem Sensitivity,1,0
9544,"Janitors and Cleaners, Except Maids and Housekeeping Cleaners",Notify managers concerning the need for major repairs or additions to building operating systems.,Oral Comprehension,1,0
9541,"Janitors and Cleaners, Except Maids and Housekeeping Cleaners",Follow procedures for the use of chemical cleaners and power equipment to prevent damage to floors and fixtures.,Written Comprehension,2,0
9541,"Janitors and Cleaners, Except Maids and Housekeeping Cleaners",Follow procedures for the use of chemical cleaners and power equipment to prevent damage to floors and fixtures.,Control Precision,1,0
9541,"Janitors and Cleaners, Except Maids and Housekeeping Cleaners",Follow procedures for the use of chemical cleaners and power equipment to prevent damage to floors and fixtures.,Manual Dexterity,1,0
9541,"Janitors and Cleaners, Except Maids and Housekeeping Cleaners",Follow procedures for the use of chemical cleaners and power equipment to prevent damage to floors and fixtures.,Near Vision,1,0
9541,"Janitors and Cleaners, Except Maids and Housekeeping Cleaners",Follow procedures for the use of chemical cleaners and power equipment to prevent damage to floors and fixtures.,Information Ordering,1,0
9542,"Janitors and Cleaners, Except Maids and Housekeeping Cleaners","Mix water and detergents or acids in containers to prepare cleaning solutions, according to specifications.",Control Precision,2,0
9542,"Janitors and Cleaners, Except Maids and Housekeeping Cleaners","Mix water and detergents or acids in containers to prepare cleaning solutions, according to specifications.",Near Vision,2,0
9542,"Janitors and Cleaners, Except Maids and Housekeeping Cleaners","Mix water and detergents or acids in containers to prepare cleaning solutions, according to specifications.",Manual Dexterity,2,0
9542,"Janitors and Cleaners, Except Maids and Housekeeping Cleaners","Mix water and detergents or acids in containers to prepare cleaning solutions, according to specifications.",Number Facility,1,0
9542,"Janitors and Cleaners, Except Maids and Housekeeping Cleaners","Mix water and detergents or acids in containers to prepare cleaning solutions, according to specifications.",Arm-Hand Steadiness,1,0
9546,"Janitors and Cleaners, Except Maids and Housekeeping Cleaners","Clean windows, glass partitions, or mirrors, using soapy water or other cleaners, sponges, or squeegees.",Arm-Hand Steadiness,2,0
9546,"Janitors and Cleaners, Except Maids and Housekeeping Cleaners","Clean windows, glass partitions, or mirrors, using soapy water or other cleaners, sponges, or squeegees.",Manual Dexterity,2,0
9546,"Janitors and Cleaners, Except Maids and Housekeeping Cleaners","Clean windows, glass partitions, or mirrors, using soapy water or other cleaners, sponges, or squeegees.",Gross Body Coordination,1,0
9546,"Janitors and Cleaners, Except Maids and Housekeeping Cleaners","Clean windows, glass partitions, or mirrors, using soapy water or other cleaners, sponges, or squeegees.",Near Vision,1,0
9546,"Janitors and Cleaners, Except Maids and Housekeeping Cleaners","Clean windows, glass partitions, or mirrors, using soapy water or other cleaners, sponges, or squeegees.",Static Strength,1,0
9546,"Janitors and Cleaners, Except Maids and Housekeeping Cleaners","Clean windows, glass partitions, or mirrors, using soapy water or other cleaners, sponges, or squeegees.",Extent Flexibility,1,0
9545,"Janitors and Cleaners, Except Maids and Housekeeping Cleaners",Requisition supplies or equipment needed for cleaning and maintenance duties.,Written Expression,1,0
9545,"Janitors and Cleaners, Except Maids and Housekeeping Cleaners",Requisition supplies or equipment needed for cleaning and maintenance duties.,Information Ordering,1,0
9545,"Janitors and Cleaners, Except Maids and Housekeeping Cleaners",Requisition supplies or equipment needed for cleaning and maintenance duties.,Number Facility,1,0
9545,"Janitors and Cleaners, Except Maids and Housekeeping Cleaners",Requisition supplies or equipment needed for cleaning and maintenance duties.,Oral Expression,1,0
9550,"Janitors and Cleaners, Except Maids and Housekeeping Cleaners","Dust furniture, walls, machines, or equipment.",Manual Dexterity,2,0
9550,"Janitors and Cleaners, Except Maids and Housekeeping Cleaners","Dust furniture, walls, machines, or equipment.",Arm-Hand Steadiness,1,0
9550,"Janitors and Cleaners, Except Maids and Housekeeping Cleaners","Dust furniture, walls, machines, or equipment.",Extent Flexibility,1,0
9550,"Janitors and Cleaners, Except Maids and Housekeeping Cleaners","Dust furniture, walls, machines, or equipment.",Gross Body Coordination,1,0
9550,"Janitors and Cleaners, Except Maids and Housekeeping Cleaners","Dust furniture, walls, machines, or equipment.",Near Vision,1,0
9549,"Janitors and Cleaners, Except Maids and Housekeeping Cleaners",Clean and polish furniture and fixtures.,Manual Dexterity,2,0
9549,"Janitors and Cleaners, Except Maids and Housekeeping Cleaners",Clean and polish furniture and fixtures.,Arm-Hand Steadiness,2,0
9549,"Janitors and Cleaners, Except Maids and Housekeeping Cleaners",Clean and polish furniture and fixtures.,Near Vision,1,0
9549,"Janitors and Cleaners, Except Maids and Housekeeping Cleaners",Clean and polish furniture and fixtures.,Static Strength,1,0
9549,"Janitors and Cleaners, Except Maids and Housekeeping Cleaners",Clean and polish furniture and fixtures.,Control Precision,1,0
9551,"Janitors and Cleaners, Except Maids and Housekeeping Cleaners","Move heavy furniture, equipment, or supplies, either manually or with hand trucks.",Static Strength,3,0
9551,"Janitors and Cleaners, Except Maids and Housekeeping Cleaners","Move heavy furniture, equipment, or supplies, either manually or with hand trucks.",Dynamic Strength,2,0
9551,"Janitors and Cleaners, Except Maids and Housekeeping Cleaners","Move heavy furniture, equipment, or supplies, either manually or with hand trucks.",Trunk Strength,2,0
9551,"Janitors and Cleaners, Except Maids and Housekeeping Cleaners","Move heavy furniture, equipment, or supplies, either manually or with hand trucks.",Gross Body Coordination,2,0
9551,"Janitors and Cleaners, Except Maids and Housekeeping Cleaners","Move heavy furniture, equipment, or supplies, either manually or with hand trucks.",Gross Body Equilibrium,1,0
9551,"Janitors and Cleaners, Except Maids and Housekeeping Cleaners","Move heavy furniture, equipment, or supplies, either manually or with hand trucks.",Stamina,1,0
9543,"Janitors and Cleaners, Except Maids and Housekeeping Cleaners","Strip, seal, finish, and polish floors.",Trunk Strength,2,0
9543,"Janitors and Cleaners, Except Maids and Housekeeping Cleaners","Strip, seal, finish, and polish floors.",Static Strength,2,0
9543,"Janitors and Cleaners, Except Maids and Housekeeping Cleaners","Strip, seal, finish, and polish floors.",Gross Body Coordination,2,0
9543,"Janitors and Cleaners, Except Maids and Housekeeping Cleaners","Strip, seal, finish, and polish floors.",Stamina,2,0
9543,"Janitors and Cleaners, Except Maids and Housekeeping Cleaners","Strip, seal, finish, and polish floors.",Manual Dexterity,1,0
9543,"Janitors and Cleaners, Except Maids and Housekeeping Cleaners","Strip, seal, finish, and polish floors.",Control Precision,1,0
9552,"Janitors and Cleaners, Except Maids and Housekeeping Cleaners","Remove snow from sidewalks, driveways, or parking areas, using snowplows, snow blowers, or snow shovels, or spread snow-melting chemicals.",Static Strength,3,0
9552,"Janitors and Cleaners, Except Maids and Housekeeping Cleaners","Remove snow from sidewalks, driveways, or parking areas, using snowplows, snow blowers, or snow shovels, or spread snow-melting chemicals.",Dynamic Strength,2,0
9552,"Janitors and Cleaners, Except Maids and Housekeeping Cleaners","Remove snow from sidewalks, driveways, or parking areas, using snowplows, snow blowers, or snow shovels, or spread snow-melting chemicals.",Stamina,3,0
9552,"Janitors and Cleaners, Except Maids and Housekeeping Cleaners","Remove snow from sidewalks, driveways, or parking areas, using snowplows, snow blowers, or snow shovels, or spread snow-melting chemicals.",Trunk Strength,2,0
9552,"Janitors and Cleaners, Except Maids and Housekeeping Cleaners","Remove snow from sidewalks, driveways, or parking areas, using snowplows, snow blowers, or snow shovels, or spread snow-melting chemicals.",Gross Body Coordination,2,0
9552,"Janitors and Cleaners, Except Maids and Housekeeping Cleaners","Remove snow from sidewalks, driveways, or parking areas, using snowplows, snow blowers, or snow shovels, or spread snow-melting chemicals.",Multilimb Coordination,1,0
9555,"Janitors and Cleaners, Except Maids and Housekeeping Cleaners","Make adjustments or minor repairs to heating, cooling, ventilating, plumbing, or electrical systems.",Control Precision,2,0
9555,"Janitors and Cleaners, Except Maids and Housekeeping Cleaners","Make adjustments or minor repairs to heating, cooling, ventilating, plumbing, or electrical systems.",Manual Dexterity,2,0
9555,"Janitors and Cleaners, Except Maids and Housekeeping Cleaners","Make adjustments or minor repairs to heating, cooling, ventilating, plumbing, or electrical systems.",Finger Dexterity,2,0
9555,"Janitors and Cleaners, Except Maids and Housekeeping Cleaners","Make adjustments or minor repairs to heating, cooling, ventilating, plumbing, or electrical systems.",Problem Sensitivity,2,0
9555,"Janitors and Cleaners, Except Maids and Housekeeping Cleaners","Make adjustments or minor repairs to heating, cooling, ventilating, plumbing, or electrical systems.",Near Vision,1,0
9555,"Janitors and Cleaners, Except Maids and Housekeeping Cleaners","Make adjustments or minor repairs to heating, cooling, ventilating, plumbing, or electrical systems.",Arm-Hand Steadiness,1,0
20592,"Janitors and Cleaners, Except Maids and Housekeeping Cleaners","Drive vans, industrial trucks, or other vehicles required to travel to, or to perform, cleaning work.",Far Vision,2,0
20592,"Janitors and Cleaners, Except Maids and Housekeeping Cleaners","Drive vans, industrial trucks, or other vehicles required to travel to, or to perform, cleaning work.",Reaction Time,2,0
20592,"Janitors and Cleaners, Except Maids and Housekeeping Cleaners","Drive vans, industrial trucks, or other vehicles required to travel to, or to perform, cleaning work.",Control Precision,2,0
20592,"Janitors and Cleaners, Except Maids and Housekeeping Cleaners","Drive vans, industrial trucks, or other vehicles required to travel to, or to perform, cleaning work.",Depth Perception,1,0
20592,"Janitors and Cleaners, Except Maids and Housekeeping Cleaners","Drive vans, industrial trucks, or other vehicles required to travel to, or to perform, cleaning work.",Multilimb Coordination,1,0
9554,"Janitors and Cleaners, Except Maids and Housekeeping Cleaners",Spray insecticides or fumigants to prevent insect or rodent infestation.,Control Precision,2,0
9554,"Janitors and Cleaners, Except Maids and Housekeeping Cleaners",Spray insecticides or fumigants to prevent insect or rodent infestation.,Manual Dexterity,2,0
9554,"Janitors and Cleaners, Except Maids and Housekeeping Cleaners",Spray insecticides or fumigants to prevent insect or rodent infestation.,Arm-Hand Steadiness,1,0
9554,"Janitors and Cleaners, Except Maids and Housekeeping Cleaners",Spray insecticides or fumigants to prevent insect or rodent infestation.,Near Vision,1,0
9554,"Janitors and Cleaners, Except Maids and Housekeeping Cleaners",Spray insecticides or fumigants to prevent insect or rodent infestation.,Static Strength,1,0
9548,"Janitors and Cleaners, Except Maids and Housekeeping Cleaners","Set up, arrange, or remove decorations, tables, chairs, ladders, or scaffolding to prepare facilities for events, such as banquets or meetings.",Static Strength,2,0
9548,"Janitors and Cleaners, Except Maids and Housekeeping Cleaners","Set up, arrange, or remove decorations, tables, chairs, ladders, or scaffolding to prepare facilities for events, such as banquets or meetings.",Trunk Strength,2,0
9548,"Janitors and Cleaners, Except Maids and Housekeeping Cleaners","Set up, arrange, or remove decorations, tables, chairs, ladders, or scaffolding to prepare facilities for events, such as banquets or meetings.",Gross Body Coordination,2,0
9548,"Janitors and Cleaners, Except Maids and Housekeeping Cleaners","Set up, arrange, or remove decorations, tables, chairs, ladders, or scaffolding to prepare facilities for events, such as banquets or meetings.",Gross Body Equilibrium,2,0
9548,"Janitors and Cleaners, Except Maids and Housekeeping Cleaners","Set up, arrange, or remove decorations, tables, chairs, ladders, or scaffolding to prepare facilities for events, such as banquets or meetings.",Multilimb Coordination,1,0
9548,"Janitors and Cleaners, Except Maids and Housekeeping Cleaners","Set up, arrange, or remove decorations, tables, chairs, ladders, or scaffolding to prepare facilities for events, such as banquets or meetings.",Extent Flexibility,1,0
9559,"Janitors and Cleaners, Except Maids and Housekeeping Cleaners","Clean chimneys, flues, and connecting pipes, using power or hand tools.",Manual Dexterity,2,0
9559,"Janitors and Cleaners, Except Maids and Housekeeping Cleaners","Clean chimneys, flues, and connecting pipes, using power or hand tools.",Extent Flexibility,2,0
9559,"Janitors and Cleaners, Except Maids and Housekeeping Cleaners","Clean chimneys, flues, and connecting pipes, using power or hand tools.",Arm-Hand Steadiness,1,0
9559,"Janitors and Cleaners, Except Maids and Housekeeping Cleaners","Clean chimneys, flues, and connecting pipes, using power or hand tools.",Static Strength,1,0
9559,"Janitors and Cleaners, Except Maids and Housekeeping Cleaners","Clean chimneys, flues, and connecting pipes, using power or hand tools.",Near Vision,1,0
20591,"Janitors and Cleaners, Except Maids and Housekeeping Cleaners","Mow or trim lawns or shrubbery, using mowers or hand or power trimmers, and clear debris from grounds.",Gross Body Coordination,2,0
20591,"Janitors and Cleaners, Except Maids and Housekeeping Cleaners","Mow or trim lawns or shrubbery, using mowers or hand or power trimmers, and clear debris from grounds.",Static Strength,2,0
20591,"Janitors and Cleaners, Except Maids and Housekeeping Cleaners","Mow or trim lawns or shrubbery, using mowers or hand or power trimmers, and clear debris from grounds.",Stamina,2,0
20591,"Janitors and Cleaners, Except Maids and Housekeeping Cleaners","Mow or trim lawns or shrubbery, using mowers or hand or power trimmers, and clear debris from grounds.",Multilimb Coordination,1,0
20591,"Janitors and Cleaners, Except Maids and Housekeeping Cleaners","Mow or trim lawns or shrubbery, using mowers or hand or power trimmers, and clear debris from grounds.",Trunk Strength,1,0
20591,"Janitors and Cleaners, Except Maids and Housekeeping Cleaners","Mow or trim lawns or shrubbery, using mowers or hand or power trimmers, and clear debris from grounds.",Near Vision,1,0
9547,"Janitors and Cleaners, Except Maids and Housekeeping Cleaners",Steam-clean or shampoo carpets.,Static Strength,2,0
9547,"Janitors and Cleaners, Except Maids and Housekeeping Cleaners",Steam-clean or shampoo carpets.,Trunk Strength,2,0
9547,"Janitors and Cleaners, Except Maids and Housekeeping Cleaners",Steam-clean or shampoo carpets.,Gross Body Coordination,2,0
9547,"Janitors and Cleaners, Except Maids and Housekeeping Cleaners",Steam-clean or shampoo carpets.,Stamina,2,0
9547,"Janitors and Cleaners, Except Maids and Housekeeping Cleaners",Steam-clean or shampoo carpets.,Manual Dexterity,1,0
9564,Maids and Housekeeping Cleaners,"Keep storage areas and carts well-stocked, clean, and tidy.",Manual Dexterity,1,0
9564,Maids and Housekeeping Cleaners,"Keep storage areas and carts well-stocked, clean, and tidy.",Information Ordering,1,0
9564,Maids and Housekeeping Cleaners,"Keep storage areas and carts well-stocked, clean, and tidy.",Near Vision,1,0
9564,Maids and Housekeeping Cleaners,"Keep storage areas and carts well-stocked, clean, and tidy.",Static Strength,1,0
9564,Maids and Housekeeping Cleaners,"Keep storage areas and carts well-stocked, clean, and tidy.",Perceptual Speed,1,1
9560,Maids and Housekeeping Cleaners,"Carry linens, towels, toilet items, and cleaning supplies, using wheeled carts.",Static Strength,2,0
9560,Maids and Housekeeping Cleaners,"Carry linens, towels, toilet items, and cleaning supplies, using wheeled carts.",Dynamic Strength,1,0
9560,Maids and Housekeeping Cleaners,"Carry linens, towels, toilet items, and cleaning supplies, using wheeled carts.",Gross Body Coordination,2,0
9560,Maids and Housekeeping Cleaners,"Carry linens, towels, toilet items, and cleaning supplies, using wheeled carts.",Trunk Strength,1,0
9560,Maids and Housekeeping Cleaners,"Carry linens, towels, toilet items, and cleaning supplies, using wheeled carts.",Stamina,1,0
9561,Maids and Housekeeping Cleaners,"Clean rooms, hallways, lobbies, lounges, restrooms, corridors, elevators, stairways, locker rooms, and other work areas so that health standards are met.",Static Strength,2,0
9561,Maids and Housekeeping Cleaners,"Clean rooms, hallways, lobbies, lounges, restrooms, corridors, elevators, stairways, locker rooms, and other work areas so that health standards are met.",Trunk Strength,2,0
9561,Maids and Housekeeping Cleaners,"Clean rooms, hallways, lobbies, lounges, restrooms, corridors, elevators, stairways, locker rooms, and other work areas so that health standards are met.",Gross Body Coordination,2,0
9561,Maids and Housekeeping Cleaners,"Clean rooms, hallways, lobbies, lounges, restrooms, corridors, elevators, stairways, locker rooms, and other work areas so that health standards are met.",Stamina,2,0
9561,Maids and Housekeeping Cleaners,"Clean rooms, hallways, lobbies, lounges, restrooms, corridors, elevators, stairways, locker rooms, and other work areas so that health standards are met.",Manual Dexterity,2,0
9561,Maids and Housekeeping Cleaners,"Clean rooms, hallways, lobbies, lounges, restrooms, corridors, elevators, stairways, locker rooms, and other work areas so that health standards are met.",Extent Flexibility,1,0
9562,Maids and Housekeeping Cleaners,"Empty wastebaskets, empty and clean ashtrays, and transport other trash and waste to disposal areas.",Static Strength,2,0
9562,Maids and Housekeeping Cleaners,"Empty wastebaskets, empty and clean ashtrays, and transport other trash and waste to disposal areas.",Gross Body Coordination,1,0
9562,Maids and Housekeeping Cleaners,"Empty wastebaskets, empty and clean ashtrays, and transport other trash and waste to disposal areas.",Manual Dexterity,1,0
9562,Maids and Housekeeping Cleaners,"Empty wastebaskets, empty and clean ashtrays, and transport other trash and waste to disposal areas.",Trunk Strength,1,0
9562,Maids and Housekeeping Cleaners,"Empty wastebaskets, empty and clean ashtrays, and transport other trash and waste to disposal areas.",Stamina,1,0
9566,Maids and Housekeeping Cleaners,"Sweep, scrub, wax, or polish floors, using brooms, mops, or powered scrubbing and waxing machines.",Trunk Strength,2,0
9566,Maids and Housekeeping Cleaners,"Sweep, scrub, wax, or polish floors, using brooms, mops, or powered scrubbing and waxing machines.",Static Strength,2,0
9566,Maids and Housekeeping Cleaners,"Sweep, scrub, wax, or polish floors, using brooms, mops, or powered scrubbing and waxing machines.",Gross Body Coordination,2,0
9566,Maids and Housekeeping Cleaners,"Sweep, scrub, wax, or polish floors, using brooms, mops, or powered scrubbing and waxing machines.",Stamina,2,0
9566,Maids and Housekeeping Cleaners,"Sweep, scrub, wax, or polish floors, using brooms, mops, or powered scrubbing and waxing machines.",Manual Dexterity,1,0
9563,Maids and Housekeeping Cleaners,"Replenish supplies, such as drinking glasses, linens, writing supplies, and bathroom items.",Manual Dexterity,1,0
9563,Maids and Housekeeping Cleaners,"Replenish supplies, such as drinking glasses, linens, writing supplies, and bathroom items.",Near Vision,1,0
9563,Maids and Housekeeping Cleaners,"Replenish supplies, such as drinking glasses, linens, writing supplies, and bathroom items.",Information Ordering,1,0
9563,Maids and Housekeeping Cleaners,"Replenish supplies, such as drinking glasses, linens, writing supplies, and bathroom items.",Static Strength,1,0
9567,Maids and Housekeeping Cleaners,"Clean rugs, carpets, upholstered furniture, and draperies, using vacuum cleaners and shampooers.",Static Strength,2,0
9567,Maids and Housekeeping Cleaners,"Clean rugs, carpets, upholstered furniture, and draperies, using vacuum cleaners and shampooers.",Trunk Strength,2,0
9567,Maids and Housekeeping Cleaners,"Clean rugs, carpets, upholstered furniture, and draperies, using vacuum cleaners and shampooers.",Gross Body Coordination,2,0
9567,Maids and Housekeeping Cleaners,"Clean rugs, carpets, upholstered furniture, and draperies, using vacuum cleaners and shampooers.",Stamina,2,0
9567,Maids and Housekeeping Cleaners,"Clean rugs, carpets, upholstered furniture, and draperies, using vacuum cleaners and shampooers.",Manual Dexterity,1,0
9568,Maids and Housekeeping Cleaners,"Wash windows, walls, ceilings, and woodwork, waxing and polishing as necessary.",Extent Flexibility,2,0
9568,Maids and Housekeeping Cleaners,"Wash windows, walls, ceilings, and woodwork, waxing and polishing as necessary.",Arm-Hand Steadiness,2,0
9568,Maids and Housekeeping Cleaners,"Wash windows, walls, ceilings, and woodwork, waxing and polishing as necessary.",Static Strength,1,0
9568,Maids and Housekeeping Cleaners,"Wash windows, walls, ceilings, and woodwork, waxing and polishing as necessary.",Manual Dexterity,2,0
9568,Maids and Housekeeping Cleaners,"Wash windows, walls, ceilings, and woodwork, waxing and polishing as necessary.",Gross Body Equilibrium,1,0
9568,Maids and Housekeeping Cleaners,"Wash windows, walls, ceilings, and woodwork, waxing and polishing as necessary.",Near Vision,1,0
9565,Maids and Housekeeping Cleaners,Dust and polish furniture and equipment.,Manual Dexterity,2,0
9565,Maids and Housekeeping Cleaners,Dust and polish furniture and equipment.,Arm-Hand Steadiness,1,0
9565,Maids and Housekeeping Cleaners,Dust and polish furniture and equipment.,Near Vision,1,0
9565,Maids and Housekeeping Cleaners,Dust and polish furniture and equipment.,Extent Flexibility,1,0
9570,Maids and Housekeeping Cleaners,"Disinfect equipment and supplies, using germicides or steam-operated sterilizers.",Manual Dexterity,2,0
9570,Maids and Housekeeping Cleaners,"Disinfect equipment and supplies, using germicides or steam-operated sterilizers.",Control Precision,1,0
9570,Maids and Housekeeping Cleaners,"Disinfect equipment and supplies, using germicides or steam-operated sterilizers.",Near Vision,1,0
9570,Maids and Housekeeping Cleaners,"Disinfect equipment and supplies, using germicides or steam-operated sterilizers.",Arm-Hand Steadiness,1,0
9571,Maids and Housekeeping Cleaners,"Observe precautions required to protect hotel and guest property and report damage, theft, and found articles to supervisors.",Problem Sensitivity,2,0
9571,Maids and Housekeeping Cleaners,"Observe precautions required to protect hotel and guest property and report damage, theft, and found articles to supervisors.",Near Vision,1,0
9571,Maids and Housekeeping Cleaners,"Observe precautions required to protect hotel and guest property and report damage, theft, and found articles to supervisors.",Oral Expression,1,0
9571,Maids and Housekeeping Cleaners,"Observe precautions required to protect hotel and guest property and report damage, theft, and found articles to supervisors.",Selective Attention,1,0
9571,Maids and Housekeeping Cleaners,"Observe precautions required to protect hotel and guest property and report damage, theft, and found articles to supervisors.",Written Expression,1,1
9577,Maids and Housekeeping Cleaners,"Sort, count, and mark clean linens and store them in linen closets.",Perceptual Speed,2,0
9577,Maids and Housekeeping Cleaners,"Sort, count, and mark clean linens and store them in linen closets.",Number Facility,2,0
9577,Maids and Housekeeping Cleaners,"Sort, count, and mark clean linens and store them in linen closets.",Manual Dexterity,1,0
9577,Maids and Housekeeping Cleaners,"Sort, count, and mark clean linens and store them in linen closets.",Near Vision,1,0
9577,Maids and Housekeeping Cleaners,"Sort, count, and mark clean linens and store them in linen closets.",Information Ordering,1,0
9575,Maids and Housekeeping Cleaners,"Sort clothing and other articles, load washing machines, and iron and fold dried items.",Manual Dexterity,2,0
9575,Maids and Housekeeping Cleaners,"Sort clothing and other articles, load washing machines, and iron and fold dried items.",Finger Dexterity,1,0
9575,Maids and Housekeeping Cleaners,"Sort clothing and other articles, load washing machines, and iron and fold dried items.",Perceptual Speed,1,0
9575,Maids and Housekeeping Cleaners,"Sort clothing and other articles, load washing machines, and iron and fold dried items.",Static Strength,1,0
9575,Maids and Housekeeping Cleaners,"Sort clothing and other articles, load washing machines, and iron and fold dried items.",Near Vision,1,0
9587,Maids and Housekeeping Cleaners,Move and arrange furniture and turn mattresses.,Static Strength,3,0
9587,Maids and Housekeeping Cleaners,Move and arrange furniture and turn mattresses.,Dynamic Strength,2,0
9587,Maids and Housekeeping Cleaners,Move and arrange furniture and turn mattresses.,Trunk Strength,2,0
9587,Maids and Housekeeping Cleaners,Move and arrange furniture and turn mattresses.,Gross Body Coordination,1,0
9587,Maids and Housekeeping Cleaners,Move and arrange furniture and turn mattresses.,Stamina,1,0
9582,Maids and Housekeeping Cleaners,Replace light bulbs.,Arm-Hand Steadiness,2,0
9582,Maids and Housekeeping Cleaners,Replace light bulbs.,Finger Dexterity,1,0
9582,Maids and Housekeeping Cleaners,Replace light bulbs.,Extent Flexibility,1,0
9582,Maids and Housekeeping Cleaners,Replace light bulbs.,Gross Body Equilibrium,1,0
9582,Maids and Housekeeping Cleaners,Replace light bulbs.,Near Vision,1,0
9586,Maids and Housekeeping Cleaners,"Deliver television sets, ironing boards, baby cribs, and rollaway beds to guests' rooms.",Static Strength,2,0
9586,Maids and Housekeeping Cleaners,"Deliver television sets, ironing boards, baby cribs, and rollaway beds to guests' rooms.",Dynamic Strength,2,0
9586,Maids and Housekeeping Cleaners,"Deliver television sets, ironing boards, baby cribs, and rollaway beds to guests' rooms.",Gross Body Coordination,2,0
9586,Maids and Housekeeping Cleaners,"Deliver television sets, ironing boards, baby cribs, and rollaway beds to guests' rooms.",Trunk Strength,1,0
9586,Maids and Housekeeping Cleaners,"Deliver television sets, ironing boards, baby cribs, and rollaway beds to guests' rooms.",Stamina,1,0
9569,Maids and Housekeeping Cleaners,Hang draperies and dust window blinds.,Arm-Hand Steadiness,2,0
9569,Maids and Housekeeping Cleaners,Hang draperies and dust window blinds.,Extent Flexibility,2,0
9569,Maids and Housekeeping Cleaners,Hang draperies and dust window blinds.,Manual Dexterity,1,0
9569,Maids and Housekeeping Cleaners,Hang draperies and dust window blinds.,Gross Body Equilibrium,1,0
9569,Maids and Housekeeping Cleaners,Hang draperies and dust window blinds.,Near Vision,1,0
9581,Maids and Housekeeping Cleaners,Request repair services and wait for repair workers to arrive.,Oral Expression,2,0
9581,Maids and Housekeeping Cleaners,Request repair services and wait for repair workers to arrive.,Oral Comprehension,1,0
9581,Maids and Housekeeping Cleaners,Request repair services and wait for repair workers to arrive.,Written Expression,1,1
9579,Maids and Housekeeping Cleaners,"Prepare rooms for meetings and arrange decorations, media equipment, and furniture for social or business functions.",Static Strength,2,0
9579,Maids and Housekeeping Cleaners,"Prepare rooms for meetings and arrange decorations, media equipment, and furniture for social or business functions.",Gross Body Coordination,2,0
9579,Maids and Housekeeping Cleaners,"Prepare rooms for meetings and arrange decorations, media equipment, and furniture for social or business functions.",Manual Dexterity,1,0
9579,Maids and Housekeeping Cleaners,"Prepare rooms for meetings and arrange decorations, media equipment, and furniture for social or business functions.",Information Ordering,1,0
9579,Maids and Housekeeping Cleaners,"Prepare rooms for meetings and arrange decorations, media equipment, and furniture for social or business functions.",Visualization,1,1
9578,Maids and Housekeeping Cleaners,"Polish silver accessories and metalwork, such as fixtures and fittings.",Manual Dexterity,2,0
9578,Maids and Housekeeping Cleaners,"Polish silver accessories and metalwork, such as fixtures and fittings.",Finger Dexterity,2,0
9578,Maids and Housekeeping Cleaners,"Polish silver accessories and metalwork, such as fixtures and fittings.",Arm-Hand Steadiness,2,0
9578,Maids and Housekeeping Cleaners,"Polish silver accessories and metalwork, such as fixtures and fittings.",Near Vision,2,0
9578,Maids and Housekeeping Cleaners,"Polish silver accessories and metalwork, such as fixtures and fittings.",Control Precision,1,0
7974,Pest Control Workers,Record work activities performed.,Written Expression,2,0
7974,Pest Control Workers,Record work activities performed.,Information Ordering,1,0
7974,Pest Control Workers,Record work activities performed.,Near Vision,1,0
7974,Pest Control Workers,Record work activities performed.,Memorization,1,0
7975,Pest Control Workers,"Inspect premises to identify infestation source and extent of damage to property, wall, or roof porosity and access to infested locations.",Problem Sensitivity,3,0
7975,Pest Control Workers,"Inspect premises to identify infestation source and extent of damage to property, wall, or roof porosity and access to infested locations.",Near Vision,2,0
7975,Pest Control Workers,"Inspect premises to identify infestation source and extent of damage to property, wall, or roof porosity and access to infested locations.",Deductive Reasoning,2,0
7975,Pest Control Workers,"Inspect premises to identify infestation source and extent of damage to property, wall, or roof porosity and access to infested locations.",Inductive Reasoning,1,0
7975,Pest Control Workers,"Inspect premises to identify infestation source and extent of damage to property, wall, or roof porosity and access to infested locations.",Depth Perception,1,1
20759,Pest Control Workers,Recommend treatment and prevention methods for pest problems to clients.,Oral Expression,2,0
20759,Pest Control Workers,Recommend treatment and prevention methods for pest problems to clients.,Deductive Reasoning,2,0
20759,Pest Control Workers,Recommend treatment and prevention methods for pest problems to clients.,Oral Comprehension,1,0
20759,Pest Control Workers,Recommend treatment and prevention methods for pest problems to clients.,Problem Sensitivity,1,0
7976,Pest Control Workers,"Spray or dust chemical solutions, powders, or gases into rooms, onto clothing, furnishings, or wood, or over marshlands, ditches, or catch basins.",Control Precision,2,0
7976,Pest Control Workers,"Spray or dust chemical solutions, powders, or gases into rooms, onto clothing, furnishings, or wood, or over marshlands, ditches, or catch basins.",Manual Dexterity,2,0
7976,Pest Control Workers,"Spray or dust chemical solutions, powders, or gases into rooms, onto clothing, furnishings, or wood, or over marshlands, ditches, or catch basins.",Arm-Hand Steadiness,1,0
7976,Pest Control Workers,"Spray or dust chemical solutions, powders, or gases into rooms, onto clothing, furnishings, or wood, or over marshlands, ditches, or catch basins.",Static Strength,1,0
7976,Pest Control Workers,"Spray or dust chemical solutions, powders, or gases into rooms, onto clothing, furnishings, or wood, or over marshlands, ditches, or catch basins.",Stamina,1,0
7977,Pest Control Workers,Clean work site after completion of job.,Static Strength,2,0
7977,Pest Control Workers,Clean work site after completion of job.,Gross Body Coordination,1,0
7977,Pest Control Workers,Clean work site after completion of job.,Manual Dexterity,1,0
7977,Pest Control Workers,Clean work site after completion of job.,Stamina,1,0
7979,Pest Control Workers,Drive truck equipped with power spraying equipment.,Far Vision,2,0
7979,Pest Control Workers,Drive truck equipped with power spraying equipment.,Control Precision,2,0
7979,Pest Control Workers,Drive truck equipped with power spraying equipment.,Reaction Time,1,0
7979,Pest Control Workers,Drive truck equipped with power spraying equipment.,Multilimb Coordination,1,0
7979,Pest Control Workers,Drive truck equipped with power spraying equipment.,Depth Perception,1,0
20760,Pest Control Workers,"Measure area dimensions requiring treatment, calculate fumigant requirements, and estimate cost for service.",Mathematical Reasoning,3,0
20760,Pest Control Workers,"Measure area dimensions requiring treatment, calculate fumigant requirements, and estimate cost for service.",Number Facility,3,0
20760,Pest Control Workers,"Measure area dimensions requiring treatment, calculate fumigant requirements, and estimate cost for service.",Near Vision,1,0
20760,Pest Control Workers,"Measure area dimensions requiring treatment, calculate fumigant requirements, and estimate cost for service.",Visualization,1,0
7983,Pest Control Workers,Study preliminary reports or diagrams of infested area and determine treatment type required to eliminate and prevent recurrence of infestation.,Written Comprehension,2,0
7983,Pest Control Workers,Study preliminary reports or diagrams of infested area and determine treatment type required to eliminate and prevent recurrence of infestation.,Deductive Reasoning,2,0
7983,Pest Control Workers,Study preliminary reports or diagrams of infested area and determine treatment type required to eliminate and prevent recurrence of infestation.,Problem Sensitivity,2,0
7983,Pest Control Workers,Study preliminary reports or diagrams of infested area and determine treatment type required to eliminate and prevent recurrence of infestation.,Visualization,1,0
7978,Pest Control Workers,"Direct, or assist other workers in, treatment or extermination processes to eliminate or control rodents, insects, or weeds.",Oral Expression,2,0
7978,Pest Control Workers,"Direct, or assist other workers in, treatment or extermination processes to eliminate or control rodents, insects, or weeds.",Manual Dexterity,1,0
7978,Pest Control Workers,"Direct, or assist other workers in, treatment or extermination processes to eliminate or control rodents, insects, or weeds.",Control Precision,1,0
7978,Pest Control Workers,"Direct, or assist other workers in, treatment or extermination processes to eliminate or control rodents, insects, or weeds.",Problem Sensitivity,1,0
7981,Pest Control Workers,Post warning signs and lock building doors to secure area to be fumigated.,Manual Dexterity,1,0
7981,Pest Control Workers,Post warning signs and lock building doors to secure area to be fumigated.,Gross Body Coordination,1,0
7981,Pest Control Workers,Post warning signs and lock building doors to secure area to be fumigated.,Near Vision,1,0
7981,Pest Control Workers,Post warning signs and lock building doors to secure area to be fumigated.,Static Strength,1,0
7985,Pest Control Workers,"Set mechanical traps, or place poisonous paste or bait in sewers, burrows, or ditches.",Manual Dexterity,2,0
7985,Pest Control Workers,"Set mechanical traps, or place poisonous paste or bait in sewers, burrows, or ditches.",Finger Dexterity,2,0
7985,Pest Control Workers,"Set mechanical traps, or place poisonous paste or bait in sewers, burrows, or ditches.",Arm-Hand Steadiness,1,0
7985,Pest Control Workers,"Set mechanical traps, or place poisonous paste or bait in sewers, burrows, or ditches.",Extent Flexibility,2,0
7985,Pest Control Workers,"Set mechanical traps, or place poisonous paste or bait in sewers, burrows, or ditches.",Control Precision,1,0
7982,Pest Control Workers,"Cut or bore openings in building or surrounding concrete, access infested areas, insert nozzle, and inject pesticide to impregnate ground.",Static Strength,2,0
7982,Pest Control Workers,"Cut or bore openings in building or surrounding concrete, access infested areas, insert nozzle, and inject pesticide to impregnate ground.",Control Precision,2,0
7982,Pest Control Workers,"Cut or bore openings in building or surrounding concrete, access infested areas, insert nozzle, and inject pesticide to impregnate ground.",Manual Dexterity,2,0
7982,Pest Control Workers,"Cut or bore openings in building or surrounding concrete, access infested areas, insert nozzle, and inject pesticide to impregnate ground.",Arm-Hand Steadiness,2,0
7982,Pest Control Workers,"Cut or bore openings in building or surrounding concrete, access infested areas, insert nozzle, and inject pesticide to impregnate ground.",Dynamic Strength,1,0
7986,Pest Control Workers,"Clean and remove blockages from infested areas to facilitate spraying procedures and provide drainage, using brooms, mops, shovels, or rakes.",Static Strength,2,0
7986,Pest Control Workers,"Clean and remove blockages from infested areas to facilitate spraying procedures and provide drainage, using brooms, mops, shovels, or rakes.",Trunk Strength,2,0
7986,Pest Control Workers,"Clean and remove blockages from infested areas to facilitate spraying procedures and provide drainage, using brooms, mops, shovels, or rakes.",Gross Body Coordination,1,0
7986,Pest Control Workers,"Clean and remove blockages from infested areas to facilitate spraying procedures and provide drainage, using brooms, mops, shovels, or rakes.",Stamina,1,0
7986,Pest Control Workers,"Clean and remove blockages from infested areas to facilitate spraying procedures and provide drainage, using brooms, mops, shovels, or rakes.",Extent Flexibility,1,0
9594,Landscaping and Groundskeeping Workers,Gather and remove litter.,Static Strength,1,0
9594,Landscaping and Groundskeeping Workers,Gather and remove litter.,Gross Body Coordination,1,0
9594,Landscaping and Groundskeeping Workers,Gather and remove litter.,Manual Dexterity,1,0
9594,Landscaping and Groundskeeping Workers,Gather and remove litter.,Trunk Strength,1,0
9594,Landscaping and Groundskeeping Workers,Gather and remove litter.,Stamina,1,0
9592,Landscaping and Groundskeeping Workers,"Use hand tools, such as shovels, rakes, pruning saws, saws, hedge or brush trimmers, or axes.",Static Strength,2,0
9592,Landscaping and Groundskeeping Workers,"Use hand tools, such as shovels, rakes, pruning saws, saws, hedge or brush trimmers, or axes.",Dynamic Strength,2,0
9592,Landscaping and Groundskeeping Workers,"Use hand tools, such as shovels, rakes, pruning saws, saws, hedge or brush trimmers, or axes.",Manual Dexterity,2,0
9592,Landscaping and Groundskeeping Workers,"Use hand tools, such as shovels, rakes, pruning saws, saws, hedge or brush trimmers, or axes.",Arm-Hand Steadiness,1,0
9592,Landscaping and Groundskeeping Workers,"Use hand tools, such as shovels, rakes, pruning saws, saws, hedge or brush trimmers, or axes.",Trunk Strength,1,0
20761,Landscaping and Groundskeeping Workers,"Operate vehicles or powered equipment, such as mowers, tractors, twin-axle vehicles, snow blowers, chainsaws, electric clippers, sod cutters, or pruning saws.",Multilimb Coordination,2,0
20761,Landscaping and Groundskeeping Workers,"Operate vehicles or powered equipment, such as mowers, tractors, twin-axle vehicles, snow blowers, chainsaws, electric clippers, sod cutters, or pruning saws.",Control Precision,2,0
20761,Landscaping and Groundskeeping Workers,"Operate vehicles or powered equipment, such as mowers, tractors, twin-axle vehicles, snow blowers, chainsaws, electric clippers, sod cutters, or pruning saws.",Reaction Time,1,0
20761,Landscaping and Groundskeeping Workers,"Operate vehicles or powered equipment, such as mowers, tractors, twin-axle vehicles, snow blowers, chainsaws, electric clippers, sod cutters, or pruning saws.",Near Vision,1,0
20761,Landscaping and Groundskeeping Workers,"Operate vehicles or powered equipment, such as mowers, tractors, twin-axle vehicles, snow blowers, chainsaws, electric clippers, sod cutters, or pruning saws.",Static Strength,1,0
9598,Landscaping and Groundskeeping Workers,"Water lawns, trees, or plants, using portable sprinkler systems, hoses, or watering cans.",Static Strength,1,0
9598,Landscaping and Groundskeeping Workers,"Water lawns, trees, or plants, using portable sprinkler systems, hoses, or watering cans.",Manual Dexterity,1,0
9598,Landscaping and Groundskeeping Workers,"Water lawns, trees, or plants, using portable sprinkler systems, hoses, or watering cans.",Gross Body Coordination,1,0
9598,Landscaping and Groundskeeping Workers,"Water lawns, trees, or plants, using portable sprinkler systems, hoses, or watering cans.",Stamina,1,0
9598,Landscaping and Groundskeeping Workers,"Water lawns, trees, or plants, using portable sprinkler systems, hoses, or watering cans.",Arm-Hand Steadiness,1,1
9593,Landscaping and Groundskeeping Workers,"Prune or trim trees, shrubs, or hedges, using shears, pruners, or chain saws.",Manual Dexterity,2,0
9593,Landscaping and Groundskeeping Workers,"Prune or trim trees, shrubs, or hedges, using shears, pruners, or chain saws.",Arm-Hand Steadiness,2,0
9593,Landscaping and Groundskeeping Workers,"Prune or trim trees, shrubs, or hedges, using shears, pruners, or chain saws.",Static Strength,2,0
9593,Landscaping and Groundskeeping Workers,"Prune or trim trees, shrubs, or hedges, using shears, pruners, or chain saws.",Extent Flexibility,2,0
9593,Landscaping and Groundskeeping Workers,"Prune or trim trees, shrubs, or hedges, using shears, pruners, or chain saws.",Control Precision,1,0
9596,Landscaping and Groundskeeping Workers,"Mix and spray or spread fertilizers, herbicides, or insecticides onto grass, shrubs, or trees, using hand or automatic sprayers or spreaders.",Control Precision,2,0
9596,Landscaping and Groundskeeping Workers,"Mix and spray or spread fertilizers, herbicides, or insecticides onto grass, shrubs, or trees, using hand or automatic sprayers or spreaders.",Manual Dexterity,2,0
9596,Landscaping and Groundskeeping Workers,"Mix and spray or spread fertilizers, herbicides, or insecticides onto grass, shrubs, or trees, using hand or automatic sprayers or spreaders.",Static Strength,1,0
9596,Landscaping and Groundskeeping Workers,"Mix and spray or spread fertilizers, herbicides, or insecticides onto grass, shrubs, or trees, using hand or automatic sprayers or spreaders.",Arm-Hand Steadiness,1,0
9596,Landscaping and Groundskeeping Workers,"Mix and spray or spread fertilizers, herbicides, or insecticides onto grass, shrubs, or trees, using hand or automatic sprayers or spreaders.",Stamina,1,0
9591,Landscaping and Groundskeeping Workers,"Care for established lawns by mulching, aerating, weeding, grubbing, removing thatch, or trimming or edging around flower beds, walks, or walls.",Static Strength,2,0
9591,Landscaping and Groundskeeping Workers,"Care for established lawns by mulching, aerating, weeding, grubbing, removing thatch, or trimming or edging around flower beds, walks, or walls.",Trunk Strength,2,0
9591,Landscaping and Groundskeeping Workers,"Care for established lawns by mulching, aerating, weeding, grubbing, removing thatch, or trimming or edging around flower beds, walks, or walls.",Stamina,2,0
9591,Landscaping and Groundskeeping Workers,"Care for established lawns by mulching, aerating, weeding, grubbing, removing thatch, or trimming or edging around flower beds, walks, or walls.",Gross Body Coordination,2,0
9591,Landscaping and Groundskeeping Workers,"Care for established lawns by mulching, aerating, weeding, grubbing, removing thatch, or trimming or edging around flower beds, walks, or walls.",Manual Dexterity,1,0
9591,Landscaping and Groundskeeping Workers,"Care for established lawns by mulching, aerating, weeding, grubbing, removing thatch, or trimming or edging around flower beds, walks, or walls.",Extent Flexibility,1,0
9601,Landscaping and Groundskeeping Workers,"Follow planned landscaping designs to determine where to lay sod, sow grass, or plant flowers or foliage.",Visualization,2,0
9601,Landscaping and Groundskeeping Workers,"Follow planned landscaping designs to determine where to lay sod, sow grass, or plant flowers or foliage.",Spatial Orientation,2,0
9601,Landscaping and Groundskeeping Workers,"Follow planned landscaping designs to determine where to lay sod, sow grass, or plant flowers or foliage.",Written Comprehension,1,0
9601,Landscaping and Groundskeeping Workers,"Follow planned landscaping designs to determine where to lay sod, sow grass, or plant flowers or foliage.",Manual Dexterity,1,0
9599,Landscaping and Groundskeeping Workers,Trim or pick flowers and clean flower beds.,Manual Dexterity,2,0
9599,Landscaping and Groundskeeping Workers,Trim or pick flowers and clean flower beds.,Finger Dexterity,1,0
9599,Landscaping and Groundskeeping Workers,Trim or pick flowers and clean flower beds.,Trunk Strength,1,0
9599,Landscaping and Groundskeeping Workers,Trim or pick flowers and clean flower beds.,Extent Flexibility,1,0
9599,Landscaping and Groundskeeping Workers,Trim or pick flowers and clean flower beds.,Near Vision,1,0
9611,Landscaping and Groundskeeping Workers,Attach wires from planted trees to support stakes.,Finger Dexterity,2,0
9611,Landscaping and Groundskeeping Workers,Attach wires from planted trees to support stakes.,Manual Dexterity,2,0
9611,Landscaping and Groundskeeping Workers,Attach wires from planted trees to support stakes.,Arm-Hand Steadiness,1,0
9611,Landscaping and Groundskeeping Workers,Attach wires from planted trees to support stakes.,Control Precision,1,0
9602,Landscaping and Groundskeeping Workers,"Plant seeds, bulbs, foliage, flowering plants, grass, ground covers, trees, or shrubs, and apply mulch for protection, using gardening tools.",Manual Dexterity,2,0
9602,Landscaping and Groundskeeping Workers,"Plant seeds, bulbs, foliage, flowering plants, grass, ground covers, trees, or shrubs, and apply mulch for protection, using gardening tools.",Static Strength,2,0
9602,Landscaping and Groundskeeping Workers,"Plant seeds, bulbs, foliage, flowering plants, grass, ground covers, trees, or shrubs, and apply mulch for protection, using gardening tools.",Trunk Strength,2,0
9602,Landscaping and Groundskeeping Workers,"Plant seeds, bulbs, foliage, flowering plants, grass, ground covers, trees, or shrubs, and apply mulch for protection, using gardening tools.",Extent Flexibility,1,0
9602,Landscaping and Groundskeeping Workers,"Plant seeds, bulbs, foliage, flowering plants, grass, ground covers, trees, or shrubs, and apply mulch for protection, using gardening tools.",Stamina,1,0
9589,Landscaping and Groundskeeping Workers,"Mow or edge lawns, using power mowers or edgers.",Gross Body Coordination,2,0
9589,Landscaping and Groundskeeping Workers,"Mow or edge lawns, using power mowers or edgers.",Static Strength,2,0
9589,Landscaping and Groundskeeping Workers,"Mow or edge lawns, using power mowers or edgers.",Stamina,2,0
9589,Landscaping and Groundskeeping Workers,"Mow or edge lawns, using power mowers or edgers.",Multilimb Coordination,1,0
9589,Landscaping and Groundskeeping Workers,"Mow or edge lawns, using power mowers or edgers.",Trunk Strength,1,0
9600,Landscaping and Groundskeeping Workers,"Rake, mulch, and compost leaves.",Static Strength,2,0
9600,Landscaping and Groundskeeping Workers,"Rake, mulch, and compost leaves.",Trunk Strength,2,0
9600,Landscaping and Groundskeeping Workers,"Rake, mulch, and compost leaves.",Stamina,2,0
9600,Landscaping and Groundskeeping Workers,"Rake, mulch, and compost leaves.",Gross Body Coordination,1,0
9600,Landscaping and Groundskeeping Workers,"Rake, mulch, and compost leaves.",Manual Dexterity,1,0
9603,Landscaping and Groundskeeping Workers,Decorate gardens with stones or plants.,Static Strength,2,0
9603,Landscaping and Groundskeeping Workers,Decorate gardens with stones or plants.,Manual Dexterity,1,0
9603,Landscaping and Groundskeeping Workers,Decorate gardens with stones or plants.,Originality,1,1
9603,Landscaping and Groundskeeping Workers,Decorate gardens with stones or plants.,Trunk Strength,1,0
9603,Landscaping and Groundskeeping Workers,Decorate gardens with stones or plants.,Visualization,1,0
9606,Landscaping and Groundskeeping Workers,Use irrigation methods to adjust the amount of water consumption and to prevent waste.,Mathematical Reasoning,1,0
9606,Landscaping and Groundskeeping Workers,Use irrigation methods to adjust the amount of water consumption and to prevent waste.,Problem Sensitivity,1,0
9606,Landscaping and Groundskeeping Workers,Use irrigation methods to adjust the amount of water consumption and to prevent waste.,Control Precision,1,0
9606,Landscaping and Groundskeeping Workers,Use irrigation methods to adjust the amount of water consumption and to prevent waste.,Deductive Reasoning,1,0
9606,Landscaping and Groundskeeping Workers,Use irrigation methods to adjust the amount of water consumption and to prevent waste.,Near Vision,1,1
9597,Landscaping and Groundskeeping Workers,"Provide proper upkeep of sidewalks, driveways, parking lots, fountains, planters, burial sites, or other grounds features.",Static Strength,2,0
9597,Landscaping and Groundskeeping Workers,"Provide proper upkeep of sidewalks, driveways, parking lots, fountains, planters, burial sites, or other grounds features.",Stamina,2,0
9597,Landscaping and Groundskeeping Workers,"Provide proper upkeep of sidewalks, driveways, parking lots, fountains, planters, burial sites, or other grounds features.",Gross Body Coordination,1,0
9597,Landscaping and Groundskeeping Workers,"Provide proper upkeep of sidewalks, driveways, parking lots, fountains, planters, burial sites, or other grounds features.",Manual Dexterity,1,0
9597,Landscaping and Groundskeeping Workers,"Provide proper upkeep of sidewalks, driveways, parking lots, fountains, planters, burial sites, or other grounds features.",Trunk Strength,1,0
9590,Landscaping and Groundskeeping Workers,"Shovel snow from walks, driveways, or parking lots, and spread salt in those areas.",Static Strength,3,0
9590,Landscaping and Groundskeeping Workers,"Shovel snow from walks, driveways, or parking lots, and spread salt in those areas.",Dynamic Strength,2,0
9590,Landscaping and Groundskeeping Workers,"Shovel snow from walks, driveways, or parking lots, and spread salt in those areas.",Trunk Strength,2,0
9590,Landscaping and Groundskeeping Workers,"Shovel snow from walks, driveways, or parking lots, and spread salt in those areas.",Stamina,2,0
9590,Landscaping and Groundskeeping Workers,"Shovel snow from walks, driveways, or parking lots, and spread salt in those areas.",Gross Body Coordination,1,0
9604,Landscaping and Groundskeeping Workers,"Maintain irrigation systems, including winterizing the systems and starting them up in spring.",Manual Dexterity,2,0
9604,Landscaping and Groundskeeping Workers,"Maintain irrigation systems, including winterizing the systems and starting them up in spring.",Control Precision,1,0
9604,Landscaping and Groundskeeping Workers,"Maintain irrigation systems, including winterizing the systems and starting them up in spring.",Problem Sensitivity,1,0
9604,Landscaping and Groundskeeping Workers,"Maintain irrigation systems, including winterizing the systems and starting them up in spring.",Static Strength,1,0
9604,Landscaping and Groundskeeping Workers,"Maintain irrigation systems, including winterizing the systems and starting them up in spring.",Near Vision,1,0
9610,Landscaping and Groundskeeping Workers,Plan or cultivate lawns or gardens.,Visualization,2,0
9610,Landscaping and Groundskeeping Workers,Plan or cultivate lawns or gardens.,Deductive Reasoning,1,0
9610,Landscaping and Groundskeeping Workers,Plan or cultivate lawns or gardens.,Manual Dexterity,1,0
9610,Landscaping and Groundskeeping Workers,Plan or cultivate lawns or gardens.,Static Strength,1,0
9595,Landscaping and Groundskeeping Workers,"Maintain or repair tools, equipment, or structures, such as buildings, greenhouses, fences, or benches, using hand or power tools.",Manual Dexterity,2,0
9595,Landscaping and Groundskeeping Workers,"Maintain or repair tools, equipment, or structures, such as buildings, greenhouses, fences, or benches, using hand or power tools.",Control Precision,2,0
9595,Landscaping and Groundskeeping Workers,"Maintain or repair tools, equipment, or structures, such as buildings, greenhouses, fences, or benches, using hand or power tools.",Static Strength,2,0
9595,Landscaping and Groundskeeping Workers,"Maintain or repair tools, equipment, or structures, such as buildings, greenhouses, fences, or benches, using hand or power tools.",Arm-Hand Steadiness,1,0
9595,Landscaping and Groundskeeping Workers,"Maintain or repair tools, equipment, or structures, such as buildings, greenhouses, fences, or benches, using hand or power tools.",Problem Sensitivity,1,0
9609,Landscaping and Groundskeeping Workers,"Care for artificial turf fields, periodically removing the turf and replacing cushioning pads or vacuuming and disinfecting the turf after use to prevent the growth of harmful bacteria.",Static Strength,2,0
9609,Landscaping and Groundskeeping Workers,"Care for artificial turf fields, periodically removing the turf and replacing cushioning pads or vacuuming and disinfecting the turf after use to prevent the growth of harmful bacteria.",Dynamic Strength,2,0
9609,Landscaping and Groundskeeping Workers,"Care for artificial turf fields, periodically removing the turf and replacing cushioning pads or vacuuming and disinfecting the turf after use to prevent the growth of harmful bacteria.",Trunk Strength,2,0
9609,Landscaping and Groundskeeping Workers,"Care for artificial turf fields, periodically removing the turf and replacing cushioning pads or vacuuming and disinfecting the turf after use to prevent the growth of harmful bacteria.",Gross Body Coordination,2,0
9609,Landscaping and Groundskeeping Workers,"Care for artificial turf fields, periodically removing the turf and replacing cushioning pads or vacuuming and disinfecting the turf after use to prevent the growth of harmful bacteria.",Stamina,1,0
9612,Landscaping and Groundskeeping Workers,"Install rock gardens, ponds, decks, drainage systems, irrigation systems, retaining walls, fences, planters, or playground equipment.",Static Strength,3,0
9612,Landscaping and Groundskeeping Workers,"Install rock gardens, ponds, decks, drainage systems, irrigation systems, retaining walls, fences, planters, or playground equipment.",Dynamic Strength,2,0
9612,Landscaping and Groundskeeping Workers,"Install rock gardens, ponds, decks, drainage systems, irrigation systems, retaining walls, fences, planters, or playground equipment.",Trunk Strength,2,0
9612,Landscaping and Groundskeeping Workers,"Install rock gardens, ponds, decks, drainage systems, irrigation systems, retaining walls, fences, planters, or playground equipment.",Manual Dexterity,1,0
9612,Landscaping and Groundskeeping Workers,"Install rock gardens, ponds, decks, drainage systems, irrigation systems, retaining walls, fences, planters, or playground equipment.",Visualization,1,0
9612,Landscaping and Groundskeeping Workers,"Install rock gardens, ponds, decks, drainage systems, irrigation systems, retaining walls, fences, planters, or playground equipment.",Gross Body Coordination,1,0
