task_id,occupation,task_text,ability_name,weight,uncertain
8975,Bioengineers and Biomedical Engineers,"Conduct research, along with life scientists, chemists, and medical scientists, on the engineering aspects of the biological systems of humans and animals.",Inductive Reasoning,3,0
8975,Bioengineers and Biomedical Engineers,"Conduct research, along with life scientists, chemists, and medical scientists, on the engineering aspects of the biological systems of humans and animals.",Deductive Reasoning,2,0
8975,Bioengineers and Biomedical Engineers,"Conduct research, along with life scientists, chemists, and medical scientists, on the engineering aspects of the biological systems of humans and animals.",Problem Sensitivity,3,0
8975,Bioengineers and Biomedical Engineers,"Conduct research, along with life scientists, chemists, and medical scientists, on the engineering aspects of the biological systems of humans and animals.",Written Comprehension,2,0
8975,Bioengineers and Biomedical Engineers,"Conduct research, along with life scientists, chemists, and medical scientists, on the engineering aspects of the biological systems of humans and animals.",Oral Comprehension,2,0
8975,Bioengineers and Biomedical Engineers,"Conduct research, along with life scientists, chemists, and medical scientists, on the engineering aspects of the biological systems of humans and animals.",Originality,2,0
8975,Bioengineers and Biomedical Engineers,"Conduct research, along with life scientists, chemists, and medical scientists, on the engineering aspects of the biological systems of humans and animals.",Information Ordering,1,0
8979,Bioengineers and Biomedical Engineers,Adapt or design computer hardware or software for medical science uses.,Inductive Reasoning,3,0
8979,Bioengineers and Biomedical Engineers,Adapt or design computer hardware or software for medical science uses.,Deductive Reasoning,2,0
8979,Bioengineers and Biomedical Engineers,Adapt or design computer hardware or software for medical science uses.,Originality,3,0
8979,Bioengineers and Biomedical Engineers,Adapt or design computer hardware or software for medical science uses.,Problem Sensitivity,2,0
8979,Bioengineers and Biomedical Engineers,Adapt or design computer hardware or software for medical science uses.,Visualization,2,0
8979,Bioengineers and Biomedical Engineers,Adapt or design computer hardware or software for medical science uses.,Written Comprehension,2,0
8979,Bioengineers and Biomedical Engineers,Adapt or design computer hardware or software for medical science uses.,Information Ordering,1,0
21853,Bioengineers and Biomedical Engineers,Maintain databases of experiment characteristics or results.,Information Ordering,3,0
21853,Bioengineers and Biomedical Engineers,Maintain databases of experiment characteristics or results.,Selective Attention,2,0
21853,Bioengineers and Biomedical Engineers,Maintain databases of experiment characteristics or results.,Written Comprehension,2,0
21853,Bioengineers and Biomedical Engineers,Maintain databases of experiment characteristics or results.,Perceptual Speed,2,0
21853,Bioengineers and Biomedical Engineers,Maintain databases of experiment characteristics or results.,Number Facility,1,0
21853,Bioengineers and Biomedical Engineers,Maintain databases of experiment characteristics or results.,Near Vision,1,0
21851,Bioengineers and Biomedical Engineers,"Develop statistical models or simulations, using statistical or modeling software.",Mathematical Reasoning,3,0
21851,Bioengineers and Biomedical Engineers,"Develop statistical models or simulations, using statistical or modeling software.",Deductive Reasoning,3,0
21851,Bioengineers and Biomedical Engineers,"Develop statistical models or simulations, using statistical or modeling software.",Inductive Reasoning,2,0
21851,Bioengineers and Biomedical Engineers,"Develop statistical models or simulations, using statistical or modeling software.",Number Facility,3,0
21851,Bioengineers and Biomedical Engineers,"Develop statistical models or simulations, using statistical or modeling software.",Visualization,2,0
21851,Bioengineers and Biomedical Engineers,"Develop statistical models or simulations, using statistical or modeling software.",Problem Sensitivity,2,0
21851,Bioengineers and Biomedical Engineers,"Develop statistical models or simulations, using statistical or modeling software.",Written Comprehension,1,0
21857,Bioengineers and Biomedical Engineers,"Read current scientific or trade literature to stay abreast of scientific, industrial, or technological advances.",Written Comprehension,3,0
21857,Bioengineers and Biomedical Engineers,"Read current scientific or trade literature to stay abreast of scientific, industrial, or technological advances.",Inductive Reasoning,2,0
21857,Bioengineers and Biomedical Engineers,"Read current scientific or trade literature to stay abreast of scientific, industrial, or technological advances.",Deductive Reasoning,2,0
21857,Bioengineers and Biomedical Engineers,"Read current scientific or trade literature to stay abreast of scientific, industrial, or technological advances.",Speed of Closure,2,0
21857,Bioengineers and Biomedical Engineers,"Read current scientific or trade literature to stay abreast of scientific, industrial, or technological advances.",Flexibility of Closure,1,0
21857,Bioengineers and Biomedical Engineers,"Read current scientific or trade literature to stay abreast of scientific, industrial, or technological advances.",Near Vision,2,0
21854,Bioengineers and Biomedical Engineers,"Manage teams of engineers by creating schedules, tracking inventory, creating or using budgets, or overseeing contract obligations or deadlines.",Information Ordering,3,0
21854,Bioengineers and Biomedical Engineers,"Manage teams of engineers by creating schedules, tracking inventory, creating or using budgets, or overseeing contract obligations or deadlines.",Number Facility,2,0
21854,Bioengineers and Biomedical Engineers,"Manage teams of engineers by creating schedules, tracking inventory, creating or using budgets, or overseeing contract obligations or deadlines.",Mathematical Reasoning,2,0
21854,Bioengineers and Biomedical Engineers,"Manage teams of engineers by creating schedules, tracking inventory, creating or using budgets, or overseeing contract obligations or deadlines.",Deductive Reasoning,2,0
21854,Bioengineers and Biomedical Engineers,"Manage teams of engineers by creating schedules, tracking inventory, creating or using budgets, or overseeing contract obligations or deadlines.",Written Comprehension,2,0
21854,Bioengineers and Biomedical Engineers,"Manage teams of engineers by creating schedules, tracking inventory, creating or using budgets, or overseeing contract obligations or deadlines.",Oral Expression,2,0
21854,Bioengineers and Biomedical Engineers,"Manage teams of engineers by creating schedules, tracking inventory, creating or using budgets, or overseeing contract obligations or deadlines.",Time Sharing,2,0
8973,Bioengineers and Biomedical Engineers,Develop models or computer simulations of human biobehavioral systems to obtain data for measuring or controlling life processes.,Mathematical Reasoning,3,0
8973,Bioengineers and Biomedical Engineers,Develop models or computer simulations of human biobehavioral systems to obtain data for measuring or controlling life processes.,Inductive Reasoning,3,0
8973,Bioengineers and Biomedical Engineers,Develop models or computer simulations of human biobehavioral systems to obtain data for measuring or controlling life processes.,Deductive Reasoning,2,0
8973,Bioengineers and Biomedical Engineers,Develop models or computer simulations of human biobehavioral systems to obtain data for measuring or controlling life processes.,Visualization,3,0
8973,Bioengineers and Biomedical Engineers,Develop models or computer simulations of human biobehavioral systems to obtain data for measuring or controlling life processes.,Originality,2,0
8973,Bioengineers and Biomedical Engineers,Develop models or computer simulations of human biobehavioral systems to obtain data for measuring or controlling life processes.,Problem Sensitivity,2,0
8973,Bioengineers and Biomedical Engineers,Develop models or computer simulations of human biobehavioral systems to obtain data for measuring or controlling life processes.,Number Facility,2,0
21846,Bioengineers and Biomedical Engineers,"Design or conduct follow-up experimentation, based on generated data, to meet established process objectives.",Inductive Reasoning,3,0
21846,Bioengineers and Biomedical Engineers,"Design or conduct follow-up experimentation, based on generated data, to meet established process objectives.",Deductive Reasoning,3,0
21846,Bioengineers and Biomedical Engineers,"Design or conduct follow-up experimentation, based on generated data, to meet established process objectives.",Problem Sensitivity,2,0
21846,Bioengineers and Biomedical Engineers,"Design or conduct follow-up experimentation, based on generated data, to meet established process objectives.",Information Ordering,2,0
21846,Bioengineers and Biomedical Engineers,"Design or conduct follow-up experimentation, based on generated data, to meet established process objectives.",Number Facility,2,0
21846,Bioengineers and Biomedical Engineers,"Design or conduct follow-up experimentation, based on generated data, to meet established process objectives.",Written Comprehension,1,0
21846,Bioengineers and Biomedical Engineers,"Design or conduct follow-up experimentation, based on generated data, to meet established process objectives.",Originality,1,0
18604,Bioengineers and Biomedical Engineers,"Write documents describing protocols, policies, standards for use, maintenance, and repair of medical equipment.",Written Expression,3,0
18604,Bioengineers and Biomedical Engineers,"Write documents describing protocols, policies, standards for use, maintenance, and repair of medical equipment.",Written Comprehension,2,0
18604,Bioengineers and Biomedical Engineers,"Write documents describing protocols, policies, standards for use, maintenance, and repair of medical equipment.",Information Ordering,3,0
18604,Bioengineers and Biomedical Engineers,"Write documents describing protocols, policies, standards for use, maintenance, and repair of medical equipment.",Deductive Reasoning,2,0
18604,Bioengineers and Biomedical Engineers,"Write documents describing protocols, policies, standards for use, maintenance, and repair of medical equipment.",Oral Expression,1,0
21841,Bioengineers and Biomedical Engineers,Communicate with bioregulatory authorities regarding licensing or compliance responsibilities.,Oral Comprehension,3,0
21841,Bioengineers and Biomedical Engineers,Communicate with bioregulatory authorities regarding licensing or compliance responsibilities.,Oral Expression,3,0
21841,Bioengineers and Biomedical Engineers,Communicate with bioregulatory authorities regarding licensing or compliance responsibilities.,Written Comprehension,2,0
21841,Bioengineers and Biomedical Engineers,Communicate with bioregulatory authorities regarding licensing or compliance responsibilities.,Deductive Reasoning,2,0
21841,Bioengineers and Biomedical Engineers,Communicate with bioregulatory authorities regarding licensing or compliance responsibilities.,Speech Clarity,2,0
21841,Bioengineers and Biomedical Engineers,Communicate with bioregulatory authorities regarding licensing or compliance responsibilities.,Speech Recognition,2,0
21841,Bioengineers and Biomedical Engineers,Communicate with bioregulatory authorities regarding licensing or compliance responsibilities.,Written Expression,1,0
21850,Bioengineers and Biomedical Engineers,Develop methodologies for transferring procedures or biological processes from laboratories to commercial-scale manufacturing production.,Inductive Reasoning,3,0
21850,Bioengineers and Biomedical Engineers,Develop methodologies for transferring procedures or biological processes from laboratories to commercial-scale manufacturing production.,Deductive Reasoning,2,0
21850,Bioengineers and Biomedical Engineers,Develop methodologies for transferring procedures or biological processes from laboratories to commercial-scale manufacturing production.,Problem Sensitivity,3,0
21850,Bioengineers and Biomedical Engineers,Develop methodologies for transferring procedures or biological processes from laboratories to commercial-scale manufacturing production.,Information Ordering,2,0
21850,Bioengineers and Biomedical Engineers,Develop methodologies for transferring procedures or biological processes from laboratories to commercial-scale manufacturing production.,Originality,2,0
21850,Bioengineers and Biomedical Engineers,Develop methodologies for transferring procedures or biological processes from laboratories to commercial-scale manufacturing production.,Mathematical Reasoning,1,0
21850,Bioengineers and Biomedical Engineers,Develop methodologies for transferring procedures or biological processes from laboratories to commercial-scale manufacturing production.,Written Comprehension,1,0
21840,Bioengineers and Biomedical Engineers,"Collaborate with manufacturing or quality assurance staff to prepare product specification or safety sheets, standard operating procedures, user manuals, or qualification and validation reports.",Written Expression,3,0
21840,Bioengineers and Biomedical Engineers,"Collaborate with manufacturing or quality assurance staff to prepare product specification or safety sheets, standard operating procedures, user manuals, or qualification and validation reports.",Information Ordering,3,0
21840,Bioengineers and Biomedical Engineers,"Collaborate with manufacturing or quality assurance staff to prepare product specification or safety sheets, standard operating procedures, user manuals, or qualification and validation reports.",Written Comprehension,2,0
21840,Bioengineers and Biomedical Engineers,"Collaborate with manufacturing or quality assurance staff to prepare product specification or safety sheets, standard operating procedures, user manuals, or qualification and validation reports.",Deductive Reasoning,2,0
21840,Bioengineers and Biomedical Engineers,"Collaborate with manufacturing or quality assurance staff to prepare product specification or safety sheets, standard operating procedures, user manuals, or qualification and validation reports.",Oral Comprehension,2,0
21840,Bioengineers and Biomedical Engineers,"Collaborate with manufacturing or quality assurance staff to prepare product specification or safety sheets, standard operating procedures, user manuals, or qualification and validation reports.",Oral Expression,1,0
8972,Bioengineers and Biomedical Engineers,"Research new materials to be used for products, such as implanted artificial organs.",Inductive Reasoning,3,0
8972,Bioengineers and Biomedical Engineers,"Research new materials to be used for products, such as implanted artificial organs.",Deductive Reasoning,2,0
8972,Bioengineers and Biomedical Engineers,"Research new materials to be used for products, such as implanted artificial organs.",Problem Sensitivity,2,0
8972,Bioengineers and Biomedical Engineers,"Research new materials to be used for products, such as implanted artificial organs.",Originality,3,0
8972,Bioengineers and Biomedical Engineers,"Research new materials to be used for products, such as implanted artificial organs.",Written Comprehension,2,0
8972,Bioengineers and Biomedical Engineers,"Research new materials to be used for products, such as implanted artificial organs.",Fluency of Ideas,1,0
8972,Bioengineers and Biomedical Engineers,"Research new materials to be used for products, such as implanted artificial organs.",Near Vision,1,0
21855,Bioengineers and Biomedical Engineers,"Prepare project plans for equipment or facility improvements, including time lines, budgetary estimates, or capital spending requests.",Information Ordering,3,0
21855,Bioengineers and Biomedical Engineers,"Prepare project plans for equipment or facility improvements, including time lines, budgetary estimates, or capital spending requests.",Mathematical Reasoning,2,0
21855,Bioengineers and Biomedical Engineers,"Prepare project plans for equipment or facility improvements, including time lines, budgetary estimates, or capital spending requests.",Written Expression,3,0
21855,Bioengineers and Biomedical Engineers,"Prepare project plans for equipment or facility improvements, including time lines, budgetary estimates, or capital spending requests.",Deductive Reasoning,2,0
21855,Bioengineers and Biomedical Engineers,"Prepare project plans for equipment or facility improvements, including time lines, budgetary estimates, or capital spending requests.",Number Facility,2,0
21855,Bioengineers and Biomedical Engineers,"Prepare project plans for equipment or facility improvements, including time lines, budgetary estimates, or capital spending requests.",Written Comprehension,1,0
21844,Bioengineers and Biomedical Engineers,Consult with chemists or biologists to develop or evaluate novel technologies.,Oral Comprehension,3,0
21844,Bioengineers and Biomedical Engineers,Consult with chemists or biologists to develop or evaluate novel technologies.,Oral Expression,2,0
21844,Bioengineers and Biomedical Engineers,Consult with chemists or biologists to develop or evaluate novel technologies.,Inductive Reasoning,2,0
21844,Bioengineers and Biomedical Engineers,Consult with chemists or biologists to develop or evaluate novel technologies.,Deductive Reasoning,2,0
21844,Bioengineers and Biomedical Engineers,Consult with chemists or biologists to develop or evaluate novel technologies.,Speech Clarity,1,0
21844,Bioengineers and Biomedical Engineers,Consult with chemists or biologists to develop or evaluate novel technologies.,Speech Recognition,1,0
21844,Bioengineers and Biomedical Engineers,Consult with chemists or biologists to develop or evaluate novel technologies.,Originality,2,0
21843,Bioengineers and Biomedical Engineers,Confer with research and biomanufacturing personnel to ensure the compatibility of design and production.,Oral Comprehension,3,0
21843,Bioengineers and Biomedical Engineers,Confer with research and biomanufacturing personnel to ensure the compatibility of design and production.,Oral Expression,3,0
21843,Bioengineers and Biomedical Engineers,Confer with research and biomanufacturing personnel to ensure the compatibility of design and production.,Deductive Reasoning,2,0
21843,Bioengineers and Biomedical Engineers,Confer with research and biomanufacturing personnel to ensure the compatibility of design and production.,Written Comprehension,1,0
21843,Bioengineers and Biomedical Engineers,Confer with research and biomanufacturing personnel to ensure the compatibility of design and production.,Speech Clarity,2,0
21843,Bioengineers and Biomedical Engineers,Confer with research and biomanufacturing personnel to ensure the compatibility of design and production.,Speech Recognition,2,0
21858,Bioengineers and Biomedical Engineers,"Recommend process formulas, instrumentation, or equipment specifications, based on results of bench or pilot experimentation.",Inductive Reasoning,3,0
21858,Bioengineers and Biomedical Engineers,"Recommend process formulas, instrumentation, or equipment specifications, based on results of bench or pilot experimentation.",Deductive Reasoning,2,0
21858,Bioengineers and Biomedical Engineers,"Recommend process formulas, instrumentation, or equipment specifications, based on results of bench or pilot experimentation.",Problem Sensitivity,2,0
21858,Bioengineers and Biomedical Engineers,"Recommend process formulas, instrumentation, or equipment specifications, based on results of bench or pilot experimentation.",Number Facility,2,0
21858,Bioengineers and Biomedical Engineers,"Recommend process formulas, instrumentation, or equipment specifications, based on results of bench or pilot experimentation.",Mathematical Reasoning,2,0
21858,Bioengineers and Biomedical Engineers,"Recommend process formulas, instrumentation, or equipment specifications, based on results of bench or pilot experimentation.",Written Comprehension,2,0
21858,Bioengineers and Biomedical Engineers,"Recommend process formulas, instrumentation, or equipment specifications, based on results of bench or pilot experimentation.",Written Expression,1,0
21842,Bioengineers and Biomedical Engineers,"Communicate with suppliers regarding the design or specifications of bioproduction equipment, instrumentation, or materials.",Oral Comprehension,2,0
21842,Bioengineers and Biomedical Engineers,"Communicate with suppliers regarding the design or specifications of bioproduction equipment, instrumentation, or materials.",Oral Expression,2,0
21842,Bioengineers and Biomedical Engineers,"Communicate with suppliers regarding the design or specifications of bioproduction equipment, instrumentation, or materials.",Written Comprehension,2,0
21842,Bioengineers and Biomedical Engineers,"Communicate with suppliers regarding the design or specifications of bioproduction equipment, instrumentation, or materials.",Written Expression,2,0
21842,Bioengineers and Biomedical Engineers,"Communicate with suppliers regarding the design or specifications of bioproduction equipment, instrumentation, or materials.",Deductive Reasoning,1,0
21842,Bioengineers and Biomedical Engineers,"Communicate with suppliers regarding the design or specifications of bioproduction equipment, instrumentation, or materials.",Speech Clarity,1,0
21842,Bioengineers and Biomedical Engineers,"Communicate with suppliers regarding the design or specifications of bioproduction equipment, instrumentation, or materials.",Speech Recognition,1,0
18603,Bioengineers and Biomedical Engineers,Conduct training or in-services to educate clinicians and other personnel on proper use of equipment.,Oral Expression,3,0
18603,Bioengineers and Biomedical Engineers,Conduct training or in-services to educate clinicians and other personnel on proper use of equipment.,Speech Clarity,3,0
18603,Bioengineers and Biomedical Engineers,Conduct training or in-services to educate clinicians and other personnel on proper use of equipment.,Written Comprehension,2,0
18603,Bioengineers and Biomedical Engineers,Conduct training or in-services to educate clinicians and other personnel on proper use of equipment.,Oral Comprehension,2,0
18603,Bioengineers and Biomedical Engineers,Conduct training or in-services to educate clinicians and other personnel on proper use of equipment.,Information Ordering,2,0
18603,Bioengineers and Biomedical Engineers,Conduct training or in-services to educate clinicians and other personnel on proper use of equipment.,Speech Recognition,1,0
8970,Bioengineers and Biomedical Engineers,"Advise hospital administrators on the planning, acquisition, and use of medical equipment.",Oral Expression,3,0
8970,Bioengineers and Biomedical Engineers,"Advise hospital administrators on the planning, acquisition, and use of medical equipment.",Oral Comprehension,2,0
8970,Bioengineers and Biomedical Engineers,"Advise hospital administrators on the planning, acquisition, and use of medical equipment.",Deductive Reasoning,2,0
8970,Bioengineers and Biomedical Engineers,"Advise hospital administrators on the planning, acquisition, and use of medical equipment.",Written Comprehension,2,0
8970,Bioengineers and Biomedical Engineers,"Advise hospital administrators on the planning, acquisition, and use of medical equipment.",Speech Clarity,2,0
8970,Bioengineers and Biomedical Engineers,"Advise hospital administrators on the planning, acquisition, and use of medical equipment.",Speech Recognition,1,0
8970,Bioengineers and Biomedical Engineers,"Advise hospital administrators on the planning, acquisition, and use of medical equipment.",Inductive Reasoning,1,0
8980,Bioengineers and Biomedical Engineers,Analyze new medical procedures to forecast likely outcomes.,Inductive Reasoning,3,0
8980,Bioengineers and Biomedical Engineers,Analyze new medical procedures to forecast likely outcomes.,Deductive Reasoning,3,0
8980,Bioengineers and Biomedical Engineers,Analyze new medical procedures to forecast likely outcomes.,Problem Sensitivity,3,0
8980,Bioengineers and Biomedical Engineers,Analyze new medical procedures to forecast likely outcomes.,Mathematical Reasoning,2,0
8980,Bioengineers and Biomedical Engineers,Analyze new medical procedures to forecast likely outcomes.,Number Facility,2,0
8980,Bioengineers and Biomedical Engineers,Analyze new medical procedures to forecast likely outcomes.,Written Comprehension,2,0
21845,Bioengineers and Biomedical Engineers,"Design and deliver technology, such as prosthetic devices, to assist people with disabilities.",Inductive Reasoning,3,0
21845,Bioengineers and Biomedical Engineers,"Design and deliver technology, such as prosthetic devices, to assist people with disabilities.",Originality,3,0
21845,Bioengineers and Biomedical Engineers,"Design and deliver technology, such as prosthetic devices, to assist people with disabilities.",Problem Sensitivity,2,0
21845,Bioengineers and Biomedical Engineers,"Design and deliver technology, such as prosthetic devices, to assist people with disabilities.",Deductive Reasoning,2,0
21845,Bioengineers and Biomedical Engineers,"Design and deliver technology, such as prosthetic devices, to assist people with disabilities.",Visualization,2,0
21845,Bioengineers and Biomedical Engineers,"Design and deliver technology, such as prosthetic devices, to assist people with disabilities.",Oral Expression,1,0
21845,Bioengineers and Biomedical Engineers,"Design and deliver technology, such as prosthetic devices, to assist people with disabilities.",Written Expression,1,0
21839,Bioengineers and Biomedical Engineers,"Advise manufacturing staff regarding problems with fermentation, filtration, or other bioproduction processes.",Oral Expression,3,0
21839,Bioengineers and Biomedical Engineers,"Advise manufacturing staff regarding problems with fermentation, filtration, or other bioproduction processes.",Problem Sensitivity,3,0
21839,Bioengineers and Biomedical Engineers,"Advise manufacturing staff regarding problems with fermentation, filtration, or other bioproduction processes.",Deductive Reasoning,2,0
21839,Bioengineers and Biomedical Engineers,"Advise manufacturing staff regarding problems with fermentation, filtration, or other bioproduction processes.",Inductive Reasoning,2,0
21839,Bioengineers and Biomedical Engineers,"Advise manufacturing staff regarding problems with fermentation, filtration, or other bioproduction processes.",Speech Clarity,2,0
21839,Bioengineers and Biomedical Engineers,"Advise manufacturing staff regarding problems with fermentation, filtration, or other bioproduction processes.",Oral Comprehension,2,0
21839,Bioengineers and Biomedical Engineers,"Advise manufacturing staff regarding problems with fermentation, filtration, or other bioproduction processes.",Speech Recognition,1,0
21859,Bioengineers and Biomedical Engineers,Review existing manufacturing processes to identify opportunities for yield improvement or reduced process variation.,Inductive Reasoning,3,0
21859,Bioengineers and Biomedical Engineers,Review existing manufacturing processes to identify opportunities for yield improvement or reduced process variation.,Problem Sensitivity,3,0
21859,Bioengineers and Biomedical Engineers,Review existing manufacturing processes to identify opportunities for yield improvement or reduced process variation.,Deductive Reasoning,2,0
21859,Bioengineers and Biomedical Engineers,Review existing manufacturing processes to identify opportunities for yield improvement or reduced process variation.,Number Facility,2,0
21859,Bioengineers and Biomedical Engineers,Review existing manufacturing processes to identify opportunities for yield improvement or reduced process variation.,Mathematical Reasoning,2,0
21859,Bioengineers and Biomedical Engineers,Review existing manufacturing processes to identify opportunities for yield improvement or reduced process variation.,Perceptual Speed,1,0
21859,Bioengineers and Biomedical Engineers,Review existing manufacturing processes to identify opportunities for yield improvement or reduced process variation.,Written Comprehension,1,0
21849,Bioengineers and Biomedical Engineers,"Develop bioremediation processes to reduce pollution, protect the environment, or treat waste products.",Inductive Reasoning,3,0
21849,Bioengineers and Biomedical Engineers,"Develop bioremediation processes to reduce pollution, protect the environment, or treat waste products.",Originality,2,0
21849,Bioengineers and Biomedical Engineers,"Develop bioremediation processes to reduce pollution, protect the environment, or treat waste products.",Problem Sensitivity,2,0
21849,Bioengineers and Biomedical Engineers,"Develop bioremediation processes to reduce pollution, protect the environment, or treat waste products.",Deductive Reasoning,2,0
21849,Bioengineers and Biomedical Engineers,"Develop bioremediation processes to reduce pollution, protect the environment, or treat waste products.",Mathematical Reasoning,1,0
21849,Bioengineers and Biomedical Engineers,"Develop bioremediation processes to reduce pollution, protect the environment, or treat waste products.",Written Expression,2,0
21849,Bioengineers and Biomedical Engineers,"Develop bioremediation processes to reduce pollution, protect the environment, or treat waste products.",Information Ordering,1,0
21852,Bioengineers and Biomedical Engineers,Lead studies to examine or recommend changes in process sequences or operation protocols.,Inductive Reasoning,3,0
21852,Bioengineers and Biomedical Engineers,Lead studies to examine or recommend changes in process sequences or operation protocols.,Deductive Reasoning,3,0
21852,Bioengineers and Biomedical Engineers,Lead studies to examine or recommend changes in process sequences or operation protocols.,Information Ordering,2,0
21852,Bioengineers and Biomedical Engineers,Lead studies to examine or recommend changes in process sequences or operation protocols.,Problem Sensitivity,2,0
21852,Bioengineers and Biomedical Engineers,Lead studies to examine or recommend changes in process sequences or operation protocols.,Written Expression,2,0
21852,Bioengineers and Biomedical Engineers,Lead studies to examine or recommend changes in process sequences or operation protocols.,Oral Expression,1,0
21848,Bioengineers and Biomedical Engineers,Design or direct bench or pilot production experiments to determine the scale of production methods that optimize product yield and minimize production costs.,Inductive Reasoning,3,0
21848,Bioengineers and Biomedical Engineers,Design or direct bench or pilot production experiments to determine the scale of production methods that optimize product yield and minimize production costs.,Deductive Reasoning,2,0
21848,Bioengineers and Biomedical Engineers,Design or direct bench or pilot production experiments to determine the scale of production methods that optimize product yield and minimize production costs.,Mathematical Reasoning,2,0
21848,Bioengineers and Biomedical Engineers,Design or direct bench or pilot production experiments to determine the scale of production methods that optimize product yield and minimize production costs.,Problem Sensitivity,2,0
21848,Bioengineers and Biomedical Engineers,Design or direct bench or pilot production experiments to determine the scale of production methods that optimize product yield and minimize production costs.,Originality,2,0
21848,Bioengineers and Biomedical Engineers,Design or direct bench or pilot production experiments to determine the scale of production methods that optimize product yield and minimize production costs.,Information Ordering,2,0
21848,Bioengineers and Biomedical Engineers,Design or direct bench or pilot production experiments to determine the scale of production methods that optimize product yield and minimize production costs.,Number Facility,1,0
3552,Chemical Engineers,Develop safety procedures to be employed by workers operating equipment or working in close proximity to ongoing chemical reactions.,Deductive Reasoning,3,0
3552,Chemical Engineers,Develop safety procedures to be employed by workers operating equipment or working in close proximity to ongoing chemical reactions.,Problem Sensitivity,3,0
3552,Chemical Engineers,Develop safety procedures to be employed by workers operating equipment or working in close proximity to ongoing chemical reactions.,Information Ordering,3,0
3552,Chemical Engineers,Develop safety procedures to be employed by workers operating equipment or working in close proximity to ongoing chemical reactions.,Written Expression,2,0
3552,Chemical Engineers,Develop safety procedures to be employed by workers operating equipment or working in close proximity to ongoing chemical reactions.,Inductive Reasoning,2,0
3552,Chemical Engineers,Develop safety procedures to be employed by workers operating equipment or working in close proximity to ongoing chemical reactions.,Written Comprehension,1,0
18471,Chemical Engineers,Troubleshoot problems with chemical manufacturing processes.,Inductive Reasoning,3,0
18471,Chemical Engineers,Troubleshoot problems with chemical manufacturing processes.,Deductive Reasoning,3,0
18471,Chemical Engineers,Troubleshoot problems with chemical manufacturing processes.,Problem Sensitivity,3,0
18471,Chemical Engineers,Troubleshoot problems with chemical manufacturing processes.,Selective Attention,2,0
18471,Chemical Engineers,Troubleshoot problems with chemical manufacturing processes.,Number Facility,2,0
18471,Chemical Engineers,Troubleshoot problems with chemical manufacturing processes.,Mathematical Reasoning,1,0
18471,Chemical Engineers,Troubleshoot problems with chemical manufacturing processes.,Near Vision,1,0
20955,Chemical Engineers,Monitor and analyze data from processes and experiments.,Selective Attention,3,0
20955,Chemical Engineers,Monitor and analyze data from processes and experiments.,Inductive Reasoning,2,0
20955,Chemical Engineers,Monitor and analyze data from processes and experiments.,Mathematical Reasoning,2,0
20955,Chemical Engineers,Monitor and analyze data from processes and experiments.,Number Facility,2,0
20955,Chemical Engineers,Monitor and analyze data from processes and experiments.,Perceptual Speed,2,0
20955,Chemical Engineers,Monitor and analyze data from processes and experiments.,Problem Sensitivity,2,0
20955,Chemical Engineers,Monitor and analyze data from processes and experiments.,Near Vision,1,0
18472,Chemical Engineers,Evaluate chemical equipment and processes to identify ways to optimize performance or to ensure compliance with safety and environmental regulations.,Inductive Reasoning,3,0
18472,Chemical Engineers,Evaluate chemical equipment and processes to identify ways to optimize performance or to ensure compliance with safety and environmental regulations.,Deductive Reasoning,2,0
18472,Chemical Engineers,Evaluate chemical equipment and processes to identify ways to optimize performance or to ensure compliance with safety and environmental regulations.,Problem Sensitivity,3,0
18472,Chemical Engineers,Evaluate chemical equipment and processes to identify ways to optimize performance or to ensure compliance with safety and environmental regulations.,Mathematical Reasoning,2,0
18472,Chemical Engineers,Evaluate chemical equipment and processes to identify ways to optimize performance or to ensure compliance with safety and environmental regulations.,Written Comprehension,2,0
18472,Chemical Engineers,Evaluate chemical equipment and processes to identify ways to optimize performance or to ensure compliance with safety and environmental regulations.,Number Facility,1,0
3560,Chemical Engineers,Design and plan layout of equipment.,Visualization,3,0
3560,Chemical Engineers,Design and plan layout of equipment.,Spatial Orientation,2,0
3560,Chemical Engineers,Design and plan layout of equipment.,Deductive Reasoning,2,0
3560,Chemical Engineers,Design and plan layout of equipment.,Mathematical Reasoning,2,0
3560,Chemical Engineers,Design and plan layout of equipment.,Inductive Reasoning,1,0
3560,Chemical Engineers,Design and plan layout of equipment.,Written Expression,1,0
3554,Chemical Engineers,Prepare estimate of production costs and production progress reports for management.,Written Expression,3,0
3554,Chemical Engineers,Prepare estimate of production costs and production progress reports for management.,Number Facility,3,0
3554,Chemical Engineers,Prepare estimate of production costs and production progress reports for management.,Mathematical Reasoning,2,0
3554,Chemical Engineers,Prepare estimate of production costs and production progress reports for management.,Deductive Reasoning,2,0
3554,Chemical Engineers,Prepare estimate of production costs and production progress reports for management.,Information Ordering,2,0
3554,Chemical Engineers,Prepare estimate of production costs and production progress reports for management.,Written Comprehension,1,0
18473,Chemical Engineers,"Perform tests and monitor performance of processes throughout stages of production to determine degree of control over variables such as temperature, density, specific gravity, and pressure.",Selective Attention,3,0
18473,Chemical Engineers,"Perform tests and monitor performance of processes throughout stages of production to determine degree of control over variables such as temperature, density, specific gravity, and pressure.",Mathematical Reasoning,2,0
18473,Chemical Engineers,"Perform tests and monitor performance of processes throughout stages of production to determine degree of control over variables such as temperature, density, specific gravity, and pressure.",Number Facility,2,0
18473,Chemical Engineers,"Perform tests and monitor performance of processes throughout stages of production to determine degree of control over variables such as temperature, density, specific gravity, and pressure.",Inductive Reasoning,2,0
18473,Chemical Engineers,"Perform tests and monitor performance of processes throughout stages of production to determine degree of control over variables such as temperature, density, specific gravity, and pressure.",Problem Sensitivity,2,0
18473,Chemical Engineers,"Perform tests and monitor performance of processes throughout stages of production to determine degree of control over variables such as temperature, density, specific gravity, and pressure.",Perceptual Speed,2,0
18473,Chemical Engineers,"Perform tests and monitor performance of processes throughout stages of production to determine degree of control over variables such as temperature, density, specific gravity, and pressure.",Near Vision,1,0
3558,Chemical Engineers,Conduct research to develop new and improved chemical manufacturing processes.,Inductive Reasoning,3,0
3558,Chemical Engineers,Conduct research to develop new and improved chemical manufacturing processes.,Originality,3,0
3558,Chemical Engineers,Conduct research to develop new and improved chemical manufacturing processes.,Problem Sensitivity,2,0
3558,Chemical Engineers,Conduct research to develop new and improved chemical manufacturing processes.,Deductive Reasoning,2,0
3558,Chemical Engineers,Conduct research to develop new and improved chemical manufacturing processes.,Mathematical Reasoning,2,0
3558,Chemical Engineers,Conduct research to develop new and improved chemical manufacturing processes.,Written Comprehension,2,0
3558,Chemical Engineers,Conduct research to develop new and improved chemical manufacturing processes.,Fluency of Ideas,1,0
3553,Chemical Engineers,"Determine most effective arrangement of operations such as mixing, crushing, heat transfer, distillation, and drying.",Deductive Reasoning,3,0
3553,Chemical Engineers,"Determine most effective arrangement of operations such as mixing, crushing, heat transfer, distillation, and drying.",Inductive Reasoning,2,0
3553,Chemical Engineers,"Determine most effective arrangement of operations such as mixing, crushing, heat transfer, distillation, and drying.",Mathematical Reasoning,3,0
3553,Chemical Engineers,"Determine most effective arrangement of operations such as mixing, crushing, heat transfer, distillation, and drying.",Visualization,2,0
3553,Chemical Engineers,"Determine most effective arrangement of operations such as mixing, crushing, heat transfer, distillation, and drying.",Information Ordering,2,0
3553,Chemical Engineers,"Determine most effective arrangement of operations such as mixing, crushing, heat transfer, distillation, and drying.",Problem Sensitivity,2,0
3557,Chemical Engineers,"Develop processes to separate components of liquids or gases or generate electrical currents, using controlled chemical processes.",Inductive Reasoning,3,0
3557,Chemical Engineers,"Develop processes to separate components of liquids or gases or generate electrical currents, using controlled chemical processes.",Originality,2,0
3557,Chemical Engineers,"Develop processes to separate components of liquids or gases or generate electrical currents, using controlled chemical processes.",Mathematical Reasoning,3,0
3557,Chemical Engineers,"Develop processes to separate components of liquids or gases or generate electrical currents, using controlled chemical processes.",Deductive Reasoning,2,0
3557,Chemical Engineers,"Develop processes to separate components of liquids or gases or generate electrical currents, using controlled chemical processes.",Problem Sensitivity,2,0
3557,Chemical Engineers,"Develop processes to separate components of liquids or gases or generate electrical currents, using controlled chemical processes.",Visualization,1,0
3559,Chemical Engineers,Design measurement and control systems for chemical plants based on data collected in laboratory experiments and in pilot plant operations.,Inductive Reasoning,3,0
3559,Chemical Engineers,Design measurement and control systems for chemical plants based on data collected in laboratory experiments and in pilot plant operations.,Deductive Reasoning,3,0
3559,Chemical Engineers,Design measurement and control systems for chemical plants based on data collected in laboratory experiments and in pilot plant operations.,Mathematical Reasoning,3,0
3559,Chemical Engineers,Design measurement and control systems for chemical plants based on data collected in laboratory experiments and in pilot plant operations.,Visualization,2,0
3559,Chemical Engineers,Design measurement and control systems for chemical plants based on data collected in laboratory experiments and in pilot plant operations.,Problem Sensitivity,2,0
3559,Chemical Engineers,Design measurement and control systems for chemical plants based on data collected in laboratory experiments and in pilot plant operations.,Written Comprehension,1,0
3559,Chemical Engineers,Design measurement and control systems for chemical plants based on data collected in laboratory experiments and in pilot plant operations.,Information Ordering,1,0
3556,Chemical Engineers,"Perform laboratory studies of steps in manufacture of new products and test proposed processes in small-scale operation, such as a pilot plant.",Inductive Reasoning,3,0
3556,Chemical Engineers,"Perform laboratory studies of steps in manufacture of new products and test proposed processes in small-scale operation, such as a pilot plant.",Problem Sensitivity,2,0
3556,Chemical Engineers,"Perform laboratory studies of steps in manufacture of new products and test proposed processes in small-scale operation, such as a pilot plant.",Deductive Reasoning,2,0
3556,Chemical Engineers,"Perform laboratory studies of steps in manufacture of new products and test proposed processes in small-scale operation, such as a pilot plant.",Finger Dexterity,2,0
3556,Chemical Engineers,"Perform laboratory studies of steps in manufacture of new products and test proposed processes in small-scale operation, such as a pilot plant.",Manual Dexterity,1,0
3556,Chemical Engineers,"Perform laboratory studies of steps in manufacture of new products and test proposed processes in small-scale operation, such as a pilot plant.",Near Vision,2,0
3556,Chemical Engineers,"Perform laboratory studies of steps in manufacture of new products and test proposed processes in small-scale operation, such as a pilot plant.",Selective Attention,2,0
24003,Chemical Engineers,Develop computer models of chemical processes.,Mathematical Reasoning,3,0
24003,Chemical Engineers,Develop computer models of chemical processes.,Deductive Reasoning,3,0
24003,Chemical Engineers,Develop computer models of chemical processes.,Inductive Reasoning,2,0
24003,Chemical Engineers,Develop computer models of chemical processes.,Visualization,2,0
24003,Chemical Engineers,Develop computer models of chemical processes.,Number Facility,2,0
24003,Chemical Engineers,Develop computer models of chemical processes.,Problem Sensitivity,1,0
3555,Chemical Engineers,"Direct activities of workers who operate or are engaged in constructing and improving absorption, evaporation, or electromagnetic equipment.",Oral Expression,3,0
3555,Chemical Engineers,"Direct activities of workers who operate or are engaged in constructing and improving absorption, evaporation, or electromagnetic equipment.",Deductive Reasoning,2,0
3555,Chemical Engineers,"Direct activities of workers who operate or are engaged in constructing and improving absorption, evaporation, or electromagnetic equipment.",Information Ordering,2,0
3555,Chemical Engineers,"Direct activities of workers who operate or are engaged in constructing and improving absorption, evaporation, or electromagnetic equipment.",Problem Sensitivity,2,0
3555,Chemical Engineers,"Direct activities of workers who operate or are engaged in constructing and improving absorption, evaporation, or electromagnetic equipment.",Oral Comprehension,2,0
3555,Chemical Engineers,"Direct activities of workers who operate or are engaged in constructing and improving absorption, evaporation, or electromagnetic equipment.",Speech Clarity,1,0
19610,Civil Engineers,"Direct engineering activities, ensuring compliance with environmental, safety, or other governmental regulations.",Deductive Reasoning,3,0
19610,Civil Engineers,"Direct engineering activities, ensuring compliance with environmental, safety, or other governmental regulations.",Information Ordering,2,0
19610,Civil Engineers,"Direct engineering activities, ensuring compliance with environmental, safety, or other governmental regulations.",Oral Expression,2,0
19610,Civil Engineers,"Direct engineering activities, ensuring compliance with environmental, safety, or other governmental regulations.",Written Comprehension,2,0
19610,Civil Engineers,"Direct engineering activities, ensuring compliance with environmental, safety, or other governmental regulations.",Problem Sensitivity,2,0
19610,Civil Engineers,"Direct engineering activities, ensuring compliance with environmental, safety, or other governmental regulations.",Oral Comprehension,1,0
20490,Civil Engineers,"Manage and direct the construction, operations, or maintenance activities at project site.",Information Ordering,3,0
20490,Civil Engineers,"Manage and direct the construction, operations, or maintenance activities at project site.",Oral Expression,3,0
20490,Civil Engineers,"Manage and direct the construction, operations, or maintenance activities at project site.",Problem Sensitivity,2,0
20490,Civil Engineers,"Manage and direct the construction, operations, or maintenance activities at project site.",Deductive Reasoning,2,0
20490,Civil Engineers,"Manage and direct the construction, operations, or maintenance activities at project site.",Far Vision,2,0
20490,Civil Engineers,"Manage and direct the construction, operations, or maintenance activities at project site.",Speech Clarity,1,0
20490,Civil Engineers,"Manage and direct the construction, operations, or maintenance activities at project site.",Time Sharing,1,0
148,Civil Engineers,Inspect project sites to monitor progress and ensure conformance to design specifications and safety or sanitation standards.,Problem Sensitivity,3,0
148,Civil Engineers,Inspect project sites to monitor progress and ensure conformance to design specifications and safety or sanitation standards.,Far Vision,3,0
148,Civil Engineers,Inspect project sites to monitor progress and ensure conformance to design specifications and safety or sanitation standards.,Near Vision,2,0
148,Civil Engineers,Inspect project sites to monitor progress and ensure conformance to design specifications and safety or sanitation standards.,Deductive Reasoning,2,0
148,Civil Engineers,Inspect project sites to monitor progress and ensure conformance to design specifications and safety or sanitation standards.,Inductive Reasoning,2,0
148,Civil Engineers,Inspect project sites to monitor progress and ensure conformance to design specifications and safety or sanitation standards.,Depth Perception,1,0
148,Civil Engineers,Inspect project sites to monitor progress and ensure conformance to design specifications and safety or sanitation standards.,Selective Attention,1,0
147,Civil Engineers,"Compute load and grade requirements, water flow rates, or material stress factors to determine design specifications.",Mathematical Reasoning,3,0
147,Civil Engineers,"Compute load and grade requirements, water flow rates, or material stress factors to determine design specifications.",Number Facility,3,0
147,Civil Engineers,"Compute load and grade requirements, water flow rates, or material stress factors to determine design specifications.",Deductive Reasoning,3,0
147,Civil Engineers,"Compute load and grade requirements, water flow rates, or material stress factors to determine design specifications.",Inductive Reasoning,2,0
147,Civil Engineers,"Compute load and grade requirements, water flow rates, or material stress factors to determine design specifications.",Visualization,2,0
147,Civil Engineers,"Compute load and grade requirements, water flow rates, or material stress factors to determine design specifications.",Problem Sensitivity,1,0
20491,Civil Engineers,"Plan and design transportation or hydraulic systems or structures, using computer-assisted design or drawing tools.",Visualization,3,0
20491,Civil Engineers,"Plan and design transportation or hydraulic systems or structures, using computer-assisted design or drawing tools.",Spatial Orientation,2,0
20491,Civil Engineers,"Plan and design transportation or hydraulic systems or structures, using computer-assisted design or drawing tools.",Mathematical Reasoning,3,0
20491,Civil Engineers,"Plan and design transportation or hydraulic systems or structures, using computer-assisted design or drawing tools.",Deductive Reasoning,2,0
20491,Civil Engineers,"Plan and design transportation or hydraulic systems or structures, using computer-assisted design or drawing tools.",Inductive Reasoning,2,0
20491,Civil Engineers,"Plan and design transportation or hydraulic systems or structures, using computer-assisted design or drawing tools.",Originality,2,0
20491,Civil Engineers,"Plan and design transportation or hydraulic systems or structures, using computer-assisted design or drawing tools.",Near Vision,1,0
20489,Civil Engineers,"Provide technical advice to industrial or managerial personnel regarding design, construction, program modifications, or structural repairs.",Oral Expression,3,0
20489,Civil Engineers,"Provide technical advice to industrial or managerial personnel regarding design, construction, program modifications, or structural repairs.",Oral Comprehension,2,0
20489,Civil Engineers,"Provide technical advice to industrial or managerial personnel regarding design, construction, program modifications, or structural repairs.",Deductive Reasoning,2,0
20489,Civil Engineers,"Provide technical advice to industrial or managerial personnel regarding design, construction, program modifications, or structural repairs.",Written Comprehension,2,0
20489,Civil Engineers,"Provide technical advice to industrial or managerial personnel regarding design, construction, program modifications, or structural repairs.",Speech Clarity,2,0
20489,Civil Engineers,"Provide technical advice to industrial or managerial personnel regarding design, construction, program modifications, or structural repairs.",Speech Recognition,1,0
20492,Civil Engineers,"Analyze survey reports, maps, drawings, blueprints, aerial photography, or other topographical or geologic data.",Written Comprehension,3,0
20492,Civil Engineers,"Analyze survey reports, maps, drawings, blueprints, aerial photography, or other topographical or geologic data.",Inductive Reasoning,3,0
20492,Civil Engineers,"Analyze survey reports, maps, drawings, blueprints, aerial photography, or other topographical or geologic data.",Deductive Reasoning,2,0
20492,Civil Engineers,"Analyze survey reports, maps, drawings, blueprints, aerial photography, or other topographical or geologic data.",Visualization,2,0
20492,Civil Engineers,"Analyze survey reports, maps, drawings, blueprints, aerial photography, or other topographical or geologic data.",Spatial Orientation,2,0
20492,Civil Engineers,"Analyze survey reports, maps, drawings, blueprints, aerial photography, or other topographical or geologic data.",Near Vision,2,0
20492,Civil Engineers,"Analyze survey reports, maps, drawings, blueprints, aerial photography, or other topographical or geologic data.",Flexibility of Closure,1,0
150,Civil Engineers,"Direct or participate in surveying to lay out installations or establish reference points, grades, or elevations to guide construction.",Spatial Orientation,3,0
150,Civil Engineers,"Direct or participate in surveying to lay out installations or establish reference points, grades, or elevations to guide construction.",Visualization,2,0
150,Civil Engineers,"Direct or participate in surveying to lay out installations or establish reference points, grades, or elevations to guide construction.",Mathematical Reasoning,2,0
150,Civil Engineers,"Direct or participate in surveying to lay out installations or establish reference points, grades, or elevations to guide construction.",Deductive Reasoning,2,0
150,Civil Engineers,"Direct or participate in surveying to lay out installations or establish reference points, grades, or elevations to guide construction.",Far Vision,2,0
150,Civil Engineers,"Direct or participate in surveying to lay out installations or establish reference points, grades, or elevations to guide construction.",Depth Perception,2,0
150,Civil Engineers,"Direct or participate in surveying to lay out installations or establish reference points, grades, or elevations to guide construction.",Oral Expression,1,0
151,Civil Engineers,"Estimate quantities and cost of materials, equipment, or labor to determine project feasibility.",Mathematical Reasoning,3,0
151,Civil Engineers,"Estimate quantities and cost of materials, equipment, or labor to determine project feasibility.",Number Facility,3,0
151,Civil Engineers,"Estimate quantities and cost of materials, equipment, or labor to determine project feasibility.",Deductive Reasoning,2,0
151,Civil Engineers,"Estimate quantities and cost of materials, equipment, or labor to determine project feasibility.",Inductive Reasoning,2,0
151,Civil Engineers,"Estimate quantities and cost of materials, equipment, or labor to determine project feasibility.",Written Comprehension,1,0
151,Civil Engineers,"Estimate quantities and cost of materials, equipment, or labor to determine project feasibility.",Problem Sensitivity,1,0
152,Civil Engineers,"Prepare or present public reports on topics such as bid proposals, deeds, environmental impact statements, or property and right-of-way descriptions.",Written Expression,3,0
152,Civil Engineers,"Prepare or present public reports on topics such as bid proposals, deeds, environmental impact statements, or property and right-of-way descriptions.",Oral Expression,2,0
152,Civil Engineers,"Prepare or present public reports on topics such as bid proposals, deeds, environmental impact statements, or property and right-of-way descriptions.",Information Ordering,2,0
152,Civil Engineers,"Prepare or present public reports on topics such as bid proposals, deeds, environmental impact statements, or property and right-of-way descriptions.",Written Comprehension,2,0
152,Civil Engineers,"Prepare or present public reports on topics such as bid proposals, deeds, environmental impact statements, or property and right-of-way descriptions.",Speech Clarity,1,0
152,Civil Engineers,"Prepare or present public reports on topics such as bid proposals, deeds, environmental impact statements, or property and right-of-way descriptions.",Deductive Reasoning,1,0
19607,Civil Engineers,Design energy-efficient or environmentally sound civil structures.,Inductive Reasoning,3,0
19607,Civil Engineers,Design energy-efficient or environmentally sound civil structures.,Originality,3,0
19607,Civil Engineers,Design energy-efficient or environmentally sound civil structures.,Deductive Reasoning,2,0
19607,Civil Engineers,Design energy-efficient or environmentally sound civil structures.,Mathematical Reasoning,2,0
19607,Civil Engineers,Design energy-efficient or environmentally sound civil structures.,Visualization,2,0
19607,Civil Engineers,Design energy-efficient or environmentally sound civil structures.,Problem Sensitivity,2,0
153,Civil Engineers,"Test soils or materials to determine the adequacy and strength of foundations, concrete, asphalt, or steel.",Inductive Reasoning,2,0
153,Civil Engineers,"Test soils or materials to determine the adequacy and strength of foundations, concrete, asphalt, or steel.",Deductive Reasoning,2,0
153,Civil Engineers,"Test soils or materials to determine the adequacy and strength of foundations, concrete, asphalt, or steel.",Number Facility,2,0
153,Civil Engineers,"Test soils or materials to determine the adequacy and strength of foundations, concrete, asphalt, or steel.",Near Vision,2,0
153,Civil Engineers,"Test soils or materials to determine the adequacy and strength of foundations, concrete, asphalt, or steel.",Selective Attention,2,0
153,Civil Engineers,"Test soils or materials to determine the adequacy and strength of foundations, concrete, asphalt, or steel.",Problem Sensitivity,2,0
153,Civil Engineers,"Test soils or materials to determine the adequacy and strength of foundations, concrete, asphalt, or steel.",Mathematical Reasoning,1,0
19611,Civil Engineers,Identify environmental risks and develop risk management strategies for civil engineering projects.,Problem Sensitivity,3,0
19611,Civil Engineers,Identify environmental risks and develop risk management strategies for civil engineering projects.,Inductive Reasoning,3,0
19611,Civil Engineers,Identify environmental risks and develop risk management strategies for civil engineering projects.,Deductive Reasoning,2,0
19611,Civil Engineers,Identify environmental risks and develop risk management strategies for civil engineering projects.,Written Expression,2,0
19611,Civil Engineers,Identify environmental risks and develop risk management strategies for civil engineering projects.,Written Comprehension,2,0
19611,Civil Engineers,Identify environmental risks and develop risk management strategies for civil engineering projects.,Fluency of Ideas,1,0
155,Civil Engineers,Conduct studies of traffic patterns or environmental conditions to identify engineering problems and assess potential project impact.,Inductive Reasoning,3,0
155,Civil Engineers,Conduct studies of traffic patterns or environmental conditions to identify engineering problems and assess potential project impact.,Deductive Reasoning,2,0
155,Civil Engineers,Conduct studies of traffic patterns or environmental conditions to identify engineering problems and assess potential project impact.,Problem Sensitivity,2,0
155,Civil Engineers,Conduct studies of traffic patterns or environmental conditions to identify engineering problems and assess potential project impact.,Number Facility,2,0
155,Civil Engineers,Conduct studies of traffic patterns or environmental conditions to identify engineering problems and assess potential project impact.,Mathematical Reasoning,2,0
155,Civil Engineers,Conduct studies of traffic patterns or environmental conditions to identify engineering problems and assess potential project impact.,Written Comprehension,1,0
155,Civil Engineers,Conduct studies of traffic patterns or environmental conditions to identify engineering problems and assess potential project impact.,Selective Attention,1,0
19609,Civil Engineers,Develop or implement engineering solutions to clean up industrial accidents or other contaminated sites.,Problem Sensitivity,3,0
19609,Civil Engineers,Develop or implement engineering solutions to clean up industrial accidents or other contaminated sites.,Inductive Reasoning,3,0
19609,Civil Engineers,Develop or implement engineering solutions to clean up industrial accidents or other contaminated sites.,Deductive Reasoning,2,0
19609,Civil Engineers,Develop or implement engineering solutions to clean up industrial accidents or other contaminated sites.,Originality,2,0
19609,Civil Engineers,Develop or implement engineering solutions to clean up industrial accidents or other contaminated sites.,Information Ordering,2,0
19609,Civil Engineers,Develop or implement engineering solutions to clean up industrial accidents or other contaminated sites.,Written Expression,1,0
19608,Civil Engineers,"Design or engineer systems to efficiently dispose of chemical, biological, or other toxic wastes.",Inductive Reasoning,3,0
19608,Civil Engineers,"Design or engineer systems to efficiently dispose of chemical, biological, or other toxic wastes.",Deductive Reasoning,2,0
19608,Civil Engineers,"Design or engineer systems to efficiently dispose of chemical, biological, or other toxic wastes.",Originality,2,0
19608,Civil Engineers,"Design or engineer systems to efficiently dispose of chemical, biological, or other toxic wastes.",Mathematical Reasoning,2,0
19608,Civil Engineers,"Design or engineer systems to efficiently dispose of chemical, biological, or other toxic wastes.",Visualization,2,0
19608,Civil Engineers,"Design or engineer systems to efficiently dispose of chemical, biological, or other toxic wastes.",Problem Sensitivity,2,0
19608,Civil Engineers,"Design or engineer systems to efficiently dispose of chemical, biological, or other toxic wastes.",Written Comprehension,1,0
16323,Transportation Engineers,"Design or prepare plans for new transportation systems or parts of systems, such as airports, commuter trains, highways, streets, bridges, drainage structures, or roadway lighting.",Visualization,3,0
16323,Transportation Engineers,"Design or prepare plans for new transportation systems or parts of systems, such as airports, commuter trains, highways, streets, bridges, drainage structures, or roadway lighting.",Spatial Orientation,3,0
16323,Transportation Engineers,"Design or prepare plans for new transportation systems or parts of systems, such as airports, commuter trains, highways, streets, bridges, drainage structures, or roadway lighting.",Deductive Reasoning,2,0
16323,Transportation Engineers,"Design or prepare plans for new transportation systems or parts of systems, such as airports, commuter trains, highways, streets, bridges, drainage structures, or roadway lighting.",Mathematical Reasoning,2,0
16323,Transportation Engineers,"Design or prepare plans for new transportation systems or parts of systems, such as airports, commuter trains, highways, streets, bridges, drainage structures, or roadway lighting.",Inductive Reasoning,2,0
16323,Transportation Engineers,"Design or prepare plans for new transportation systems or parts of systems, such as airports, commuter trains, highways, streets, bridges, drainage structures, or roadway lighting.",Originality,2,0
16323,Transportation Engineers,"Design or prepare plans for new transportation systems or parts of systems, such as airports, commuter trains, highways, streets, bridges, drainage structures, or roadway lighting.",Written Expression,1,0
16320,Transportation Engineers,"Check construction plans, design calculations, or cost estimations to ensure completeness, accuracy, or conformity to engineering standards or practices.",Deductive Reasoning,3,0
16320,Transportation Engineers,"Check construction plans, design calculations, or cost estimations to ensure completeness, accuracy, or conformity to engineering standards or practices.",Written Comprehension,3,0
16320,Transportation Engineers,"Check construction plans, design calculations, or cost estimations to ensure completeness, accuracy, or conformity to engineering standards or practices.",Number Facility,2,0
16320,Transportation Engineers,"Check construction plans, design calculations, or cost estimations to ensure completeness, accuracy, or conformity to engineering standards or practices.",Mathematical Reasoning,2,0
16320,Transportation Engineers,"Check construction plans, design calculations, or cost estimations to ensure completeness, accuracy, or conformity to engineering standards or practices.",Perceptual Speed,2,0
16320,Transportation Engineers,"Check construction plans, design calculations, or cost estimations to ensure completeness, accuracy, or conformity to engineering standards or practices.",Near Vision,2,0
16320,Transportation Engineers,"Check construction plans, design calculations, or cost estimations to ensure completeness, accuracy, or conformity to engineering standards or practices.",Selective Attention,1,0
16305,Transportation Engineers,"Prepare administrative, technical, or statistical reports on traffic-operation matters, such as accidents, safety measures, or pedestrian volume or practices.",Written Expression,3,0
16305,Transportation Engineers,"Prepare administrative, technical, or statistical reports on traffic-operation matters, such as accidents, safety measures, or pedestrian volume or practices.",Number Facility,2,0
16305,Transportation Engineers,"Prepare administrative, technical, or statistical reports on traffic-operation matters, such as accidents, safety measures, or pedestrian volume or practices.",Information Ordering,2,0
16305,Transportation Engineers,"Prepare administrative, technical, or statistical reports on traffic-operation matters, such as accidents, safety measures, or pedestrian volume or practices.",Mathematical Reasoning,2,0
16305,Transportation Engineers,"Prepare administrative, technical, or statistical reports on traffic-operation matters, such as accidents, safety measures, or pedestrian volume or practices.",Written Comprehension,2,0
16305,Transportation Engineers,"Prepare administrative, technical, or statistical reports on traffic-operation matters, such as accidents, safety measures, or pedestrian volume or practices.",Inductive Reasoning,1,0
16311,Transportation Engineers,Plan alteration or modification of existing transportation structures to improve safety or function.,Inductive Reasoning,3,0
16311,Transportation Engineers,Plan alteration or modification of existing transportation structures to improve safety or function.,Deductive Reasoning,2,0
16311,Transportation Engineers,Plan alteration or modification of existing transportation structures to improve safety or function.,Visualization,2,0
16311,Transportation Engineers,Plan alteration or modification of existing transportation structures to improve safety or function.,Problem Sensitivity,2,0
16311,Transportation Engineers,Plan alteration or modification of existing transportation structures to improve safety or function.,Originality,2,0
16311,Transportation Engineers,Plan alteration or modification of existing transportation structures to improve safety or function.,Mathematical Reasoning,1,0
16319,Transportation Engineers,"Confer with contractors, utility companies, or government agencies to discuss plans, specifications, or work schedules.",Oral Comprehension,3,0
16319,Transportation Engineers,"Confer with contractors, utility companies, or government agencies to discuss plans, specifications, or work schedules.",Oral Expression,3,0
16319,Transportation Engineers,"Confer with contractors, utility companies, or government agencies to discuss plans, specifications, or work schedules.",Speech Clarity,2,0
16319,Transportation Engineers,"Confer with contractors, utility companies, or government agencies to discuss plans, specifications, or work schedules.",Speech Recognition,2,0
16319,Transportation Engineers,"Confer with contractors, utility companies, or government agencies to discuss plans, specifications, or work schedules.",Written Comprehension,2,0
16319,Transportation Engineers,"Confer with contractors, utility companies, or government agencies to discuss plans, specifications, or work schedules.",Deductive Reasoning,1,0
16303,Transportation Engineers,"Present data, maps, or other information at construction-related public hearings or meetings.",Oral Expression,3,0
16303,Transportation Engineers,"Present data, maps, or other information at construction-related public hearings or meetings.",Speech Clarity,3,0
16303,Transportation Engineers,"Present data, maps, or other information at construction-related public hearings or meetings.",Written Comprehension,2,0
16303,Transportation Engineers,"Present data, maps, or other information at construction-related public hearings or meetings.",Visualization,1,0
16303,Transportation Engineers,"Present data, maps, or other information at construction-related public hearings or meetings.",Oral Comprehension,1,0
16303,Transportation Engineers,"Present data, maps, or other information at construction-related public hearings or meetings.",Near Vision,1,0
16310,Transportation Engineers,Prepare final project layout drawings that include details such as stress calculations.,Visualization,3,0
16310,Transportation Engineers,Prepare final project layout drawings that include details such as stress calculations.,Mathematical Reasoning,3,0
16310,Transportation Engineers,Prepare final project layout drawings that include details such as stress calculations.,Deductive Reasoning,2,0
16310,Transportation Engineers,Prepare final project layout drawings that include details such as stress calculations.,Near Vision,2,0
16310,Transportation Engineers,Prepare final project layout drawings that include details such as stress calculations.,Written Comprehension,1,0
16310,Transportation Engineers,Prepare final project layout drawings that include details such as stress calculations.,Number Facility,2,0
16314,Transportation Engineers,Investigate traffic problems and recommend methods to improve traffic flow or safety.,Inductive Reasoning,3,0
16314,Transportation Engineers,Investigate traffic problems and recommend methods to improve traffic flow or safety.,Problem Sensitivity,3,0
16314,Transportation Engineers,Investigate traffic problems and recommend methods to improve traffic flow or safety.,Deductive Reasoning,2,0
16314,Transportation Engineers,Investigate traffic problems and recommend methods to improve traffic flow or safety.,Fluency of Ideas,2,0
16314,Transportation Engineers,Investigate traffic problems and recommend methods to improve traffic flow or safety.,Written Expression,2,0
16314,Transportation Engineers,Investigate traffic problems and recommend methods to improve traffic flow or safety.,Number Facility,1,0
16318,Transportation Engineers,Estimate transportation project costs.,Number Facility,3,0
16318,Transportation Engineers,Estimate transportation project costs.,Mathematical Reasoning,3,0
16318,Transportation Engineers,Estimate transportation project costs.,Deductive Reasoning,2,0
16318,Transportation Engineers,Estimate transportation project costs.,Written Comprehension,1,0
16318,Transportation Engineers,Estimate transportation project costs.,Information Ordering,1,0
19612,Transportation Engineers,"Design or engineer drainage, erosion, or sedimentation control systems for transportation projects.",Inductive Reasoning,3,0
19612,Transportation Engineers,"Design or engineer drainage, erosion, or sedimentation control systems for transportation projects.",Deductive Reasoning,2,0
19612,Transportation Engineers,"Design or engineer drainage, erosion, or sedimentation control systems for transportation projects.",Mathematical Reasoning,3,0
19612,Transportation Engineers,"Design or engineer drainage, erosion, or sedimentation control systems for transportation projects.",Visualization,2,0
19612,Transportation Engineers,"Design or engineer drainage, erosion, or sedimentation control systems for transportation projects.",Problem Sensitivity,2,0
19612,Transportation Engineers,"Design or engineer drainage, erosion, or sedimentation control systems for transportation projects.",Written Comprehension,1,0
16307,Transportation Engineers,Evaluate traffic control devices or lighting systems to determine need for modification or expansion.,Deductive Reasoning,3,0
16307,Transportation Engineers,Evaluate traffic control devices or lighting systems to determine need for modification or expansion.,Inductive Reasoning,2,0
16307,Transportation Engineers,Evaluate traffic control devices or lighting systems to determine need for modification or expansion.,Problem Sensitivity,2,0
16307,Transportation Engineers,Evaluate traffic control devices or lighting systems to determine need for modification or expansion.,Far Vision,2,0
16307,Transportation Engineers,Evaluate traffic control devices or lighting systems to determine need for modification or expansion.,Near Vision,1,0
16307,Transportation Engineers,Evaluate traffic control devices or lighting systems to determine need for modification or expansion.,Number Facility,1,0
16307,Transportation Engineers,Evaluate traffic control devices or lighting systems to determine need for modification or expansion.,Written Comprehension,1,0
16309,Transportation Engineers,"Prepare project budgets, schedules, or specifications for labor or materials.",Information Ordering,3,0
16309,Transportation Engineers,"Prepare project budgets, schedules, or specifications for labor or materials.",Number Facility,2,0
16309,Transportation Engineers,"Prepare project budgets, schedules, or specifications for labor or materials.",Mathematical Reasoning,2,0
16309,Transportation Engineers,"Prepare project budgets, schedules, or specifications for labor or materials.",Written Expression,3,0
16309,Transportation Engineers,"Prepare project budgets, schedules, or specifications for labor or materials.",Deductive Reasoning,2,0
16309,Transportation Engineers,"Prepare project budgets, schedules, or specifications for labor or materials.",Written Comprehension,1,0
16316,Transportation Engineers,Inspect completed transportation projects to ensure safety or compliance with applicable standards or regulations.,Deductive Reasoning,3,0
16316,Transportation Engineers,Inspect completed transportation projects to ensure safety or compliance with applicable standards or regulations.,Problem Sensitivity,2,0
16316,Transportation Engineers,Inspect completed transportation projects to ensure safety or compliance with applicable standards or regulations.,Far Vision,2,0
16316,Transportation Engineers,Inspect completed transportation projects to ensure safety or compliance with applicable standards or regulations.,Near Vision,2,0
16316,Transportation Engineers,Inspect completed transportation projects to ensure safety or compliance with applicable standards or regulations.,Written Comprehension,2,0
16316,Transportation Engineers,Inspect completed transportation projects to ensure safety or compliance with applicable standards or regulations.,Selective Attention,2,0
16316,Transportation Engineers,Inspect completed transportation projects to ensure safety or compliance with applicable standards or regulations.,Depth Perception,1,0
16304,Transportation Engineers,Review development plans to determine potential traffic impact.,Deductive Reasoning,3,0
16304,Transportation Engineers,Review development plans to determine potential traffic impact.,Inductive Reasoning,2,0
16304,Transportation Engineers,Review development plans to determine potential traffic impact.,Written Comprehension,3,0
16304,Transportation Engineers,Review development plans to determine potential traffic impact.,Near Vision,2,0
16304,Transportation Engineers,Review development plans to determine potential traffic impact.,Problem Sensitivity,2,0
16304,Transportation Engineers,Review development plans to determine potential traffic impact.,Number Facility,1,0
16306,Transportation Engineers,Evaluate transportation systems or traffic control devices or lighting systems to determine need for modification or expansion.,Deductive Reasoning,3,0
16306,Transportation Engineers,Evaluate transportation systems or traffic control devices or lighting systems to determine need for modification or expansion.,Inductive Reasoning,2,0
16306,Transportation Engineers,Evaluate transportation systems or traffic control devices or lighting systems to determine need for modification or expansion.,Problem Sensitivity,2,0
16306,Transportation Engineers,Evaluate transportation systems or traffic control devices or lighting systems to determine need for modification or expansion.,Far Vision,2,0
16306,Transportation Engineers,Evaluate transportation systems or traffic control devices or lighting systems to determine need for modification or expansion.,Near Vision,1,0
16306,Transportation Engineers,Evaluate transportation systems or traffic control devices or lighting systems to determine need for modification or expansion.,Written Comprehension,1,0
16306,Transportation Engineers,Evaluate transportation systems or traffic control devices or lighting systems to determine need for modification or expansion.,Number Facility,1,0
16321,Transportation Engineers,Analyze environmental impact statements for transportation projects.,Written Comprehension,3,0
16321,Transportation Engineers,Analyze environmental impact statements for transportation projects.,Deductive Reasoning,3,0
16321,Transportation Engineers,Analyze environmental impact statements for transportation projects.,Inductive Reasoning,2,0
16321,Transportation Engineers,Analyze environmental impact statements for transportation projects.,Problem Sensitivity,2,0
16321,Transportation Engineers,Analyze environmental impact statements for transportation projects.,Information Ordering,1,0
16321,Transportation Engineers,Analyze environmental impact statements for transportation projects.,Near Vision,1,0
16322,Transportation Engineers,Supervise the maintenance or repair of transportation systems or system components.,Problem Sensitivity,2,0
16322,Transportation Engineers,Supervise the maintenance or repair of transportation systems or system components.,Deductive Reasoning,2,0
16322,Transportation Engineers,Supervise the maintenance or repair of transportation systems or system components.,Oral Expression,2,0
16322,Transportation Engineers,Supervise the maintenance or repair of transportation systems or system components.,Written Comprehension,2,0
16322,Transportation Engineers,Supervise the maintenance or repair of transportation systems or system components.,Far Vision,2,0
16322,Transportation Engineers,Supervise the maintenance or repair of transportation systems or system components.,Information Ordering,1,0
16322,Transportation Engineers,Supervise the maintenance or repair of transportation systems or system components.,Speech Clarity,1,0
16313,Transportation Engineers,Model transportation scenarios to evaluate the impacts of activities such as new development or to identify possible solutions to transportation problems.,Mathematical Reasoning,3,0
16313,Transportation Engineers,Model transportation scenarios to evaluate the impacts of activities such as new development or to identify possible solutions to transportation problems.,Inductive Reasoning,3,0
16313,Transportation Engineers,Model transportation scenarios to evaluate the impacts of activities such as new development or to identify possible solutions to transportation problems.,Deductive Reasoning,2,0
16313,Transportation Engineers,Model transportation scenarios to evaluate the impacts of activities such as new development or to identify possible solutions to transportation problems.,Visualization,2,0
16313,Transportation Engineers,Model transportation scenarios to evaluate the impacts of activities such as new development or to identify possible solutions to transportation problems.,Number Facility,2,0
16313,Transportation Engineers,Model transportation scenarios to evaluate the impacts of activities such as new development or to identify possible solutions to transportation problems.,Problem Sensitivity,2,0
19616,Transportation Engineers,Inspect completed transportation projects to ensure compliance with environmental regulations.,Deductive Reasoning,3,0
19616,Transportation Engineers,Inspect completed transportation projects to ensure compliance with environmental regulations.,Problem Sensitivity,2,0
19616,Transportation Engineers,Inspect completed transportation projects to ensure compliance with environmental regulations.,Far Vision,2,0
19616,Transportation Engineers,Inspect completed transportation projects to ensure compliance with environmental regulations.,Near Vision,2,0
19616,Transportation Engineers,Inspect completed transportation projects to ensure compliance with environmental regulations.,Written Comprehension,2,0
19616,Transportation Engineers,Inspect completed transportation projects to ensure compliance with environmental regulations.,Selective Attention,1,0
16312,Transportation Engineers,"Participate in contract bidding, negotiation, or administration.",Oral Comprehension,2,0
16312,Transportation Engineers,"Participate in contract bidding, negotiation, or administration.",Oral Expression,2,0
16312,Transportation Engineers,"Participate in contract bidding, negotiation, or administration.",Written Comprehension,2,0
16312,Transportation Engineers,"Participate in contract bidding, negotiation, or administration.",Deductive Reasoning,2,0
16312,Transportation Engineers,"Participate in contract bidding, negotiation, or administration.",Number Facility,1,0
16312,Transportation Engineers,"Participate in contract bidding, negotiation, or administration.",Speech Clarity,1,0
19615,Transportation Engineers,Evaluate construction project materials for compliance with environmental standards.,Deductive Reasoning,3,0
19615,Transportation Engineers,Evaluate construction project materials for compliance with environmental standards.,Problem Sensitivity,2,0
19615,Transportation Engineers,Evaluate construction project materials for compliance with environmental standards.,Written Comprehension,2,0
19615,Transportation Engineers,Evaluate construction project materials for compliance with environmental standards.,Near Vision,2,0
19615,Transportation Engineers,Evaluate construction project materials for compliance with environmental standards.,Selective Attention,2,0
19615,Transportation Engineers,Evaluate construction project materials for compliance with environmental standards.,Inductive Reasoning,1,0
16317,Transportation Engineers,"Direct the surveying, staking, or laying-out of construction projects.",Spatial Orientation,3,0
16317,Transportation Engineers,"Direct the surveying, staking, or laying-out of construction projects.",Oral Expression,2,0
16317,Transportation Engineers,"Direct the surveying, staking, or laying-out of construction projects.",Far Vision,2,0
16317,Transportation Engineers,"Direct the surveying, staking, or laying-out of construction projects.",Depth Perception,2,0
16317,Transportation Engineers,"Direct the surveying, staking, or laying-out of construction projects.",Deductive Reasoning,2,0
16317,Transportation Engineers,"Direct the surveying, staking, or laying-out of construction projects.",Mathematical Reasoning,1,0
19613,Transportation Engineers,"Design transportation systems or structures with sustainable materials or products, such as porous pavement or bioretention structures.",Inductive Reasoning,3,0
19613,Transportation Engineers,"Design transportation systems or structures with sustainable materials or products, such as porous pavement or bioretention structures.",Originality,2,0
19613,Transportation Engineers,"Design transportation systems or structures with sustainable materials or products, such as porous pavement or bioretention structures.",Deductive Reasoning,2,0
19613,Transportation Engineers,"Design transportation systems or structures with sustainable materials or products, such as porous pavement or bioretention structures.",Mathematical Reasoning,2,0
19613,Transportation Engineers,"Design transportation systems or structures with sustainable materials or products, such as porous pavement or bioretention structures.",Visualization,2,0
19613,Transportation Engineers,"Design transportation systems or structures with sustainable materials or products, such as porous pavement or bioretention structures.",Written Expression,1,0
16315,Transportation Engineers,Investigate or test specific construction project materials to determine compliance to specifications or standards.,Deductive Reasoning,2,0
16315,Transportation Engineers,Investigate or test specific construction project materials to determine compliance to specifications or standards.,Problem Sensitivity,2,0
16315,Transportation Engineers,Investigate or test specific construction project materials to determine compliance to specifications or standards.,Written Comprehension,2,0
16315,Transportation Engineers,Investigate or test specific construction project materials to determine compliance to specifications or standards.,Near Vision,2,0
16315,Transportation Engineers,Investigate or test specific construction project materials to determine compliance to specifications or standards.,Inductive Reasoning,2,0
16315,Transportation Engineers,Investigate or test specific construction project materials to determine compliance to specifications or standards.,Selective Attention,1,0
16308,Transportation Engineers,Develop or assist in the development of transportation-related computer software or computer processes.,Inductive Reasoning,3,0
16308,Transportation Engineers,Develop or assist in the development of transportation-related computer software or computer processes.,Deductive Reasoning,2,0
16308,Transportation Engineers,Develop or assist in the development of transportation-related computer software or computer processes.,Mathematical Reasoning,2,0
16308,Transportation Engineers,Develop or assist in the development of transportation-related computer software or computer processes.,Problem Sensitivity,2,0
16308,Transportation Engineers,Develop or assist in the development of transportation-related computer software or computer processes.,Originality,2,0
16308,Transportation Engineers,Develop or assist in the development of transportation-related computer software or computer processes.,Written Comprehension,1,0
19614,Transportation Engineers,Develop plans to deconstruct damaged or obsolete roadways or other transportation structures in a manner that is environmentally sound or prepares the land for sustainable development.,Inductive Reasoning,3,0
19614,Transportation Engineers,Develop plans to deconstruct damaged or obsolete roadways or other transportation structures in a manner that is environmentally sound or prepares the land for sustainable development.,Deductive Reasoning,2,0
19614,Transportation Engineers,Develop plans to deconstruct damaged or obsolete roadways or other transportation structures in a manner that is environmentally sound or prepares the land for sustainable development.,Problem Sensitivity,2,0
19614,Transportation Engineers,Develop plans to deconstruct damaged or obsolete roadways or other transportation structures in a manner that is environmentally sound or prepares the land for sustainable development.,Originality,2,0
19614,Transportation Engineers,Develop plans to deconstruct damaged or obsolete roadways or other transportation structures in a manner that is environmentally sound or prepares the land for sustainable development.,Information Ordering,2,0
19614,Transportation Engineers,Develop plans to deconstruct damaged or obsolete roadways or other transportation structures in a manner that is environmentally sound or prepares the land for sustainable development.,Written Expression,2,0
19614,Transportation Engineers,Develop plans to deconstruct damaged or obsolete roadways or other transportation structures in a manner that is environmentally sound or prepares the land for sustainable development.,Mathematical Reasoning,1,0
16327,Water/Wastewater Engineers,"Provide technical direction or supervision to junior engineers, engineering or computer-aided design (CAD) technicians, or other technical personnel.",Oral Expression,3,0
16327,Water/Wastewater Engineers,"Provide technical direction or supervision to junior engineers, engineering or computer-aided design (CAD) technicians, or other technical personnel.",Oral Comprehension,2,0
16327,Water/Wastewater Engineers,"Provide technical direction or supervision to junior engineers, engineering or computer-aided design (CAD) technicians, or other technical personnel.",Deductive Reasoning,2,0
16327,Water/Wastewater Engineers,"Provide technical direction or supervision to junior engineers, engineering or computer-aided design (CAD) technicians, or other technical personnel.",Written Comprehension,2,0
16327,Water/Wastewater Engineers,"Provide technical direction or supervision to junior engineers, engineering or computer-aided design (CAD) technicians, or other technical personnel.",Speech Clarity,2,0
16327,Water/Wastewater Engineers,"Provide technical direction or supervision to junior engineers, engineering or computer-aided design (CAD) technicians, or other technical personnel.",Information Ordering,1,0
16327,Water/Wastewater Engineers,"Provide technical direction or supervision to junior engineers, engineering or computer-aided design (CAD) technicians, or other technical personnel.",Speech Recognition,1,0
16325,Water/Wastewater Engineers,"Review and critique proposals, plans, or designs related to water or wastewater treatment systems.",Written Comprehension,3,0
16325,Water/Wastewater Engineers,"Review and critique proposals, plans, or designs related to water or wastewater treatment systems.",Deductive Reasoning,3,0
16325,Water/Wastewater Engineers,"Review and critique proposals, plans, or designs related to water or wastewater treatment systems.",Inductive Reasoning,2,0
16325,Water/Wastewater Engineers,"Review and critique proposals, plans, or designs related to water or wastewater treatment systems.",Problem Sensitivity,2,0
16325,Water/Wastewater Engineers,"Review and critique proposals, plans, or designs related to water or wastewater treatment systems.",Mathematical Reasoning,2,0
16325,Water/Wastewater Engineers,"Review and critique proposals, plans, or designs related to water or wastewater treatment systems.",Near Vision,1,0
16350,Water/Wastewater Engineers,"Design domestic or industrial water or wastewater treatment plants, including advanced facilities with sequencing batch reactors (SBR), membranes, lift stations, headworks, surge overflow basins, ultraviolet disinfection systems, aerobic digesters, sludge lagoons, or control buildings.",Inductive Reasoning,3,0
16350,Water/Wastewater Engineers,"Design domestic or industrial water or wastewater treatment plants, including advanced facilities with sequencing batch reactors (SBR), membranes, lift stations, headworks, surge overflow basins, ultraviolet disinfection systems, aerobic digesters, sludge lagoons, or control buildings.",Deductive Reasoning,2,0
16350,Water/Wastewater Engineers,"Design domestic or industrial water or wastewater treatment plants, including advanced facilities with sequencing batch reactors (SBR), membranes, lift stations, headworks, surge overflow basins, ultraviolet disinfection systems, aerobic digesters, sludge lagoons, or control buildings.",Visualization,3,0
16350,Water/Wastewater Engineers,"Design domestic or industrial water or wastewater treatment plants, including advanced facilities with sequencing batch reactors (SBR), membranes, lift stations, headworks, surge overflow basins, ultraviolet disinfection systems, aerobic digesters, sludge lagoons, or control buildings.",Mathematical Reasoning,2,0
16350,Water/Wastewater Engineers,"Design domestic or industrial water or wastewater treatment plants, including advanced facilities with sequencing batch reactors (SBR), membranes, lift stations, headworks, surge overflow basins, ultraviolet disinfection systems, aerobic digesters, sludge lagoons, or control buildings.",Spatial Orientation,2,0
16350,Water/Wastewater Engineers,"Design domestic or industrial water or wastewater treatment plants, including advanced facilities with sequencing batch reactors (SBR), membranes, lift stations, headworks, surge overflow basins, ultraviolet disinfection systems, aerobic digesters, sludge lagoons, or control buildings.",Originality,2,0
16350,Water/Wastewater Engineers,"Design domestic or industrial water or wastewater treatment plants, including advanced facilities with sequencing batch reactors (SBR), membranes, lift stations, headworks, surge overflow basins, ultraviolet disinfection systems, aerobic digesters, sludge lagoons, or control buildings.",Problem Sensitivity,1,0
21166,Water/Wastewater Engineers,Evaluate the operation and maintenance of water or wastewater systems to identify ways to improve their efficiency.,Inductive Reasoning,3,0
21166,Water/Wastewater Engineers,Evaluate the operation and maintenance of water or wastewater systems to identify ways to improve their efficiency.,Problem Sensitivity,2,0
21166,Water/Wastewater Engineers,Evaluate the operation and maintenance of water or wastewater systems to identify ways to improve their efficiency.,Deductive Reasoning,2,0
21166,Water/Wastewater Engineers,Evaluate the operation and maintenance of water or wastewater systems to identify ways to improve their efficiency.,Mathematical Reasoning,2,0
21166,Water/Wastewater Engineers,Evaluate the operation and maintenance of water or wastewater systems to identify ways to improve their efficiency.,Number Facility,1,0
21166,Water/Wastewater Engineers,Evaluate the operation and maintenance of water or wastewater systems to identify ways to improve their efficiency.,Written Comprehension,1,0
16330,Water/Wastewater Engineers,Design or select equipment for use in wastewater processing to ensure compliance with government standards.,Deductive Reasoning,3,0
16330,Water/Wastewater Engineers,Design or select equipment for use in wastewater processing to ensure compliance with government standards.,Inductive Reasoning,2,0
16330,Water/Wastewater Engineers,Design or select equipment for use in wastewater processing to ensure compliance with government standards.,Written Comprehension,2,0
16330,Water/Wastewater Engineers,Design or select equipment for use in wastewater processing to ensure compliance with government standards.,Problem Sensitivity,2,0
16330,Water/Wastewater Engineers,Design or select equipment for use in wastewater processing to ensure compliance with government standards.,Visualization,2,0
16330,Water/Wastewater Engineers,Design or select equipment for use in wastewater processing to ensure compliance with government standards.,Mathematical Reasoning,1,0
16349,Water/Wastewater Engineers,"Design pumping systems, pumping stations, pipelines, force mains, or sewers for the collection of wastewater.",Visualization,3,0
16349,Water/Wastewater Engineers,"Design pumping systems, pumping stations, pipelines, force mains, or sewers for the collection of wastewater.",Mathematical Reasoning,3,0
16349,Water/Wastewater Engineers,"Design pumping systems, pumping stations, pipelines, force mains, or sewers for the collection of wastewater.",Deductive Reasoning,2,0
16349,Water/Wastewater Engineers,"Design pumping systems, pumping stations, pipelines, force mains, or sewers for the collection of wastewater.",Spatial Orientation,2,0
16349,Water/Wastewater Engineers,"Design pumping systems, pumping stations, pipelines, force mains, or sewers for the collection of wastewater.",Inductive Reasoning,2,0
16349,Water/Wastewater Engineers,"Design pumping systems, pumping stations, pipelines, force mains, or sewers for the collection of wastewater.",Originality,1,0
16347,Water/Wastewater Engineers,Design water distribution systems for potable or non-potable water.,Visualization,3,0
16347,Water/Wastewater Engineers,Design water distribution systems for potable or non-potable water.,Mathematical Reasoning,3,0
16347,Water/Wastewater Engineers,Design water distribution systems for potable or non-potable water.,Deductive Reasoning,2,0
16347,Water/Wastewater Engineers,Design water distribution systems for potable or non-potable water.,Spatial Orientation,2,0
16347,Water/Wastewater Engineers,Design water distribution systems for potable or non-potable water.,Inductive Reasoning,2,0
16347,Water/Wastewater Engineers,Design water distribution systems for potable or non-potable water.,Problem Sensitivity,1,0
16331,Water/Wastewater Engineers,Conduct water quality studies to identify and characterize water pollutant sources.,Inductive Reasoning,3,0
16331,Water/Wastewater Engineers,Conduct water quality studies to identify and characterize water pollutant sources.,Problem Sensitivity,2,0
16331,Water/Wastewater Engineers,Conduct water quality studies to identify and characterize water pollutant sources.,Deductive Reasoning,2,0
16331,Water/Wastewater Engineers,Conduct water quality studies to identify and characterize water pollutant sources.,Number Facility,2,0
16331,Water/Wastewater Engineers,Conduct water quality studies to identify and characterize water pollutant sources.,Mathematical Reasoning,2,0
16331,Water/Wastewater Engineers,Conduct water quality studies to identify and characterize water pollutant sources.,Written Expression,1,0
16331,Water/Wastewater Engineers,Conduct water quality studies to identify and characterize water pollutant sources.,Selective Attention,1,0
16343,Water/Wastewater Engineers,"Analyze and recommend chemical, biological, or other wastewater treatment methods to prepare water for industrial or domestic use.",Inductive Reasoning,3,0
16343,Water/Wastewater Engineers,"Analyze and recommend chemical, biological, or other wastewater treatment methods to prepare water for industrial or domestic use.",Deductive Reasoning,2,0
16343,Water/Wastewater Engineers,"Analyze and recommend chemical, biological, or other wastewater treatment methods to prepare water for industrial or domestic use.",Problem Sensitivity,2,0
16343,Water/Wastewater Engineers,"Analyze and recommend chemical, biological, or other wastewater treatment methods to prepare water for industrial or domestic use.",Mathematical Reasoning,2,0
16343,Water/Wastewater Engineers,"Analyze and recommend chemical, biological, or other wastewater treatment methods to prepare water for industrial or domestic use.",Category Flexibility,2,0
16343,Water/Wastewater Engineers,"Analyze and recommend chemical, biological, or other wastewater treatment methods to prepare water for industrial or domestic use.",Written Expression,1,0
16328,Water/Wastewater Engineers,Identify design alternatives for the development of new water resources.,Inductive Reasoning,3,0
16328,Water/Wastewater Engineers,Identify design alternatives for the development of new water resources.,Originality,2,0
16328,Water/Wastewater Engineers,Identify design alternatives for the development of new water resources.,Deductive Reasoning,2,0
16328,Water/Wastewater Engineers,Identify design alternatives for the development of new water resources.,Fluency of Ideas,2,0
16328,Water/Wastewater Engineers,Identify design alternatives for the development of new water resources.,Problem Sensitivity,2,0
16328,Water/Wastewater Engineers,Identify design alternatives for the development of new water resources.,Visualization,1,0
16345,Water/Wastewater Engineers,"Design water runoff collection networks, water supply channels, or water supply system networks.",Visualization,3,0
16345,Water/Wastewater Engineers,"Design water runoff collection networks, water supply channels, or water supply system networks.",Spatial Orientation,3,0
16345,Water/Wastewater Engineers,"Design water runoff collection networks, water supply channels, or water supply system networks.",Mathematical Reasoning,2,0
16345,Water/Wastewater Engineers,"Design water runoff collection networks, water supply channels, or water supply system networks.",Deductive Reasoning,2,0
16345,Water/Wastewater Engineers,"Design water runoff collection networks, water supply channels, or water supply system networks.",Inductive Reasoning,2,0
16345,Water/Wastewater Engineers,"Design water runoff collection networks, water supply channels, or water supply system networks.",Originality,1,0
16346,Water/Wastewater Engineers,"Design water or wastewater lift stations, including water wells.",Visualization,3,0
16346,Water/Wastewater Engineers,"Design water or wastewater lift stations, including water wells.",Mathematical Reasoning,2,0
16346,Water/Wastewater Engineers,"Design water or wastewater lift stations, including water wells.",Deductive Reasoning,2,0
16346,Water/Wastewater Engineers,"Design water or wastewater lift stations, including water wells.",Inductive Reasoning,2,0
16346,Water/Wastewater Engineers,"Design water or wastewater lift stations, including water wells.",Spatial Orientation,1,0
16346,Water/Wastewater Engineers,"Design water or wastewater lift stations, including water wells.",Problem Sensitivity,1,0
16339,Water/Wastewater Engineers,"Conduct cost-benefit analyses for the construction of water supply systems, runoff collection networks, water and wastewater treatment plants, or wastewater collection systems.",Mathematical Reasoning,3,0
16339,Water/Wastewater Engineers,"Conduct cost-benefit analyses for the construction of water supply systems, runoff collection networks, water and wastewater treatment plants, or wastewater collection systems.",Number Facility,3,0
16339,Water/Wastewater Engineers,"Conduct cost-benefit analyses for the construction of water supply systems, runoff collection networks, water and wastewater treatment plants, or wastewater collection systems.",Deductive Reasoning,2,0
16339,Water/Wastewater Engineers,"Conduct cost-benefit analyses for the construction of water supply systems, runoff collection networks, water and wastewater treatment plants, or wastewater collection systems.",Inductive Reasoning,2,0
16339,Water/Wastewater Engineers,"Conduct cost-benefit analyses for the construction of water supply systems, runoff collection networks, water and wastewater treatment plants, or wastewater collection systems.",Written Comprehension,1,0
16339,Water/Wastewater Engineers,"Conduct cost-benefit analyses for the construction of water supply systems, runoff collection networks, water and wastewater treatment plants, or wastewater collection systems.",Information Ordering,1,0
16326,Water/Wastewater Engineers,Provide technical support on water resource or treatment issues to government agencies.,Oral Expression,3,0
16326,Water/Wastewater Engineers,Provide technical support on water resource or treatment issues to government agencies.,Written Expression,2,0
16326,Water/Wastewater Engineers,Provide technical support on water resource or treatment issues to government agencies.,Oral Comprehension,2,0
16326,Water/Wastewater Engineers,Provide technical support on water resource or treatment issues to government agencies.,Deductive Reasoning,2,0
16326,Water/Wastewater Engineers,Provide technical support on water resource or treatment issues to government agencies.,Speech Clarity,1,0
16326,Water/Wastewater Engineers,Provide technical support on water resource or treatment issues to government agencies.,Written Comprehension,1,0
16337,Water/Wastewater Engineers,"Conduct feasibility studies for the construction of facilities, such as water supply systems, runoff collection networks, water and wastewater treatment plants, or wastewater collection systems.",Inductive Reasoning,3,0
16337,Water/Wastewater Engineers,"Conduct feasibility studies for the construction of facilities, such as water supply systems, runoff collection networks, water and wastewater treatment plants, or wastewater collection systems.",Deductive Reasoning,2,0
16337,Water/Wastewater Engineers,"Conduct feasibility studies for the construction of facilities, such as water supply systems, runoff collection networks, water and wastewater treatment plants, or wastewater collection systems.",Mathematical Reasoning,2,0
16337,Water/Wastewater Engineers,"Conduct feasibility studies for the construction of facilities, such as water supply systems, runoff collection networks, water and wastewater treatment plants, or wastewater collection systems.",Number Facility,2,0
16337,Water/Wastewater Engineers,"Conduct feasibility studies for the construction of facilities, such as water supply systems, runoff collection networks, water and wastewater treatment plants, or wastewater collection systems.",Written Expression,2,0
16337,Water/Wastewater Engineers,"Conduct feasibility studies for the construction of facilities, such as water supply systems, runoff collection networks, water and wastewater treatment plants, or wastewater collection systems.",Problem Sensitivity,1,0
16341,Water/Wastewater Engineers,"Analyze storm water or floodplain drainage systems to control erosion, stabilize river banks, repair channel streams, or design bridges.",Mathematical Reasoning,3,0
16341,Water/Wastewater Engineers,"Analyze storm water or floodplain drainage systems to control erosion, stabilize river banks, repair channel streams, or design bridges.",Inductive Reasoning,3,0
16341,Water/Wastewater Engineers,"Analyze storm water or floodplain drainage systems to control erosion, stabilize river banks, repair channel streams, or design bridges.",Deductive Reasoning,2,0
16341,Water/Wastewater Engineers,"Analyze storm water or floodplain drainage systems to control erosion, stabilize river banks, repair channel streams, or design bridges.",Visualization,2,0
16341,Water/Wastewater Engineers,"Analyze storm water or floodplain drainage systems to control erosion, stabilize river banks, repair channel streams, or design bridges.",Problem Sensitivity,2,0
16341,Water/Wastewater Engineers,"Analyze storm water or floodplain drainage systems to control erosion, stabilize river banks, repair channel streams, or design bridges.",Spatial Orientation,1,0
16335,Water/Wastewater Engineers,"Oversee the construction of decentralized or on-site wastewater treatment systems, including reclaimed water facilities.",Problem Sensitivity,2,0
16335,Water/Wastewater Engineers,"Oversee the construction of decentralized or on-site wastewater treatment systems, including reclaimed water facilities.",Deductive Reasoning,2,0
16335,Water/Wastewater Engineers,"Oversee the construction of decentralized or on-site wastewater treatment systems, including reclaimed water facilities.",Oral Expression,2,0
16335,Water/Wastewater Engineers,"Oversee the construction of decentralized or on-site wastewater treatment systems, including reclaimed water facilities.",Far Vision,2,0
16335,Water/Wastewater Engineers,"Oversee the construction of decentralized or on-site wastewater treatment systems, including reclaimed water facilities.",Information Ordering,2,0
16335,Water/Wastewater Engineers,"Oversee the construction of decentralized or on-site wastewater treatment systems, including reclaimed water facilities.",Written Comprehension,1,0
16335,Water/Wastewater Engineers,"Oversee the construction of decentralized or on-site wastewater treatment systems, including reclaimed water facilities.",Speech Clarity,1,0
16329,Water/Wastewater Engineers,Develop plans for new water resources or water efficiency programs.,Inductive Reasoning,3,0
16329,Water/Wastewater Engineers,Develop plans for new water resources or water efficiency programs.,Originality,2,0
16329,Water/Wastewater Engineers,Develop plans for new water resources or water efficiency programs.,Deductive Reasoning,2,0
16329,Water/Wastewater Engineers,Develop plans for new water resources or water efficiency programs.,Written Expression,2,0
16329,Water/Wastewater Engineers,Develop plans for new water resources or water efficiency programs.,Information Ordering,2,0
16329,Water/Wastewater Engineers,Develop plans for new water resources or water efficiency programs.,Fluency of Ideas,1,0
16333,Water/Wastewater Engineers,"Perform hydrological analyses, using three-dimensional simulation software, to model the movement of water or forecast the dispersion of chemical pollutants in the water supply.",Mathematical Reasoning,3,0
16333,Water/Wastewater Engineers,"Perform hydrological analyses, using three-dimensional simulation software, to model the movement of water or forecast the dispersion of chemical pollutants in the water supply.",Inductive Reasoning,3,0
16333,Water/Wastewater Engineers,"Perform hydrological analyses, using three-dimensional simulation software, to model the movement of water or forecast the dispersion of chemical pollutants in the water supply.",Visualization,3,0
16333,Water/Wastewater Engineers,"Perform hydrological analyses, using three-dimensional simulation software, to model the movement of water or forecast the dispersion of chemical pollutants in the water supply.",Deductive Reasoning,2,0
16333,Water/Wastewater Engineers,"Perform hydrological analyses, using three-dimensional simulation software, to model the movement of water or forecast the dispersion of chemical pollutants in the water supply.",Number Facility,2,0
16333,Water/Wastewater Engineers,"Perform hydrological analyses, using three-dimensional simulation software, to model the movement of water or forecast the dispersion of chemical pollutants in the water supply.",Spatial Orientation,2,0
16334,Water/Wastewater Engineers,"Perform hydraulic analyses of water supply systems or water distribution networks to model flow characteristics, test for pressure losses, or to identify opportunities to mitigate risks and improve operational efficiency.",Mathematical Reasoning,3,0
16334,Water/Wastewater Engineers,"Perform hydraulic analyses of water supply systems or water distribution networks to model flow characteristics, test for pressure losses, or to identify opportunities to mitigate risks and improve operational efficiency.",Deductive Reasoning,3,0
16334,Water/Wastewater Engineers,"Perform hydraulic analyses of water supply systems or water distribution networks to model flow characteristics, test for pressure losses, or to identify opportunities to mitigate risks and improve operational efficiency.",Inductive Reasoning,2,0
16334,Water/Wastewater Engineers,"Perform hydraulic analyses of water supply systems or water distribution networks to model flow characteristics, test for pressure losses, or to identify opportunities to mitigate risks and improve operational efficiency.",Number Facility,2,0
16334,Water/Wastewater Engineers,"Perform hydraulic analyses of water supply systems or water distribution networks to model flow characteristics, test for pressure losses, or to identify opportunities to mitigate risks and improve operational efficiency.",Problem Sensitivity,2,0
16334,Water/Wastewater Engineers,"Perform hydraulic analyses of water supply systems or water distribution networks to model flow characteristics, test for pressure losses, or to identify opportunities to mitigate risks and improve operational efficiency.",Visualization,2,0
16324,Water/Wastewater Engineers,Write technical reports or publications related to water resources development or water use efficiency.,Written Expression,3,0
16324,Water/Wastewater Engineers,Write technical reports or publications related to water resources development or water use efficiency.,Written Comprehension,2,0
16324,Water/Wastewater Engineers,Write technical reports or publications related to water resources development or water use efficiency.,Information Ordering,2,0
16324,Water/Wastewater Engineers,Write technical reports or publications related to water resources development or water use efficiency.,Deductive Reasoning,2,0
16324,Water/Wastewater Engineers,Write technical reports or publications related to water resources development or water use efficiency.,Inductive Reasoning,1,0
16324,Water/Wastewater Engineers,Write technical reports or publications related to water resources development or water use efficiency.,Oral Comprehension,1,0
16344,Water/Wastewater Engineers,Design water storage tanks or other water storage facilities.,Visualization,3,0
16344,Water/Wastewater Engineers,Design water storage tanks or other water storage facilities.,Mathematical Reasoning,2,0
16344,Water/Wastewater Engineers,Design water storage tanks or other water storage facilities.,Deductive Reasoning,2,0
16344,Water/Wastewater Engineers,Design water storage tanks or other water storage facilities.,Spatial Orientation,2,0
16344,Water/Wastewater Engineers,Design water storage tanks or other water storage facilities.,Inductive Reasoning,1,0
16344,Water/Wastewater Engineers,Design water storage tanks or other water storage facilities.,Problem Sensitivity,1,0
16342,Water/Wastewater Engineers,Analyze and recommend sludge treatment or disposal methods.,Inductive Reasoning,3,0
16342,Water/Wastewater Engineers,Analyze and recommend sludge treatment or disposal methods.,Deductive Reasoning,2,0
16342,Water/Wastewater Engineers,Analyze and recommend sludge treatment or disposal methods.,Problem Sensitivity,2,0
16342,Water/Wastewater Engineers,Analyze and recommend sludge treatment or disposal methods.,Mathematical Reasoning,2,0
16342,Water/Wastewater Engineers,Analyze and recommend sludge treatment or disposal methods.,Written Expression,1,0
16342,Water/Wastewater Engineers,Analyze and recommend sludge treatment or disposal methods.,Category Flexibility,1,0
16348,Water/Wastewater Engineers,Design sludge treatment plants.,Visualization,3,0
16348,Water/Wastewater Engineers,Design sludge treatment plants.,Mathematical Reasoning,2,0
16348,Water/Wastewater Engineers,Design sludge treatment plants.,Deductive Reasoning,2,0
16348,Water/Wastewater Engineers,Design sludge treatment plants.,Inductive Reasoning,2,0
16348,Water/Wastewater Engineers,Design sludge treatment plants.,Originality,2,0
16348,Water/Wastewater Engineers,Design sludge treatment plants.,Spatial Orientation,1,0
16336,Water/Wastewater Engineers,Gather and analyze water use data to forecast water demand.,Inductive Reasoning,3,0
16336,Water/Wastewater Engineers,Gather and analyze water use data to forecast water demand.,Mathematical Reasoning,2,0
16336,Water/Wastewater Engineers,Gather and analyze water use data to forecast water demand.,Number Facility,2,0
16336,Water/Wastewater Engineers,Gather and analyze water use data to forecast water demand.,Deductive Reasoning,2,0
16336,Water/Wastewater Engineers,Gather and analyze water use data to forecast water demand.,Selective Attention,2,0
16336,Water/Wastewater Engineers,Gather and analyze water use data to forecast water demand.,Written Comprehension,1,0
16338,Water/Wastewater Engineers,"Conduct environmental impact studies related to water and wastewater collection, treatment, or distribution.",Inductive Reasoning,3,0
16338,Water/Wastewater Engineers,"Conduct environmental impact studies related to water and wastewater collection, treatment, or distribution.",Deductive Reasoning,2,0
16338,Water/Wastewater Engineers,"Conduct environmental impact studies related to water and wastewater collection, treatment, or distribution.",Problem Sensitivity,2,0
16338,Water/Wastewater Engineers,"Conduct environmental impact studies related to water and wastewater collection, treatment, or distribution.",Written Expression,2,0
16338,Water/Wastewater Engineers,"Conduct environmental impact studies related to water and wastewater collection, treatment, or distribution.",Written Comprehension,2,0
16338,Water/Wastewater Engineers,"Conduct environmental impact studies related to water and wastewater collection, treatment, or distribution.",Information Ordering,1,0
16340,Water/Wastewater Engineers,"Analyze the efficiency of water delivery structures, such as dams, tainter gates, canals, pipes, penstocks, or cofferdams.",Mathematical Reasoning,3,0
16340,Water/Wastewater Engineers,"Analyze the efficiency of water delivery structures, such as dams, tainter gates, canals, pipes, penstocks, or cofferdams.",Inductive Reasoning,2,0
16340,Water/Wastewater Engineers,"Analyze the efficiency of water delivery structures, such as dams, tainter gates, canals, pipes, penstocks, or cofferdams.",Deductive Reasoning,2,0
16340,Water/Wastewater Engineers,"Analyze the efficiency of water delivery structures, such as dams, tainter gates, canals, pipes, penstocks, or cofferdams.",Visualization,2,0
16340,Water/Wastewater Engineers,"Analyze the efficiency of water delivery structures, such as dams, tainter gates, canals, pipes, penstocks, or cofferdams.",Problem Sensitivity,2,0
16340,Water/Wastewater Engineers,"Analyze the efficiency of water delivery structures, such as dams, tainter gates, canals, pipes, penstocks, or cofferdams.",Number Facility,2,0
16332,Water/Wastewater Engineers,"Perform mathematical modeling of underground or surface water resources, such as floodplains, ocean coastlines, streams, rivers, or wetlands.",Mathematical Reasoning,3,0
16332,Water/Wastewater Engineers,"Perform mathematical modeling of underground or surface water resources, such as floodplains, ocean coastlines, streams, rivers, or wetlands.",Inductive Reasoning,3,0
16332,Water/Wastewater Engineers,"Perform mathematical modeling of underground or surface water resources, such as floodplains, ocean coastlines, streams, rivers, or wetlands.",Deductive Reasoning,2,0
16332,Water/Wastewater Engineers,"Perform mathematical modeling of underground or surface water resources, such as floodplains, ocean coastlines, streams, rivers, or wetlands.",Visualization,3,0
16332,Water/Wastewater Engineers,"Perform mathematical modeling of underground or surface water resources, such as floodplains, ocean coastlines, streams, rivers, or wetlands.",Spatial Orientation,2,0
16332,Water/Wastewater Engineers,"Perform mathematical modeling of underground or surface water resources, such as floodplains, ocean coastlines, streams, rivers, or wetlands.",Number Facility,2,0
7391,Computer Hardware Engineers,Update knowledge and skills to keep up with rapid advancements in computer technology.,Written Comprehension,3,0
7391,Computer Hardware Engineers,Update knowledge and skills to keep up with rapid advancements in computer technology.,Inductive Reasoning,2,0
7391,Computer Hardware Engineers,Update knowledge and skills to keep up with rapid advancements in computer technology.,Deductive Reasoning,2,0
7391,Computer Hardware Engineers,Update knowledge and skills to keep up with rapid advancements in computer technology.,Speed of Closure,2,0
7391,Computer Hardware Engineers,Update knowledge and skills to keep up with rapid advancements in computer technology.,Memorization,1,0
7391,Computer Hardware Engineers,Update knowledge and skills to keep up with rapid advancements in computer technology.,Flexibility of Closure,1,0
7407,Computer Hardware Engineers,"Design and develop computer hardware and support peripherals, including central processing units (CPUs), support logic, microprocessors, custom integrated circuits, and printers and disk drives.",Inductive Reasoning,3,0
7407,Computer Hardware Engineers,"Design and develop computer hardware and support peripherals, including central processing units (CPUs), support logic, microprocessors, custom integrated circuits, and printers and disk drives.",Deductive Reasoning,3,0
7407,Computer Hardware Engineers,"Design and develop computer hardware and support peripherals, including central processing units (CPUs), support logic, microprocessors, custom integrated circuits, and printers and disk drives.",Originality,3,0
7407,Computer Hardware Engineers,"Design and develop computer hardware and support peripherals, including central processing units (CPUs), support logic, microprocessors, custom integrated circuits, and printers and disk drives.",Mathematical Reasoning,2,0
7407,Computer Hardware Engineers,"Design and develop computer hardware and support peripherals, including central processing units (CPUs), support logic, microprocessors, custom integrated circuits, and printers and disk drives.",Visualization,2,0
7407,Computer Hardware Engineers,"Design and develop computer hardware and support peripherals, including central processing units (CPUs), support logic, microprocessors, custom integrated circuits, and printers and disk drives.",Problem Sensitivity,2,0
7407,Computer Hardware Engineers,"Design and develop computer hardware and support peripherals, including central processing units (CPUs), support logic, microprocessors, custom integrated circuits, and printers and disk drives.",Written Comprehension,1,0
7399,Computer Hardware Engineers,Confer with engineering staff and consult specifications to evaluate interface between hardware and software and operational and performance requirements of overall system.,Oral Comprehension,3,0
7399,Computer Hardware Engineers,Confer with engineering staff and consult specifications to evaluate interface between hardware and software and operational and performance requirements of overall system.,Deductive Reasoning,3,0
7399,Computer Hardware Engineers,Confer with engineering staff and consult specifications to evaluate interface between hardware and software and operational and performance requirements of overall system.,Written Comprehension,2,0
7399,Computer Hardware Engineers,Confer with engineering staff and consult specifications to evaluate interface between hardware and software and operational and performance requirements of overall system.,Problem Sensitivity,2,0
7399,Computer Hardware Engineers,Confer with engineering staff and consult specifications to evaluate interface between hardware and software and operational and performance requirements of overall system.,Oral Expression,2,0
7399,Computer Hardware Engineers,Confer with engineering staff and consult specifications to evaluate interface between hardware and software and operational and performance requirements of overall system.,Speech Recognition,1,0
7399,Computer Hardware Engineers,Confer with engineering staff and consult specifications to evaluate interface between hardware and software and operational and performance requirements of overall system.,Inductive Reasoning,1,0
7396,Computer Hardware Engineers,"Build, test, and modify product prototypes, using working models or theoretical models constructed with computer simulation.",Inductive Reasoning,3,0
7396,Computer Hardware Engineers,"Build, test, and modify product prototypes, using working models or theoretical models constructed with computer simulation.",Deductive Reasoning,2,0
7396,Computer Hardware Engineers,"Build, test, and modify product prototypes, using working models or theoretical models constructed with computer simulation.",Problem Sensitivity,2,0
7396,Computer Hardware Engineers,"Build, test, and modify product prototypes, using working models or theoretical models constructed with computer simulation.",Finger Dexterity,2,0
7396,Computer Hardware Engineers,"Build, test, and modify product prototypes, using working models or theoretical models constructed with computer simulation.",Manual Dexterity,2,0
7396,Computer Hardware Engineers,"Build, test, and modify product prototypes, using working models or theoretical models constructed with computer simulation.",Near Vision,2,0
7396,Computer Hardware Engineers,"Build, test, and modify product prototypes, using working models or theoretical models constructed with computer simulation.",Mathematical Reasoning,1,0
7402,Computer Hardware Engineers,Write detailed functional specifications that document the hardware development process and support hardware introduction.,Written Expression,3,0
7402,Computer Hardware Engineers,Write detailed functional specifications that document the hardware development process and support hardware introduction.,Written Comprehension,2,0
7402,Computer Hardware Engineers,Write detailed functional specifications that document the hardware development process and support hardware introduction.,Information Ordering,2,0
7402,Computer Hardware Engineers,Write detailed functional specifications that document the hardware development process and support hardware introduction.,Deductive Reasoning,2,0
7402,Computer Hardware Engineers,Write detailed functional specifications that document the hardware development process and support hardware introduction.,Oral Comprehension,1,0
7402,Computer Hardware Engineers,Write detailed functional specifications that document the hardware development process and support hardware introduction.,Near Vision,1,0
7393,Computer Hardware Engineers,"Test and verify hardware and support peripherals to ensure that they meet specifications and requirements, by recording and analyzing test data.",Deductive Reasoning,3,0
7393,Computer Hardware Engineers,"Test and verify hardware and support peripherals to ensure that they meet specifications and requirements, by recording and analyzing test data.",Number Facility,2,0
7393,Computer Hardware Engineers,"Test and verify hardware and support peripherals to ensure that they meet specifications and requirements, by recording and analyzing test data.",Selective Attention,2,0
7393,Computer Hardware Engineers,"Test and verify hardware and support peripherals to ensure that they meet specifications and requirements, by recording and analyzing test data.",Near Vision,2,0
7393,Computer Hardware Engineers,"Test and verify hardware and support peripherals to ensure that they meet specifications and requirements, by recording and analyzing test data.",Mathematical Reasoning,2,0
7393,Computer Hardware Engineers,"Test and verify hardware and support peripherals to ensure that they meet specifications and requirements, by recording and analyzing test data.",Problem Sensitivity,2,0
7393,Computer Hardware Engineers,"Test and verify hardware and support peripherals to ensure that they meet specifications and requirements, by recording and analyzing test data.",Written Comprehension,1,0
7398,Computer Hardware Engineers,"Direct technicians, engineering designers or other technical support personnel as needed.",Oral Expression,3,0
7398,Computer Hardware Engineers,"Direct technicians, engineering designers or other technical support personnel as needed.",Oral Comprehension,2,0
7398,Computer Hardware Engineers,"Direct technicians, engineering designers or other technical support personnel as needed.",Deductive Reasoning,1,0
7398,Computer Hardware Engineers,"Direct technicians, engineering designers or other technical support personnel as needed.",Information Ordering,2,0
7398,Computer Hardware Engineers,"Direct technicians, engineering designers or other technical support personnel as needed.",Speech Clarity,2,0
7398,Computer Hardware Engineers,"Direct technicians, engineering designers or other technical support personnel as needed.",Speech Recognition,1,0
7392,Computer Hardware Engineers,"Provide technical support to designers, marketing and sales departments, suppliers, engineers and other team members throughout the product development and implementation process.",Oral Expression,3,0
7392,Computer Hardware Engineers,"Provide technical support to designers, marketing and sales departments, suppliers, engineers and other team members throughout the product development and implementation process.",Oral Comprehension,2,0
7392,Computer Hardware Engineers,"Provide technical support to designers, marketing and sales departments, suppliers, engineers and other team members throughout the product development and implementation process.",Written Comprehension,2,0
7392,Computer Hardware Engineers,"Provide technical support to designers, marketing and sales departments, suppliers, engineers and other team members throughout the product development and implementation process.",Written Expression,2,0
7392,Computer Hardware Engineers,"Provide technical support to designers, marketing and sales departments, suppliers, engineers and other team members throughout the product development and implementation process.",Speech Clarity,1,0
7392,Computer Hardware Engineers,"Provide technical support to designers, marketing and sales departments, suppliers, engineers and other team members throughout the product development and implementation process.",Deductive Reasoning,1,0
7400,Computer Hardware Engineers,"Select hardware and material, assuring compliance with specifications and product requirements.",Deductive Reasoning,3,0
7400,Computer Hardware Engineers,"Select hardware and material, assuring compliance with specifications and product requirements.",Written Comprehension,2,0
7400,Computer Hardware Engineers,"Select hardware and material, assuring compliance with specifications and product requirements.",Inductive Reasoning,2,0
7400,Computer Hardware Engineers,"Select hardware and material, assuring compliance with specifications and product requirements.",Number Facility,1,0
7400,Computer Hardware Engineers,"Select hardware and material, assuring compliance with specifications and product requirements.",Problem Sensitivity,2,0
7400,Computer Hardware Engineers,"Select hardware and material, assuring compliance with specifications and product requirements.",Near Vision,1,0
7401,Computer Hardware Engineers,"Store, retrieve, and manipulate data for analysis of system capabilities and requirements.",Number Facility,2,0
7401,Computer Hardware Engineers,"Store, retrieve, and manipulate data for analysis of system capabilities and requirements.",Deductive Reasoning,2,0
7401,Computer Hardware Engineers,"Store, retrieve, and manipulate data for analysis of system capabilities and requirements.",Mathematical Reasoning,2,0
7401,Computer Hardware Engineers,"Store, retrieve, and manipulate data for analysis of system capabilities and requirements.",Information Ordering,2,0
7401,Computer Hardware Engineers,"Store, retrieve, and manipulate data for analysis of system capabilities and requirements.",Selective Attention,2,0
7401,Computer Hardware Engineers,"Store, retrieve, and manipulate data for analysis of system capabilities and requirements.",Written Comprehension,1,0
7397,Computer Hardware Engineers,Analyze user needs and recommend appropriate hardware.,Inductive Reasoning,3,0
7397,Computer Hardware Engineers,Analyze user needs and recommend appropriate hardware.,Deductive Reasoning,2,0
7397,Computer Hardware Engineers,Analyze user needs and recommend appropriate hardware.,Oral Comprehension,2,0
7397,Computer Hardware Engineers,Analyze user needs and recommend appropriate hardware.,Problem Sensitivity,2,0
7397,Computer Hardware Engineers,Analyze user needs and recommend appropriate hardware.,Written Comprehension,1,0
7397,Computer Hardware Engineers,Analyze user needs and recommend appropriate hardware.,Oral Expression,2,0
7406,Computer Hardware Engineers,"Evaluate factors such as reporting formats required, cost constraints, and need for security restrictions to determine hardware configuration.",Deductive Reasoning,3,0
7406,Computer Hardware Engineers,"Evaluate factors such as reporting formats required, cost constraints, and need for security restrictions to determine hardware configuration.",Inductive Reasoning,2,0
7406,Computer Hardware Engineers,"Evaluate factors such as reporting formats required, cost constraints, and need for security restrictions to determine hardware configuration.",Problem Sensitivity,2,0
7406,Computer Hardware Engineers,"Evaluate factors such as reporting formats required, cost constraints, and need for security restrictions to determine hardware configuration.",Mathematical Reasoning,2,0
7406,Computer Hardware Engineers,"Evaluate factors such as reporting formats required, cost constraints, and need for security restrictions to determine hardware configuration.",Written Comprehension,2,0
7406,Computer Hardware Engineers,"Evaluate factors such as reporting formats required, cost constraints, and need for security restrictions to determine hardware configuration.",Category Flexibility,1,0
7404,Computer Hardware Engineers,Provide training and support to system designers and users.,Oral Expression,3,0
7404,Computer Hardware Engineers,Provide training and support to system designers and users.,Speech Clarity,2,0
7404,Computer Hardware Engineers,Provide training and support to system designers and users.,Oral Comprehension,2,0
7404,Computer Hardware Engineers,Provide training and support to system designers and users.,Written Comprehension,1,0
7404,Computer Hardware Engineers,Provide training and support to system designers and users.,Information Ordering,2,0
7404,Computer Hardware Engineers,Provide training and support to system designers and users.,Speech Recognition,1,0
7394,Computer Hardware Engineers,Monitor functioning of equipment and make necessary modifications to ensure system operates in conformance with specifications.,Problem Sensitivity,3,0
7394,Computer Hardware Engineers,Monitor functioning of equipment and make necessary modifications to ensure system operates in conformance with specifications.,Selective Attention,3,0
7394,Computer Hardware Engineers,Monitor functioning of equipment and make necessary modifications to ensure system operates in conformance with specifications.,Deductive Reasoning,2,0
7394,Computer Hardware Engineers,Monitor functioning of equipment and make necessary modifications to ensure system operates in conformance with specifications.,Inductive Reasoning,2,0
7394,Computer Hardware Engineers,Monitor functioning of equipment and make necessary modifications to ensure system operates in conformance with specifications.,Near Vision,2,0
7394,Computer Hardware Engineers,Monitor functioning of equipment and make necessary modifications to ensure system operates in conformance with specifications.,Mathematical Reasoning,1,0
7403,Computer Hardware Engineers,"Specify power supply requirements and configuration, drawing on system performance expectations and design specifications.",Mathematical Reasoning,3,0
7403,Computer Hardware Engineers,"Specify power supply requirements and configuration, drawing on system performance expectations and design specifications.",Deductive Reasoning,3,0
7403,Computer Hardware Engineers,"Specify power supply requirements and configuration, drawing on system performance expectations and design specifications.",Inductive Reasoning,2,0
7403,Computer Hardware Engineers,"Specify power supply requirements and configuration, drawing on system performance expectations and design specifications.",Number Facility,2,0
7403,Computer Hardware Engineers,"Specify power supply requirements and configuration, drawing on system performance expectations and design specifications.",Written Comprehension,2,0
7403,Computer Hardware Engineers,"Specify power supply requirements and configuration, drawing on system performance expectations and design specifications.",Written Expression,1,0
7405,Computer Hardware Engineers,Assemble and modify existing pieces of equipment to meet special needs.,Finger Dexterity,3,0
7405,Computer Hardware Engineers,Assemble and modify existing pieces of equipment to meet special needs.,Manual Dexterity,3,0
7405,Computer Hardware Engineers,Assemble and modify existing pieces of equipment to meet special needs.,Arm-Hand Steadiness,2,0
7405,Computer Hardware Engineers,Assemble and modify existing pieces of equipment to meet special needs.,Near Vision,2,0
7405,Computer Hardware Engineers,Assemble and modify existing pieces of equipment to meet special needs.,Deductive Reasoning,2,0
7405,Computer Hardware Engineers,Assemble and modify existing pieces of equipment to meet special needs.,Problem Sensitivity,1,0
7405,Computer Hardware Engineers,Assemble and modify existing pieces of equipment to meet special needs.,Visualization,1,0
7395,Computer Hardware Engineers,"Analyze information to determine, recommend, and plan layout, including type of computers and peripheral equipment modifications.",Inductive Reasoning,3,0
7395,Computer Hardware Engineers,"Analyze information to determine, recommend, and plan layout, including type of computers and peripheral equipment modifications.",Deductive Reasoning,2,0
7395,Computer Hardware Engineers,"Analyze information to determine, recommend, and plan layout, including type of computers and peripheral equipment modifications.",Visualization,2,0
7395,Computer Hardware Engineers,"Analyze information to determine, recommend, and plan layout, including type of computers and peripheral equipment modifications.",Spatial Orientation,2,0
7395,Computer Hardware Engineers,"Analyze information to determine, recommend, and plan layout, including type of computers and peripheral equipment modifications.",Written Comprehension,2,0
7395,Computer Hardware Engineers,"Analyze information to determine, recommend, and plan layout, including type of computers and peripheral equipment modifications.",Problem Sensitivity,1,0
7408,Computer Hardware Engineers,"Recommend purchase of equipment to control dust, temperature, and humidity in area of system installation.",Deductive Reasoning,3,0
7408,Computer Hardware Engineers,"Recommend purchase of equipment to control dust, temperature, and humidity in area of system installation.",Inductive Reasoning,2,0
7408,Computer Hardware Engineers,"Recommend purchase of equipment to control dust, temperature, and humidity in area of system installation.",Problem Sensitivity,2,0
7408,Computer Hardware Engineers,"Recommend purchase of equipment to control dust, temperature, and humidity in area of system installation.",Written Comprehension,1,0
7408,Computer Hardware Engineers,"Recommend purchase of equipment to control dust, temperature, and humidity in area of system installation.",Oral Expression,1,0
7408,Computer Hardware Engineers,"Recommend purchase of equipment to control dust, temperature, and humidity in area of system installation.",Written Expression,1,0
1348,Electrical Engineers,"Design, implement, maintain, or improve electrical instruments, equipment, facilities, components, products, or systems for commercial, industrial, or domestic purposes.",Inductive Reasoning,3,0
1348,Electrical Engineers,"Design, implement, maintain, or improve electrical instruments, equipment, facilities, components, products, or systems for commercial, industrial, or domestic purposes.",Deductive Reasoning,2,0
1348,Electrical Engineers,"Design, implement, maintain, or improve electrical instruments, equipment, facilities, components, products, or systems for commercial, industrial, or domestic purposes.",Originality,3,0
1348,Electrical Engineers,"Design, implement, maintain, or improve electrical instruments, equipment, facilities, components, products, or systems for commercial, industrial, or domestic purposes.",Mathematical Reasoning,2,0
1348,Electrical Engineers,"Design, implement, maintain, or improve electrical instruments, equipment, facilities, components, products, or systems for commercial, industrial, or domestic purposes.",Visualization,2,0
1348,Electrical Engineers,"Design, implement, maintain, or improve electrical instruments, equipment, facilities, components, products, or systems for commercial, industrial, or domestic purposes.",Problem Sensitivity,2,0
1348,Electrical Engineers,"Design, implement, maintain, or improve electrical instruments, equipment, facilities, components, products, or systems for commercial, industrial, or domestic purposes.",Written Comprehension,1,0
