task_id,occupation,task_text,ability_name,weight,uncertain
8989,Fire-Prevention and Protection Engineers,"Develop plans for the prevention of destruction by fire, wind, and water.",Inductive Reasoning,3,0
8989,Fire-Prevention and Protection Engineers,"Develop plans for the prevention of destruction by fire, wind, and water.",Deductive Reasoning,3,0
8989,Fire-Prevention and Protection Engineers,"Develop plans for the prevention of destruction by fire, wind, and water.",Problem Sensitivity,3,0
8989,Fire-Prevention and Protection Engineers,"Develop plans for the prevention of destruction by fire, wind, and water.",Information Ordering,2,0
8989,Fire-Prevention and Protection Engineers,"Develop plans for the prevention of destruction by fire, wind, and water.",Written Expression,2,0
8989,Fire-Prevention and Protection Engineers,"Develop plans for the prevention of destruction by fire, wind, and water.",Originality,2,0
8989,Fire-Prevention and Protection Engineers,"Develop plans for the prevention of destruction by fire, wind, and water.",Visualization,2,0
8994,Fire-Prevention and Protection Engineers,Conduct research on fire retardants and the fire safety of materials and devices.,Inductive Reasoning,3,0
8994,Fire-Prevention and Protection Engineers,Conduct research on fire retardants and the fire safety of materials and devices.,Written Comprehension,3,0
8994,Fire-Prevention and Protection Engineers,Conduct research on fire retardants and the fire safety of materials and devices.,Problem Sensitivity,2,0
8994,Fire-Prevention and Protection Engineers,Conduct research on fire retardants and the fire safety of materials and devices.,Deductive Reasoning,2,0
8994,Fire-Prevention and Protection Engineers,Conduct research on fire retardants and the fire safety of materials and devices.,Information Ordering,2,0
8994,Fire-Prevention and Protection Engineers,Conduct research on fire retardants and the fire safety of materials and devices.,Written Expression,2,0
8994,Fire-Prevention and Protection Engineers,Conduct research on fire retardants and the fire safety of materials and devices.,Near Vision,1,0
18607,Industrial Engineers,"Estimate production costs, cost saving methods, and the effects of product design changes on expenditures for management review, action, and control.",Mathematical Reasoning,3,0
18607,Industrial Engineers,"Estimate production costs, cost saving methods, and the effects of product design changes on expenditures for management review, action, and control.",Number Facility,3,0
18607,Industrial Engineers,"Estimate production costs, cost saving methods, and the effects of product design changes on expenditures for management review, action, and control.",Inductive Reasoning,2,0
18607,Industrial Engineers,"Estimate production costs, cost saving methods, and the effects of product design changes on expenditures for management review, action, and control.",Deductive Reasoning,2,0
18607,Industrial Engineers,"Estimate production costs, cost saving methods, and the effects of product design changes on expenditures for management review, action, and control.",Written Expression,2,0
18607,Industrial Engineers,"Estimate production costs, cost saving methods, and the effects of product design changes on expenditures for management review, action, and control.",Information Ordering,2,0
1394,Industrial Engineers,Plan and establish sequence of operations to fabricate and assemble parts or products and to promote efficient utilization.,Information Ordering,3,0
1394,Industrial Engineers,Plan and establish sequence of operations to fabricate and assemble parts or products and to promote efficient utilization.,Deductive Reasoning,3,0
1394,Industrial Engineers,Plan and establish sequence of operations to fabricate and assemble parts or products and to promote efficient utilization.,Inductive Reasoning,2,0
1394,Industrial Engineers,Plan and establish sequence of operations to fabricate and assemble parts or products and to promote efficient utilization.,Visualization,2,0
1394,Industrial Engineers,Plan and establish sequence of operations to fabricate and assemble parts or products and to promote efficient utilization.,Problem Sensitivity,2,0
1394,Industrial Engineers,Plan and establish sequence of operations to fabricate and assemble parts or products and to promote efficient utilization.,Written Comprehension,1,0
1391,Industrial Engineers,Analyze statistical data and product specifications to determine standards and establish quality and reliability objectives of finished product.,Mathematical Reasoning,3,0
1391,Industrial Engineers,Analyze statistical data and product specifications to determine standards and establish quality and reliability objectives of finished product.,Inductive Reasoning,3,0
1391,Industrial Engineers,Analyze statistical data and product specifications to determine standards and establish quality and reliability objectives of finished product.,Number Facility,2,0
1391,Industrial Engineers,Analyze statistical data and product specifications to determine standards and establish quality and reliability objectives of finished product.,Deductive Reasoning,2,0
1391,Industrial Engineers,Analyze statistical data and product specifications to determine standards and establish quality and reliability objectives of finished product.,Written Comprehension,2,0
1391,Industrial Engineers,Analyze statistical data and product specifications to determine standards and establish quality and reliability objectives of finished product.,Problem Sensitivity,2,0
1391,Industrial Engineers,Analyze statistical data and product specifications to determine standards and establish quality and reliability objectives of finished product.,Perceptual Speed,1,0
18609,Industrial Engineers,"Confer with clients, vendors, staff, and management personnel regarding purchases, product and production specifications, manufacturing capabilities, or project status.",Oral Comprehension,3,0
18609,Industrial Engineers,"Confer with clients, vendors, staff, and management personnel regarding purchases, product and production specifications, manufacturing capabilities, or project status.",Oral Expression,3,0
18609,Industrial Engineers,"Confer with clients, vendors, staff, and management personnel regarding purchases, product and production specifications, manufacturing capabilities, or project status.",Written Comprehension,2,0
18609,Industrial Engineers,"Confer with clients, vendors, staff, and management personnel regarding purchases, product and production specifications, manufacturing capabilities, or project status.",Speech Recognition,2,0
18609,Industrial Engineers,"Confer with clients, vendors, staff, and management personnel regarding purchases, product and production specifications, manufacturing capabilities, or project status.",Speech Clarity,2,0
18609,Industrial Engineers,"Confer with clients, vendors, staff, and management personnel regarding purchases, product and production specifications, manufacturing capabilities, or project status.",Deductive Reasoning,1,0
1400,Industrial Engineers,Communicate with management and user personnel to develop production and design standards.,Oral Comprehension,3,0
1400,Industrial Engineers,Communicate with management and user personnel to develop production and design standards.,Oral Expression,3,0
1400,Industrial Engineers,Communicate with management and user personnel to develop production and design standards.,Written Expression,2,0
1400,Industrial Engineers,Communicate with management and user personnel to develop production and design standards.,Deductive Reasoning,2,0
1400,Industrial Engineers,Communicate with management and user personnel to develop production and design standards.,Speech Clarity,2,0
1400,Industrial Engineers,Communicate with management and user personnel to develop production and design standards.,Speech Recognition,1,0
1407,Industrial Engineers,Evaluate precision and accuracy of production and testing equipment and engineering drawings to formulate corrective action plan.,Perceptual Speed,3,0
1407,Industrial Engineers,Evaluate precision and accuracy of production and testing equipment and engineering drawings to formulate corrective action plan.,Problem Sensitivity,3,0
1407,Industrial Engineers,Evaluate precision and accuracy of production and testing equipment and engineering drawings to formulate corrective action plan.,Deductive Reasoning,2,0
1407,Industrial Engineers,Evaluate precision and accuracy of production and testing equipment and engineering drawings to formulate corrective action plan.,Written Comprehension,2,0
1407,Industrial Engineers,Evaluate precision and accuracy of production and testing equipment and engineering drawings to formulate corrective action plan.,Near Vision,2,0
1407,Industrial Engineers,Evaluate precision and accuracy of production and testing equipment and engineering drawings to formulate corrective action plan.,Inductive Reasoning,2,0
1393,Industrial Engineers,"Recommend methods for improving utilization of personnel, material, and utilities.",Inductive Reasoning,3,0
1393,Industrial Engineers,"Recommend methods for improving utilization of personnel, material, and utilities.",Deductive Reasoning,2,0
1393,Industrial Engineers,"Recommend methods for improving utilization of personnel, material, and utilities.",Problem Sensitivity,2,0
1393,Industrial Engineers,"Recommend methods for improving utilization of personnel, material, and utilities.",Originality,2,0
1393,Industrial Engineers,"Recommend methods for improving utilization of personnel, material, and utilities.",Written Expression,2,0
1393,Industrial Engineers,"Recommend methods for improving utilization of personnel, material, and utilities.",Oral Expression,1,0
1403,Industrial Engineers,Record or oversee recording of information to ensure currency of engineering drawings and documentation of production problems.,Written Expression,3,0
1403,Industrial Engineers,Record or oversee recording of information to ensure currency of engineering drawings and documentation of production problems.,Information Ordering,2,0
1403,Industrial Engineers,Record or oversee recording of information to ensure currency of engineering drawings and documentation of production problems.,Perceptual Speed,2,0
1403,Industrial Engineers,Record or oversee recording of information to ensure currency of engineering drawings and documentation of production problems.,Written Comprehension,2,0
1403,Industrial Engineers,Record or oversee recording of information to ensure currency of engineering drawings and documentation of production problems.,Near Vision,1,0
1403,Industrial Engineers,Record or oversee recording of information to ensure currency of engineering drawings and documentation of production problems.,Selective Attention,1,0
1398,Industrial Engineers,"Draft and design layout of equipment, materials, and workspace to illustrate maximum efficiency using drafting tools and computer.",Visualization,3,0
1398,Industrial Engineers,"Draft and design layout of equipment, materials, and workspace to illustrate maximum efficiency using drafting tools and computer.",Spatial Orientation,2,0
1398,Industrial Engineers,"Draft and design layout of equipment, materials, and workspace to illustrate maximum efficiency using drafting tools and computer.",Deductive Reasoning,2,0
1398,Industrial Engineers,"Draft and design layout of equipment, materials, and workspace to illustrate maximum efficiency using drafting tools and computer.",Near Vision,2,0
1398,Industrial Engineers,"Draft and design layout of equipment, materials, and workspace to illustrate maximum efficiency using drafting tools and computer.",Finger Dexterity,2,0
1398,Industrial Engineers,"Draft and design layout of equipment, materials, and workspace to illustrate maximum efficiency using drafting tools and computer.",Arm-Hand Steadiness,1,0
1398,Industrial Engineers,"Draft and design layout of equipment, materials, and workspace to illustrate maximum efficiency using drafting tools and computer.",Originality,1,0
1405,Industrial Engineers,"Direct workers engaged in product measurement, inspection, and testing activities to ensure quality control and reliability.",Deductive Reasoning,3,0
1405,Industrial Engineers,"Direct workers engaged in product measurement, inspection, and testing activities to ensure quality control and reliability.",Problem Sensitivity,2,0
1405,Industrial Engineers,"Direct workers engaged in product measurement, inspection, and testing activities to ensure quality control and reliability.",Oral Expression,2,0
1405,Industrial Engineers,"Direct workers engaged in product measurement, inspection, and testing activities to ensure quality control and reliability.",Written Comprehension,2,0
1405,Industrial Engineers,"Direct workers engaged in product measurement, inspection, and testing activities to ensure quality control and reliability.",Inductive Reasoning,2,0
1405,Industrial Engineers,"Direct workers engaged in product measurement, inspection, and testing activities to ensure quality control and reliability.",Near Vision,1,0
1392,Industrial Engineers,"Develop manufacturing methods, labor utilization standards, and cost analysis systems to promote efficient staff and facility utilization.",Inductive Reasoning,3,0
1392,Industrial Engineers,"Develop manufacturing methods, labor utilization standards, and cost analysis systems to promote efficient staff and facility utilization.",Mathematical Reasoning,3,0
1392,Industrial Engineers,"Develop manufacturing methods, labor utilization standards, and cost analysis systems to promote efficient staff and facility utilization.",Number Facility,2,0
1392,Industrial Engineers,"Develop manufacturing methods, labor utilization standards, and cost analysis systems to promote efficient staff and facility utilization.",Deductive Reasoning,2,0
1392,Industrial Engineers,"Develop manufacturing methods, labor utilization standards, and cost analysis systems to promote efficient staff and facility utilization.",Originality,2,0
1392,Industrial Engineers,"Develop manufacturing methods, labor utilization standards, and cost analysis systems to promote efficient staff and facility utilization.",Written Expression,2,0
1392,Industrial Engineers,"Develop manufacturing methods, labor utilization standards, and cost analysis systems to promote efficient staff and facility utilization.",Information Ordering,1,0
1399,Industrial Engineers,"Review production schedules, engineering specifications, orders, and related information to obtain knowledge of manufacturing methods, procedures, and activities.",Written Comprehension,3,0
1399,Industrial Engineers,"Review production schedules, engineering specifications, orders, and related information to obtain knowledge of manufacturing methods, procedures, and activities.",Information Ordering,2,0
1399,Industrial Engineers,"Review production schedules, engineering specifications, orders, and related information to obtain knowledge of manufacturing methods, procedures, and activities.",Deductive Reasoning,2,0
1399,Industrial Engineers,"Review production schedules, engineering specifications, orders, and related information to obtain knowledge of manufacturing methods, procedures, and activities.",Inductive Reasoning,2,0
1399,Industrial Engineers,"Review production schedules, engineering specifications, orders, and related information to obtain knowledge of manufacturing methods, procedures, and activities.",Memorization,1,0
1399,Industrial Engineers,"Review production schedules, engineering specifications, orders, and related information to obtain knowledge of manufacturing methods, procedures, and activities.",Near Vision,1,0
1408,Industrial Engineers,"Complete production reports, purchase orders, and material, tool, and equipment lists.",Written Expression,3,0
1408,Industrial Engineers,"Complete production reports, purchase orders, and material, tool, and equipment lists.",Number Facility,2,0
1408,Industrial Engineers,"Complete production reports, purchase orders, and material, tool, and equipment lists.",Information Ordering,2,0
1408,Industrial Engineers,"Complete production reports, purchase orders, and material, tool, and equipment lists.",Written Comprehension,2,0
1408,Industrial Engineers,"Complete production reports, purchase orders, and material, tool, and equipment lists.",Selective Attention,2,0
1408,Industrial Engineers,"Complete production reports, purchase orders, and material, tool, and equipment lists.",Near Vision,1,0
18608,Industrial Engineers,"Coordinate and implement quality control objectives, activities, or procedures to resolve production problems, maximize product reliability, or minimize costs.",Deductive Reasoning,3,0
18608,Industrial Engineers,"Coordinate and implement quality control objectives, activities, or procedures to resolve production problems, maximize product reliability, or minimize costs.",Problem Sensitivity,3,0
18608,Industrial Engineers,"Coordinate and implement quality control objectives, activities, or procedures to resolve production problems, maximize product reliability, or minimize costs.",Inductive Reasoning,2,0
18608,Industrial Engineers,"Coordinate and implement quality control objectives, activities, or procedures to resolve production problems, maximize product reliability, or minimize costs.",Information Ordering,2,0
18608,Industrial Engineers,"Coordinate and implement quality control objectives, activities, or procedures to resolve production problems, maximize product reliability, or minimize costs.",Oral Expression,2,0
18608,Industrial Engineers,"Coordinate and implement quality control objectives, activities, or procedures to resolve production problems, maximize product reliability, or minimize costs.",Written Expression,1,0
1406,Industrial Engineers,"Implement methods and procedures for disposition of discrepant material and defective or damaged parts, and assess cost and responsibility.",Deductive Reasoning,3,0
1406,Industrial Engineers,"Implement methods and procedures for disposition of discrepant material and defective or damaged parts, and assess cost and responsibility.",Problem Sensitivity,2,0
1406,Industrial Engineers,"Implement methods and procedures for disposition of discrepant material and defective or damaged parts, and assess cost and responsibility.",Information Ordering,2,0
1406,Industrial Engineers,"Implement methods and procedures for disposition of discrepant material and defective or damaged parts, and assess cost and responsibility.",Inductive Reasoning,2,0
1406,Industrial Engineers,"Implement methods and procedures for disposition of discrepant material and defective or damaged parts, and assess cost and responsibility.",Written Comprehension,2,0
1406,Industrial Engineers,"Implement methods and procedures for disposition of discrepant material and defective or damaged parts, and assess cost and responsibility.",Written Expression,1,0
1395,Industrial Engineers,"Apply statistical methods and perform mathematical calculations to determine manufacturing processes, staff requirements, and production standards.",Mathematical Reasoning,3,0
1395,Industrial Engineers,"Apply statistical methods and perform mathematical calculations to determine manufacturing processes, staff requirements, and production standards.",Number Facility,3,0
1395,Industrial Engineers,"Apply statistical methods and perform mathematical calculations to determine manufacturing processes, staff requirements, and production standards.",Inductive Reasoning,2,0
1395,Industrial Engineers,"Apply statistical methods and perform mathematical calculations to determine manufacturing processes, staff requirements, and production standards.",Deductive Reasoning,2,0
1395,Industrial Engineers,"Apply statistical methods and perform mathematical calculations to determine manufacturing processes, staff requirements, and production standards.",Problem Sensitivity,2,0
1395,Industrial Engineers,"Apply statistical methods and perform mathematical calculations to determine manufacturing processes, staff requirements, and production standards.",Information Ordering,1,0
1404,Industrial Engineers,"Study operations sequence, material flow, functional statements, organization charts, and project information to determine worker functions and responsibilities.",Written Comprehension,3,0
1404,Industrial Engineers,"Study operations sequence, material flow, functional statements, organization charts, and project information to determine worker functions and responsibilities.",Inductive Reasoning,3,0
1404,Industrial Engineers,"Study operations sequence, material flow, functional statements, organization charts, and project information to determine worker functions and responsibilities.",Information Ordering,2,0
1404,Industrial Engineers,"Study operations sequence, material flow, functional statements, organization charts, and project information to determine worker functions and responsibilities.",Deductive Reasoning,2,0
1404,Industrial Engineers,"Study operations sequence, material flow, functional statements, organization charts, and project information to determine worker functions and responsibilities.",Category Flexibility,2,0
1404,Industrial Engineers,"Study operations sequence, material flow, functional statements, organization charts, and project information to determine worker functions and responsibilities.",Near Vision,1,0
1402,Industrial Engineers,"Formulate sampling procedures and designs and develop forms and instructions for recording, evaluating, and reporting quality and reliability data.",Inductive Reasoning,3,0
1402,Industrial Engineers,"Formulate sampling procedures and designs and develop forms and instructions for recording, evaluating, and reporting quality and reliability data.",Information Ordering,3,0
1402,Industrial Engineers,"Formulate sampling procedures and designs and develop forms and instructions for recording, evaluating, and reporting quality and reliability data.",Written Expression,2,0
1402,Industrial Engineers,"Formulate sampling procedures and designs and develop forms and instructions for recording, evaluating, and reporting quality and reliability data.",Mathematical Reasoning,2,0
1402,Industrial Engineers,"Formulate sampling procedures and designs and develop forms and instructions for recording, evaluating, and reporting quality and reliability data.",Deductive Reasoning,2,0
1402,Industrial Engineers,"Formulate sampling procedures and designs and develop forms and instructions for recording, evaluating, and reporting quality and reliability data.",Originality,1,0
1410,Industrial Engineers,Regulate and alter workflow schedules according to established manufacturing sequences and lead times to expedite production operations.,Information Ordering,3,0
1410,Industrial Engineers,Regulate and alter workflow schedules according to established manufacturing sequences and lead times to expedite production operations.,Deductive Reasoning,2,0
1410,Industrial Engineers,Regulate and alter workflow schedules according to established manufacturing sequences and lead times to expedite production operations.,Time Sharing,2,0
1410,Industrial Engineers,Regulate and alter workflow schedules according to established manufacturing sequences and lead times to expedite production operations.,Problem Sensitivity,2,0
1410,Industrial Engineers,Regulate and alter workflow schedules according to established manufacturing sequences and lead times to expedite production operations.,Written Comprehension,1,0
1410,Industrial Engineers,Regulate and alter workflow schedules according to established manufacturing sequences and lead times to expedite production operations.,Selective Attention,1,0
1409,Industrial Engineers,"Schedule deliveries based on production forecasts, material substitutions, storage and handling facilities, and maintenance requirements.",Information Ordering,3,0
1409,Industrial Engineers,"Schedule deliveries based on production forecasts, material substitutions, storage and handling facilities, and maintenance requirements.",Deductive Reasoning,2,0
1409,Industrial Engineers,"Schedule deliveries based on production forecasts, material substitutions, storage and handling facilities, and maintenance requirements.",Mathematical Reasoning,2,0
1409,Industrial Engineers,"Schedule deliveries based on production forecasts, material substitutions, storage and handling facilities, and maintenance requirements.",Problem Sensitivity,2,0
1409,Industrial Engineers,"Schedule deliveries based on production forecasts, material substitutions, storage and handling facilities, and maintenance requirements.",Written Comprehension,2,0
1409,Industrial Engineers,"Schedule deliveries based on production forecasts, material substitutions, storage and handling facilities, and maintenance requirements.",Number Facility,1,0
16393,Human Factors Engineers and Ergonomists,Collect data through direct observation of work activities or witnessing the conduct of tests.,Selective Attention,3,0
16393,Human Factors Engineers and Ergonomists,Collect data through direct observation of work activities or witnessing the conduct of tests.,Perceptual Speed,2,0
16393,Human Factors Engineers and Ergonomists,Collect data through direct observation of work activities or witnessing the conduct of tests.,Near Vision,2,0
16393,Human Factors Engineers and Ergonomists,Collect data through direct observation of work activities or witnessing the conduct of tests.,Inductive Reasoning,2,0
16393,Human Factors Engineers and Ergonomists,Collect data through direct observation of work activities or witnessing the conduct of tests.,Written Expression,2,0
16393,Human Factors Engineers and Ergonomists,Collect data through direct observation of work activities or witnessing the conduct of tests.,Information Ordering,1,0
16378,Human Factors Engineers and Ergonomists,"Conduct interviews or surveys of users or customers to collect information on topics, such as requirements, needs, fatigue, ergonomics, or interfaces.",Oral Comprehension,3,0
16378,Human Factors Engineers and Ergonomists,"Conduct interviews or surveys of users or customers to collect information on topics, such as requirements, needs, fatigue, ergonomics, or interfaces.",Oral Expression,3,0
16378,Human Factors Engineers and Ergonomists,"Conduct interviews or surveys of users or customers to collect information on topics, such as requirements, needs, fatigue, ergonomics, or interfaces.",Written Expression,2,0
16378,Human Factors Engineers and Ergonomists,"Conduct interviews or surveys of users or customers to collect information on topics, such as requirements, needs, fatigue, ergonomics, or interfaces.",Inductive Reasoning,2,0
16378,Human Factors Engineers and Ergonomists,"Conduct interviews or surveys of users or customers to collect information on topics, such as requirements, needs, fatigue, ergonomics, or interfaces.",Speech Recognition,2,0
16378,Human Factors Engineers and Ergonomists,"Conduct interviews or surveys of users or customers to collect information on topics, such as requirements, needs, fatigue, ergonomics, or interfaces.",Speech Clarity,2,0
16396,Human Factors Engineers and Ergonomists,"Advocate for end users in collaboration with other professionals, including engineers, designers, managers, or customers.",Oral Expression,3,0
16396,Human Factors Engineers and Ergonomists,"Advocate for end users in collaboration with other professionals, including engineers, designers, managers, or customers.",Oral Comprehension,3,0
16396,Human Factors Engineers and Ergonomists,"Advocate for end users in collaboration with other professionals, including engineers, designers, managers, or customers.",Deductive Reasoning,2,0
16396,Human Factors Engineers and Ergonomists,"Advocate for end users in collaboration with other professionals, including engineers, designers, managers, or customers.",Speech Clarity,2,0
16396,Human Factors Engineers and Ergonomists,"Advocate for end users in collaboration with other professionals, including engineers, designers, managers, or customers.",Written Expression,1,0
16396,Human Factors Engineers and Ergonomists,"Advocate for end users in collaboration with other professionals, including engineers, designers, managers, or customers.",Speech Recognition,1,0
16387,Human Factors Engineers and Ergonomists,Inspect work sites to identify physical hazards.,Problem Sensitivity,3,0
16387,Human Factors Engineers and Ergonomists,Inspect work sites to identify physical hazards.,Near Vision,3,0
16387,Human Factors Engineers and Ergonomists,Inspect work sites to identify physical hazards.,Far Vision,2,0
16387,Human Factors Engineers and Ergonomists,Inspect work sites to identify physical hazards.,Inductive Reasoning,2,0
16387,Human Factors Engineers and Ergonomists,Inspect work sites to identify physical hazards.,Perceptual Speed,2,0
16387,Human Factors Engineers and Ergonomists,Inspect work sites to identify physical hazards.,Gross Body Coordination,1,0
16381,Human Factors Engineers and Ergonomists,"Prepare reports or presentations summarizing results or conclusions of human factors engineering or ergonomics activities, such as testing, investigation, or validation.",Written Expression,3,0
16381,Human Factors Engineers and Ergonomists,"Prepare reports or presentations summarizing results or conclusions of human factors engineering or ergonomics activities, such as testing, investigation, or validation.",Oral Expression,2,0
16381,Human Factors Engineers and Ergonomists,"Prepare reports or presentations summarizing results or conclusions of human factors engineering or ergonomics activities, such as testing, investigation, or validation.",Information Ordering,2,0
16381,Human Factors Engineers and Ergonomists,"Prepare reports or presentations summarizing results or conclusions of human factors engineering or ergonomics activities, such as testing, investigation, or validation.",Written Comprehension,2,0
16381,Human Factors Engineers and Ergonomists,"Prepare reports or presentations summarizing results or conclusions of human factors engineering or ergonomics activities, such as testing, investigation, or validation.",Speech Clarity,2,0
16381,Human Factors Engineers and Ergonomists,"Prepare reports or presentations summarizing results or conclusions of human factors engineering or ergonomics activities, such as testing, investigation, or validation.",Inductive Reasoning,1,0
16379,Human Factors Engineers and Ergonomists,"Recommend workplace changes to improve health and safety, using knowledge of potentially harmful factors, such as heavy loads or repetitive motions.",Deductive Reasoning,3,0
16379,Human Factors Engineers and Ergonomists,"Recommend workplace changes to improve health and safety, using knowledge of potentially harmful factors, such as heavy loads or repetitive motions.",Inductive Reasoning,2,0
16379,Human Factors Engineers and Ergonomists,"Recommend workplace changes to improve health and safety, using knowledge of potentially harmful factors, such as heavy loads or repetitive motions.",Problem Sensitivity,2,0
16379,Human Factors Engineers and Ergonomists,"Recommend workplace changes to improve health and safety, using knowledge of potentially harmful factors, such as heavy loads or repetitive motions.",Written Expression,2,0
16379,Human Factors Engineers and Ergonomists,"Recommend workplace changes to improve health and safety, using knowledge of potentially harmful factors, such as heavy loads or repetitive motions.",Oral Expression,2,0
16379,Human Factors Engineers and Ergonomists,"Recommend workplace changes to improve health and safety, using knowledge of potentially harmful factors, such as heavy loads or repetitive motions.",Written Comprehension,1,0
16383,Human Factors Engineers and Ergonomists,"Perform functional, task, or anthropometric analysis, using tools, such as checklists, surveys, videotaping, or force measurement.",Inductive Reasoning,3,0
16383,Human Factors Engineers and Ergonomists,"Perform functional, task, or anthropometric analysis, using tools, such as checklists, surveys, videotaping, or force measurement.",Mathematical Reasoning,2,0
16383,Human Factors Engineers and Ergonomists,"Perform functional, task, or anthropometric analysis, using tools, such as checklists, surveys, videotaping, or force measurement.",Number Facility,2,0
16383,Human Factors Engineers and Ergonomists,"Perform functional, task, or anthropometric analysis, using tools, such as checklists, surveys, videotaping, or force measurement.",Written Comprehension,2,0
16383,Human Factors Engineers and Ergonomists,"Perform functional, task, or anthropometric analysis, using tools, such as checklists, surveys, videotaping, or force measurement.",Information Ordering,2,0
16383,Human Factors Engineers and Ergonomists,"Perform functional, task, or anthropometric analysis, using tools, such as checklists, surveys, videotaping, or force measurement.",Near Vision,1,0
16380,Human Factors Engineers and Ergonomists,"Provide technical support to clients through activities, such as rearranging workplace fixtures to reduce physical hazards or discomfort or modifying task sequences to reduce cycle time.",Deductive Reasoning,3,0
16380,Human Factors Engineers and Ergonomists,"Provide technical support to clients through activities, such as rearranging workplace fixtures to reduce physical hazards or discomfort or modifying task sequences to reduce cycle time.",Oral Expression,2,0
16380,Human Factors Engineers and Ergonomists,"Provide technical support to clients through activities, such as rearranging workplace fixtures to reduce physical hazards or discomfort or modifying task sequences to reduce cycle time.",Inductive Reasoning,2,0
16380,Human Factors Engineers and Ergonomists,"Provide technical support to clients through activities, such as rearranging workplace fixtures to reduce physical hazards or discomfort or modifying task sequences to reduce cycle time.",Problem Sensitivity,2,0
16380,Human Factors Engineers and Ergonomists,"Provide technical support to clients through activities, such as rearranging workplace fixtures to reduce physical hazards or discomfort or modifying task sequences to reduce cycle time.",Written Comprehension,2,0
16380,Human Factors Engineers and Ergonomists,"Provide technical support to clients through activities, such as rearranging workplace fixtures to reduce physical hazards or discomfort or modifying task sequences to reduce cycle time.",Oral Comprehension,1,0
16392,Human Factors Engineers and Ergonomists,Assess the user-interface or usability characteristics of products.,Inductive Reasoning,3,0
16392,Human Factors Engineers and Ergonomists,Assess the user-interface or usability characteristics of products.,Perceptual Speed,3,0
16392,Human Factors Engineers and Ergonomists,Assess the user-interface or usability characteristics of products.,Problem Sensitivity,2,0
16392,Human Factors Engineers and Ergonomists,Assess the user-interface or usability characteristics of products.,Near Vision,2,0
16392,Human Factors Engineers and Ergonomists,Assess the user-interface or usability characteristics of products.,Written Comprehension,2,0
16392,Human Factors Engineers and Ergonomists,Assess the user-interface or usability characteristics of products.,Deductive Reasoning,2,0
16386,Human Factors Engineers and Ergonomists,Establish system operating or training requirements to ensure optimized human-machine interfaces.,Deductive Reasoning,3,0
16386,Human Factors Engineers and Ergonomists,Establish system operating or training requirements to ensure optimized human-machine interfaces.,Inductive Reasoning,2,0
16386,Human Factors Engineers and Ergonomists,Establish system operating or training requirements to ensure optimized human-machine interfaces.,Written Expression,2,0
16386,Human Factors Engineers and Ergonomists,Establish system operating or training requirements to ensure optimized human-machine interfaces.,Oral Expression,2,0
16386,Human Factors Engineers and Ergonomists,Establish system operating or training requirements to ensure optimized human-machine interfaces.,Problem Sensitivity,2,0
16386,Human Factors Engineers and Ergonomists,Establish system operating or training requirements to ensure optimized human-machine interfaces.,Information Ordering,1,0
16385,Human Factors Engineers and Ergonomists,Integrate human factors requirements into operational hardware.,Deductive Reasoning,3,0
16385,Human Factors Engineers and Ergonomists,Integrate human factors requirements into operational hardware.,Inductive Reasoning,2,0
16385,Human Factors Engineers and Ergonomists,Integrate human factors requirements into operational hardware.,Visualization,2,0
16385,Human Factors Engineers and Ergonomists,Integrate human factors requirements into operational hardware.,Written Comprehension,2,0
16385,Human Factors Engineers and Ergonomists,Integrate human factors requirements into operational hardware.,Problem Sensitivity,2,0
16385,Human Factors Engineers and Ergonomists,Integrate human factors requirements into operational hardware.,Near Vision,1,0
16374,Human Factors Engineers and Ergonomists,"Review health, safety, accident, or worker compensation records to evaluate safety program effectiveness or to identify jobs with high incidence of injury.",Written Comprehension,3,0
16374,Human Factors Engineers and Ergonomists,"Review health, safety, accident, or worker compensation records to evaluate safety program effectiveness or to identify jobs with high incidence of injury.",Inductive Reasoning,3,0
16374,Human Factors Engineers and Ergonomists,"Review health, safety, accident, or worker compensation records to evaluate safety program effectiveness or to identify jobs with high incidence of injury.",Deductive Reasoning,2,0
16374,Human Factors Engineers and Ergonomists,"Review health, safety, accident, or worker compensation records to evaluate safety program effectiveness or to identify jobs with high incidence of injury.",Problem Sensitivity,2,0
16374,Human Factors Engineers and Ergonomists,"Review health, safety, accident, or worker compensation records to evaluate safety program effectiveness or to identify jobs with high incidence of injury.",Information Ordering,2,0
16374,Human Factors Engineers and Ergonomists,"Review health, safety, accident, or worker compensation records to evaluate safety program effectiveness or to identify jobs with high incidence of injury.",Near Vision,1,0
16397,Human Factors Engineers and Ergonomists,"Design or evaluate human work systems, using human factors engineering and ergonomic principles to optimize usability, cost, quality, safety, or performance.",Inductive Reasoning,3,0
16397,Human Factors Engineers and Ergonomists,"Design or evaluate human work systems, using human factors engineering and ergonomic principles to optimize usability, cost, quality, safety, or performance.",Deductive Reasoning,3,0
16397,Human Factors Engineers and Ergonomists,"Design or evaluate human work systems, using human factors engineering and ergonomic principles to optimize usability, cost, quality, safety, or performance.",Problem Sensitivity,2,0
16397,Human Factors Engineers and Ergonomists,"Design or evaluate human work systems, using human factors engineering and ergonomic principles to optimize usability, cost, quality, safety, or performance.",Originality,2,0
16397,Human Factors Engineers and Ergonomists,"Design or evaluate human work systems, using human factors engineering and ergonomic principles to optimize usability, cost, quality, safety, or performance.",Visualization,2,0
16397,Human Factors Engineers and Ergonomists,"Design or evaluate human work systems, using human factors engineering and ergonomic principles to optimize usability, cost, quality, safety, or performance.",Written Comprehension,2,0
16397,Human Factors Engineers and Ergonomists,"Design or evaluate human work systems, using human factors engineering and ergonomic principles to optimize usability, cost, quality, safety, or performance.",Mathematical Reasoning,1,0
16372,Human Factors Engineers and Ergonomists,"Write, review, or comment on documents, such as proposals, test plans, or procedures.",Written Comprehension,3,0
16372,Human Factors Engineers and Ergonomists,"Write, review, or comment on documents, such as proposals, test plans, or procedures.",Written Expression,3,0
16372,Human Factors Engineers and Ergonomists,"Write, review, or comment on documents, such as proposals, test plans, or procedures.",Deductive Reasoning,2,0
16372,Human Factors Engineers and Ergonomists,"Write, review, or comment on documents, such as proposals, test plans, or procedures.",Inductive Reasoning,2,0
16372,Human Factors Engineers and Ergonomists,"Write, review, or comment on documents, such as proposals, test plans, or procedures.",Near Vision,1,0
16372,Human Factors Engineers and Ergonomists,"Write, review, or comment on documents, such as proposals, test plans, or procedures.",Information Ordering,1,0
16373,Human Factors Engineers and Ergonomists,Train users in task techniques or ergonomic principles.,Oral Expression,3,0
16373,Human Factors Engineers and Ergonomists,Train users in task techniques or ergonomic principles.,Oral Comprehension,2,0
16373,Human Factors Engineers and Ergonomists,Train users in task techniques or ergonomic principles.,Speech Clarity,2,0
16373,Human Factors Engineers and Ergonomists,Train users in task techniques or ergonomic principles.,Written Comprehension,2,0
16373,Human Factors Engineers and Ergonomists,Train users in task techniques or ergonomic principles.,Information Ordering,2,0
16373,Human Factors Engineers and Ergonomists,Train users in task techniques or ergonomic principles.,Deductive Reasoning,1,0
16391,Human Factors Engineers and Ergonomists,"Conduct research to evaluate potential solutions related to changes in equipment design, procedures, manpower, personnel, or training.",Inductive Reasoning,3,0
16391,Human Factors Engineers and Ergonomists,"Conduct research to evaluate potential solutions related to changes in equipment design, procedures, manpower, personnel, or training.",Deductive Reasoning,2,0
16391,Human Factors Engineers and Ergonomists,"Conduct research to evaluate potential solutions related to changes in equipment design, procedures, manpower, personnel, or training.",Problem Sensitivity,2,0
16391,Human Factors Engineers and Ergonomists,"Conduct research to evaluate potential solutions related to changes in equipment design, procedures, manpower, personnel, or training.",Written Comprehension,2,0
16391,Human Factors Engineers and Ergonomists,"Conduct research to evaluate potential solutions related to changes in equipment design, procedures, manpower, personnel, or training.",Mathematical Reasoning,2,0
16391,Human Factors Engineers and Ergonomists,"Conduct research to evaluate potential solutions related to changes in equipment design, procedures, manpower, personnel, or training.",Originality,1,0
16375,Human Factors Engineers and Ergonomists,"Provide human factors technical expertise on topics, such as advanced user-interface technology development or the role of human users in automated or autonomous sub-systems in advanced vehicle systems.",Written Comprehension,3,0
16375,Human Factors Engineers and Ergonomists,"Provide human factors technical expertise on topics, such as advanced user-interface technology development or the role of human users in automated or autonomous sub-systems in advanced vehicle systems.",Oral Expression,3,0
16375,Human Factors Engineers and Ergonomists,"Provide human factors technical expertise on topics, such as advanced user-interface technology development or the role of human users in automated or autonomous sub-systems in advanced vehicle systems.",Deductive Reasoning,2,0
16375,Human Factors Engineers and Ergonomists,"Provide human factors technical expertise on topics, such as advanced user-interface technology development or the role of human users in automated or autonomous sub-systems in advanced vehicle systems.",Inductive Reasoning,2,0
16375,Human Factors Engineers and Ergonomists,"Provide human factors technical expertise on topics, such as advanced user-interface technology development or the role of human users in automated or autonomous sub-systems in advanced vehicle systems.",Speech Clarity,2,0
16375,Human Factors Engineers and Ergonomists,"Provide human factors technical expertise on topics, such as advanced user-interface technology development or the role of human users in automated or autonomous sub-systems in advanced vehicle systems.",Problem Sensitivity,1,0
16388,Human Factors Engineers and Ergonomists,"Develop or implement human performance research, investigation, or analysis protocols.",Inductive Reasoning,3,0
16388,Human Factors Engineers and Ergonomists,"Develop or implement human performance research, investigation, or analysis protocols.",Deductive Reasoning,2,0
16388,Human Factors Engineers and Ergonomists,"Develop or implement human performance research, investigation, or analysis protocols.",Problem Sensitivity,2,0
16388,Human Factors Engineers and Ergonomists,"Develop or implement human performance research, investigation, or analysis protocols.",Information Ordering,2,0
16388,Human Factors Engineers and Ergonomists,"Develop or implement human performance research, investigation, or analysis protocols.",Written Expression,2,0
16388,Human Factors Engineers and Ergonomists,"Develop or implement human performance research, investigation, or analysis protocols.",Originality,1,0
16389,Human Factors Engineers and Ergonomists,"Develop or implement research methodologies or statistical analysis plans to test and evaluate developmental prototypes used in new products or processes, such as cockpit designs, user workstations, or computerized human models.",Inductive Reasoning,3,0
16389,Human Factors Engineers and Ergonomists,"Develop or implement research methodologies or statistical analysis plans to test and evaluate developmental prototypes used in new products or processes, such as cockpit designs, user workstations, or computerized human models.",Mathematical Reasoning,3,0
16389,Human Factors Engineers and Ergonomists,"Develop or implement research methodologies or statistical analysis plans to test and evaluate developmental prototypes used in new products or processes, such as cockpit designs, user workstations, or computerized human models.",Deductive Reasoning,2,0
16389,Human Factors Engineers and Ergonomists,"Develop or implement research methodologies or statistical analysis plans to test and evaluate developmental prototypes used in new products or processes, such as cockpit designs, user workstations, or computerized human models.",Written Expression,2,0
16389,Human Factors Engineers and Ergonomists,"Develop or implement research methodologies or statistical analysis plans to test and evaluate developmental prototypes used in new products or processes, such as cockpit designs, user workstations, or computerized human models.",Information Ordering,2,0
16389,Human Factors Engineers and Ergonomists,"Develop or implement research methodologies or statistical analysis plans to test and evaluate developmental prototypes used in new products or processes, such as cockpit designs, user workstations, or computerized human models.",Number Facility,2,0
16389,Human Factors Engineers and Ergonomists,"Develop or implement research methodologies or statistical analysis plans to test and evaluate developmental prototypes used in new products or processes, such as cockpit designs, user workstations, or computerized human models.",Originality,1,0
16377,Human Factors Engineers and Ergonomists,Estimate time or resource requirements for ergonomic or human factors research or development projects.,Mathematical Reasoning,3,0
16377,Human Factors Engineers and Ergonomists,Estimate time or resource requirements for ergonomic or human factors research or development projects.,Deductive Reasoning,2,0
16377,Human Factors Engineers and Ergonomists,Estimate time or resource requirements for ergonomic or human factors research or development projects.,Number Facility,2,0
16377,Human Factors Engineers and Ergonomists,Estimate time or resource requirements for ergonomic or human factors research or development projects.,Inductive Reasoning,2,0
16377,Human Factors Engineers and Ergonomists,Estimate time or resource requirements for ergonomic or human factors research or development projects.,Written Expression,1,0
16377,Human Factors Engineers and Ergonomists,Estimate time or resource requirements for ergonomic or human factors research or development projects.,Problem Sensitivity,1,0
16390,Human Factors Engineers and Ergonomists,"Design cognitive aids, such as procedural storyboards or decision support systems.",Originality,3,0
16390,Human Factors Engineers and Ergonomists,"Design cognitive aids, such as procedural storyboards or decision support systems.",Visualization,3,0
16390,Human Factors Engineers and Ergonomists,"Design cognitive aids, such as procedural storyboards or decision support systems.",Deductive Reasoning,2,0
16390,Human Factors Engineers and Ergonomists,"Design cognitive aids, such as procedural storyboards or decision support systems.",Fluency of Ideas,2,0
16390,Human Factors Engineers and Ergonomists,"Design cognitive aids, such as procedural storyboards or decision support systems.",Inductive Reasoning,2,0
16390,Human Factors Engineers and Ergonomists,"Design cognitive aids, such as procedural storyboards or decision support systems.",Written Expression,1,0
16395,Human Factors Engineers and Ergonomists,"Analyze complex systems to determine potential for further development, production, interoperability, compatibility, or usefulness in a particular area, such as aviation.",Inductive Reasoning,3,0
16395,Human Factors Engineers and Ergonomists,"Analyze complex systems to determine potential for further development, production, interoperability, compatibility, or usefulness in a particular area, such as aviation.",Deductive Reasoning,3,0
16395,Human Factors Engineers and Ergonomists,"Analyze complex systems to determine potential for further development, production, interoperability, compatibility, or usefulness in a particular area, such as aviation.",Problem Sensitivity,2,0
16395,Human Factors Engineers and Ergonomists,"Analyze complex systems to determine potential for further development, production, interoperability, compatibility, or usefulness in a particular area, such as aviation.",Written Comprehension,2,0
16395,Human Factors Engineers and Ergonomists,"Analyze complex systems to determine potential for further development, production, interoperability, compatibility, or usefulness in a particular area, such as aviation.",Information Ordering,2,0
16395,Human Factors Engineers and Ergonomists,"Analyze complex systems to determine potential for further development, production, interoperability, compatibility, or usefulness in a particular area, such as aviation.",Category Flexibility,2,0
16395,Human Factors Engineers and Ergonomists,"Analyze complex systems to determine potential for further development, production, interoperability, compatibility, or usefulness in a particular area, such as aviation.",Mathematical Reasoning,1,0
16376,Human Factors Engineers and Ergonomists,"Investigate theoretical or conceptual issues, such as the human design considerations of lunar landers or habitats.",Inductive Reasoning,3,0
16376,Human Factors Engineers and Ergonomists,"Investigate theoretical or conceptual issues, such as the human design considerations of lunar landers or habitats.",Originality,3,0
16376,Human Factors Engineers and Ergonomists,"Investigate theoretical or conceptual issues, such as the human design considerations of lunar landers or habitats.",Deductive Reasoning,2,0
16376,Human Factors Engineers and Ergonomists,"Investigate theoretical or conceptual issues, such as the human design considerations of lunar landers or habitats.",Fluency of Ideas,2,0
16376,Human Factors Engineers and Ergonomists,"Investigate theoretical or conceptual issues, such as the human design considerations of lunar landers or habitats.",Visualization,2,0
16376,Human Factors Engineers and Ergonomists,"Investigate theoretical or conceptual issues, such as the human design considerations of lunar landers or habitats.",Problem Sensitivity,2,0
16384,Human Factors Engineers and Ergonomists,"Operate testing equipment, such as heat stress meters, octave band analyzers, motion analysis equipment, inclinometers, light meters, thermoanemometers, sling psychrometers, or colorimetric detection tubes.",Near Vision,3,0
16384,Human Factors Engineers and Ergonomists,"Operate testing equipment, such as heat stress meters, octave band analyzers, motion analysis equipment, inclinometers, light meters, thermoanemometers, sling psychrometers, or colorimetric detection tubes.",Selective Attention,2,0
16384,Human Factors Engineers and Ergonomists,"Operate testing equipment, such as heat stress meters, octave band analyzers, motion analysis equipment, inclinometers, light meters, thermoanemometers, sling psychrometers, or colorimetric detection tubes.",Manual Dexterity,2,0
16384,Human Factors Engineers and Ergonomists,"Operate testing equipment, such as heat stress meters, octave band analyzers, motion analysis equipment, inclinometers, light meters, thermoanemometers, sling psychrometers, or colorimetric detection tubes.",Finger Dexterity,2,0
16384,Human Factors Engineers and Ergonomists,"Operate testing equipment, such as heat stress meters, octave band analyzers, motion analysis equipment, inclinometers, light meters, thermoanemometers, sling psychrometers, or colorimetric detection tubes.",Control Precision,2,0
16384,Human Factors Engineers and Ergonomists,"Operate testing equipment, such as heat stress meters, octave band analyzers, motion analysis equipment, inclinometers, light meters, thermoanemometers, sling psychrometers, or colorimetric detection tubes.",Inductive Reasoning,2,0
16384,Human Factors Engineers and Ergonomists,"Operate testing equipment, such as heat stress meters, octave band analyzers, motion analysis equipment, inclinometers, light meters, thermoanemometers, sling psychrometers, or colorimetric detection tubes.",Arm-Hand Steadiness,1,0
16382,Human Factors Engineers and Ergonomists,"Perform statistical analyses, such as social network pattern analysis, network modeling, discrete event simulation, agent-based modeling, statistical natural language processing, computational sociology, mathematical optimization, or systems dynamics.",Mathematical Reasoning,3,0
16382,Human Factors Engineers and Ergonomists,"Perform statistical analyses, such as social network pattern analysis, network modeling, discrete event simulation, agent-based modeling, statistical natural language processing, computational sociology, mathematical optimization, or systems dynamics.",Number Facility,3,0
16382,Human Factors Engineers and Ergonomists,"Perform statistical analyses, such as social network pattern analysis, network modeling, discrete event simulation, agent-based modeling, statistical natural language processing, computational sociology, mathematical optimization, or systems dynamics.",Inductive Reasoning,2,0
16382,Human Factors Engineers and Ergonomists,"Perform statistical analyses, such as social network pattern analysis, network modeling, discrete event simulation, agent-based modeling, statistical natural language processing, computational sociology, mathematical optimization, or systems dynamics.",Deductive Reasoning,2,0
16382,Human Factors Engineers and Ergonomists,"Perform statistical analyses, such as social network pattern analysis, network modeling, discrete event simulation, agent-based modeling, statistical natural language processing, computational sociology, mathematical optimization, or systems dynamics.",Written Comprehension,2,0
16382,Human Factors Engineers and Ergonomists,"Perform statistical analyses, such as social network pattern analysis, network modeling, discrete event simulation, agent-based modeling, statistical natural language processing, computational sociology, mathematical optimization, or systems dynamics.",Information Ordering,2,0
16394,Human Factors Engineers and Ergonomists,"Apply modeling or quantitative analysis to forecast events, such as human decisions or behaviors, the structure or processes of organizations, or the attitudes or actions of human groups.",Inductive Reasoning,3,0
16394,Human Factors Engineers and Ergonomists,"Apply modeling or quantitative analysis to forecast events, such as human decisions or behaviors, the structure or processes of organizations, or the attitudes or actions of human groups.",Mathematical Reasoning,3,0
16394,Human Factors Engineers and Ergonomists,"Apply modeling or quantitative analysis to forecast events, such as human decisions or behaviors, the structure or processes of organizations, or the attitudes or actions of human groups.",Deductive Reasoning,2,0
16394,Human Factors Engineers and Ergonomists,"Apply modeling or quantitative analysis to forecast events, such as human decisions or behaviors, the structure or processes of organizations, or the attitudes or actions of human groups.",Number Facility,2,0
16394,Human Factors Engineers and Ergonomists,"Apply modeling or quantitative analysis to forecast events, such as human decisions or behaviors, the structure or processes of organizations, or the attitudes or actions of human groups.",Problem Sensitivity,2,0
16394,Human Factors Engineers and Ergonomists,"Apply modeling or quantitative analysis to forecast events, such as human decisions or behaviors, the structure or processes of organizations, or the attitudes or actions of human groups.",Written Expression,1,0
21051,Validation Engineers,Study product characteristics or customer requirements to determine validation objectives and standards.,Written Comprehension,3,0
21051,Validation Engineers,Study product characteristics or customer requirements to determine validation objectives and standards.,Inductive Reasoning,3,0
21051,Validation Engineers,Study product characteristics or customer requirements to determine validation objectives and standards.,Deductive Reasoning,2,0
21051,Validation Engineers,Study product characteristics or customer requirements to determine validation objectives and standards.,Problem Sensitivity,2,0
21051,Validation Engineers,Study product characteristics or customer requirements to determine validation objectives and standards.,Information Ordering,2,0
21051,Validation Engineers,Study product characteristics or customer requirements to determine validation objectives and standards.,Oral Comprehension,1,0
18131,Validation Engineers,Analyze validation test data to determine whether systems or processes have met validation criteria or to identify root causes of production problems.,Inductive Reasoning,3,0
18131,Validation Engineers,Analyze validation test data to determine whether systems or processes have met validation criteria or to identify root causes of production problems.,Deductive Reasoning,3,0
18131,Validation Engineers,Analyze validation test data to determine whether systems or processes have met validation criteria or to identify root causes of production problems.,Problem Sensitivity,2,0
18131,Validation Engineers,Analyze validation test data to determine whether systems or processes have met validation criteria or to identify root causes of production problems.,Mathematical Reasoning,2,0
18131,Validation Engineers,Analyze validation test data to determine whether systems or processes have met validation criteria or to identify root causes of production problems.,Number Facility,2,0
18131,Validation Engineers,Analyze validation test data to determine whether systems or processes have met validation criteria or to identify root causes of production problems.,Written Comprehension,2,0
18129,Validation Engineers,"Develop validation master plans, process flow diagrams, test cases, or standard operating procedures.",Information Ordering,3,0
18129,Validation Engineers,"Develop validation master plans, process flow diagrams, test cases, or standard operating procedures.",Written Expression,3,0
18129,Validation Engineers,"Develop validation master plans, process flow diagrams, test cases, or standard operating procedures.",Deductive Reasoning,2,0
18129,Validation Engineers,"Develop validation master plans, process flow diagrams, test cases, or standard operating procedures.",Inductive Reasoning,2,0
18129,Validation Engineers,"Develop validation master plans, process flow diagrams, test cases, or standard operating procedures.",Problem Sensitivity,2,0
18129,Validation Engineers,"Develop validation master plans, process flow diagrams, test cases, or standard operating procedures.",Originality,1,0
18137,Validation Engineers,"Prepare detailed reports or design statements, based on results of validation and qualification tests or reviews of procedures and protocols.",Written Expression,3,0
18137,Validation Engineers,"Prepare detailed reports or design statements, based on results of validation and qualification tests or reviews of procedures and protocols.",Information Ordering,2,0
18137,Validation Engineers,"Prepare detailed reports or design statements, based on results of validation and qualification tests or reviews of procedures and protocols.",Written Comprehension,2,0
18137,Validation Engineers,"Prepare detailed reports or design statements, based on results of validation and qualification tests or reviews of procedures and protocols.",Deductive Reasoning,2,0
18137,Validation Engineers,"Prepare detailed reports or design statements, based on results of validation and qualification tests or reviews of procedures and protocols.",Near Vision,1,0
18137,Validation Engineers,"Prepare detailed reports or design statements, based on results of validation and qualification tests or reviews of procedures and protocols.",Selective Attention,1,0
18144,Validation Engineers,Maintain validation test equipment.,Problem Sensitivity,2,0
18144,Validation Engineers,Maintain validation test equipment.,Near Vision,2,0
18144,Validation Engineers,Maintain validation test equipment.,Manual Dexterity,2,0
18144,Validation Engineers,Maintain validation test equipment.,Finger Dexterity,1,0
18144,Validation Engineers,Maintain validation test equipment.,Deductive Reasoning,1,0
18144,Validation Engineers,Maintain validation test equipment.,Arm-Hand Steadiness,1,0
18127,Validation Engineers,"Conduct validation or qualification tests of new or existing processes, equipment, or software in accordance with internal protocols or external standards.",Deductive Reasoning,3,0
18127,Validation Engineers,"Conduct validation or qualification tests of new or existing processes, equipment, or software in accordance with internal protocols or external standards.",Problem Sensitivity,3,0
18127,Validation Engineers,"Conduct validation or qualification tests of new or existing processes, equipment, or software in accordance with internal protocols or external standards.",Written Comprehension,2,0
18127,Validation Engineers,"Conduct validation or qualification tests of new or existing processes, equipment, or software in accordance with internal protocols or external standards.",Inductive Reasoning,2,0
18127,Validation Engineers,"Conduct validation or qualification tests of new or existing processes, equipment, or software in accordance with internal protocols or external standards.",Information Ordering,2,0
18127,Validation Engineers,"Conduct validation or qualification tests of new or existing processes, equipment, or software in accordance with internal protocols or external standards.",Selective Attention,1,0
18142,Validation Engineers,Communicate with regulatory agencies regarding compliance documentation or validation results.,Oral Expression,3,0
18142,Validation Engineers,Communicate with regulatory agencies regarding compliance documentation or validation results.,Oral Comprehension,3,0
18142,Validation Engineers,Communicate with regulatory agencies regarding compliance documentation or validation results.,Written Expression,2,0
18142,Validation Engineers,Communicate with regulatory agencies regarding compliance documentation or validation results.,Written Comprehension,2,0
18142,Validation Engineers,Communicate with regulatory agencies regarding compliance documentation or validation results.,Speech Clarity,2,0
18142,Validation Engineers,Communicate with regulatory agencies regarding compliance documentation or validation results.,Deductive Reasoning,1,0
18146,Validation Engineers,"Prepare, maintain, or review validation and compliance documentation, such as engineering change notices, schematics, or protocols.",Written Comprehension,3,0
18146,Validation Engineers,"Prepare, maintain, or review validation and compliance documentation, such as engineering change notices, schematics, or protocols.",Written Expression,3,0
18146,Validation Engineers,"Prepare, maintain, or review validation and compliance documentation, such as engineering change notices, schematics, or protocols.",Information Ordering,2,0
18146,Validation Engineers,"Prepare, maintain, or review validation and compliance documentation, such as engineering change notices, schematics, or protocols.",Near Vision,2,0
18146,Validation Engineers,"Prepare, maintain, or review validation and compliance documentation, such as engineering change notices, schematics, or protocols.",Perceptual Speed,2,0
18146,Validation Engineers,"Prepare, maintain, or review validation and compliance documentation, such as engineering change notices, schematics, or protocols.",Selective Attention,1,0
21052,Validation Engineers,Recommend resolution of identified deviations from established product or process standards.,Deductive Reasoning,3,0
21052,Validation Engineers,Recommend resolution of identified deviations from established product or process standards.,Problem Sensitivity,2,0
21052,Validation Engineers,Recommend resolution of identified deviations from established product or process standards.,Inductive Reasoning,2,0
21052,Validation Engineers,Recommend resolution of identified deviations from established product or process standards.,Oral Expression,2,0
21052,Validation Engineers,Recommend resolution of identified deviations from established product or process standards.,Written Expression,2,0
21052,Validation Engineers,Recommend resolution of identified deviations from established product or process standards.,Written Comprehension,1,0
18128,Validation Engineers,"Design validation study features, such as sampling, testing, or analytical methodologies.",Inductive Reasoning,3,0
18128,Validation Engineers,"Design validation study features, such as sampling, testing, or analytical methodologies.",Deductive Reasoning,2,0
18128,Validation Engineers,"Design validation study features, such as sampling, testing, or analytical methodologies.",Originality,2,0
18128,Validation Engineers,"Design validation study features, such as sampling, testing, or analytical methodologies.",Mathematical Reasoning,2,0
18128,Validation Engineers,"Design validation study features, such as sampling, testing, or analytical methodologies.",Problem Sensitivity,2,0
18128,Validation Engineers,"Design validation study features, such as sampling, testing, or analytical methodologies.",Information Ordering,1,0
18130,Validation Engineers,"Prepare validation or performance qualification protocols for new or modified manufacturing processes, systems, or equipment for production of pharmaceuticals, electronics, or other products.",Written Expression,3,0
18130,Validation Engineers,"Prepare validation or performance qualification protocols for new or modified manufacturing processes, systems, or equipment for production of pharmaceuticals, electronics, or other products.",Information Ordering,3,0
18130,Validation Engineers,"Prepare validation or performance qualification protocols for new or modified manufacturing processes, systems, or equipment for production of pharmaceuticals, electronics, or other products.",Deductive Reasoning,2,0
18130,Validation Engineers,"Prepare validation or performance qualification protocols for new or modified manufacturing processes, systems, or equipment for production of pharmaceuticals, electronics, or other products.",Written Comprehension,2,0
18130,Validation Engineers,"Prepare validation or performance qualification protocols for new or modified manufacturing processes, systems, or equipment for production of pharmaceuticals, electronics, or other products.",Inductive Reasoning,2,0
18130,Validation Engineers,"Prepare validation or performance qualification protocols for new or modified manufacturing processes, systems, or equipment for production of pharmaceuticals, electronics, or other products.",Problem Sensitivity,1,0
18133,Validation Engineers,"Create, populate, or maintain databases for tracking validation activities, test results, or validated systems.",Written Expression,2,0
18133,Validation Engineers,"Create, populate, or maintain databases for tracking validation activities, test results, or validated systems.",Information Ordering,3,0
18133,Validation Engineers,"Create, populate, or maintain databases for tracking validation activities, test results, or validated systems.",Selective Attention,2,0
18133,Validation Engineers,"Create, populate, or maintain databases for tracking validation activities, test results, or validated systems.",Near Vision,2,0
18133,Validation Engineers,"Create, populate, or maintain databases for tracking validation activities, test results, or validated systems.",Perceptual Speed,2,0
18133,Validation Engineers,"Create, populate, or maintain databases for tracking validation activities, test results, or validated systems.",Number Facility,1,0
18139,Validation Engineers,Resolve testing problems by modifying testing methods or revising test objectives and standards.,Problem Sensitivity,3,0
18139,Validation Engineers,Resolve testing problems by modifying testing methods or revising test objectives and standards.,Deductive Reasoning,3,0
18139,Validation Engineers,Resolve testing problems by modifying testing methods or revising test objectives and standards.,Inductive Reasoning,2,0
18139,Validation Engineers,Resolve testing problems by modifying testing methods or revising test objectives and standards.,Originality,2,0
18139,Validation Engineers,Resolve testing problems by modifying testing methods or revising test objectives and standards.,Written Comprehension,2,0
18139,Validation Engineers,Resolve testing problems by modifying testing methods or revising test objectives and standards.,Information Ordering,1,0
18132,Validation Engineers,Conduct audits of validation or performance qualification processes to ensure compliance with internal or regulatory requirements.,Written Comprehension,3,0
18132,Validation Engineers,Conduct audits of validation or performance qualification processes to ensure compliance with internal or regulatory requirements.,Deductive Reasoning,3,0
18132,Validation Engineers,Conduct audits of validation or performance qualification processes to ensure compliance with internal or regulatory requirements.,Problem Sensitivity,2,0
18132,Validation Engineers,Conduct audits of validation or performance qualification processes to ensure compliance with internal or regulatory requirements.,Inductive Reasoning,2,0
18132,Validation Engineers,Conduct audits of validation or performance qualification processes to ensure compliance with internal or regulatory requirements.,Information Ordering,2,0
18132,Validation Engineers,Conduct audits of validation or performance qualification processes to ensure compliance with internal or regulatory requirements.,Near Vision,1,0
21053,Validation Engineers,"Draw samples of raw materials, intermediate products, or finished products for validation testing.",Near Vision,2,0
21053,Validation Engineers,"Draw samples of raw materials, intermediate products, or finished products for validation testing.",Manual Dexterity,2,0
21053,Validation Engineers,"Draw samples of raw materials, intermediate products, or finished products for validation testing.",Finger Dexterity,2,0
21053,Validation Engineers,"Draw samples of raw materials, intermediate products, or finished products for validation testing.",Selective Attention,2,0
21053,Validation Engineers,"Draw samples of raw materials, intermediate products, or finished products for validation testing.",Information Ordering,2,0
21053,Validation Engineers,"Draw samples of raw materials, intermediate products, or finished products for validation testing.",Arm-Hand Steadiness,1,0
18134,Validation Engineers,"Direct validation activities, such as protocol creation or testing.",Deductive Reasoning,3,0
18134,Validation Engineers,"Direct validation activities, such as protocol creation or testing.",Oral Expression,2,0
18134,Validation Engineers,"Direct validation activities, such as protocol creation or testing.",Information Ordering,2,0
18134,Validation Engineers,"Direct validation activities, such as protocol creation or testing.",Problem Sensitivity,2,0
18134,Validation Engineers,"Direct validation activities, such as protocol creation or testing.",Written Comprehension,2,0
18134,Validation Engineers,"Direct validation activities, such as protocol creation or testing.",Inductive Reasoning,1,0
18143,Validation Engineers,Coordinate the implementation or scheduling of validation testing with affected departments and personnel.,Oral Expression,3,0
18143,Validation Engineers,Coordinate the implementation or scheduling of validation testing with affected departments and personnel.,Information Ordering,2,0
18143,Validation Engineers,Coordinate the implementation or scheduling of validation testing with affected departments and personnel.,Oral Comprehension,2,0
18143,Validation Engineers,Coordinate the implementation or scheduling of validation testing with affected departments and personnel.,Written Expression,2,0
18143,Validation Engineers,Coordinate the implementation or scheduling of validation testing with affected departments and personnel.,Time Sharing,2,0
18143,Validation Engineers,Coordinate the implementation or scheduling of validation testing with affected departments and personnel.,Speech Clarity,1,0
18145,Validation Engineers,"Participate in internal or external training programs to maintain knowledge of validation principles, industry trends, or novel technologies.",Written Comprehension,3,0
18145,Validation Engineers,"Participate in internal or external training programs to maintain knowledge of validation principles, industry trends, or novel technologies.",Oral Comprehension,2,0
18145,Validation Engineers,"Participate in internal or external training programs to maintain knowledge of validation principles, industry trends, or novel technologies.",Memorization,2,0
18145,Validation Engineers,"Participate in internal or external training programs to maintain knowledge of validation principles, industry trends, or novel technologies.",Speech Recognition,2,0
18145,Validation Engineers,"Participate in internal or external training programs to maintain knowledge of validation principles, industry trends, or novel technologies.",Inductive Reasoning,1,0
19647,Validation Engineers,"Validate or characterize sustainable or environmentally friendly products, using electronic testing platforms.",Deductive Reasoning,3,0
19647,Validation Engineers,"Validate or characterize sustainable or environmentally friendly products, using electronic testing platforms.",Problem Sensitivity,2,0
19647,Validation Engineers,"Validate or characterize sustainable or environmentally friendly products, using electronic testing platforms.",Near Vision,2,0
19647,Validation Engineers,"Validate or characterize sustainable or environmentally friendly products, using electronic testing platforms.",Manual Dexterity,2,0
19647,Validation Engineers,"Validate or characterize sustainable or environmentally friendly products, using electronic testing platforms.",Control Precision,2,0
19647,Validation Engineers,"Validate or characterize sustainable or environmentally friendly products, using electronic testing platforms.",Written Comprehension,1,0
19647,Validation Engineers,"Validate or characterize sustainable or environmentally friendly products, using electronic testing platforms.",Finger Dexterity,1,0
18141,Validation Engineers,Assist in training equipment operators or other staff on validation protocols and standard operating procedures.,Oral Expression,3,0
18141,Validation Engineers,Assist in training equipment operators or other staff on validation protocols and standard operating procedures.,Speech Clarity,2,0
18141,Validation Engineers,Assist in training equipment operators or other staff on validation protocols and standard operating procedures.,Written Comprehension,2,0
18141,Validation Engineers,Assist in training equipment operators or other staff on validation protocols and standard operating procedures.,Deductive Reasoning,2,0
18141,Validation Engineers,Assist in training equipment operators or other staff on validation protocols and standard operating procedures.,Information Ordering,2,0
18141,Validation Engineers,Assist in training equipment operators or other staff on validation protocols and standard operating procedures.,Oral Comprehension,1,0
21054,Validation Engineers,Devise automated lab validation test stations or other test fixtures or equipment.,Inductive Reasoning,3,0
21054,Validation Engineers,Devise automated lab validation test stations or other test fixtures or equipment.,Deductive Reasoning,2,0
21054,Validation Engineers,Devise automated lab validation test stations or other test fixtures or equipment.,Originality,2,0
21054,Validation Engineers,Devise automated lab validation test stations or other test fixtures or equipment.,Visualization,2,0
21054,Validation Engineers,Devise automated lab validation test stations or other test fixtures or equipment.,Problem Sensitivity,2,0
21054,Validation Engineers,Devise automated lab validation test stations or other test fixtures or equipment.,Written Expression,1,0
21054,Validation Engineers,Devise automated lab validation test stations or other test fixtures or equipment.,Mathematical Reasoning,1,0
18181,Manufacturing Engineers,"Troubleshoot new or existing product problems involving designs, materials, or processes.",Problem Sensitivity,3,0
18181,Manufacturing Engineers,"Troubleshoot new or existing product problems involving designs, materials, or processes.",Inductive Reasoning,3,0
18181,Manufacturing Engineers,"Troubleshoot new or existing product problems involving designs, materials, or processes.",Deductive Reasoning,2,0
18181,Manufacturing Engineers,"Troubleshoot new or existing product problems involving designs, materials, or processes.",Written Comprehension,2,0
18181,Manufacturing Engineers,"Troubleshoot new or existing product problems involving designs, materials, or processes.",Near Vision,2,0
18181,Manufacturing Engineers,"Troubleshoot new or existing product problems involving designs, materials, or processes.",Category Flexibility,1,0
18177,Manufacturing Engineers,"Investigate or resolve operational problems, such as material use variances or bottlenecks.",Problem Sensitivity,3,0
18177,Manufacturing Engineers,"Investigate or resolve operational problems, such as material use variances or bottlenecks.",Inductive Reasoning,3,0
18177,Manufacturing Engineers,"Investigate or resolve operational problems, such as material use variances or bottlenecks.",Deductive Reasoning,2,0
18177,Manufacturing Engineers,"Investigate or resolve operational problems, such as material use variances or bottlenecks.",Information Ordering,2,0
18177,Manufacturing Engineers,"Investigate or resolve operational problems, such as material use variances or bottlenecks.",Oral Expression,1,0
18177,Manufacturing Engineers,"Investigate or resolve operational problems, such as material use variances or bottlenecks.",Written Expression,1,0
20960,Manufacturing Engineers,"Identify opportunities or implement changes to improve manufacturing processes or products or to reduce costs, using knowledge of fabrication processes, tooling and production equipment, assembly methods, quality control standards, or product design, materials and parts.",Problem Sensitivity,3,0
20960,Manufacturing Engineers,"Identify opportunities or implement changes to improve manufacturing processes or products or to reduce costs, using knowledge of fabrication processes, tooling and production equipment, assembly methods, quality control standards, or product design, materials and parts.",Inductive Reasoning,3,0
20960,Manufacturing Engineers,"Identify opportunities or implement changes to improve manufacturing processes or products or to reduce costs, using knowledge of fabrication processes, tooling and production equipment, assembly methods, quality control standards, or product design, materials and parts.",Deductive Reasoning,2,0
20960,Manufacturing Engineers,"Identify opportunities or implement changes to improve manufacturing processes or products or to reduce costs, using knowledge of fabrication processes, tooling and production equipment, assembly methods, quality control standards, or product design, materials and parts.",Originality,2,0
20960,Manufacturing Engineers,"Identify opportunities or implement changes to improve manufacturing processes or products or to reduce costs, using knowledge of fabrication processes, tooling and production equipment, assembly methods, quality control standards, or product design, materials and parts.",Written Comprehension,2,0
20960,Manufacturing Engineers,"Identify opportunities or implement changes to improve manufacturing processes or products or to reduce costs, using knowledge of fabrication processes, tooling and production equipment, assembly methods, quality control standards, or product design, materials and parts.",Category Flexibility,2,0
20960,Manufacturing Engineers,"Identify opportunities or implement changes to improve manufacturing processes or products or to reduce costs, using knowledge of fabrication processes, tooling and production equipment, assembly methods, quality control standards, or product design, materials and parts.",Visualization,1,0
18167,Manufacturing Engineers,"Apply continuous improvement methods, such as lean manufacturing, to enhance manufacturing quality, reliability, or cost-effectiveness.",Inductive Reasoning,3,0
18167,Manufacturing Engineers,"Apply continuous improvement methods, such as lean manufacturing, to enhance manufacturing quality, reliability, or cost-effectiveness.",Deductive Reasoning,2,0
18167,Manufacturing Engineers,"Apply continuous improvement methods, such as lean manufacturing, to enhance manufacturing quality, reliability, or cost-effectiveness.",Problem Sensitivity,2,0
18167,Manufacturing Engineers,"Apply continuous improvement methods, such as lean manufacturing, to enhance manufacturing quality, reliability, or cost-effectiveness.",Category Flexibility,2,0
18167,Manufacturing Engineers,"Apply continuous improvement methods, such as lean manufacturing, to enhance manufacturing quality, reliability, or cost-effectiveness.",Written Comprehension,2,0
18167,Manufacturing Engineers,"Apply continuous improvement methods, such as lean manufacturing, to enhance manufacturing quality, reliability, or cost-effectiveness.",Information Ordering,1,0
18183,Manufacturing Engineers,Provide technical expertise or support related to manufacturing.,Oral Expression,3,0
18183,Manufacturing Engineers,Provide technical expertise or support related to manufacturing.,Oral Comprehension,2,0
18183,Manufacturing Engineers,Provide technical expertise or support related to manufacturing.,Written Comprehension,2,0
18183,Manufacturing Engineers,Provide technical expertise or support related to manufacturing.,Deductive Reasoning,2,0
18183,Manufacturing Engineers,Provide technical expertise or support related to manufacturing.,Speech Clarity,2,0
18183,Manufacturing Engineers,Provide technical expertise or support related to manufacturing.,Problem Sensitivity,1,0
20961,Manufacturing Engineers,Incorporate new manufacturing methods or processes to improve existing operations.,Inductive Reasoning,3,0
20961,Manufacturing Engineers,Incorporate new manufacturing methods or processes to improve existing operations.,Deductive Reasoning,2,0
20961,Manufacturing Engineers,Incorporate new manufacturing methods or processes to improve existing operations.,Problem Sensitivity,2,0
20961,Manufacturing Engineers,Incorporate new manufacturing methods or processes to improve existing operations.,Originality,2,0
20961,Manufacturing Engineers,Incorporate new manufacturing methods or processes to improve existing operations.,Information Ordering,2,0
20961,Manufacturing Engineers,Incorporate new manufacturing methods or processes to improve existing operations.,Written Comprehension,1,0
18180,Manufacturing Engineers,Review product designs for manufacturability or completeness.,Written Comprehension,3,0
18180,Manufacturing Engineers,Review product designs for manufacturability or completeness.,Deductive Reasoning,3,0
18180,Manufacturing Engineers,Review product designs for manufacturability or completeness.,Problem Sensitivity,2,0
18180,Manufacturing Engineers,Review product designs for manufacturability or completeness.,Inductive Reasoning,2,0
18180,Manufacturing Engineers,Review product designs for manufacturability or completeness.,Near Vision,2,0
18180,Manufacturing Engineers,Review product designs for manufacturability or completeness.,Visualization,1,0
20962,Manufacturing Engineers,"Determine root causes of failures or recommend changes in designs, tolerances, or processing methods, using statistical procedures.",Inductive Reasoning,3,0
20962,Manufacturing Engineers,"Determine root causes of failures or recommend changes in designs, tolerances, or processing methods, using statistical procedures.",Deductive Reasoning,3,0
20962,Manufacturing Engineers,"Determine root causes of failures or recommend changes in designs, tolerances, or processing methods, using statistical procedures.",Problem Sensitivity,3,0
20962,Manufacturing Engineers,"Determine root causes of failures or recommend changes in designs, tolerances, or processing methods, using statistical procedures.",Mathematical Reasoning,2,0
20962,Manufacturing Engineers,"Determine root causes of failures or recommend changes in designs, tolerances, or processing methods, using statistical procedures.",Number Facility,2,0
20962,Manufacturing Engineers,"Determine root causes of failures or recommend changes in designs, tolerances, or processing methods, using statistical procedures.",Written Expression,1,0
18182,Manufacturing Engineers,Prepare reports summarizing information or trends related to manufacturing performance.,Written Expression,3,0
18182,Manufacturing Engineers,Prepare reports summarizing information or trends related to manufacturing performance.,Information Ordering,2,0
18182,Manufacturing Engineers,Prepare reports summarizing information or trends related to manufacturing performance.,Inductive Reasoning,2,0
18182,Manufacturing Engineers,Prepare reports summarizing information or trends related to manufacturing performance.,Number Facility,2,0
18182,Manufacturing Engineers,Prepare reports summarizing information or trends related to manufacturing performance.,Written Comprehension,2,0
18182,Manufacturing Engineers,Prepare reports summarizing information or trends related to manufacturing performance.,Near Vision,1,0
18178,Manufacturing Engineers,Prepare documentation for new manufacturing processes or engineering procedures.,Written Expression,3,0
18178,Manufacturing Engineers,Prepare documentation for new manufacturing processes or engineering procedures.,Information Ordering,2,0
18178,Manufacturing Engineers,Prepare documentation for new manufacturing processes or engineering procedures.,Written Comprehension,2,0
18178,Manufacturing Engineers,Prepare documentation for new manufacturing processes or engineering procedures.,Deductive Reasoning,2,0
18178,Manufacturing Engineers,Prepare documentation for new manufacturing processes or engineering procedures.,Near Vision,1,0
18178,Manufacturing Engineers,Prepare documentation for new manufacturing processes or engineering procedures.,Selective Attention,1,0
18168,Manufacturing Engineers,Design layout of equipment or workspaces to achieve maximum efficiency.,Visualization,3,0
18168,Manufacturing Engineers,Design layout of equipment or workspaces to achieve maximum efficiency.,Deductive Reasoning,2,0
18168,Manufacturing Engineers,Design layout of equipment or workspaces to achieve maximum efficiency.,Spatial Orientation,2,0
18168,Manufacturing Engineers,Design layout of equipment or workspaces to achieve maximum efficiency.,Inductive Reasoning,2,0
18168,Manufacturing Engineers,Design layout of equipment or workspaces to achieve maximum efficiency.,Originality,2,0
18168,Manufacturing Engineers,Design layout of equipment or workspaces to achieve maximum efficiency.,Near Vision,1,0
18170,Manufacturing Engineers,"Communicate manufacturing capabilities, production schedules, or other information to facilitate production processes.",Oral Expression,3,0
18170,Manufacturing Engineers,"Communicate manufacturing capabilities, production schedules, or other information to facilitate production processes.",Oral Comprehension,2,0
18170,Manufacturing Engineers,"Communicate manufacturing capabilities, production schedules, or other information to facilitate production processes.",Written Expression,2,0
18170,Manufacturing Engineers,"Communicate manufacturing capabilities, production schedules, or other information to facilitate production processes.",Speech Clarity,2,0
18170,Manufacturing Engineers,"Communicate manufacturing capabilities, production schedules, or other information to facilitate production processes.",Information Ordering,2,0
18170,Manufacturing Engineers,"Communicate manufacturing capabilities, production schedules, or other information to facilitate production processes.",Speech Recognition,1,0
18185,Manufacturing Engineers,"Supervise technicians, technologists, analysts, administrative staff, or other engineers.",Oral Expression,3,0
18185,Manufacturing Engineers,"Supervise technicians, technologists, analysts, administrative staff, or other engineers.",Oral Comprehension,2,0
18185,Manufacturing Engineers,"Supervise technicians, technologists, analysts, administrative staff, or other engineers.",Deductive Reasoning,2,0
18185,Manufacturing Engineers,"Supervise technicians, technologists, analysts, administrative staff, or other engineers.",Written Comprehension,2,0
18185,Manufacturing Engineers,"Supervise technicians, technologists, analysts, administrative staff, or other engineers.",Speech Clarity,2,0
18185,Manufacturing Engineers,"Supervise technicians, technologists, analysts, administrative staff, or other engineers.",Problem Sensitivity,1,0
18172,Manufacturing Engineers,"Design, install, or troubleshoot manufacturing equipment.",Problem Sensitivity,3,0
18172,Manufacturing Engineers,"Design, install, or troubleshoot manufacturing equipment.",Inductive Reasoning,3,0
18172,Manufacturing Engineers,"Design, install, or troubleshoot manufacturing equipment.",Deductive Reasoning,2,0
18172,Manufacturing Engineers,"Design, install, or troubleshoot manufacturing equipment.",Visualization,2,0
18172,Manufacturing Engineers,"Design, install, or troubleshoot manufacturing equipment.",Near Vision,2,0
18172,Manufacturing Engineers,"Design, install, or troubleshoot manufacturing equipment.",Finger Dexterity,1,0
18172,Manufacturing Engineers,"Design, install, or troubleshoot manufacturing equipment.",Manual Dexterity,1,0
18175,Manufacturing Engineers,Evaluate manufactured products according to specifications and quality standards.,Deductive Reasoning,3,0
18175,Manufacturing Engineers,Evaluate manufactured products according to specifications and quality standards.,Problem Sensitivity,3,0
18175,Manufacturing Engineers,Evaluate manufactured products according to specifications and quality standards.,Written Comprehension,2,0
18175,Manufacturing Engineers,Evaluate manufactured products according to specifications and quality standards.,Perceptual Speed,2,0
18175,Manufacturing Engineers,Evaluate manufactured products according to specifications and quality standards.,Near Vision,2,0
18175,Manufacturing Engineers,Evaluate manufactured products according to specifications and quality standards.,Inductive Reasoning,2,0
18174,Manufacturing Engineers,"Estimate costs, production times, or staffing requirements for new designs.",Mathematical Reasoning,3,0
18174,Manufacturing Engineers,"Estimate costs, production times, or staffing requirements for new designs.",Number Facility,2,0
18174,Manufacturing Engineers,"Estimate costs, production times, or staffing requirements for new designs.",Deductive Reasoning,2,0
18174,Manufacturing Engineers,"Estimate costs, production times, or staffing requirements for new designs.",Inductive Reasoning,2,0
18174,Manufacturing Engineers,"Estimate costs, production times, or staffing requirements for new designs.",Written Expression,2,0
18174,Manufacturing Engineers,"Estimate costs, production times, or staffing requirements for new designs.",Problem Sensitivity,1,0
18186,Manufacturing Engineers,Train production personnel in new or existing methods.,Oral Expression,3,0
18186,Manufacturing Engineers,Train production personnel in new or existing methods.,Speech Clarity,2,0
18186,Manufacturing Engineers,Train production personnel in new or existing methods.,Oral Comprehension,2,0
18186,Manufacturing Engineers,Train production personnel in new or existing methods.,Written Comprehension,2,0
18186,Manufacturing Engineers,Train production personnel in new or existing methods.,Information Ordering,2,0
18186,Manufacturing Engineers,Train production personnel in new or existing methods.,Deductive Reasoning,1,0
20963,Manufacturing Engineers,Design tests of finished products or process capabilities to establish standards or validate process requirements.,Inductive Reasoning,3,0
20963,Manufacturing Engineers,Design tests of finished products or process capabilities to establish standards or validate process requirements.,Deductive Reasoning,2,0
20963,Manufacturing Engineers,Design tests of finished products or process capabilities to establish standards or validate process requirements.,Problem Sensitivity,2,0
20963,Manufacturing Engineers,Design tests of finished products or process capabilities to establish standards or validate process requirements.,Mathematical Reasoning,2,0
20963,Manufacturing Engineers,Design tests of finished products or process capabilities to establish standards or validate process requirements.,Written Expression,2,0
20963,Manufacturing Engineers,Design tests of finished products or process capabilities to establish standards or validate process requirements.,Information Ordering,1,0
19649,Manufacturing Engineers,Analyze the financial impacts of sustainable manufacturing processes or sustainable product manufacturing.,Mathematical Reasoning,3,0
19649,Manufacturing Engineers,Analyze the financial impacts of sustainable manufacturing processes or sustainable product manufacturing.,Number Facility,2,0
19649,Manufacturing Engineers,Analyze the financial impacts of sustainable manufacturing processes or sustainable product manufacturing.,Inductive Reasoning,2,0
19649,Manufacturing Engineers,Analyze the financial impacts of sustainable manufacturing processes or sustainable product manufacturing.,Deductive Reasoning,2,0
19649,Manufacturing Engineers,Analyze the financial impacts of sustainable manufacturing processes or sustainable product manufacturing.,Written Expression,2,0
19649,Manufacturing Engineers,Analyze the financial impacts of sustainable manufacturing processes or sustainable product manufacturing.,Problem Sensitivity,1,0
19650,Manufacturing Engineers,"Develop sustainable manufacturing technologies to reduce greenhouse gas emissions, minimize raw material use, replace toxic materials with non-toxic materials, replace non-renewable materials with renewable materials, or reduce waste.",Inductive Reasoning,3,0
19650,Manufacturing Engineers,"Develop sustainable manufacturing technologies to reduce greenhouse gas emissions, minimize raw material use, replace toxic materials with non-toxic materials, replace non-renewable materials with renewable materials, or reduce waste.",Originality,3,0
19650,Manufacturing Engineers,"Develop sustainable manufacturing technologies to reduce greenhouse gas emissions, minimize raw material use, replace toxic materials with non-toxic materials, replace non-renewable materials with renewable materials, or reduce waste.",Problem Sensitivity,2,0
19650,Manufacturing Engineers,"Develop sustainable manufacturing technologies to reduce greenhouse gas emissions, minimize raw material use, replace toxic materials with non-toxic materials, replace non-renewable materials with renewable materials, or reduce waste.",Deductive Reasoning,2,0
19650,Manufacturing Engineers,"Develop sustainable manufacturing technologies to reduce greenhouse gas emissions, minimize raw material use, replace toxic materials with non-toxic materials, replace non-renewable materials with renewable materials, or reduce waste.",Written Comprehension,2,0
19650,Manufacturing Engineers,"Develop sustainable manufacturing technologies to reduce greenhouse gas emissions, minimize raw material use, replace toxic materials with non-toxic materials, replace non-renewable materials with renewable materials, or reduce waste.",Fluency of Ideas,1,0
18179,Manufacturing Engineers,"Purchase equipment, materials, or parts.",Written Comprehension,2,0
18179,Manufacturing Engineers,"Purchase equipment, materials, or parts.",Deductive Reasoning,2,0
18179,Manufacturing Engineers,"Purchase equipment, materials, or parts.",Number Facility,2,0
18179,Manufacturing Engineers,"Purchase equipment, materials, or parts.",Oral Comprehension,2,0
18179,Manufacturing Engineers,"Purchase equipment, materials, or parts.",Information Ordering,1,0
18179,Manufacturing Engineers,"Purchase equipment, materials, or parts.",Mathematical Reasoning,1,0
19651,Manufacturing Engineers,"Evaluate current or proposed manufacturing processes or practices for environmental sustainability, considering factors such as greenhouse gas emissions, air pollution, water pollution, energy use, or waste creation.",Inductive Reasoning,3,0
19651,Manufacturing Engineers,"Evaluate current or proposed manufacturing processes or practices for environmental sustainability, considering factors such as greenhouse gas emissions, air pollution, water pollution, energy use, or waste creation.",Deductive Reasoning,2,0
19651,Manufacturing Engineers,"Evaluate current or proposed manufacturing processes or practices for environmental sustainability, considering factors such as greenhouse gas emissions, air pollution, water pollution, energy use, or waste creation.",Problem Sensitivity,2,0
19651,Manufacturing Engineers,"Evaluate current or proposed manufacturing processes or practices for environmental sustainability, considering factors such as greenhouse gas emissions, air pollution, water pollution, energy use, or waste creation.",Written Comprehension,2,0
19651,Manufacturing Engineers,"Evaluate current or proposed manufacturing processes or practices for environmental sustainability, considering factors such as greenhouse gas emissions, air pollution, water pollution, energy use, or waste creation.",Category Flexibility,2,0
19651,Manufacturing Engineers,"Evaluate current or proposed manufacturing processes or practices for environmental sustainability, considering factors such as greenhouse gas emissions, air pollution, water pollution, energy use, or waste creation.",Written Expression,1,0
18184,Manufacturing Engineers,"Read current literature, talk with colleagues, participate in educational programs, attend meetings or workshops, or participate in professional organizations or conferences to keep abreast of developments in the manufacturing field.",Written Comprehension,3,0
18184,Manufacturing Engineers,"Read current literature, talk with colleagues, participate in educational programs, attend meetings or workshops, or participate in professional organizations or conferences to keep abreast of developments in the manufacturing field.",Oral Comprehension,2,0
18184,Manufacturing Engineers,"Read current literature, talk with colleagues, participate in educational programs, attend meetings or workshops, or participate in professional organizations or conferences to keep abreast of developments in the manufacturing field.",Speech Recognition,2,0
18184,Manufacturing Engineers,"Read current literature, talk with colleagues, participate in educational programs, attend meetings or workshops, or participate in professional organizations or conferences to keep abreast of developments in the manufacturing field.",Memorization,2,0
18184,Manufacturing Engineers,"Read current literature, talk with colleagues, participate in educational programs, attend meetings or workshops, or participate in professional organizations or conferences to keep abreast of developments in the manufacturing field.",Inductive Reasoning,2,0
18184,Manufacturing Engineers,"Read current literature, talk with colleagues, participate in educational programs, attend meetings or workshops, or participate in professional organizations or conferences to keep abreast of developments in the manufacturing field.",Oral Expression,1,0
19652,Manufacturing Engineers,Redesign packaging for manufactured products to minimize raw material use or waste.,Visualization,3,0
19652,Manufacturing Engineers,Redesign packaging for manufactured products to minimize raw material use or waste.,Inductive Reasoning,2,0
19652,Manufacturing Engineers,Redesign packaging for manufactured products to minimize raw material use or waste.,Originality,2,0
19652,Manufacturing Engineers,Redesign packaging for manufactured products to minimize raw material use or waste.,Deductive Reasoning,2,0
19652,Manufacturing Engineers,Redesign packaging for manufactured products to minimize raw material use or waste.,Problem Sensitivity,2,0
19652,Manufacturing Engineers,Redesign packaging for manufactured products to minimize raw material use or waste.,Written Expression,1,0
21890,Marine Engineers and Naval Architects,Perform monitoring activities to ensure that ships comply with international regulations and standards for life-saving equipment and pollution preventatives.,Written Comprehension,3,0
21890,Marine Engineers and Naval Architects,Perform monitoring activities to ensure that ships comply with international regulations and standards for life-saving equipment and pollution preventatives.,Deductive Reasoning,3,0
21890,Marine Engineers and Naval Architects,Perform monitoring activities to ensure that ships comply with international regulations and standards for life-saving equipment and pollution preventatives.,Near Vision,2,0
21890,Marine Engineers and Naval Architects,Perform monitoring activities to ensure that ships comply with international regulations and standards for life-saving equipment and pollution preventatives.,Selective Attention,2,0
21890,Marine Engineers and Naval Architects,Perform monitoring activities to ensure that ships comply with international regulations and standards for life-saving equipment and pollution preventatives.,Problem Sensitivity,2,0
21890,Marine Engineers and Naval Architects,Perform monitoring activities to ensure that ships comply with international regulations and standards for life-saving equipment and pollution preventatives.,Information Ordering,1,0
21887,Marine Engineers and Naval Architects,"Design complete hull and superstructure according to specifications and test data, in conformity with standards of safety, efficiency, and economy.",Visualization,3,0
21887,Marine Engineers and Naval Architects,"Design complete hull and superstructure according to specifications and test data, in conformity with standards of safety, efficiency, and economy.",Deductive Reasoning,3,0
21887,Marine Engineers and Naval Architects,"Design complete hull and superstructure according to specifications and test data, in conformity with standards of safety, efficiency, and economy.",Written Comprehension,2,0
21887,Marine Engineers and Naval Architects,"Design complete hull and superstructure according to specifications and test data, in conformity with standards of safety, efficiency, and economy.",Inductive Reasoning,2,0
21887,Marine Engineers and Naval Architects,"Design complete hull and superstructure according to specifications and test data, in conformity with standards of safety, efficiency, and economy.",Mathematical Reasoning,2,0
21887,Marine Engineers and Naval Architects,"Design complete hull and superstructure according to specifications and test data, in conformity with standards of safety, efficiency, and economy.",Originality,2,0
21887,Marine Engineers and Naval Architects,"Design complete hull and superstructure according to specifications and test data, in conformity with standards of safety, efficiency, and economy.",Near Vision,1,0
21915,Marine Engineers and Naval Architects,"Conduct analyses of ships, such as stability, structural, weight, and vibration analyses.",Mathematical Reasoning,3,0
21915,Marine Engineers and Naval Architects,"Conduct analyses of ships, such as stability, structural, weight, and vibration analyses.",Inductive Reasoning,3,0
21915,Marine Engineers and Naval Architects,"Conduct analyses of ships, such as stability, structural, weight, and vibration analyses.",Deductive Reasoning,2,0
21915,Marine Engineers and Naval Architects,"Conduct analyses of ships, such as stability, structural, weight, and vibration analyses.",Number Facility,2,0
21915,Marine Engineers and Naval Architects,"Conduct analyses of ships, such as stability, structural, weight, and vibration analyses.",Problem Sensitivity,2,0
21915,Marine Engineers and Naval Architects,"Conduct analyses of ships, such as stability, structural, weight, and vibration analyses.",Written Expression,1,0
21889,Marine Engineers and Naval Architects,"Study design proposals and specifications to establish basic characteristics of craft, such as size, weight, speed, propulsion, displacement, and draft.",Written Comprehension,3,0
21889,Marine Engineers and Naval Architects,"Study design proposals and specifications to establish basic characteristics of craft, such as size, weight, speed, propulsion, displacement, and draft.",Deductive Reasoning,2,0
21889,Marine Engineers and Naval Architects,"Study design proposals and specifications to establish basic characteristics of craft, such as size, weight, speed, propulsion, displacement, and draft.",Inductive Reasoning,2,0
21889,Marine Engineers and Naval Architects,"Study design proposals and specifications to establish basic characteristics of craft, such as size, weight, speed, propulsion, displacement, and draft.",Visualization,2,0
21889,Marine Engineers and Naval Architects,"Study design proposals and specifications to establish basic characteristics of craft, such as size, weight, speed, propulsion, displacement, and draft.",Mathematical Reasoning,2,0
21889,Marine Engineers and Naval Architects,"Study design proposals and specifications to establish basic characteristics of craft, such as size, weight, speed, propulsion, displacement, and draft.",Information Ordering,1,0
21907,Marine Engineers and Naval Architects,"Maintain contact with, and formulate reports for, contractors and clients to ensure completion of work at minimum cost.",Written Expression,3,0
21907,Marine Engineers and Naval Architects,"Maintain contact with, and formulate reports for, contractors and clients to ensure completion of work at minimum cost.",Oral Expression,2,0
21907,Marine Engineers and Naval Architects,"Maintain contact with, and formulate reports for, contractors and clients to ensure completion of work at minimum cost.",Oral Comprehension,2,0
21907,Marine Engineers and Naval Architects,"Maintain contact with, and formulate reports for, contractors and clients to ensure completion of work at minimum cost.",Written Comprehension,2,0
21907,Marine Engineers and Naval Architects,"Maintain contact with, and formulate reports for, contractors and clients to ensure completion of work at minimum cost.",Deductive Reasoning,2,0
21907,Marine Engineers and Naval Architects,"Maintain contact with, and formulate reports for, contractors and clients to ensure completion of work at minimum cost.",Speech Clarity,1,0
21903,Marine Engineers and Naval Architects,Coordinate activities with regulatory bodies to ensure repairs and alterations are at minimum cost and consistent with safety.,Oral Expression,3,0
21903,Marine Engineers and Naval Architects,Coordinate activities with regulatory bodies to ensure repairs and alterations are at minimum cost and consistent with safety.,Oral Comprehension,2,0
21903,Marine Engineers and Naval Architects,Coordinate activities with regulatory bodies to ensure repairs and alterations are at minimum cost and consistent with safety.,Deductive Reasoning,2,0
21903,Marine Engineers and Naval Architects,Coordinate activities with regulatory bodies to ensure repairs and alterations are at minimum cost and consistent with safety.,Written Comprehension,2,0
21903,Marine Engineers and Naval Architects,Coordinate activities with regulatory bodies to ensure repairs and alterations are at minimum cost and consistent with safety.,Speech Clarity,2,0
21903,Marine Engineers and Naval Architects,Coordinate activities with regulatory bodies to ensure repairs and alterations are at minimum cost and consistent with safety.,Information Ordering,1,0
21894,Marine Engineers and Naval Architects,"Check, test, and maintain automatic controls and alarm systems.",Near Vision,3,0
21894,Marine Engineers and Naval Architects,"Check, test, and maintain automatic controls and alarm systems.",Problem Sensitivity,3,0
21894,Marine Engineers and Naval Architects,"Check, test, and maintain automatic controls and alarm systems.",Deductive Reasoning,2,0
21894,Marine Engineers and Naval Architects,"Check, test, and maintain automatic controls and alarm systems.",Manual Dexterity,2,0
21894,Marine Engineers and Naval Architects,"Check, test, and maintain automatic controls and alarm systems.",Finger Dexterity,2,0
21894,Marine Engineers and Naval Architects,"Check, test, and maintain automatic controls and alarm systems.",Auditory Attention,2,0
21894,Marine Engineers and Naval Architects,"Check, test, and maintain automatic controls and alarm systems.",Selective Attention,1,0
21905,Marine Engineers and Naval Architects,"Prepare technical reports for use by engineering, management, or sales personnel.",Written Expression,3,0
21905,Marine Engineers and Naval Architects,"Prepare technical reports for use by engineering, management, or sales personnel.",Information Ordering,2,0
21905,Marine Engineers and Naval Architects,"Prepare technical reports for use by engineering, management, or sales personnel.",Written Comprehension,2,0
21905,Marine Engineers and Naval Architects,"Prepare technical reports for use by engineering, management, or sales personnel.",Deductive Reasoning,2,0
21905,Marine Engineers and Naval Architects,"Prepare technical reports for use by engineering, management, or sales personnel.",Near Vision,1,0
21905,Marine Engineers and Naval Architects,"Prepare technical reports for use by engineering, management, or sales personnel.",Oral Expression,1,0
21895,Marine Engineers and Naval Architects,"Design layout of craft interior, including cargo space, passenger compartments, ladder wells, and elevators.",Visualization,3,0
21895,Marine Engineers and Naval Architects,"Design layout of craft interior, including cargo space, passenger compartments, ladder wells, and elevators.",Spatial Orientation,3,0
21895,Marine Engineers and Naval Architects,"Design layout of craft interior, including cargo space, passenger compartments, ladder wells, and elevators.",Deductive Reasoning,2,0
21895,Marine Engineers and Naval Architects,"Design layout of craft interior, including cargo space, passenger compartments, ladder wells, and elevators.",Originality,2,0
21895,Marine Engineers and Naval Architects,"Design layout of craft interior, including cargo space, passenger compartments, ladder wells, and elevators.",Near Vision,2,0
21895,Marine Engineers and Naval Architects,"Design layout of craft interior, including cargo space, passenger compartments, ladder wells, and elevators.",Written Expression,1,0
21900,Marine Engineers and Naval Architects,"Prepare, or direct the preparation of, product or system layouts and detailed drawings and schematics.",Visualization,3,0
21900,Marine Engineers and Naval Architects,"Prepare, or direct the preparation of, product or system layouts and detailed drawings and schematics.",Written Expression,3,0
21900,Marine Engineers and Naval Architects,"Prepare, or direct the preparation of, product or system layouts and detailed drawings and schematics.",Near Vision,2,0
21900,Marine Engineers and Naval Architects,"Prepare, or direct the preparation of, product or system layouts and detailed drawings and schematics.",Deductive Reasoning,2,0
21900,Marine Engineers and Naval Architects,"Prepare, or direct the preparation of, product or system layouts and detailed drawings and schematics.",Finger Dexterity,2,0
21900,Marine Engineers and Naval Architects,"Prepare, or direct the preparation of, product or system layouts and detailed drawings and schematics.",Arm-Hand Steadiness,1,0
21900,Marine Engineers and Naval Architects,"Prepare, or direct the preparation of, product or system layouts and detailed drawings and schematics.",Information Ordering,1,0
21892,Marine Engineers and Naval Architects,Evaluate performance of craft during dock and sea trials to determine design changes and conformance with national and international standards.,Deductive Reasoning,3,0
21892,Marine Engineers and Naval Architects,Evaluate performance of craft during dock and sea trials to determine design changes and conformance with national and international standards.,Problem Sensitivity,3,0
21892,Marine Engineers and Naval Architects,Evaluate performance of craft during dock and sea trials to determine design changes and conformance with national and international standards.,Written Comprehension,2,0
21892,Marine Engineers and Naval Architects,Evaluate performance of craft during dock and sea trials to determine design changes and conformance with national and international standards.,Inductive Reasoning,2,0
21892,Marine Engineers and Naval Architects,Evaluate performance of craft during dock and sea trials to determine design changes and conformance with national and international standards.,Near Vision,2,0
21892,Marine Engineers and Naval Architects,Evaluate performance of craft during dock and sea trials to determine design changes and conformance with national and international standards.,Far Vision,2,0
21892,Marine Engineers and Naval Architects,Evaluate performance of craft during dock and sea trials to determine design changes and conformance with national and international standards.,Selective Attention,1,0
21899,Marine Engineers and Naval Architects,Inspect marine equipment and machinery to draw up work requests and job specifications.,Near Vision,3,0
21899,Marine Engineers and Naval Architects,Inspect marine equipment and machinery to draw up work requests and job specifications.,Problem Sensitivity,3,0
21899,Marine Engineers and Naval Architects,Inspect marine equipment and machinery to draw up work requests and job specifications.,Written Expression,2,0
21899,Marine Engineers and Naval Architects,Inspect marine equipment and machinery to draw up work requests and job specifications.,Inductive Reasoning,2,0
21899,Marine Engineers and Naval Architects,Inspect marine equipment and machinery to draw up work requests and job specifications.,Deductive Reasoning,2,0
21899,Marine Engineers and Naval Architects,Inspect marine equipment and machinery to draw up work requests and job specifications.,Information Ordering,1,0
21896,Marine Engineers and Naval Architects,Evaluate operation of marine equipment during acceptance testing and shakedown cruises.,Deductive Reasoning,3,0
21896,Marine Engineers and Naval Architects,Evaluate operation of marine equipment during acceptance testing and shakedown cruises.,Problem Sensitivity,3,0
21896,Marine Engineers and Naval Architects,Evaluate operation of marine equipment during acceptance testing and shakedown cruises.,Near Vision,2,0
21896,Marine Engineers and Naval Architects,Evaluate operation of marine equipment during acceptance testing and shakedown cruises.,Inductive Reasoning,2,0
21896,Marine Engineers and Naval Architects,Evaluate operation of marine equipment during acceptance testing and shakedown cruises.,Written Comprehension,2,0
21896,Marine Engineers and Naval Architects,Evaluate operation of marine equipment during acceptance testing and shakedown cruises.,Selective Attention,1,0
21910,Marine Engineers and Naval Architects,"Conduct analytical, environmental, operational, or performance studies to develop designs for products, such as marine engines, equipment, and structures.",Inductive Reasoning,3,0
21910,Marine Engineers and Naval Architects,"Conduct analytical, environmental, operational, or performance studies to develop designs for products, such as marine engines, equipment, and structures.",Deductive Reasoning,3,0
21910,Marine Engineers and Naval Architects,"Conduct analytical, environmental, operational, or performance studies to develop designs for products, such as marine engines, equipment, and structures.",Mathematical Reasoning,2,0
21910,Marine Engineers and Naval Architects,"Conduct analytical, environmental, operational, or performance studies to develop designs for products, such as marine engines, equipment, and structures.",Problem Sensitivity,2,0
21910,Marine Engineers and Naval Architects,"Conduct analytical, environmental, operational, or performance studies to develop designs for products, such as marine engines, equipment, and structures.",Written Expression,2,0
21910,Marine Engineers and Naval Architects,"Conduct analytical, environmental, operational, or performance studies to develop designs for products, such as marine engines, equipment, and structures.",Originality,1,0
21916,Marine Engineers and Naval Architects,"Establish arrangement of boiler room equipment and propulsion machinery, heating and ventilating systems, refrigeration equipment, piping, and other functional equipment.",Visualization,3,0
21916,Marine Engineers and Naval Architects,"Establish arrangement of boiler room equipment and propulsion machinery, heating and ventilating systems, refrigeration equipment, piping, and other functional equipment.",Spatial Orientation,2,0
21916,Marine Engineers and Naval Architects,"Establish arrangement of boiler room equipment and propulsion machinery, heating and ventilating systems, refrigeration equipment, piping, and other functional equipment.",Deductive Reasoning,2,0
21916,Marine Engineers and Naval Architects,"Establish arrangement of boiler room equipment and propulsion machinery, heating and ventilating systems, refrigeration equipment, piping, and other functional equipment.",Information Ordering,2,0
21916,Marine Engineers and Naval Architects,"Establish arrangement of boiler room equipment and propulsion machinery, heating and ventilating systems, refrigeration equipment, piping, and other functional equipment.",Near Vision,2,0
21916,Marine Engineers and Naval Architects,"Establish arrangement of boiler room equipment and propulsion machinery, heating and ventilating systems, refrigeration equipment, piping, and other functional equipment.",Written Expression,1,0
21901,Marine Engineers and Naval Architects,Investigate and observe tests on machinery and equipment for compliance with standards.,Near Vision,3,0
21901,Marine Engineers and Naval Architects,Investigate and observe tests on machinery and equipment for compliance with standards.,Problem Sensitivity,3,0
21901,Marine Engineers and Naval Architects,Investigate and observe tests on machinery and equipment for compliance with standards.,Deductive Reasoning,2,0
21901,Marine Engineers and Naval Architects,Investigate and observe tests on machinery and equipment for compliance with standards.,Written Comprehension,2,0
21901,Marine Engineers and Naval Architects,Investigate and observe tests on machinery and equipment for compliance with standards.,Inductive Reasoning,2,0
21901,Marine Engineers and Naval Architects,Investigate and observe tests on machinery and equipment for compliance with standards.,Selective Attention,1,0
21893,Marine Engineers and Naval Architects,"Prepare plans, estimates, design and construction schedules, and contract specifications, including any special provisions.",Written Expression,3,0
21893,Marine Engineers and Naval Architects,"Prepare plans, estimates, design and construction schedules, and contract specifications, including any special provisions.",Information Ordering,3,0
21893,Marine Engineers and Naval Architects,"Prepare plans, estimates, design and construction schedules, and contract specifications, including any special provisions.",Deductive Reasoning,2,0
21893,Marine Engineers and Naval Architects,"Prepare plans, estimates, design and construction schedules, and contract specifications, including any special provisions.",Mathematical Reasoning,2,0
21893,Marine Engineers and Naval Architects,"Prepare plans, estimates, design and construction schedules, and contract specifications, including any special provisions.",Written Comprehension,2,0
21893,Marine Engineers and Naval Architects,"Prepare plans, estimates, design and construction schedules, and contract specifications, including any special provisions.",Number Facility,1,0
21904,Marine Engineers and Naval Architects,"Design and oversee testing, installation, and repair of marine apparatus and equipment.",Deductive Reasoning,3,0
21904,Marine Engineers and Naval Architects,"Design and oversee testing, installation, and repair of marine apparatus and equipment.",Problem Sensitivity,2,0
21904,Marine Engineers and Naval Architects,"Design and oversee testing, installation, and repair of marine apparatus and equipment.",Inductive Reasoning,2,0
21904,Marine Engineers and Naval Architects,"Design and oversee testing, installation, and repair of marine apparatus and equipment.",Written Comprehension,2,0
21904,Marine Engineers and Naval Architects,"Design and oversee testing, installation, and repair of marine apparatus and equipment.",Near Vision,2,0
21904,Marine Engineers and Naval Architects,"Design and oversee testing, installation, and repair of marine apparatus and equipment.",Oral Expression,1,0
21904,Marine Engineers and Naval Architects,"Design and oversee testing, installation, and repair of marine apparatus and equipment.",Visualization,1,0
21898,Marine Engineers and Naval Architects,"Conduct environmental, operational, or performance tests on marine machinery and equipment.",Near Vision,3,0
21898,Marine Engineers and Naval Architects,"Conduct environmental, operational, or performance tests on marine machinery and equipment.",Problem Sensitivity,3,0
21898,Marine Engineers and Naval Architects,"Conduct environmental, operational, or performance tests on marine machinery and equipment.",Selective Attention,2,0
21898,Marine Engineers and Naval Architects,"Conduct environmental, operational, or performance tests on marine machinery and equipment.",Deductive Reasoning,2,0
21898,Marine Engineers and Naval Architects,"Conduct environmental, operational, or performance tests on marine machinery and equipment.",Inductive Reasoning,2,0
21898,Marine Engineers and Naval Architects,"Conduct environmental, operational, or performance tests on marine machinery and equipment.",Written Expression,1,0
21913,Marine Engineers and Naval Architects,Analyze data to determine feasibility of product proposals.,Inductive Reasoning,3,0
21913,Marine Engineers and Naval Architects,Analyze data to determine feasibility of product proposals.,Deductive Reasoning,2,0
21913,Marine Engineers and Naval Architects,Analyze data to determine feasibility of product proposals.,Mathematical Reasoning,2,0
21913,Marine Engineers and Naval Architects,Analyze data to determine feasibility of product proposals.,Problem Sensitivity,2,0
21913,Marine Engineers and Naval Architects,Analyze data to determine feasibility of product proposals.,Written Comprehension,2,0
21913,Marine Engineers and Naval Architects,Analyze data to determine feasibility of product proposals.,Number Facility,1,0
21911,Marine Engineers and Naval Architects,"Determine conditions under which tests are to be conducted, as well as sequences and phases of test operations.",Deductive Reasoning,3,0
21911,Marine Engineers and Naval Architects,"Determine conditions under which tests are to be conducted, as well as sequences and phases of test operations.",Information Ordering,3,0
21911,Marine Engineers and Naval Architects,"Determine conditions under which tests are to be conducted, as well as sequences and phases of test operations.",Problem Sensitivity,2,0
21911,Marine Engineers and Naval Architects,"Determine conditions under which tests are to be conducted, as well as sequences and phases of test operations.",Inductive Reasoning,2,0
21911,Marine Engineers and Naval Architects,"Determine conditions under which tests are to be conducted, as well as sequences and phases of test operations.",Written Expression,2,0
21911,Marine Engineers and Naval Architects,"Determine conditions under which tests are to be conducted, as well as sequences and phases of test operations.",Oral Expression,1,0
21909,Marine Engineers and Naval Architects,Confer with research personnel to clarify or resolve problems and to develop or modify designs.,Oral Comprehension,3,0
21909,Marine Engineers and Naval Architects,Confer with research personnel to clarify or resolve problems and to develop or modify designs.,Oral Expression,3,0
21909,Marine Engineers and Naval Architects,Confer with research personnel to clarify or resolve problems and to develop or modify designs.,Problem Sensitivity,2,0
21909,Marine Engineers and Naval Architects,Confer with research personnel to clarify or resolve problems and to develop or modify designs.,Deductive Reasoning,2,0
21909,Marine Engineers and Naval Architects,Confer with research personnel to clarify or resolve problems and to develop or modify designs.,Speech Recognition,2,0
21909,Marine Engineers and Naval Architects,Confer with research personnel to clarify or resolve problems and to develop or modify designs.,Speech Clarity,2,0
21912,Marine Engineers and Naval Architects,Review work requests and compare them with previous work completed on ships to ensure that costs are economically sound.,Written Comprehension,3,0
21912,Marine Engineers and Naval Architects,Review work requests and compare them with previous work completed on ships to ensure that costs are economically sound.,Deductive Reasoning,2,0
21912,Marine Engineers and Naval Architects,Review work requests and compare them with previous work completed on ships to ensure that costs are economically sound.,Number Facility,2,0
21912,Marine Engineers and Naval Architects,Review work requests and compare them with previous work completed on ships to ensure that costs are economically sound.,Mathematical Reasoning,2,0
21912,Marine Engineers and Naval Architects,Review work requests and compare them with previous work completed on ships to ensure that costs are economically sound.,Inductive Reasoning,2,0
21912,Marine Engineers and Naval Architects,Review work requests and compare them with previous work completed on ships to ensure that costs are economically sound.,Near Vision,1,0
21888,Marine Engineers and Naval Architects,Supervise other engineers and crew members and train them for routine and emergency duties.,Oral Expression,3,0
21888,Marine Engineers and Naval Architects,Supervise other engineers and crew members and train them for routine and emergency duties.,Oral Comprehension,2,0
21888,Marine Engineers and Naval Architects,Supervise other engineers and crew members and train them for routine and emergency duties.,Speech Clarity,2,0
21888,Marine Engineers and Naval Architects,Supervise other engineers and crew members and train them for routine and emergency duties.,Written Comprehension,2,0
21888,Marine Engineers and Naval Architects,Supervise other engineers and crew members and train them for routine and emergency duties.,Deductive Reasoning,2,0
21888,Marine Engineers and Naval Architects,Supervise other engineers and crew members and train them for routine and emergency duties.,Problem Sensitivity,1,0
21897,Marine Engineers and Naval Architects,"Act as liaisons between ships' captains and shore personnel to ensure that schedules and budgets are maintained, and that ships are operated safely and efficiently.",Oral Expression,3,0
21897,Marine Engineers and Naval Architects,"Act as liaisons between ships' captains and shore personnel to ensure that schedules and budgets are maintained, and that ships are operated safely and efficiently.",Oral Comprehension,3,0
21897,Marine Engineers and Naval Architects,"Act as liaisons between ships' captains and shore personnel to ensure that schedules and budgets are maintained, and that ships are operated safely and efficiently.",Speech Clarity,2,0
21897,Marine Engineers and Naval Architects,"Act as liaisons between ships' captains and shore personnel to ensure that schedules and budgets are maintained, and that ships are operated safely and efficiently.",Speech Recognition,2,0
21897,Marine Engineers and Naval Architects,"Act as liaisons between ships' captains and shore personnel to ensure that schedules and budgets are maintained, and that ships are operated safely and efficiently.",Written Comprehension,2,0
21897,Marine Engineers and Naval Architects,"Act as liaisons between ships' captains and shore personnel to ensure that schedules and budgets are maintained, and that ships are operated safely and efficiently.",Deductive Reasoning,1,0
21902,Marine Engineers and Naval Architects,"Maintain records of engineering department activities, including expense records and details of equipment maintenance and repairs.",Written Expression,3,0
21902,Marine Engineers and Naval Architects,"Maintain records of engineering department activities, including expense records and details of equipment maintenance and repairs.",Information Ordering,2,0
21902,Marine Engineers and Naval Architects,"Maintain records of engineering department activities, including expense records and details of equipment maintenance and repairs.",Written Comprehension,2,0
21902,Marine Engineers and Naval Architects,"Maintain records of engineering department activities, including expense records and details of equipment maintenance and repairs.",Number Facility,2,0
21902,Marine Engineers and Naval Architects,"Maintain records of engineering department activities, including expense records and details of equipment maintenance and repairs.",Near Vision,2,0
21902,Marine Engineers and Naval Architects,"Maintain records of engineering department activities, including expense records and details of equipment maintenance and repairs.",Selective Attention,1,0
21908,Marine Engineers and Naval Architects,Maintain and coordinate repair of marine machinery and equipment for installation on vessels.,Problem Sensitivity,3,0
21908,Marine Engineers and Naval Architects,Maintain and coordinate repair of marine machinery and equipment for installation on vessels.,Deductive Reasoning,2,0
21908,Marine Engineers and Naval Architects,Maintain and coordinate repair of marine machinery and equipment for installation on vessels.,Oral Expression,2,0
21908,Marine Engineers and Naval Architects,Maintain and coordinate repair of marine machinery and equipment for installation on vessels.,Information Ordering,2,0
21908,Marine Engineers and Naval Architects,Maintain and coordinate repair of marine machinery and equipment for installation on vessels.,Inductive Reasoning,2,0
21908,Marine Engineers and Naval Architects,Maintain and coordinate repair of marine machinery and equipment for installation on vessels.,Written Expression,1,0
21891,Marine Engineers and Naval Architects,"Oversee construction and testing of prototype in model basin and develop sectional and waterline curves of hull to establish center of gravity, ideal hull form, and buoyancy and stability data.",Visualization,3,0
21891,Marine Engineers and Naval Architects,"Oversee construction and testing of prototype in model basin and develop sectional and waterline curves of hull to establish center of gravity, ideal hull form, and buoyancy and stability data.",Deductive Reasoning,2,0
21891,Marine Engineers and Naval Architects,"Oversee construction and testing of prototype in model basin and develop sectional and waterline curves of hull to establish center of gravity, ideal hull form, and buoyancy and stability data.",Mathematical Reasoning,2,0
21891,Marine Engineers and Naval Architects,"Oversee construction and testing of prototype in model basin and develop sectional and waterline curves of hull to establish center of gravity, ideal hull form, and buoyancy and stability data.",Near Vision,2,0
21891,Marine Engineers and Naval Architects,"Oversee construction and testing of prototype in model basin and develop sectional and waterline curves of hull to establish center of gravity, ideal hull form, and buoyancy and stability data.",Inductive Reasoning,2,0
21891,Marine Engineers and Naval Architects,"Oversee construction and testing of prototype in model basin and develop sectional and waterline curves of hull to establish center of gravity, ideal hull form, and buoyancy and stability data.",Problem Sensitivity,2,0
21891,Marine Engineers and Naval Architects,"Oversee construction and testing of prototype in model basin and develop sectional and waterline curves of hull to establish center of gravity, ideal hull form, and buoyancy and stability data.",Number Facility,1,0
21906,Marine Engineers and Naval Architects,Procure materials needed to repair marine equipment and machinery.,Written Comprehension,2,0
21906,Marine Engineers and Naval Architects,Procure materials needed to repair marine equipment and machinery.,Oral Comprehension,2,0
21906,Marine Engineers and Naval Architects,Procure materials needed to repair marine equipment and machinery.,Deductive Reasoning,2,0
21906,Marine Engineers and Naval Architects,Procure materials needed to repair marine equipment and machinery.,Number Facility,2,0
21906,Marine Engineers and Naval Architects,Procure materials needed to repair marine equipment and machinery.,Information Ordering,1,0
21906,Marine Engineers and Naval Architects,Procure materials needed to repair marine equipment and machinery.,Mathematical Reasoning,1,0
21914,Marine Engineers and Naval Architects,"Schedule machine overhauls and the servicing of electrical, heating, ventilation, refrigeration, water, and sewage systems.",Information Ordering,3,0
21914,Marine Engineers and Naval Architects,"Schedule machine overhauls and the servicing of electrical, heating, ventilation, refrigeration, water, and sewage systems.",Deductive Reasoning,2,0
21914,Marine Engineers and Naval Architects,"Schedule machine overhauls and the servicing of electrical, heating, ventilation, refrigeration, water, and sewage systems.",Written Expression,2,0
21914,Marine Engineers and Naval Architects,"Schedule machine overhauls and the servicing of electrical, heating, ventilation, refrigeration, water, and sewage systems.",Problem Sensitivity,2,0
21914,Marine Engineers and Naval Architects,"Schedule machine overhauls and the servicing of electrical, heating, ventilation, refrigeration, water, and sewage systems.",Mathematical Reasoning,1,0
21914,Marine Engineers and Naval Architects,"Schedule machine overhauls and the servicing of electrical, heating, ventilation, refrigeration, water, and sewage systems.",Number Facility,1,0
9001,Materials Engineers,Analyze product failure data and laboratory test results to determine causes of problems and develop solutions.,Inductive Reasoning,3,0
9001,Materials Engineers,Analyze product failure data and laboratory test results to determine causes of problems and develop solutions.,Deductive Reasoning,3,0
9001,Materials Engineers,Analyze product failure data and laboratory test results to determine causes of problems and develop solutions.,Problem Sensitivity,3,0
9001,Materials Engineers,Analyze product failure data and laboratory test results to determine causes of problems and develop solutions.,Mathematical Reasoning,2,0
9001,Materials Engineers,Analyze product failure data and laboratory test results to determine causes of problems and develop solutions.,Written Comprehension,2,0
9001,Materials Engineers,Analyze product failure data and laboratory test results to determine causes of problems and develop solutions.,Near Vision,1,0
9004,Materials Engineers,Design and direct the testing or control of processing procedures.,Deductive Reasoning,3,0
9004,Materials Engineers,Design and direct the testing or control of processing procedures.,Inductive Reasoning,2,0
9004,Materials Engineers,Design and direct the testing or control of processing procedures.,Problem Sensitivity,2,0
9004,Materials Engineers,Design and direct the testing or control of processing procedures.,Information Ordering,2,0
9004,Materials Engineers,Design and direct the testing or control of processing procedures.,Written Expression,2,0
9004,Materials Engineers,Design and direct the testing or control of processing procedures.,Oral Expression,1,0
9002,Materials Engineers,"Monitor material performance, and evaluate its deterioration.",Selective Attention,3,0
9002,Materials Engineers,"Monitor material performance, and evaluate its deterioration.",Problem Sensitivity,3,0
9002,Materials Engineers,"Monitor material performance, and evaluate its deterioration.",Near Vision,2,0
9002,Materials Engineers,"Monitor material performance, and evaluate its deterioration.",Inductive Reasoning,2,0
9002,Materials Engineers,"Monitor material performance, and evaluate its deterioration.",Deductive Reasoning,2,0
9002,Materials Engineers,"Monitor material performance, and evaluate its deterioration.",Written Expression,1,0
9006,Materials Engineers,Conduct or supervise tests on raw materials or finished products to ensure their quality.,Problem Sensitivity,3,0
9006,Materials Engineers,Conduct or supervise tests on raw materials or finished products to ensure their quality.,Deductive Reasoning,2,0
9006,Materials Engineers,Conduct or supervise tests on raw materials or finished products to ensure their quality.,Near Vision,2,0
9006,Materials Engineers,Conduct or supervise tests on raw materials or finished products to ensure their quality.,Selective Attention,2,0
9006,Materials Engineers,Conduct or supervise tests on raw materials or finished products to ensure their quality.,Written Comprehension,2,0
9006,Materials Engineers,Conduct or supervise tests on raw materials or finished products to ensure their quality.,Inductive Reasoning,1,0
9005,Materials Engineers,Evaluate technical specifications and economic factors relating to process or product design objectives.,Deductive Reasoning,3,0
9005,Materials Engineers,Evaluate technical specifications and economic factors relating to process or product design objectives.,Written Comprehension,3,0
9005,Materials Engineers,Evaluate technical specifications and economic factors relating to process or product design objectives.,Inductive Reasoning,2,0
9005,Materials Engineers,Evaluate technical specifications and economic factors relating to process or product design objectives.,Mathematical Reasoning,2,0
9005,Materials Engineers,Evaluate technical specifications and economic factors relating to process or product design objectives.,Problem Sensitivity,2,0
9005,Materials Engineers,Evaluate technical specifications and economic factors relating to process or product design objectives.,Number Facility,1,0
9012,Materials Engineers,"Modify properties of metal alloys, using thermal and mechanical treatments.",Problem Sensitivity,3,0
9012,Materials Engineers,"Modify properties of metal alloys, using thermal and mechanical treatments.",Deductive Reasoning,2,0
9012,Materials Engineers,"Modify properties of metal alloys, using thermal and mechanical treatments.",Manual Dexterity,2,0
9012,Materials Engineers,"Modify properties of metal alloys, using thermal and mechanical treatments.",Control Precision,2,0
9012,Materials Engineers,"Modify properties of metal alloys, using thermal and mechanical treatments.",Near Vision,2,0
9012,Materials Engineers,"Modify properties of metal alloys, using thermal and mechanical treatments.",Arm-Hand Steadiness,1,0
9012,Materials Engineers,"Modify properties of metal alloys, using thermal and mechanical treatments.",Finger Dexterity,1,0
9015,Materials Engineers,Determine appropriate methods for fabricating and joining materials.,Deductive Reasoning,3,0
9015,Materials Engineers,Determine appropriate methods for fabricating and joining materials.,Inductive Reasoning,2,0
9015,Materials Engineers,Determine appropriate methods for fabricating and joining materials.,Written Comprehension,2,0
9015,Materials Engineers,Determine appropriate methods for fabricating and joining materials.,Problem Sensitivity,2,0
9015,Materials Engineers,Determine appropriate methods for fabricating and joining materials.,Category Flexibility,2,0
9015,Materials Engineers,Determine appropriate methods for fabricating and joining materials.,Visualization,1,0
