task_id,occupation,task_text,ability_name,weight,uncertain
22166,Clinical and Counseling Psychologists,"Interact with clients to assist them in gaining insight, defining goals, and planning action to achieve effective personal, social, educational, or vocational development and adjustment.",Oral Comprehension,3,0
22166,Clinical and Counseling Psychologists,"Interact with clients to assist them in gaining insight, defining goals, and planning action to achieve effective personal, social, educational, or vocational development and adjustment.",Oral Expression,3,0
22166,Clinical and Counseling Psychologists,"Interact with clients to assist them in gaining insight, defining goals, and planning action to achieve effective personal, social, educational, or vocational development and adjustment.",Problem Sensitivity,3,0
22166,Clinical and Counseling Psychologists,"Interact with clients to assist them in gaining insight, defining goals, and planning action to achieve effective personal, social, educational, or vocational development and adjustment.",Inductive Reasoning,2,0
22166,Clinical and Counseling Psychologists,"Interact with clients to assist them in gaining insight, defining goals, and planning action to achieve effective personal, social, educational, or vocational development and adjustment.",Speech Recognition,2,0
22166,Clinical and Counseling Psychologists,"Interact with clients to assist them in gaining insight, defining goals, and planning action to achieve effective personal, social, educational, or vocational development and adjustment.",Speech Clarity,2,0
22166,Clinical and Counseling Psychologists,"Interact with clients to assist them in gaining insight, defining goals, and planning action to achieve effective personal, social, educational, or vocational development and adjustment.",Deductive Reasoning,2,0
22166,Clinical and Counseling Psychologists,"Interact with clients to assist them in gaining insight, defining goals, and planning action to achieve effective personal, social, educational, or vocational development and adjustment.",Information Ordering,2,0
22163,Clinical and Counseling Psychologists,"Collect information about individuals or clients, using interviews, case histories, observational techniques, and other assessment methods.",Oral Comprehension,3,0
22163,Clinical and Counseling Psychologists,"Collect information about individuals or clients, using interviews, case histories, observational techniques, and other assessment methods.",Written Comprehension,3,0
22163,Clinical and Counseling Psychologists,"Collect information about individuals or clients, using interviews, case histories, observational techniques, and other assessment methods.",Inductive Reasoning,3,0
22163,Clinical and Counseling Psychologists,"Collect information about individuals or clients, using interviews, case histories, observational techniques, and other assessment methods.",Problem Sensitivity,2,0
22163,Clinical and Counseling Psychologists,"Collect information about individuals or clients, using interviews, case histories, observational techniques, and other assessment methods.",Speech Recognition,2,0
22163,Clinical and Counseling Psychologists,"Collect information about individuals or clients, using interviews, case histories, observational techniques, and other assessment methods.",Selective Attention,2,0
22163,Clinical and Counseling Psychologists,"Collect information about individuals or clients, using interviews, case histories, observational techniques, and other assessment methods.",Memorization,2,0
22163,Clinical and Counseling Psychologists,"Collect information about individuals or clients, using interviews, case histories, observational techniques, and other assessment methods.",Near Vision,1,0
22173,Clinical and Counseling Psychologists,"Evaluate the effectiveness of counseling or treatments and the accuracy and completeness of diagnoses, modifying plans or diagnoses as necessary.",Deductive Reasoning,3,0
22173,Clinical and Counseling Psychologists,"Evaluate the effectiveness of counseling or treatments and the accuracy and completeness of diagnoses, modifying plans or diagnoses as necessary.",Inductive Reasoning,3,0
22173,Clinical and Counseling Psychologists,"Evaluate the effectiveness of counseling or treatments and the accuracy and completeness of diagnoses, modifying plans or diagnoses as necessary.",Problem Sensitivity,3,0
22173,Clinical and Counseling Psychologists,"Evaluate the effectiveness of counseling or treatments and the accuracy and completeness of diagnoses, modifying plans or diagnoses as necessary.",Written Comprehension,2,0
22173,Clinical and Counseling Psychologists,"Evaluate the effectiveness of counseling or treatments and the accuracy and completeness of diagnoses, modifying plans or diagnoses as necessary.",Category Flexibility,2,0
22173,Clinical and Counseling Psychologists,"Evaluate the effectiveness of counseling or treatments and the accuracy and completeness of diagnoses, modifying plans or diagnoses as necessary.",Information Ordering,2,0
22173,Clinical and Counseling Psychologists,"Evaluate the effectiveness of counseling or treatments and the accuracy and completeness of diagnoses, modifying plans or diagnoses as necessary.",Mathematical Reasoning,1,0
22169,Clinical and Counseling Psychologists,"Use a variety of treatment methods, such as psychotherapy, hypnosis, behavior modification, stress reduction therapy, psychodrama, or play therapy.",Oral Comprehension,3,0
22169,Clinical and Counseling Psychologists,"Use a variety of treatment methods, such as psychotherapy, hypnosis, behavior modification, stress reduction therapy, psychodrama, or play therapy.",Oral Expression,3,0
22169,Clinical and Counseling Psychologists,"Use a variety of treatment methods, such as psychotherapy, hypnosis, behavior modification, stress reduction therapy, psychodrama, or play therapy.",Problem Sensitivity,3,0
22169,Clinical and Counseling Psychologists,"Use a variety of treatment methods, such as psychotherapy, hypnosis, behavior modification, stress reduction therapy, psychodrama, or play therapy.",Category Flexibility,2,0
22169,Clinical and Counseling Psychologists,"Use a variety of treatment methods, such as psychotherapy, hypnosis, behavior modification, stress reduction therapy, psychodrama, or play therapy.",Inductive Reasoning,2,0
22169,Clinical and Counseling Psychologists,"Use a variety of treatment methods, such as psychotherapy, hypnosis, behavior modification, stress reduction therapy, psychodrama, or play therapy.",Fluency of Ideas,2,0
22169,Clinical and Counseling Psychologists,"Use a variety of treatment methods, such as psychotherapy, hypnosis, behavior modification, stress reduction therapy, psychodrama, or play therapy.",Speech Recognition,2,0
22169,Clinical and Counseling Psychologists,"Use a variety of treatment methods, such as psychotherapy, hypnosis, behavior modification, stress reduction therapy, psychodrama, or play therapy.",Speech Clarity,2,0
22167,Clinical and Counseling Psychologists,"Develop therapeutic and treatment plans based on clients' interests, abilities, or needs.",Deductive Reasoning,3,0
22167,Clinical and Counseling Psychologists,"Develop therapeutic and treatment plans based on clients' interests, abilities, or needs.",Inductive Reasoning,3,0
22167,Clinical and Counseling Psychologists,"Develop therapeutic and treatment plans based on clients' interests, abilities, or needs.",Problem Sensitivity,3,0
22167,Clinical and Counseling Psychologists,"Develop therapeutic and treatment plans based on clients' interests, abilities, or needs.",Information Ordering,2,0
22167,Clinical and Counseling Psychologists,"Develop therapeutic and treatment plans based on clients' interests, abilities, or needs.",Written Expression,2,0
22167,Clinical and Counseling Psychologists,"Develop therapeutic and treatment plans based on clients' interests, abilities, or needs.",Fluency of Ideas,2,0
22167,Clinical and Counseling Psychologists,"Develop therapeutic and treatment plans based on clients' interests, abilities, or needs.",Category Flexibility,2,0
22176,Clinical and Counseling Psychologists,"Develop and implement individual treatment plans, specifying type, frequency, intensity, and duration of therapy.",Deductive Reasoning,3,0
22176,Clinical and Counseling Psychologists,"Develop and implement individual treatment plans, specifying type, frequency, intensity, and duration of therapy.",Information Ordering,3,0
22176,Clinical and Counseling Psychologists,"Develop and implement individual treatment plans, specifying type, frequency, intensity, and duration of therapy.",Written Expression,3,0
22176,Clinical and Counseling Psychologists,"Develop and implement individual treatment plans, specifying type, frequency, intensity, and duration of therapy.",Problem Sensitivity,2,0
22176,Clinical and Counseling Psychologists,"Develop and implement individual treatment plans, specifying type, frequency, intensity, and duration of therapy.",Inductive Reasoning,2,0
22176,Clinical and Counseling Psychologists,"Develop and implement individual treatment plans, specifying type, frequency, intensity, and duration of therapy.",Mathematical Reasoning,1,0
22176,Clinical and Counseling Psychologists,"Develop and implement individual treatment plans, specifying type, frequency, intensity, and duration of therapy.",Number Facility,1,0
22179,Clinical and Counseling Psychologists,Maintain current knowledge of relevant research.,Written Comprehension,3,0
22179,Clinical and Counseling Psychologists,Maintain current knowledge of relevant research.,Inductive Reasoning,2,0
22179,Clinical and Counseling Psychologists,Maintain current knowledge of relevant research.,Deductive Reasoning,2,0
22179,Clinical and Counseling Psychologists,Maintain current knowledge of relevant research.,Memorization,2,0
22179,Clinical and Counseling Psychologists,Maintain current knowledge of relevant research.,Speed of Closure,1,0
22172,Clinical and Counseling Psychologists,"Obtain and study medical, psychological, social, and family histories by interviewing individuals, couples, or families and by reviewing records.",Oral Comprehension,3,0
22172,Clinical and Counseling Psychologists,"Obtain and study medical, psychological, social, and family histories by interviewing individuals, couples, or families and by reviewing records.",Written Comprehension,3,0
22172,Clinical and Counseling Psychologists,"Obtain and study medical, psychological, social, and family histories by interviewing individuals, couples, or families and by reviewing records.",Inductive Reasoning,3,0
22172,Clinical and Counseling Psychologists,"Obtain and study medical, psychological, social, and family histories by interviewing individuals, couples, or families and by reviewing records.",Problem Sensitivity,2,0
22172,Clinical and Counseling Psychologists,"Obtain and study medical, psychological, social, and family histories by interviewing individuals, couples, or families and by reviewing records.",Speech Recognition,2,0
22172,Clinical and Counseling Psychologists,"Obtain and study medical, psychological, social, and family histories by interviewing individuals, couples, or families and by reviewing records.",Memorization,2,0
22172,Clinical and Counseling Psychologists,"Obtain and study medical, psychological, social, and family histories by interviewing individuals, couples, or families and by reviewing records.",Selective Attention,2,0
22172,Clinical and Counseling Psychologists,"Obtain and study medical, psychological, social, and family histories by interviewing individuals, couples, or families and by reviewing records.",Near Vision,1,0
22174,Clinical and Counseling Psychologists,"Select, administer, score, and interpret psychological tests to obtain information on individuals' intelligence, achievements, interests, or personalities.",Deductive Reasoning,3,0
22174,Clinical and Counseling Psychologists,"Select, administer, score, and interpret psychological tests to obtain information on individuals' intelligence, achievements, interests, or personalities.",Inductive Reasoning,3,0
22174,Clinical and Counseling Psychologists,"Select, administer, score, and interpret psychological tests to obtain information on individuals' intelligence, achievements, interests, or personalities.",Written Comprehension,3,0
22174,Clinical and Counseling Psychologists,"Select, administer, score, and interpret psychological tests to obtain information on individuals' intelligence, achievements, interests, or personalities.",Mathematical Reasoning,2,0
22174,Clinical and Counseling Psychologists,"Select, administer, score, and interpret psychological tests to obtain information on individuals' intelligence, achievements, interests, or personalities.",Number Facility,2,0
22174,Clinical and Counseling Psychologists,"Select, administer, score, and interpret psychological tests to obtain information on individuals' intelligence, achievements, interests, or personalities.",Information Ordering,2,0
22174,Clinical and Counseling Psychologists,"Select, administer, score, and interpret psychological tests to obtain information on individuals' intelligence, achievements, interests, or personalities.",Near Vision,2,0
22174,Clinical and Counseling Psychologists,"Select, administer, score, and interpret psychological tests to obtain information on individuals' intelligence, achievements, interests, or personalities.",Selective Attention,2,0
22180,Clinical and Counseling Psychologists,"Consult reference material, such as textbooks, manuals, or journals, to identify symptoms, make diagnoses, or develop approaches to treatment.",Written Comprehension,3,0
22180,Clinical and Counseling Psychologists,"Consult reference material, such as textbooks, manuals, or journals, to identify symptoms, make diagnoses, or develop approaches to treatment.",Inductive Reasoning,3,0
22180,Clinical and Counseling Psychologists,"Consult reference material, such as textbooks, manuals, or journals, to identify symptoms, make diagnoses, or develop approaches to treatment.",Deductive Reasoning,3,0
22180,Clinical and Counseling Psychologists,"Consult reference material, such as textbooks, manuals, or journals, to identify symptoms, make diagnoses, or develop approaches to treatment.",Problem Sensitivity,2,0
22180,Clinical and Counseling Psychologists,"Consult reference material, such as textbooks, manuals, or journals, to identify symptoms, make diagnoses, or develop approaches to treatment.",Speed of Closure,2,0
22180,Clinical and Counseling Psychologists,"Consult reference material, such as textbooks, manuals, or journals, to identify symptoms, make diagnoses, or develop approaches to treatment.",Near Vision,2,0
22180,Clinical and Counseling Psychologists,"Consult reference material, such as textbooks, manuals, or journals, to identify symptoms, make diagnoses, or develop approaches to treatment.",Memorization,1,0
22171,Clinical and Counseling Psychologists,"Consult with or provide consultation to other doctors, therapists, or clinicians regarding patient care.",Oral Comprehension,3,0
22171,Clinical and Counseling Psychologists,"Consult with or provide consultation to other doctors, therapists, or clinicians regarding patient care.",Oral Expression,3,0
22171,Clinical and Counseling Psychologists,"Consult with or provide consultation to other doctors, therapists, or clinicians regarding patient care.",Speech Recognition,2,0
22171,Clinical and Counseling Psychologists,"Consult with or provide consultation to other doctors, therapists, or clinicians regarding patient care.",Speech Clarity,2,0
22171,Clinical and Counseling Psychologists,"Consult with or provide consultation to other doctors, therapists, or clinicians regarding patient care.",Deductive Reasoning,2,0
22171,Clinical and Counseling Psychologists,"Consult with or provide consultation to other doctors, therapists, or clinicians regarding patient care.",Problem Sensitivity,2,0
22171,Clinical and Counseling Psychologists,"Consult with or provide consultation to other doctors, therapists, or clinicians regarding patient care.",Written Comprehension,1,0
22175,Clinical and Counseling Psychologists,Advise clients on how they could be helped by counseling.,Oral Expression,3,0
22175,Clinical and Counseling Psychologists,Advise clients on how they could be helped by counseling.,Oral Comprehension,3,0
22175,Clinical and Counseling Psychologists,Advise clients on how they could be helped by counseling.,Problem Sensitivity,2,0
22175,Clinical and Counseling Psychologists,Advise clients on how they could be helped by counseling.,Speech Clarity,2,0
22175,Clinical and Counseling Psychologists,Advise clients on how they could be helped by counseling.,Inductive Reasoning,2,0
22175,Clinical and Counseling Psychologists,Advise clients on how they could be helped by counseling.,Deductive Reasoning,1,0
22185,Clinical and Counseling Psychologists,"Direct, coordinate, and evaluate activities of staff and interns engaged in patient assessment and treatment.",Deductive Reasoning,3,0
22185,Clinical and Counseling Psychologists,"Direct, coordinate, and evaluate activities of staff and interns engaged in patient assessment and treatment.",Problem Sensitivity,2,0
22185,Clinical and Counseling Psychologists,"Direct, coordinate, and evaluate activities of staff and interns engaged in patient assessment and treatment.",Information Ordering,2,0
22185,Clinical and Counseling Psychologists,"Direct, coordinate, and evaluate activities of staff and interns engaged in patient assessment and treatment.",Oral Expression,2,0
22185,Clinical and Counseling Psychologists,"Direct, coordinate, and evaluate activities of staff and interns engaged in patient assessment and treatment.",Oral Comprehension,2,0
22185,Clinical and Counseling Psychologists,"Direct, coordinate, and evaluate activities of staff and interns engaged in patient assessment and treatment.",Inductive Reasoning,2,0
22185,Clinical and Counseling Psychologists,"Direct, coordinate, and evaluate activities of staff and interns engaged in patient assessment and treatment.",Written Comprehension,1,0
22192,Clinical and Counseling Psychologists,"Supervise and train interns, clinicians in training, and other counselors.",Oral Expression,3,0
22192,Clinical and Counseling Psychologists,"Supervise and train interns, clinicians in training, and other counselors.",Oral Comprehension,3,0
22192,Clinical and Counseling Psychologists,"Supervise and train interns, clinicians in training, and other counselors.",Deductive Reasoning,2,0
22192,Clinical and Counseling Psychologists,"Supervise and train interns, clinicians in training, and other counselors.",Inductive Reasoning,2,0
22192,Clinical and Counseling Psychologists,"Supervise and train interns, clinicians in training, and other counselors.",Speech Clarity,2,0
22192,Clinical and Counseling Psychologists,"Supervise and train interns, clinicians in training, and other counselors.",Problem Sensitivity,1,0
22178,Clinical and Counseling Psychologists,"Refer clients to other specialists, institutions, or support services as necessary.",Deductive Reasoning,3,0
22178,Clinical and Counseling Psychologists,"Refer clients to other specialists, institutions, or support services as necessary.",Problem Sensitivity,3,0
22178,Clinical and Counseling Psychologists,"Refer clients to other specialists, institutions, or support services as necessary.",Oral Expression,2,0
22178,Clinical and Counseling Psychologists,"Refer clients to other specialists, institutions, or support services as necessary.",Written Expression,2,0
22178,Clinical and Counseling Psychologists,"Refer clients to other specialists, institutions, or support services as necessary.",Inductive Reasoning,2,0
22178,Clinical and Counseling Psychologists,"Refer clients to other specialists, institutions, or support services as necessary.",Information Ordering,1,0
22177,Clinical and Counseling Psychologists,"Consult with other professionals, agencies, or universities to discuss therapies, treatments, counseling resources or techniques, and to share occupational information.",Oral Comprehension,3,0
22177,Clinical and Counseling Psychologists,"Consult with other professionals, agencies, or universities to discuss therapies, treatments, counseling resources or techniques, and to share occupational information.",Oral Expression,3,0
22177,Clinical and Counseling Psychologists,"Consult with other professionals, agencies, or universities to discuss therapies, treatments, counseling resources or techniques, and to share occupational information.",Speech Recognition,2,0
22177,Clinical and Counseling Psychologists,"Consult with other professionals, agencies, or universities to discuss therapies, treatments, counseling resources or techniques, and to share occupational information.",Speech Clarity,2,0
22177,Clinical and Counseling Psychologists,"Consult with other professionals, agencies, or universities to discuss therapies, treatments, counseling resources or techniques, and to share occupational information.",Written Comprehension,2,0
22177,Clinical and Counseling Psychologists,"Consult with other professionals, agencies, or universities to discuss therapies, treatments, counseling resources or techniques, and to share occupational information.",Deductive Reasoning,2,0
22177,Clinical and Counseling Psychologists,"Consult with other professionals, agencies, or universities to discuss therapies, treatments, counseling resources or techniques, and to share occupational information.",Fluency of Ideas,1,0
22186,Clinical and Counseling Psychologists,"Develop, direct, and participate in training programs for staff and students.",Oral Expression,3,0
22186,Clinical and Counseling Psychologists,"Develop, direct, and participate in training programs for staff and students.",Information Ordering,3,0
22186,Clinical and Counseling Psychologists,"Develop, direct, and participate in training programs for staff and students.",Written Expression,2,0
22186,Clinical and Counseling Psychologists,"Develop, direct, and participate in training programs for staff and students.",Deductive Reasoning,2,0
22186,Clinical and Counseling Psychologists,"Develop, direct, and participate in training programs for staff and students.",Fluency of Ideas,2,0
22186,Clinical and Counseling Psychologists,"Develop, direct, and participate in training programs for staff and students.",Oral Comprehension,2,0
22186,Clinical and Counseling Psychologists,"Develop, direct, and participate in training programs for staff and students.",Speech Clarity,2,0
22184,Clinical and Counseling Psychologists,"Plan and develop accredited psychological service programs in psychiatric centers or hospitals, in collaboration with psychiatrists and other professional staff.",Deductive Reasoning,3,0
22184,Clinical and Counseling Psychologists,"Plan and develop accredited psychological service programs in psychiatric centers or hospitals, in collaboration with psychiatrists and other professional staff.",Information Ordering,3,0
22184,Clinical and Counseling Psychologists,"Plan and develop accredited psychological service programs in psychiatric centers or hospitals, in collaboration with psychiatrists and other professional staff.",Inductive Reasoning,2,0
22184,Clinical and Counseling Psychologists,"Plan and develop accredited psychological service programs in psychiatric centers or hospitals, in collaboration with psychiatrists and other professional staff.",Written Expression,2,0
22184,Clinical and Counseling Psychologists,"Plan and develop accredited psychological service programs in psychiatric centers or hospitals, in collaboration with psychiatrists and other professional staff.",Oral Expression,2,0
22184,Clinical and Counseling Psychologists,"Plan and develop accredited psychological service programs in psychiatric centers or hospitals, in collaboration with psychiatrists and other professional staff.",Problem Sensitivity,2,0
22184,Clinical and Counseling Psychologists,"Plan and develop accredited psychological service programs in psychiatric centers or hospitals, in collaboration with psychiatrists and other professional staff.",Fluency of Ideas,2,0
22182,Clinical and Counseling Psychologists,"Provide consulting services, including educational programs, outreach programs, or prevention talks to schools, social service agencies, businesses, or the general public.",Oral Expression,3,0
22182,Clinical and Counseling Psychologists,"Provide consulting services, including educational programs, outreach programs, or prevention talks to schools, social service agencies, businesses, or the general public.",Speech Clarity,3,0
22182,Clinical and Counseling Psychologists,"Provide consulting services, including educational programs, outreach programs, or prevention talks to schools, social service agencies, businesses, or the general public.",Oral Comprehension,2,0
22182,Clinical and Counseling Psychologists,"Provide consulting services, including educational programs, outreach programs, or prevention talks to schools, social service agencies, businesses, or the general public.",Written Expression,2,0
22182,Clinical and Counseling Psychologists,"Provide consulting services, including educational programs, outreach programs, or prevention talks to schools, social service agencies, businesses, or the general public.",Fluency of Ideas,2,0
22182,Clinical and Counseling Psychologists,"Provide consulting services, including educational programs, outreach programs, or prevention talks to schools, social service agencies, businesses, or the general public.",Inductive Reasoning,1,0
22182,Clinical and Counseling Psychologists,"Provide consulting services, including educational programs, outreach programs, or prevention talks to schools, social service agencies, businesses, or the general public.",Speech Recognition,1,0
22183,Clinical and Counseling Psychologists,"Provide occupational, educational, or other information to individuals so that they can make educational or vocational plans.",Oral Expression,3,0
22183,Clinical and Counseling Psychologists,"Provide occupational, educational, or other information to individuals so that they can make educational or vocational plans.",Oral Comprehension,2,0
22183,Clinical and Counseling Psychologists,"Provide occupational, educational, or other information to individuals so that they can make educational or vocational plans.",Written Comprehension,2,0
22183,Clinical and Counseling Psychologists,"Provide occupational, educational, or other information to individuals so that they can make educational or vocational plans.",Problem Sensitivity,2,0
22183,Clinical and Counseling Psychologists,"Provide occupational, educational, or other information to individuals so that they can make educational or vocational plans.",Speech Clarity,2,0
22183,Clinical and Counseling Psychologists,"Provide occupational, educational, or other information to individuals so that they can make educational or vocational plans.",Speech Recognition,2,0
22183,Clinical and Counseling Psychologists,"Provide occupational, educational, or other information to individuals so that they can make educational or vocational plans.",Deductive Reasoning,1,0
22188,Clinical and Counseling Psychologists,Conduct research to develop or improve diagnostic or therapeutic counseling techniques.,Inductive Reasoning,3,0
22188,Clinical and Counseling Psychologists,Conduct research to develop or improve diagnostic or therapeutic counseling techniques.,Deductive Reasoning,3,0
22188,Clinical and Counseling Psychologists,Conduct research to develop or improve diagnostic or therapeutic counseling techniques.,Written Expression,3,0
22188,Clinical and Counseling Psychologists,Conduct research to develop or improve diagnostic or therapeutic counseling techniques.,Mathematical Reasoning,2,0
22188,Clinical and Counseling Psychologists,Conduct research to develop or improve diagnostic or therapeutic counseling techniques.,Fluency of Ideas,2,0
22188,Clinical and Counseling Psychologists,Conduct research to develop or improve diagnostic or therapeutic counseling techniques.,Problem Sensitivity,2,0
22188,Clinical and Counseling Psychologists,Conduct research to develop or improve diagnostic or therapeutic counseling techniques.,Information Ordering,2,0
22188,Clinical and Counseling Psychologists,Conduct research to develop or improve diagnostic or therapeutic counseling techniques.,Originality,2,0
22191,Clinical and Counseling Psychologists,Prepare written evaluations of individuals' psychological competence for court hearings.,Written Expression,3,0
22191,Clinical and Counseling Psychologists,Prepare written evaluations of individuals' psychological competence for court hearings.,Deductive Reasoning,3,0
22191,Clinical and Counseling Psychologists,Prepare written evaluations of individuals' psychological competence for court hearings.,Written Comprehension,3,0
22191,Clinical and Counseling Psychologists,Prepare written evaluations of individuals' psychological competence for court hearings.,Inductive Reasoning,2,0
22191,Clinical and Counseling Psychologists,Prepare written evaluations of individuals' psychological competence for court hearings.,Information Ordering,2,0
22191,Clinical and Counseling Psychologists,Prepare written evaluations of individuals' psychological competence for court hearings.,Problem Sensitivity,2,0
22191,Clinical and Counseling Psychologists,Prepare written evaluations of individuals' psychological competence for court hearings.,Near Vision,1,0
22181,Clinical and Counseling Psychologists,"Observe individuals at play, in group interactions, or in other contexts to detect indications of cognitive, intellectual, or developmental disabilities.",Problem Sensitivity,3,0
22181,Clinical and Counseling Psychologists,"Observe individuals at play, in group interactions, or in other contexts to detect indications of cognitive, intellectual, or developmental disabilities.",Inductive Reasoning,3,0
22181,Clinical and Counseling Psychologists,"Observe individuals at play, in group interactions, or in other contexts to detect indications of cognitive, intellectual, or developmental disabilities.",Selective Attention,3,0
22181,Clinical and Counseling Psychologists,"Observe individuals at play, in group interactions, or in other contexts to detect indications of cognitive, intellectual, or developmental disabilities.",Perceptual Speed,2,0
22181,Clinical and Counseling Psychologists,"Observe individuals at play, in group interactions, or in other contexts to detect indications of cognitive, intellectual, or developmental disabilities.",Near Vision,2,0
22181,Clinical and Counseling Psychologists,"Observe individuals at play, in group interactions, or in other contexts to detect indications of cognitive, intellectual, or developmental disabilities.",Far Vision,1,0
22181,Clinical and Counseling Psychologists,"Observe individuals at play, in group interactions, or in other contexts to detect indications of cognitive, intellectual, or developmental disabilities.",Oral Comprehension,1,0
22189,Clinical and Counseling Psychologists,"Plan, supervise, and conduct psychological research and write papers describing research results.",Written Expression,3,0
22189,Clinical and Counseling Psychologists,"Plan, supervise, and conduct psychological research and write papers describing research results.",Inductive Reasoning,3,0
22189,Clinical and Counseling Psychologists,"Plan, supervise, and conduct psychological research and write papers describing research results.",Deductive Reasoning,3,0
22189,Clinical and Counseling Psychologists,"Plan, supervise, and conduct psychological research and write papers describing research results.",Mathematical Reasoning,2,0
22189,Clinical and Counseling Psychologists,"Plan, supervise, and conduct psychological research and write papers describing research results.",Information Ordering,2,0
22189,Clinical and Counseling Psychologists,"Plan, supervise, and conduct psychological research and write papers describing research results.",Originality,2,0
22189,Clinical and Counseling Psychologists,"Plan, supervise, and conduct psychological research and write papers describing research results.",Problem Sensitivity,2,0
22189,Clinical and Counseling Psychologists,"Plan, supervise, and conduct psychological research and write papers describing research results.",Written Comprehension,2,0
22187,Clinical and Counseling Psychologists,Provide psychological or administrative services and advice to private firms or community agencies regarding mental health programs or individual cases.,Oral Expression,3,0
22187,Clinical and Counseling Psychologists,Provide psychological or administrative services and advice to private firms or community agencies regarding mental health programs or individual cases.,Deductive Reasoning,3,0
22187,Clinical and Counseling Psychologists,Provide psychological or administrative services and advice to private firms or community agencies regarding mental health programs or individual cases.,Written Expression,2,0
22187,Clinical and Counseling Psychologists,Provide psychological or administrative services and advice to private firms or community agencies regarding mental health programs or individual cases.,Problem Sensitivity,2,0
22187,Clinical and Counseling Psychologists,Provide psychological or administrative services and advice to private firms or community agencies regarding mental health programs or individual cases.,Inductive Reasoning,2,0
22187,Clinical and Counseling Psychologists,Provide psychological or administrative services and advice to private firms or community agencies regarding mental health programs or individual cases.,Oral Comprehension,2,0
22187,Clinical and Counseling Psychologists,Provide psychological or administrative services and advice to private firms or community agencies regarding mental health programs or individual cases.,Speech Clarity,1,0
5446,School Psychologists,"Compile and interpret students' test results, along with information from teachers and parents, to diagnose conditions and to help assess eligibility for special services.",Deductive Reasoning,3,0
5446,School Psychologists,"Compile and interpret students' test results, along with information from teachers and parents, to diagnose conditions and to help assess eligibility for special services.",Inductive Reasoning,3,0
5446,School Psychologists,"Compile and interpret students' test results, along with information from teachers and parents, to diagnose conditions and to help assess eligibility for special services.",Written Comprehension,3,0
5446,School Psychologists,"Compile and interpret students' test results, along with information from teachers and parents, to diagnose conditions and to help assess eligibility for special services.",Mathematical Reasoning,2,0
5446,School Psychologists,"Compile and interpret students' test results, along with information from teachers and parents, to diagnose conditions and to help assess eligibility for special services.",Number Facility,2,0
5446,School Psychologists,"Compile and interpret students' test results, along with information from teachers and parents, to diagnose conditions and to help assess eligibility for special services.",Problem Sensitivity,2,0
5446,School Psychologists,"Compile and interpret students' test results, along with information from teachers and parents, to diagnose conditions and to help assess eligibility for special services.",Information Ordering,2,0
5446,School Psychologists,"Compile and interpret students' test results, along with information from teachers and parents, to diagnose conditions and to help assess eligibility for special services.",Near Vision,1,0
5455,School Psychologists,"Maintain student records, including special education reports, confidential records, records of services provided, and behavioral data.",Written Comprehension,2,0
5455,School Psychologists,"Maintain student records, including special education reports, confidential records, records of services provided, and behavioral data.",Written Expression,2,0
5455,School Psychologists,"Maintain student records, including special education reports, confidential records, records of services provided, and behavioral data.",Information Ordering,3,0
5455,School Psychologists,"Maintain student records, including special education reports, confidential records, records of services provided, and behavioral data.",Near Vision,2,0
5455,School Psychologists,"Maintain student records, including special education reports, confidential records, records of services provided, and behavioral data.",Selective Attention,2,0
5455,School Psychologists,"Maintain student records, including special education reports, confidential records, records of services provided, and behavioral data.",Memorization,1,0
5447,School Psychologists,"Report any pertinent information to the proper authorities in cases of child endangerment, neglect, or abuse.",Written Expression,3,0
5447,School Psychologists,"Report any pertinent information to the proper authorities in cases of child endangerment, neglect, or abuse.",Oral Expression,2,0
5447,School Psychologists,"Report any pertinent information to the proper authorities in cases of child endangerment, neglect, or abuse.",Deductive Reasoning,2,0
5447,School Psychologists,"Report any pertinent information to the proper authorities in cases of child endangerment, neglect, or abuse.",Problem Sensitivity,3,0
5447,School Psychologists,"Report any pertinent information to the proper authorities in cases of child endangerment, neglect, or abuse.",Information Ordering,2,0
5447,School Psychologists,"Report any pertinent information to the proper authorities in cases of child endangerment, neglect, or abuse.",Speech Clarity,1,0
5449,School Psychologists,"Select, administer, and score psychological tests.",Deductive Reasoning,3,0
5449,School Psychologists,"Select, administer, and score psychological tests.",Written Comprehension,3,0
5449,School Psychologists,"Select, administer, and score psychological tests.",Mathematical Reasoning,2,0
5449,School Psychologists,"Select, administer, and score psychological tests.",Number Facility,2,0
5449,School Psychologists,"Select, administer, and score psychological tests.",Information Ordering,2,0
5449,School Psychologists,"Select, administer, and score psychological tests.",Near Vision,2,0
5449,School Psychologists,"Select, administer, and score psychological tests.",Selective Attention,2,0
18619,School Psychologists,"Interpret test results and prepare psychological reports for teachers, administrators, and parents.",Deductive Reasoning,3,0
18619,School Psychologists,"Interpret test results and prepare psychological reports for teachers, administrators, and parents.",Written Expression,3,0
18619,School Psychologists,"Interpret test results and prepare psychological reports for teachers, administrators, and parents.",Written Comprehension,3,0
18619,School Psychologists,"Interpret test results and prepare psychological reports for teachers, administrators, and parents.",Inductive Reasoning,2,0
18619,School Psychologists,"Interpret test results and prepare psychological reports for teachers, administrators, and parents.",Mathematical Reasoning,2,0
18619,School Psychologists,"Interpret test results and prepare psychological reports for teachers, administrators, and parents.",Number Facility,2,0
18619,School Psychologists,"Interpret test results and prepare psychological reports for teachers, administrators, and parents.",Near Vision,1,0
5448,School Psychologists,"Assess an individual child's needs, limitations, and potential, using observation, review of school records, and consultation with parents and school personnel.",Inductive Reasoning,3,0
5448,School Psychologists,"Assess an individual child's needs, limitations, and potential, using observation, review of school records, and consultation with parents and school personnel.",Deductive Reasoning,3,0
5448,School Psychologists,"Assess an individual child's needs, limitations, and potential, using observation, review of school records, and consultation with parents and school personnel.",Problem Sensitivity,3,0
5448,School Psychologists,"Assess an individual child's needs, limitations, and potential, using observation, review of school records, and consultation with parents and school personnel.",Oral Comprehension,2,0
5448,School Psychologists,"Assess an individual child's needs, limitations, and potential, using observation, review of school records, and consultation with parents and school personnel.",Written Comprehension,2,0
5448,School Psychologists,"Assess an individual child's needs, limitations, and potential, using observation, review of school records, and consultation with parents and school personnel.",Selective Attention,2,0
5448,School Psychologists,"Assess an individual child's needs, limitations, and potential, using observation, review of school records, and consultation with parents and school personnel.",Near Vision,1,0
5454,School Psychologists,Develop individualized educational plans in collaboration with teachers and other staff members.,Deductive Reasoning,3,0
5454,School Psychologists,Develop individualized educational plans in collaboration with teachers and other staff members.,Inductive Reasoning,2,0
5454,School Psychologists,Develop individualized educational plans in collaboration with teachers and other staff members.,Written Expression,3,0
5454,School Psychologists,Develop individualized educational plans in collaboration with teachers and other staff members.,Information Ordering,2,0
5454,School Psychologists,Develop individualized educational plans in collaboration with teachers and other staff members.,Problem Sensitivity,2,0
5454,School Psychologists,Develop individualized educational plans in collaboration with teachers and other staff members.,Oral Expression,2,0
5454,School Psychologists,Develop individualized educational plans in collaboration with teachers and other staff members.,Oral Comprehension,2,0
5453,School Psychologists,Counsel children and families to help solve conflicts and problems in learning and adjustment.,Oral Comprehension,3,0
5453,School Psychologists,Counsel children and families to help solve conflicts and problems in learning and adjustment.,Oral Expression,3,0
5453,School Psychologists,Counsel children and families to help solve conflicts and problems in learning and adjustment.,Problem Sensitivity,3,0
5453,School Psychologists,Counsel children and families to help solve conflicts and problems in learning and adjustment.,Inductive Reasoning,2,0
5453,School Psychologists,Counsel children and families to help solve conflicts and problems in learning and adjustment.,Speech Recognition,2,0
5453,School Psychologists,Counsel children and families to help solve conflicts and problems in learning and adjustment.,Speech Clarity,2,0
5453,School Psychologists,Counsel children and families to help solve conflicts and problems in learning and adjustment.,Deductive Reasoning,2,0
5461,School Psychologists,"Collect and analyze data to evaluate the effectiveness of academic programs and other services, such as behavioral management systems.",Inductive Reasoning,3,0
5461,School Psychologists,"Collect and analyze data to evaluate the effectiveness of academic programs and other services, such as behavioral management systems.",Mathematical Reasoning,3,0
5461,School Psychologists,"Collect and analyze data to evaluate the effectiveness of academic programs and other services, such as behavioral management systems.",Number Facility,2,0
5461,School Psychologists,"Collect and analyze data to evaluate the effectiveness of academic programs and other services, such as behavioral management systems.",Deductive Reasoning,2,0
5461,School Psychologists,"Collect and analyze data to evaluate the effectiveness of academic programs and other services, such as behavioral management systems.",Written Comprehension,2,0
5461,School Psychologists,"Collect and analyze data to evaluate the effectiveness of academic programs and other services, such as behavioral management systems.",Problem Sensitivity,2,0
5461,School Psychologists,"Collect and analyze data to evaluate the effectiveness of academic programs and other services, such as behavioral management systems.",Information Ordering,2,0
5450,School Psychologists,"Provide consultation to parents, teachers, administrators, and others on topics such as learning styles and behavior modification techniques.",Oral Expression,3,0
5450,School Psychologists,"Provide consultation to parents, teachers, administrators, and others on topics such as learning styles and behavior modification techniques.",Oral Comprehension,3,0
5450,School Psychologists,"Provide consultation to parents, teachers, administrators, and others on topics such as learning styles and behavior modification techniques.",Speech Clarity,2,0
5450,School Psychologists,"Provide consultation to parents, teachers, administrators, and others on topics such as learning styles and behavior modification techniques.",Speech Recognition,2,0
5450,School Psychologists,"Provide consultation to parents, teachers, administrators, and others on topics such as learning styles and behavior modification techniques.",Deductive Reasoning,2,0
5450,School Psychologists,"Provide consultation to parents, teachers, administrators, and others on topics such as learning styles and behavior modification techniques.",Problem Sensitivity,2,0
5450,School Psychologists,"Provide consultation to parents, teachers, administrators, and others on topics such as learning styles and behavior modification techniques.",Inductive Reasoning,1,0
5452,School Psychologists,Collaborate with other educational professionals to develop teaching strategies and school programs.,Oral Comprehension,3,0
5452,School Psychologists,Collaborate with other educational professionals to develop teaching strategies and school programs.,Oral Expression,3,0
5452,School Psychologists,Collaborate with other educational professionals to develop teaching strategies and school programs.,Deductive Reasoning,2,0
5452,School Psychologists,Collaborate with other educational professionals to develop teaching strategies and school programs.,Fluency of Ideas,2,0
5452,School Psychologists,Collaborate with other educational professionals to develop teaching strategies and school programs.,Written Expression,2,0
5452,School Psychologists,Collaborate with other educational professionals to develop teaching strategies and school programs.,Inductive Reasoning,2,0
5452,School Psychologists,Collaborate with other educational professionals to develop teaching strategies and school programs.,Problem Sensitivity,1,0
5458,School Psychologists,Design classes and programs to meet the needs of special students.,Deductive Reasoning,3,0
5458,School Psychologists,Design classes and programs to meet the needs of special students.,Inductive Reasoning,3,0
5458,School Psychologists,Design classes and programs to meet the needs of special students.,Information Ordering,2,0
5458,School Psychologists,Design classes and programs to meet the needs of special students.,Written Expression,2,0
5458,School Psychologists,Design classes and programs to meet the needs of special students.,Fluency of Ideas,2,0
5458,School Psychologists,Design classes and programs to meet the needs of special students.,Problem Sensitivity,2,0
5458,School Psychologists,Design classes and programs to meet the needs of special students.,Originality,2,0
5451,School Psychologists,Promote an understanding of child development and its relationship to learning and behavior.,Oral Expression,3,0
5451,School Psychologists,Promote an understanding of child development and its relationship to learning and behavior.,Written Expression,2,0
5451,School Psychologists,Promote an understanding of child development and its relationship to learning and behavior.,Inductive Reasoning,2,0
5451,School Psychologists,Promote an understanding of child development and its relationship to learning and behavior.,Speech Clarity,2,0
5451,School Psychologists,Promote an understanding of child development and its relationship to learning and behavior.,Deductive Reasoning,2,0
5451,School Psychologists,Promote an understanding of child development and its relationship to learning and behavior.,Oral Comprehension,2,0
5451,School Psychologists,Promote an understanding of child development and its relationship to learning and behavior.,Fluency of Ideas,1,0
5457,School Psychologists,"Attend workshops, seminars, or professional meetings to remain informed of new developments in school psychology.",Oral Comprehension,3,0
5457,School Psychologists,"Attend workshops, seminars, or professional meetings to remain informed of new developments in school psychology.",Written Comprehension,2,0
5457,School Psychologists,"Attend workshops, seminars, or professional meetings to remain informed of new developments in school psychology.",Speech Recognition,2,0
5457,School Psychologists,"Attend workshops, seminars, or professional meetings to remain informed of new developments in school psychology.",Memorization,2,0
5457,School Psychologists,"Attend workshops, seminars, or professional meetings to remain informed of new developments in school psychology.",Inductive Reasoning,1,0
5457,School Psychologists,"Attend workshops, seminars, or professional meetings to remain informed of new developments in school psychology.",Selective Attention,2,0
5459,School Psychologists,"Refer students and their families to appropriate community agencies for medical, vocational, or social services.",Deductive Reasoning,3,0
5459,School Psychologists,"Refer students and their families to appropriate community agencies for medical, vocational, or social services.",Problem Sensitivity,3,0
5459,School Psychologists,"Refer students and their families to appropriate community agencies for medical, vocational, or social services.",Oral Expression,2,0
5459,School Psychologists,"Refer students and their families to appropriate community agencies for medical, vocational, or social services.",Written Expression,2,0
5459,School Psychologists,"Refer students and their families to appropriate community agencies for medical, vocational, or social services.",Information Ordering,1,0
5459,School Psychologists,"Refer students and their families to appropriate community agencies for medical, vocational, or social services.",Inductive Reasoning,1,0
5456,School Psychologists,"Serve as a resource to help families and schools deal with crises, such as separation and loss.",Oral Comprehension,3,0
5456,School Psychologists,"Serve as a resource to help families and schools deal with crises, such as separation and loss.",Oral Expression,3,0
5456,School Psychologists,"Serve as a resource to help families and schools deal with crises, such as separation and loss.",Problem Sensitivity,3,0
5456,School Psychologists,"Serve as a resource to help families and schools deal with crises, such as separation and loss.",Speech Recognition,2,0
5456,School Psychologists,"Serve as a resource to help families and schools deal with crises, such as separation and loss.",Speech Clarity,2,0
5456,School Psychologists,"Serve as a resource to help families and schools deal with crises, such as separation and loss.",Inductive Reasoning,2,0
5460,School Psychologists,"Initiate and direct efforts to foster tolerance, understanding, and appreciation of diversity in school communities.",Oral Expression,3,0
5460,School Psychologists,"Initiate and direct efforts to foster tolerance, understanding, and appreciation of diversity in school communities.",Inductive Reasoning,2,0
5460,School Psychologists,"Initiate and direct efforts to foster tolerance, understanding, and appreciation of diversity in school communities.",Fluency of Ideas,2,0
5460,School Psychologists,"Initiate and direct efforts to foster tolerance, understanding, and appreciation of diversity in school communities.",Written Expression,2,0
5460,School Psychologists,"Initiate and direct efforts to foster tolerance, understanding, and appreciation of diversity in school communities.",Originality,2,0
5460,School Psychologists,"Initiate and direct efforts to foster tolerance, understanding, and appreciation of diversity in school communities.",Speech Clarity,2,0
5460,School Psychologists,"Initiate and direct efforts to foster tolerance, understanding, and appreciation of diversity in school communities.",Oral Comprehension,2,0
5462,School Psychologists,"Provide educational programs on topics such as classroom management, teaching strategies, or parenting skills.",Oral Expression,3,0
5462,School Psychologists,"Provide educational programs on topics such as classroom management, teaching strategies, or parenting skills.",Speech Clarity,3,0
5462,School Psychologists,"Provide educational programs on topics such as classroom management, teaching strategies, or parenting skills.",Written Expression,2,0
5462,School Psychologists,"Provide educational programs on topics such as classroom management, teaching strategies, or parenting skills.",Oral Comprehension,2,0
5462,School Psychologists,"Provide educational programs on topics such as classroom management, teaching strategies, or parenting skills.",Fluency of Ideas,2,0
5462,School Psychologists,"Provide educational programs on topics such as classroom management, teaching strategies, or parenting skills.",Information Ordering,2,0
5462,School Psychologists,"Provide educational programs on topics such as classroom management, teaching strategies, or parenting skills.",Speech Recognition,1,0
5463,School Psychologists,Conduct research to generate new knowledge that can be used to address learning and behavior issues.,Inductive Reasoning,3,0
5463,School Psychologists,Conduct research to generate new knowledge that can be used to address learning and behavior issues.,Deductive Reasoning,3,0
5463,School Psychologists,Conduct research to generate new knowledge that can be used to address learning and behavior issues.,Mathematical Reasoning,2,0
5463,School Psychologists,Conduct research to generate new knowledge that can be used to address learning and behavior issues.,Written Expression,2,0
5463,School Psychologists,Conduct research to generate new knowledge that can be used to address learning and behavior issues.,Problem Sensitivity,2,0
5463,School Psychologists,Conduct research to generate new knowledge that can be used to address learning and behavior issues.,Originality,2,0
5463,School Psychologists,Conduct research to generate new knowledge that can be used to address learning and behavior issues.,Information Ordering,2,0
22193,Neuropsychologists,"Conduct neuropsychological evaluations such as assessments of intelligence, academic ability, attention, concentration, sensorimotor function, language, learning, and memory.",Deductive Reasoning,3,0
22193,Neuropsychologists,"Conduct neuropsychological evaluations such as assessments of intelligence, academic ability, attention, concentration, sensorimotor function, language, learning, and memory.",Inductive Reasoning,3,0
22193,Neuropsychologists,"Conduct neuropsychological evaluations such as assessments of intelligence, academic ability, attention, concentration, sensorimotor function, language, learning, and memory.",Written Comprehension,3,0
22193,Neuropsychologists,"Conduct neuropsychological evaluations such as assessments of intelligence, academic ability, attention, concentration, sensorimotor function, language, learning, and memory.",Problem Sensitivity,3,0
22193,Neuropsychologists,"Conduct neuropsychological evaluations such as assessments of intelligence, academic ability, attention, concentration, sensorimotor function, language, learning, and memory.",Mathematical Reasoning,2,0
22193,Neuropsychologists,"Conduct neuropsychological evaluations such as assessments of intelligence, academic ability, attention, concentration, sensorimotor function, language, learning, and memory.",Selective Attention,2,0
22193,Neuropsychologists,"Conduct neuropsychological evaluations such as assessments of intelligence, academic ability, attention, concentration, sensorimotor function, language, learning, and memory.",Memorization,2,0
22193,Neuropsychologists,"Conduct neuropsychological evaluations such as assessments of intelligence, academic ability, attention, concentration, sensorimotor function, language, learning, and memory.",Near Vision,1,0
22206,Neuropsychologists,"Write or prepare detailed clinical neuropsychological reports, using data from psychological or neuropsychological tests, self-report measures, rating scales, direct observations, or interviews.",Written Expression,3,0
22206,Neuropsychologists,"Write or prepare detailed clinical neuropsychological reports, using data from psychological or neuropsychological tests, self-report measures, rating scales, direct observations, or interviews.",Deductive Reasoning,3,0
22206,Neuropsychologists,"Write or prepare detailed clinical neuropsychological reports, using data from psychological or neuropsychological tests, self-report measures, rating scales, direct observations, or interviews.",Written Comprehension,3,0
22206,Neuropsychologists,"Write or prepare detailed clinical neuropsychological reports, using data from psychological or neuropsychological tests, self-report measures, rating scales, direct observations, or interviews.",Inductive Reasoning,2,0
22206,Neuropsychologists,"Write or prepare detailed clinical neuropsychological reports, using data from psychological or neuropsychological tests, self-report measures, rating scales, direct observations, or interviews.",Information Ordering,2,0
22206,Neuropsychologists,"Write or prepare detailed clinical neuropsychological reports, using data from psychological or neuropsychological tests, self-report measures, rating scales, direct observations, or interviews.",Near Vision,2,0
22206,Neuropsychologists,"Write or prepare detailed clinical neuropsychological reports, using data from psychological or neuropsychological tests, self-report measures, rating scales, direct observations, or interviews.",Mathematical Reasoning,1,0
22202,Neuropsychologists,Interview patients to obtain comprehensive medical histories.,Oral Comprehension,3,0
22202,Neuropsychologists,Interview patients to obtain comprehensive medical histories.,Speech Recognition,3,0
22202,Neuropsychologists,Interview patients to obtain comprehensive medical histories.,Oral Expression,2,0
22202,Neuropsychologists,Interview patients to obtain comprehensive medical histories.,Problem Sensitivity,2,0
22202,Neuropsychologists,Interview patients to obtain comprehensive medical histories.,Inductive Reasoning,2,0
22202,Neuropsychologists,Interview patients to obtain comprehensive medical histories.,Selective Attention,2,0
22202,Neuropsychologists,Interview patients to obtain comprehensive medical histories.,Memorization,2,0
22197,Neuropsychologists,"Diagnose and treat conditions involving injury to the central nervous system, such as cerebrovascular accidents, neoplasms, infectious or inflammatory diseases, degenerative diseases, head traumas, demyelinating diseases, and various forms of dementing illnesses.",Deductive Reasoning,3,0
22197,Neuropsychologists,"Diagnose and treat conditions involving injury to the central nervous system, such as cerebrovascular accidents, neoplasms, infectious or inflammatory diseases, degenerative diseases, head traumas, demyelinating diseases, and various forms of dementing illnesses.",Inductive Reasoning,3,0
22197,Neuropsychologists,"Diagnose and treat conditions involving injury to the central nervous system, such as cerebrovascular accidents, neoplasms, infectious or inflammatory diseases, degenerative diseases, head traumas, demyelinating diseases, and various forms of dementing illnesses.",Problem Sensitivity,3,0
22197,Neuropsychologists,"Diagnose and treat conditions involving injury to the central nervous system, such as cerebrovascular accidents, neoplasms, infectious or inflammatory diseases, degenerative diseases, head traumas, demyelinating diseases, and various forms of dementing illnesses.",Written Comprehension,2,0
22197,Neuropsychologists,"Diagnose and treat conditions involving injury to the central nervous system, such as cerebrovascular accidents, neoplasms, infectious or inflammatory diseases, degenerative diseases, head traumas, demyelinating diseases, and various forms of dementing illnesses.",Category Flexibility,2,0
22197,Neuropsychologists,"Diagnose and treat conditions involving injury to the central nervous system, such as cerebrovascular accidents, neoplasms, infectious or inflammatory diseases, degenerative diseases, head traumas, demyelinating diseases, and various forms of dementing illnesses.",Information Ordering,2,0
22197,Neuropsychologists,"Diagnose and treat conditions involving injury to the central nervous system, such as cerebrovascular accidents, neoplasms, infectious or inflammatory diseases, degenerative diseases, head traumas, demyelinating diseases, and various forms of dementing illnesses.",Oral Expression,2,0
22201,Neuropsychologists,Establish neurobehavioral baseline measures for monitoring progressive cerebral disease or recovery.,Mathematical Reasoning,3,0
22201,Neuropsychologists,Establish neurobehavioral baseline measures for monitoring progressive cerebral disease or recovery.,Inductive Reasoning,3,0
22201,Neuropsychologists,Establish neurobehavioral baseline measures for monitoring progressive cerebral disease or recovery.,Deductive Reasoning,2,0
22201,Neuropsychologists,Establish neurobehavioral baseline measures for monitoring progressive cerebral disease or recovery.,Written Expression,2,0
22201,Neuropsychologists,Establish neurobehavioral baseline measures for monitoring progressive cerebral disease or recovery.,Information Ordering,2,0
22201,Neuropsychologists,Establish neurobehavioral baseline measures for monitoring progressive cerebral disease or recovery.,Problem Sensitivity,2,0
22201,Neuropsychologists,Establish neurobehavioral baseline measures for monitoring progressive cerebral disease or recovery.,Number Facility,1,0
22204,Neuropsychologists,Provide education or counseling to individuals and families.,Oral Expression,3,0
22204,Neuropsychologists,Provide education or counseling to individuals and families.,Oral Comprehension,3,0
22204,Neuropsychologists,Provide education or counseling to individuals and families.,Speech Clarity,2,0
22204,Neuropsychologists,Provide education or counseling to individuals and families.,Problem Sensitivity,2,0
22204,Neuropsychologists,Provide education or counseling to individuals and families.,Inductive Reasoning,2,0
22204,Neuropsychologists,Provide education or counseling to individuals and families.,Speech Recognition,2,0
22199,Neuropsychologists,Diagnose and treat pediatric populations for conditions such as learning disabilities with developmental or organic bases.,Deductive Reasoning,3,0
22199,Neuropsychologists,Diagnose and treat pediatric populations for conditions such as learning disabilities with developmental or organic bases.,Inductive Reasoning,3,0
22199,Neuropsychologists,Diagnose and treat pediatric populations for conditions such as learning disabilities with developmental or organic bases.,Problem Sensitivity,3,0
22199,Neuropsychologists,Diagnose and treat pediatric populations for conditions such as learning disabilities with developmental or organic bases.,Category Flexibility,2,0
22199,Neuropsychologists,Diagnose and treat pediatric populations for conditions such as learning disabilities with developmental or organic bases.,Written Comprehension,2,0
22199,Neuropsychologists,Diagnose and treat pediatric populations for conditions such as learning disabilities with developmental or organic bases.,Oral Expression,2,0
22199,Neuropsychologists,Diagnose and treat pediatric populations for conditions such as learning disabilities with developmental or organic bases.,Oral Comprehension,1,0
22205,Neuropsychologists,"Read current literature, talk with colleagues, and participate in professional organizations or conferences to keep abreast of developments in neuropsychology.",Written Comprehension,3,0
22205,Neuropsychologists,"Read current literature, talk with colleagues, and participate in professional organizations or conferences to keep abreast of developments in neuropsychology.",Oral Comprehension,2,0
22205,Neuropsychologists,"Read current literature, talk with colleagues, and participate in professional organizations or conferences to keep abreast of developments in neuropsychology.",Inductive Reasoning,2,0
22205,Neuropsychologists,"Read current literature, talk with colleagues, and participate in professional organizations or conferences to keep abreast of developments in neuropsychology.",Speech Recognition,2,0
22205,Neuropsychologists,"Read current literature, talk with colleagues, and participate in professional organizations or conferences to keep abreast of developments in neuropsychology.",Memorization,2,0
22205,Neuropsychologists,"Read current literature, talk with colleagues, and participate in professional organizations or conferences to keep abreast of developments in neuropsychology.",Deductive Reasoning,1,0
22205,Neuropsychologists,"Read current literature, talk with colleagues, and participate in professional organizations or conferences to keep abreast of developments in neuropsychology.",Near Vision,1,0
22203,Neuropsychologists,"Participate in educational programs, in-service training, or workshops to remain current in methods and techniques.",Oral Comprehension,3,0
22203,Neuropsychologists,"Participate in educational programs, in-service training, or workshops to remain current in methods and techniques.",Written Comprehension,2,0
22203,Neuropsychologists,"Participate in educational programs, in-service training, or workshops to remain current in methods and techniques.",Speech Recognition,2,0
22203,Neuropsychologists,"Participate in educational programs, in-service training, or workshops to remain current in methods and techniques.",Memorization,2,0
22203,Neuropsychologists,"Participate in educational programs, in-service training, or workshops to remain current in methods and techniques.",Selective Attention,2,0
22203,Neuropsychologists,"Participate in educational programs, in-service training, or workshops to remain current in methods and techniques.",Inductive Reasoning,1,0
22195,Neuropsychologists,Consult with other professionals about patients' neurological conditions.,Oral Comprehension,3,0
22195,Neuropsychologists,Consult with other professionals about patients' neurological conditions.,Oral Expression,3,0
22195,Neuropsychologists,Consult with other professionals about patients' neurological conditions.,Speech Recognition,2,0
22195,Neuropsychologists,Consult with other professionals about patients' neurological conditions.,Speech Clarity,2,0
22195,Neuropsychologists,Consult with other professionals about patients' neurological conditions.,Deductive Reasoning,2,0
22195,Neuropsychologists,Consult with other professionals about patients' neurological conditions.,Problem Sensitivity,2,0
22195,Neuropsychologists,Consult with other professionals about patients' neurological conditions.,Inductive Reasoning,1,0
22200,Neuropsychologists,"Educate and supervise practicum students, psychology interns, or hospital staff.",Oral Expression,3,0
22200,Neuropsychologists,"Educate and supervise practicum students, psychology interns, or hospital staff.",Oral Comprehension,2,0
22200,Neuropsychologists,"Educate and supervise practicum students, psychology interns, or hospital staff.",Speech Clarity,3,0
22200,Neuropsychologists,"Educate and supervise practicum students, psychology interns, or hospital staff.",Deductive Reasoning,2,0
22200,Neuropsychologists,"Educate and supervise practicum students, psychology interns, or hospital staff.",Information Ordering,2,0
22200,Neuropsychologists,"Educate and supervise practicum students, psychology interns, or hospital staff.",Inductive Reasoning,1,0
22196,Neuropsychologists,Design or implement rehabilitation plans for patients with cognitive dysfunction.,Deductive Reasoning,3,0
22196,Neuropsychologists,Design or implement rehabilitation plans for patients with cognitive dysfunction.,Inductive Reasoning,3,0
22196,Neuropsychologists,Design or implement rehabilitation plans for patients with cognitive dysfunction.,Problem Sensitivity,3,0
22196,Neuropsychologists,Design or implement rehabilitation plans for patients with cognitive dysfunction.,Information Ordering,2,0
22196,Neuropsychologists,Design or implement rehabilitation plans for patients with cognitive dysfunction.,Written Expression,2,0
22196,Neuropsychologists,Design or implement rehabilitation plans for patients with cognitive dysfunction.,Category Flexibility,2,0
22196,Neuropsychologists,Design or implement rehabilitation plans for patients with cognitive dysfunction.,Fluency of Ideas,2,0
22198,Neuropsychologists,"Diagnose and treat conditions such as chemical dependency, alcohol dependency, Acquired Immune Deficiency Syndrome (AIDS) dementia, and environmental toxin exposure.",Deductive Reasoning,3,0
22198,Neuropsychologists,"Diagnose and treat conditions such as chemical dependency, alcohol dependency, Acquired Immune Deficiency Syndrome (AIDS) dementia, and environmental toxin exposure.",Inductive Reasoning,3,0
22198,Neuropsychologists,"Diagnose and treat conditions such as chemical dependency, alcohol dependency, Acquired Immune Deficiency Syndrome (AIDS) dementia, and environmental toxin exposure.",Problem Sensitivity,3,0
22198,Neuropsychologists,"Diagnose and treat conditions such as chemical dependency, alcohol dependency, Acquired Immune Deficiency Syndrome (AIDS) dementia, and environmental toxin exposure.",Category Flexibility,2,0
22198,Neuropsychologists,"Diagnose and treat conditions such as chemical dependency, alcohol dependency, Acquired Immune Deficiency Syndrome (AIDS) dementia, and environmental toxin exposure.",Written Comprehension,2,0
22198,Neuropsychologists,"Diagnose and treat conditions such as chemical dependency, alcohol dependency, Acquired Immune Deficiency Syndrome (AIDS) dementia, and environmental toxin exposure.",Information Ordering,2,0
22198,Neuropsychologists,"Diagnose and treat conditions such as chemical dependency, alcohol dependency, Acquired Immune Deficiency Syndrome (AIDS) dementia, and environmental toxin exposure.",Oral Expression,1,0
22194,Neuropsychologists,Conduct research on neuropsychological disorders.,Inductive Reasoning,3,0
22194,Neuropsychologists,Conduct research on neuropsychological disorders.,Deductive Reasoning,3,0
22194,Neuropsychologists,Conduct research on neuropsychological disorders.,Mathematical Reasoning,2,0
22194,Neuropsychologists,Conduct research on neuropsychological disorders.,Problem Sensitivity,2,0
22194,Neuropsychologists,Conduct research on neuropsychological disorders.,Written Expression,2,0
22194,Neuropsychologists,Conduct research on neuropsychological disorders.,Originality,2,0
22194,Neuropsychologists,Conduct research on neuropsychological disorders.,Information Ordering,2,0
22219,Clinical Neuropsychologists,Interview patients to obtain comprehensive medical histories.,Oral Comprehension,3,0
22219,Clinical Neuropsychologists,Interview patients to obtain comprehensive medical histories.,Speech Recognition,3,0
22219,Clinical Neuropsychologists,Interview patients to obtain comprehensive medical histories.,Oral Expression,2,0
22219,Clinical Neuropsychologists,Interview patients to obtain comprehensive medical histories.,Problem Sensitivity,2,0
22219,Clinical Neuropsychologists,Interview patients to obtain comprehensive medical histories.,Inductive Reasoning,2,0
22219,Clinical Neuropsychologists,Interview patients to obtain comprehensive medical histories.,Selective Attention,2,0
22219,Clinical Neuropsychologists,Interview patients to obtain comprehensive medical histories.,Memorization,2,0
22224,Clinical Neuropsychologists,"Write or prepare detailed clinical neuropsychological reports, using data from psychological or neuropsychological tests, self-report measures, rating scales, direct observations, or interviews.",Written Expression,3,0
22224,Clinical Neuropsychologists,"Write or prepare detailed clinical neuropsychological reports, using data from psychological or neuropsychological tests, self-report measures, rating scales, direct observations, or interviews.",Deductive Reasoning,3,0
22224,Clinical Neuropsychologists,"Write or prepare detailed clinical neuropsychological reports, using data from psychological or neuropsychological tests, self-report measures, rating scales, direct observations, or interviews.",Written Comprehension,3,0
22224,Clinical Neuropsychologists,"Write or prepare detailed clinical neuropsychological reports, using data from psychological or neuropsychological tests, self-report measures, rating scales, direct observations, or interviews.",Inductive Reasoning,2,0
22224,Clinical Neuropsychologists,"Write or prepare detailed clinical neuropsychological reports, using data from psychological or neuropsychological tests, self-report measures, rating scales, direct observations, or interviews.",Information Ordering,2,0
22224,Clinical Neuropsychologists,"Write or prepare detailed clinical neuropsychological reports, using data from psychological or neuropsychological tests, self-report measures, rating scales, direct observations, or interviews.",Near Vision,2,0
22224,Clinical Neuropsychologists,"Write or prepare detailed clinical neuropsychological reports, using data from psychological or neuropsychological tests, self-report measures, rating scales, direct observations, or interviews.",Mathematical Reasoning,1,0
22208,Clinical Neuropsychologists,"Conduct neuropsychological evaluations such as assessments of intelligence, academic ability, attention, concentration, sensorimotor function, language, learning, and memory.",Deductive Reasoning,3,0
22208,Clinical Neuropsychologists,"Conduct neuropsychological evaluations such as assessments of intelligence, academic ability, attention, concentration, sensorimotor function, language, learning, and memory.",Inductive Reasoning,3,0
22208,Clinical Neuropsychologists,"Conduct neuropsychological evaluations such as assessments of intelligence, academic ability, attention, concentration, sensorimotor function, language, learning, and memory.",Written Comprehension,3,0
22208,Clinical Neuropsychologists,"Conduct neuropsychological evaluations such as assessments of intelligence, academic ability, attention, concentration, sensorimotor function, language, learning, and memory.",Problem Sensitivity,3,0
22208,Clinical Neuropsychologists,"Conduct neuropsychological evaluations such as assessments of intelligence, academic ability, attention, concentration, sensorimotor function, language, learning, and memory.",Mathematical Reasoning,2,0
22208,Clinical Neuropsychologists,"Conduct neuropsychological evaluations such as assessments of intelligence, academic ability, attention, concentration, sensorimotor function, language, learning, and memory.",Selective Attention,2,0
22208,Clinical Neuropsychologists,"Conduct neuropsychological evaluations such as assessments of intelligence, academic ability, attention, concentration, sensorimotor function, language, learning, and memory.",Memorization,2,0
22208,Clinical Neuropsychologists,"Conduct neuropsychological evaluations such as assessments of intelligence, academic ability, attention, concentration, sensorimotor function, language, learning, and memory.",Near Vision,1,0
22211,Clinical Neuropsychologists,"Diagnose and treat conditions involving injury to the central nervous system, such as cerebrovascular accidents, neoplasms, infectious or inflammatory diseases, degenerative diseases, head traumas, demyelinating diseases, and various forms of dementing illnesses.",Deductive Reasoning,3,0
22211,Clinical Neuropsychologists,"Diagnose and treat conditions involving injury to the central nervous system, such as cerebrovascular accidents, neoplasms, infectious or inflammatory diseases, degenerative diseases, head traumas, demyelinating diseases, and various forms of dementing illnesses.",Inductive Reasoning,3,0
22211,Clinical Neuropsychologists,"Diagnose and treat conditions involving injury to the central nervous system, such as cerebrovascular accidents, neoplasms, infectious or inflammatory diseases, degenerative diseases, head traumas, demyelinating diseases, and various forms of dementing illnesses.",Problem Sensitivity,3,0
22211,Clinical Neuropsychologists,"Diagnose and treat conditions involving injury to the central nervous system, such as cerebrovascular accidents, neoplasms, infectious or inflammatory diseases, degenerative diseases, head traumas, demyelinating diseases, and various forms of dementing illnesses.",Written Comprehension,2,0
22211,Clinical Neuropsychologists,"Diagnose and treat conditions involving injury to the central nervous system, such as cerebrovascular accidents, neoplasms, infectious or inflammatory diseases, degenerative diseases, head traumas, demyelinating diseases, and various forms of dementing illnesses.",Category Flexibility,2,0
22211,Clinical Neuropsychologists,"Diagnose and treat conditions involving injury to the central nervous system, such as cerebrovascular accidents, neoplasms, infectious or inflammatory diseases, degenerative diseases, head traumas, demyelinating diseases, and various forms of dementing illnesses.",Information Ordering,2,0
22211,Clinical Neuropsychologists,"Diagnose and treat conditions involving injury to the central nervous system, such as cerebrovascular accidents, neoplasms, infectious or inflammatory diseases, degenerative diseases, head traumas, demyelinating diseases, and various forms of dementing illnesses.",Oral Expression,2,0
22213,Clinical Neuropsychologists,Diagnose and treat pediatric populations for conditions such as learning disabilities with developmental or organic bases.,Deductive Reasoning,3,0
22213,Clinical Neuropsychologists,Diagnose and treat pediatric populations for conditions such as learning disabilities with developmental or organic bases.,Inductive Reasoning,3,0
22213,Clinical Neuropsychologists,Diagnose and treat pediatric populations for conditions such as learning disabilities with developmental or organic bases.,Problem Sensitivity,3,0
22213,Clinical Neuropsychologists,Diagnose and treat pediatric populations for conditions such as learning disabilities with developmental or organic bases.,Category Flexibility,2,0
22213,Clinical Neuropsychologists,Diagnose and treat pediatric populations for conditions such as learning disabilities with developmental or organic bases.,Written Comprehension,2,0
22213,Clinical Neuropsychologists,Diagnose and treat pediatric populations for conditions such as learning disabilities with developmental or organic bases.,Oral Expression,2,0
22213,Clinical Neuropsychologists,Diagnose and treat pediatric populations for conditions such as learning disabilities with developmental or organic bases.,Oral Comprehension,1,0
22221,Clinical Neuropsychologists,Provide education or counseling to individuals and families.,Oral Expression,3,0
22221,Clinical Neuropsychologists,Provide education or counseling to individuals and families.,Oral Comprehension,3,0
22221,Clinical Neuropsychologists,Provide education or counseling to individuals and families.,Speech Clarity,2,0
22221,Clinical Neuropsychologists,Provide education or counseling to individuals and families.,Problem Sensitivity,2,0
22221,Clinical Neuropsychologists,Provide education or counseling to individuals and families.,Inductive Reasoning,2,0
22221,Clinical Neuropsychologists,Provide education or counseling to individuals and families.,Speech Recognition,2,0
22215,Clinical Neuropsychologists,"Distinguish between psychogenic and neurogenic syndromes, two or more suspected etiologies of cerebral dysfunction, or between disorders involving complex seizures.",Deductive Reasoning,3,0
22215,Clinical Neuropsychologists,"Distinguish between psychogenic and neurogenic syndromes, two or more suspected etiologies of cerebral dysfunction, or between disorders involving complex seizures.",Inductive Reasoning,3,0
22215,Clinical Neuropsychologists,"Distinguish between psychogenic and neurogenic syndromes, two or more suspected etiologies of cerebral dysfunction, or between disorders involving complex seizures.",Problem Sensitivity,3,0
22215,Clinical Neuropsychologists,"Distinguish between psychogenic and neurogenic syndromes, two or more suspected etiologies of cerebral dysfunction, or between disorders involving complex seizures.",Category Flexibility,3,0
22215,Clinical Neuropsychologists,"Distinguish between psychogenic and neurogenic syndromes, two or more suspected etiologies of cerebral dysfunction, or between disorders involving complex seizures.",Written Comprehension,2,0
22215,Clinical Neuropsychologists,"Distinguish between psychogenic and neurogenic syndromes, two or more suspected etiologies of cerebral dysfunction, or between disorders involving complex seizures.",Information Ordering,2,0
22215,Clinical Neuropsychologists,"Distinguish between psychogenic and neurogenic syndromes, two or more suspected etiologies of cerebral dysfunction, or between disorders involving complex seizures.",Flexibility of Closure,2,0
22212,Clinical Neuropsychologists,"Diagnose and treat neural and psychological conditions in medical and surgical populations, such as patients with early dementing illness or chronic pain with a neurological basis.",Deductive Reasoning,3,0
22212,Clinical Neuropsychologists,"Diagnose and treat neural and psychological conditions in medical and surgical populations, such as patients with early dementing illness or chronic pain with a neurological basis.",Inductive Reasoning,3,0
22212,Clinical Neuropsychologists,"Diagnose and treat neural and psychological conditions in medical and surgical populations, such as patients with early dementing illness or chronic pain with a neurological basis.",Problem Sensitivity,3,0
22212,Clinical Neuropsychologists,"Diagnose and treat neural and psychological conditions in medical and surgical populations, such as patients with early dementing illness or chronic pain with a neurological basis.",Category Flexibility,2,0
22212,Clinical Neuropsychologists,"Diagnose and treat neural and psychological conditions in medical and surgical populations, such as patients with early dementing illness or chronic pain with a neurological basis.",Written Comprehension,2,0
22212,Clinical Neuropsychologists,"Diagnose and treat neural and psychological conditions in medical and surgical populations, such as patients with early dementing illness or chronic pain with a neurological basis.",Information Ordering,2,0
22212,Clinical Neuropsychologists,"Diagnose and treat neural and psychological conditions in medical and surgical populations, such as patients with early dementing illness or chronic pain with a neurological basis.",Oral Comprehension,1,0
22209,Clinical Neuropsychologists,Consult with other professionals about patients' neurological conditions.,Oral Comprehension,3,0
22209,Clinical Neuropsychologists,Consult with other professionals about patients' neurological conditions.,Oral Expression,3,0
22209,Clinical Neuropsychologists,Consult with other professionals about patients' neurological conditions.,Speech Recognition,2,0
22209,Clinical Neuropsychologists,Consult with other professionals about patients' neurological conditions.,Speech Clarity,2,0
22209,Clinical Neuropsychologists,Consult with other professionals about patients' neurological conditions.,Deductive Reasoning,2,0
22209,Clinical Neuropsychologists,Consult with other professionals about patients' neurological conditions.,Problem Sensitivity,2,0
22209,Clinical Neuropsychologists,Consult with other professionals about patients' neurological conditions.,Inductive Reasoning,1,0
22223,Clinical Neuropsychologists,"Read current literature, talk with colleagues, and participate in professional organizations or conferences to keep abreast of developments in neuropsychology.",Written Comprehension,3,0
22223,Clinical Neuropsychologists,"Read current literature, talk with colleagues, and participate in professional organizations or conferences to keep abreast of developments in neuropsychology.",Oral Comprehension,2,0
22223,Clinical Neuropsychologists,"Read current literature, talk with colleagues, and participate in professional organizations or conferences to keep abreast of developments in neuropsychology.",Inductive Reasoning,2,0
22223,Clinical Neuropsychologists,"Read current literature, talk with colleagues, and participate in professional organizations or conferences to keep abreast of developments in neuropsychology.",Speech Recognition,2,0
22223,Clinical Neuropsychologists,"Read current literature, talk with colleagues, and participate in professional organizations or conferences to keep abreast of developments in neuropsychology.",Memorization,2,0
22223,Clinical Neuropsychologists,"Read current literature, talk with colleagues, and participate in professional organizations or conferences to keep abreast of developments in neuropsychology.",Deductive Reasoning,1,0
22223,Clinical Neuropsychologists,"Read current literature, talk with colleagues, and participate in professional organizations or conferences to keep abreast of developments in neuropsychology.",Near Vision,1,0
22214,Clinical Neuropsychologists,"Diagnose and treat psychiatric populations for conditions such as somatoform disorder, dementias, and psychoses.",Deductive Reasoning,3,0
22214,Clinical Neuropsychologists,"Diagnose and treat psychiatric populations for conditions such as somatoform disorder, dementias, and psychoses.",Inductive Reasoning,3,0
22214,Clinical Neuropsychologists,"Diagnose and treat psychiatric populations for conditions such as somatoform disorder, dementias, and psychoses.",Problem Sensitivity,3,0
22214,Clinical Neuropsychologists,"Diagnose and treat psychiatric populations for conditions such as somatoform disorder, dementias, and psychoses.",Category Flexibility,2,0
22214,Clinical Neuropsychologists,"Diagnose and treat psychiatric populations for conditions such as somatoform disorder, dementias, and psychoses.",Written Comprehension,2,0
22214,Clinical Neuropsychologists,"Diagnose and treat psychiatric populations for conditions such as somatoform disorder, dementias, and psychoses.",Information Ordering,2,0
22214,Clinical Neuropsychologists,"Diagnose and treat psychiatric populations for conditions such as somatoform disorder, dementias, and psychoses.",Oral Expression,1,0
22217,Clinical Neuropsychologists,Establish neurobehavioral baseline measures for monitoring progressive cerebral disease or recovery.,Mathematical Reasoning,3,0
22217,Clinical Neuropsychologists,Establish neurobehavioral baseline measures for monitoring progressive cerebral disease or recovery.,Inductive Reasoning,3,0
22217,Clinical Neuropsychologists,Establish neurobehavioral baseline measures for monitoring progressive cerebral disease or recovery.,Deductive Reasoning,2,0
22217,Clinical Neuropsychologists,Establish neurobehavioral baseline measures for monitoring progressive cerebral disease or recovery.,Written Expression,2,0
22217,Clinical Neuropsychologists,Establish neurobehavioral baseline measures for monitoring progressive cerebral disease or recovery.,Information Ordering,2,0
22217,Clinical Neuropsychologists,Establish neurobehavioral baseline measures for monitoring progressive cerebral disease or recovery.,Problem Sensitivity,2,0
22217,Clinical Neuropsychologists,Establish neurobehavioral baseline measures for monitoring progressive cerebral disease or recovery.,Number Facility,1,0
22207,Clinical Neuropsychologists,"Compare patients' progress before and after pharmacologic, surgical, or behavioral interventions.",Mathematical Reasoning,3,0
22207,Clinical Neuropsychologists,"Compare patients' progress before and after pharmacologic, surgical, or behavioral interventions.",Deductive Reasoning,3,0
22207,Clinical Neuropsychologists,"Compare patients' progress before and after pharmacologic, surgical, or behavioral interventions.",Inductive Reasoning,3,0
22207,Clinical Neuropsychologists,"Compare patients' progress before and after pharmacologic, surgical, or behavioral interventions.",Problem Sensitivity,2,0
22207,Clinical Neuropsychologists,"Compare patients' progress before and after pharmacologic, surgical, or behavioral interventions.",Written Comprehension,2,0
22207,Clinical Neuropsychologists,"Compare patients' progress before and after pharmacologic, surgical, or behavioral interventions.",Number Facility,2,0
22207,Clinical Neuropsychologists,"Compare patients' progress before and after pharmacologic, surgical, or behavioral interventions.",Information Ordering,2,0
22220,Clinical Neuropsychologists,"Participate in educational programs, in-service training, or workshops to remain current in methods and techniques.",Oral Comprehension,3,0
22220,Clinical Neuropsychologists,"Participate in educational programs, in-service training, or workshops to remain current in methods and techniques.",Written Comprehension,2,0
22220,Clinical Neuropsychologists,"Participate in educational programs, in-service training, or workshops to remain current in methods and techniques.",Speech Recognition,2,0
22220,Clinical Neuropsychologists,"Participate in educational programs, in-service training, or workshops to remain current in methods and techniques.",Memorization,2,0
22220,Clinical Neuropsychologists,"Participate in educational programs, in-service training, or workshops to remain current in methods and techniques.",Selective Attention,2,0
22220,Clinical Neuropsychologists,"Participate in educational programs, in-service training, or workshops to remain current in methods and techniques.",Inductive Reasoning,1,0
22216,Clinical Neuropsychologists,"Educate and supervise practicum students, psychology interns, or hospital staff.",Oral Expression,3,0
22216,Clinical Neuropsychologists,"Educate and supervise practicum students, psychology interns, or hospital staff.",Oral Comprehension,2,0
22216,Clinical Neuropsychologists,"Educate and supervise practicum students, psychology interns, or hospital staff.",Speech Clarity,3,0
22216,Clinical Neuropsychologists,"Educate and supervise practicum students, psychology interns, or hospital staff.",Deductive Reasoning,2,0
22216,Clinical Neuropsychologists,"Educate and supervise practicum students, psychology interns, or hospital staff.",Information Ordering,2,0
22216,Clinical Neuropsychologists,"Educate and supervise practicum students, psychology interns, or hospital staff.",Inductive Reasoning,1,0
22210,Clinical Neuropsychologists,Design or implement rehabilitation plans for patients with cognitive dysfunction.,Deductive Reasoning,3,0
22210,Clinical Neuropsychologists,Design or implement rehabilitation plans for patients with cognitive dysfunction.,Inductive Reasoning,3,0
22210,Clinical Neuropsychologists,Design or implement rehabilitation plans for patients with cognitive dysfunction.,Problem Sensitivity,3,0
22210,Clinical Neuropsychologists,Design or implement rehabilitation plans for patients with cognitive dysfunction.,Information Ordering,2,0
22210,Clinical Neuropsychologists,Design or implement rehabilitation plans for patients with cognitive dysfunction.,Written Expression,2,0
22210,Clinical Neuropsychologists,Design or implement rehabilitation plans for patients with cognitive dysfunction.,Category Flexibility,2,0
22210,Clinical Neuropsychologists,Design or implement rehabilitation plans for patients with cognitive dysfunction.,Fluency of Ideas,2,0
22218,Clinical Neuropsychologists,"Identify and communicate risks associated with specific neurological surgical procedures, such as epilepsy surgery.",Deductive Reasoning,3,0
22218,Clinical Neuropsychologists,"Identify and communicate risks associated with specific neurological surgical procedures, such as epilepsy surgery.",Problem Sensitivity,3,0
22218,Clinical Neuropsychologists,"Identify and communicate risks associated with specific neurological surgical procedures, such as epilepsy surgery.",Oral Expression,3,0
22218,Clinical Neuropsychologists,"Identify and communicate risks associated with specific neurological surgical procedures, such as epilepsy surgery.",Written Expression,2,0
22218,Clinical Neuropsychologists,"Identify and communicate risks associated with specific neurological surgical procedures, such as epilepsy surgery.",Inductive Reasoning,2,0
22218,Clinical Neuropsychologists,"Identify and communicate risks associated with specific neurological surgical procedures, such as epilepsy surgery.",Speech Clarity,2,0
22218,Clinical Neuropsychologists,"Identify and communicate risks associated with specific neurological surgical procedures, such as epilepsy surgery.",Written Comprehension,1,0
22222,Clinical Neuropsychologists,"Provide psychotherapy, behavior therapy, or other counseling interventions to patients with neurological disorders.",Oral Expression,3,0
22222,Clinical Neuropsychologists,"Provide psychotherapy, behavior therapy, or other counseling interventions to patients with neurological disorders.",Oral Comprehension,3,0
22222,Clinical Neuropsychologists,"Provide psychotherapy, behavior therapy, or other counseling interventions to patients with neurological disorders.",Problem Sensitivity,3,0
22222,Clinical Neuropsychologists,"Provide psychotherapy, behavior therapy, or other counseling interventions to patients with neurological disorders.",Inductive Reasoning,2,0
22222,Clinical Neuropsychologists,"Provide psychotherapy, behavior therapy, or other counseling interventions to patients with neurological disorders.",Speech Recognition,2,0
22222,Clinical Neuropsychologists,"Provide psychotherapy, behavior therapy, or other counseling interventions to patients with neurological disorders.",Speech Clarity,2,0
22222,Clinical Neuropsychologists,"Provide psychotherapy, behavior therapy, or other counseling interventions to patients with neurological disorders.",Deductive Reasoning,2,0
5465,Sociologists,Analyze and interpret data to increase the understanding of human social behavior.,Inductive Reasoning,3,0
5465,Sociologists,Analyze and interpret data to increase the understanding of human social behavior.,Deductive Reasoning,3,0
5465,Sociologists,Analyze and interpret data to increase the understanding of human social behavior.,Mathematical Reasoning,2,0
5465,Sociologists,Analyze and interpret data to increase the understanding of human social behavior.,Written Comprehension,2,0
5465,Sociologists,Analyze and interpret data to increase the understanding of human social behavior.,Number Facility,2,0
5465,Sociologists,Analyze and interpret data to increase the understanding of human social behavior.,Problem Sensitivity,2,0
5465,Sociologists,Analyze and interpret data to increase the understanding of human social behavior.,Category Flexibility,2,0
5464,Sociologists,Prepare publications and reports containing research findings.,Written Expression,3,0
5464,Sociologists,Prepare publications and reports containing research findings.,Written Comprehension,3,0
5464,Sociologists,Prepare publications and reports containing research findings.,Information Ordering,2,0
5464,Sociologists,Prepare publications and reports containing research findings.,Deductive Reasoning,2,0
5464,Sociologists,Prepare publications and reports containing research findings.,Near Vision,2,0
5464,Sociologists,Prepare publications and reports containing research findings.,Inductive Reasoning,2,0
5464,Sociologists,Prepare publications and reports containing research findings.,Fluency of Ideas,2,0
5468,Sociologists,"Develop, implement, and evaluate methods of data collection, such as questionnaires or interviews.",Deductive Reasoning,3,0
5468,Sociologists,"Develop, implement, and evaluate methods of data collection, such as questionnaires or interviews.",Inductive Reasoning,3,0
5468,Sociologists,"Develop, implement, and evaluate methods of data collection, such as questionnaires or interviews.",Written Expression,2,0
5468,Sociologists,"Develop, implement, and evaluate methods of data collection, such as questionnaires or interviews.",Mathematical Reasoning,2,0
5468,Sociologists,"Develop, implement, and evaluate methods of data collection, such as questionnaires or interviews.",Originality,2,0
5468,Sociologists,"Develop, implement, and evaluate methods of data collection, such as questionnaires or interviews.",Problem Sensitivity,2,0
5468,Sociologists,"Develop, implement, and evaluate methods of data collection, such as questionnaires or interviews.",Information Ordering,2,0
5467,Sociologists,"Collect data about the attitudes, values, and behaviors of people in groups, using observation, interviews, and review of documents.",Oral Comprehension,3,0
5467,Sociologists,"Collect data about the attitudes, values, and behaviors of people in groups, using observation, interviews, and review of documents.",Inductive Reasoning,2,0
5467,Sociologists,"Collect data about the attitudes, values, and behaviors of people in groups, using observation, interviews, and review of documents.",Written Comprehension,2,0
5467,Sociologists,"Collect data about the attitudes, values, and behaviors of people in groups, using observation, interviews, and review of documents.",Selective Attention,2,0
5467,Sociologists,"Collect data about the attitudes, values, and behaviors of people in groups, using observation, interviews, and review of documents.",Speech Recognition,2,0
5467,Sociologists,"Collect data about the attitudes, values, and behaviors of people in groups, using observation, interviews, and review of documents.",Problem Sensitivity,2,0
5467,Sociologists,"Collect data about the attitudes, values, and behaviors of people in groups, using observation, interviews, and review of documents.",Memorization,1,0
5469,Sociologists,Teach sociology.,Oral Expression,3,0
5469,Sociologists,Teach sociology.,Speech Clarity,3,0
5469,Sociologists,Teach sociology.,Written Comprehension,2,0
5469,Sociologists,Teach sociology.,Oral Comprehension,2,0
5469,Sociologists,Teach sociology.,Inductive Reasoning,2,0
5469,Sociologists,Teach sociology.,Deductive Reasoning,2,0
5469,Sociologists,Teach sociology.,Information Ordering,1,0
5466,Sociologists,"Plan and conduct research to develop and test theories about societal issues such as crime, group relations, poverty, and aging.",Inductive Reasoning,3,0
5466,Sociologists,"Plan and conduct research to develop and test theories about societal issues such as crime, group relations, poverty, and aging.",Deductive Reasoning,3,0
5466,Sociologists,"Plan and conduct research to develop and test theories about societal issues such as crime, group relations, poverty, and aging.",Mathematical Reasoning,2,0
5466,Sociologists,"Plan and conduct research to develop and test theories about societal issues such as crime, group relations, poverty, and aging.",Information Ordering,2,0
5466,Sociologists,"Plan and conduct research to develop and test theories about societal issues such as crime, group relations, poverty, and aging.",Written Expression,2,0
5466,Sociologists,"Plan and conduct research to develop and test theories about societal issues such as crime, group relations, poverty, and aging.",Originality,2,0
5466,Sociologists,"Plan and conduct research to develop and test theories about societal issues such as crime, group relations, poverty, and aging.",Problem Sensitivity,2,0
20868,Sociologists,Present research findings at professional meetings.,Oral Expression,3,0
20868,Sociologists,Present research findings at professional meetings.,Speech Clarity,3,0
20868,Sociologists,Present research findings at professional meetings.,Written Comprehension,2,0
20868,Sociologists,Present research findings at professional meetings.,Oral Comprehension,2,0
20868,Sociologists,Present research findings at professional meetings.,Speech Recognition,1,0
20868,Sociologists,Present research findings at professional meetings.,Fluency of Ideas,2,0
20868,Sociologists,Present research findings at professional meetings.,Deductive Reasoning,1,0
23963,Sociologists,Explain sociological research to the general public.,Oral Expression,3,0
23963,Sociologists,Explain sociological research to the general public.,Speech Clarity,3,0
23963,Sociologists,Explain sociological research to the general public.,Written Expression,2,0
23963,Sociologists,Explain sociological research to the general public.,Fluency of Ideas,2,0
23963,Sociologists,Explain sociological research to the general public.,Deductive Reasoning,2,0
23963,Sociologists,Explain sociological research to the general public.,Oral Comprehension,2,0
23963,Sociologists,Explain sociological research to the general public.,Inductive Reasoning,1,0
5475,Sociologists,"Develop problem intervention procedures, using techniques such as interviews, consultations, role playing, and participant observation of group interactions.",Inductive Reasoning,3,0
5475,Sociologists,"Develop problem intervention procedures, using techniques such as interviews, consultations, role playing, and participant observation of group interactions.",Deductive Reasoning,3,0
5475,Sociologists,"Develop problem intervention procedures, using techniques such as interviews, consultations, role playing, and participant observation of group interactions.",Originality,2,0
5475,Sociologists,"Develop problem intervention procedures, using techniques such as interviews, consultations, role playing, and participant observation of group interactions.",Problem Sensitivity,2,0
5475,Sociologists,"Develop problem intervention procedures, using techniques such as interviews, consultations, role playing, and participant observation of group interactions.",Oral Expression,2,0
5475,Sociologists,"Develop problem intervention procedures, using techniques such as interviews, consultations, role playing, and participant observation of group interactions.",Oral Comprehension,2,0
5475,Sociologists,"Develop problem intervention procedures, using techniques such as interviews, consultations, role playing, and participant observation of group interactions.",Fluency of Ideas,2,0
5471,Sociologists,"Consult with and advise individuals such as administrators, social workers, and legislators regarding social issues and policies, as well as the implications of research findings.",Oral Comprehension,3,0
5471,Sociologists,"Consult with and advise individuals such as administrators, social workers, and legislators regarding social issues and policies, as well as the implications of research findings.",Oral Expression,3,0
5471,Sociologists,"Consult with and advise individuals such as administrators, social workers, and legislators regarding social issues and policies, as well as the implications of research findings.",Deductive Reasoning,2,0
5471,Sociologists,"Consult with and advise individuals such as administrators, social workers, and legislators regarding social issues and policies, as well as the implications of research findings.",Written Comprehension,2,0
5471,Sociologists,"Consult with and advise individuals such as administrators, social workers, and legislators regarding social issues and policies, as well as the implications of research findings.",Speech Clarity,2,0
5471,Sociologists,"Consult with and advise individuals such as administrators, social workers, and legislators regarding social issues and policies, as well as the implications of research findings.",Speech Recognition,2,0
5471,Sociologists,"Consult with and advise individuals such as administrators, social workers, and legislators regarding social issues and policies, as well as the implications of research findings.",Problem Sensitivity,2,0
5470,Sociologists,"Direct work of statistical clerks, statisticians, and others who compile and evaluate research data.",Deductive Reasoning,3,0
5470,Sociologists,"Direct work of statistical clerks, statisticians, and others who compile and evaluate research data.",Mathematical Reasoning,2,0
5470,Sociologists,"Direct work of statistical clerks, statisticians, and others who compile and evaluate research data.",Oral Expression,2,0
5470,Sociologists,"Direct work of statistical clerks, statisticians, and others who compile and evaluate research data.",Information Ordering,2,0
5470,Sociologists,"Direct work of statistical clerks, statisticians, and others who compile and evaluate research data.",Written Comprehension,2,0
5470,Sociologists,"Direct work of statistical clerks, statisticians, and others who compile and evaluate research data.",Inductive Reasoning,2,0
5472,Sociologists,Collaborate with research workers in other disciplines.,Oral Comprehension,3,0
5472,Sociologists,Collaborate with research workers in other disciplines.,Oral Expression,3,0
5472,Sociologists,Collaborate with research workers in other disciplines.,Written Comprehension,2,0
5472,Sociologists,Collaborate with research workers in other disciplines.,Speech Recognition,2,0
5472,Sociologists,Collaborate with research workers in other disciplines.,Deductive Reasoning,2,0
5472,Sociologists,Collaborate with research workers in other disciplines.,Inductive Reasoning,1,0
23964,Sociologists,Write grants to obtain funding for research projects.,Written Expression,3,0
23964,Sociologists,Write grants to obtain funding for research projects.,Written Comprehension,3,0
23964,Sociologists,Write grants to obtain funding for research projects.,Deductive Reasoning,2,0
23964,Sociologists,Write grants to obtain funding for research projects.,Fluency of Ideas,2,0
23964,Sociologists,Write grants to obtain funding for research projects.,Information Ordering,2,0
23964,Sociologists,Write grants to obtain funding for research projects.,Originality,2,0
23964,Sociologists,Write grants to obtain funding for research projects.,Near Vision,1,0
5473,Sociologists,"Develop approaches to the solution of groups' problems, based on research findings in sociology and related disciplines.",Inductive Reasoning,3,0
5473,Sociologists,"Develop approaches to the solution of groups' problems, based on research findings in sociology and related disciplines.",Deductive Reasoning,3,0
5473,Sociologists,"Develop approaches to the solution of groups' problems, based on research findings in sociology and related disciplines.",Problem Sensitivity,2,0
5473,Sociologists,"Develop approaches to the solution of groups' problems, based on research findings in sociology and related disciplines.",Originality,2,0
5473,Sociologists,"Develop approaches to the solution of groups' problems, based on research findings in sociology and related disciplines.",Written Expression,2,0
5473,Sociologists,"Develop approaches to the solution of groups' problems, based on research findings in sociology and related disciplines.",Fluency of Ideas,2,0
5473,Sociologists,"Develop approaches to the solution of groups' problems, based on research findings in sociology and related disciplines.",Category Flexibility,1,0
5474,Sociologists,"Observe group interactions and role affiliations to collect data, identify problems, evaluate progress, and determine the need for additional change.",Problem Sensitivity,3,0
5474,Sociologists,"Observe group interactions and role affiliations to collect data, identify problems, evaluate progress, and determine the need for additional change.",Inductive Reasoning,3,0
5474,Sociologists,"Observe group interactions and role affiliations to collect data, identify problems, evaluate progress, and determine the need for additional change.",Selective Attention,2,0
5474,Sociologists,"Observe group interactions and role affiliations to collect data, identify problems, evaluate progress, and determine the need for additional change.",Oral Comprehension,2,0
5474,Sociologists,"Observe group interactions and role affiliations to collect data, identify problems, evaluate progress, and determine the need for additional change.",Written Expression,2,0
5474,Sociologists,"Observe group interactions and role affiliations to collect data, identify problems, evaluate progress, and determine the need for additional change.",Speech Recognition,2,0
5474,Sociologists,"Observe group interactions and role affiliations to collect data, identify problems, evaluate progress, and determine the need for additional change.",Near Vision,1,0
220,Urban and Regional Planners,"Design, promote, or administer government plans or policies affecting land use, zoning, public utilities, community facilities, housing, or transportation.",Deductive Reasoning,3,0
220,Urban and Regional Planners,"Design, promote, or administer government plans or policies affecting land use, zoning, public utilities, community facilities, housing, or transportation.",Inductive Reasoning,3,0
220,Urban and Regional Planners,"Design, promote, or administer government plans or policies affecting land use, zoning, public utilities, community facilities, housing, or transportation.",Written Expression,2,0
220,Urban and Regional Planners,"Design, promote, or administer government plans or policies affecting land use, zoning, public utilities, community facilities, housing, or transportation.",Information Ordering,2,0
220,Urban and Regional Planners,"Design, promote, or administer government plans or policies affecting land use, zoning, public utilities, community facilities, housing, or transportation.",Fluency of Ideas,2,0
220,Urban and Regional Planners,"Design, promote, or administer government plans or policies affecting land use, zoning, public utilities, community facilities, housing, or transportation.",Oral Expression,2,0
220,Urban and Regional Planners,"Design, promote, or administer government plans or policies affecting land use, zoning, public utilities, community facilities, housing, or transportation.",Problem Sensitivity,2,0
226,Urban and Regional Planners,"Advise planning officials on project feasibility, cost-effectiveness, regulatory conformance, or possible alternatives.",Deductive Reasoning,3,0
226,Urban and Regional Planners,"Advise planning officials on project feasibility, cost-effectiveness, regulatory conformance, or possible alternatives.",Oral Expression,3,0
226,Urban and Regional Planners,"Advise planning officials on project feasibility, cost-effectiveness, regulatory conformance, or possible alternatives.",Written Comprehension,2,0
226,Urban and Regional Planners,"Advise planning officials on project feasibility, cost-effectiveness, regulatory conformance, or possible alternatives.",Inductive Reasoning,2,0
226,Urban and Regional Planners,"Advise planning officials on project feasibility, cost-effectiveness, regulatory conformance, or possible alternatives.",Problem Sensitivity,2,0
226,Urban and Regional Planners,"Advise planning officials on project feasibility, cost-effectiveness, regulatory conformance, or possible alternatives.",Speech Clarity,2,0
226,Urban and Regional Planners,"Advise planning officials on project feasibility, cost-effectiveness, regulatory conformance, or possible alternatives.",Mathematical Reasoning,1,0
225,Urban and Regional Planners,"Create, prepare, or requisition graphic or narrative reports on land use data, including land area maps overlaid with geographic variables, such as population density.",Written Expression,3,0
225,Urban and Regional Planners,"Create, prepare, or requisition graphic or narrative reports on land use data, including land area maps overlaid with geographic variables, such as population density.",Near Vision,3,0
225,Urban and Regional Planners,"Create, prepare, or requisition graphic or narrative reports on land use data, including land area maps overlaid with geographic variables, such as population density.",Visualization,2,0
225,Urban and Regional Planners,"Create, prepare, or requisition graphic or narrative reports on land use data, including land area maps overlaid with geographic variables, such as population density.",Spatial Orientation,2,0
225,Urban and Regional Planners,"Create, prepare, or requisition graphic or narrative reports on land use data, including land area maps overlaid with geographic variables, such as population density.",Deductive Reasoning,2,0
225,Urban and Regional Planners,"Create, prepare, or requisition graphic or narrative reports on land use data, including land area maps overlaid with geographic variables, such as population density.",Mathematical Reasoning,2,0
225,Urban and Regional Planners,"Create, prepare, or requisition graphic or narrative reports on land use data, including land area maps overlaid with geographic variables, such as population density.",Information Ordering,2,0
225,Urban and Regional Planners,"Create, prepare, or requisition graphic or narrative reports on land use data, including land area maps overlaid with geographic variables, such as population density.",Inductive Reasoning,1,0
18476,Urban and Regional Planners,"Hold public meetings with government officials, social scientists, lawyers, developers, the public, or special interest groups to formulate, develop, or address issues regarding land use or community plans.",Oral Expression,3,0
18476,Urban and Regional Planners,"Hold public meetings with government officials, social scientists, lawyers, developers, the public, or special interest groups to formulate, develop, or address issues regarding land use or community plans.",Oral Comprehension,3,0
18476,Urban and Regional Planners,"Hold public meetings with government officials, social scientists, lawyers, developers, the public, or special interest groups to formulate, develop, or address issues regarding land use or community plans.",Speech Clarity,3,0
18476,Urban and Regional Planners,"Hold public meetings with government officials, social scientists, lawyers, developers, the public, or special interest groups to formulate, develop, or address issues regarding land use or community plans.",Speech Recognition,2,0
18476,Urban and Regional Planners,"Hold public meetings with government officials, social scientists, lawyers, developers, the public, or special interest groups to formulate, develop, or address issues regarding land use or community plans.",Deductive Reasoning,2,0
18476,Urban and Regional Planners,"Hold public meetings with government officials, social scientists, lawyers, developers, the public, or special interest groups to formulate, develop, or address issues regarding land use or community plans.",Problem Sensitivity,2,0
18476,Urban and Regional Planners,"Hold public meetings with government officials, social scientists, lawyers, developers, the public, or special interest groups to formulate, develop, or address issues regarding land use or community plans.",Inductive Reasoning,1,0
230,Urban and Regional Planners,Mediate community disputes or assist in developing alternative plans or recommendations for programs or projects.,Oral Comprehension,3,0
230,Urban and Regional Planners,Mediate community disputes or assist in developing alternative plans or recommendations for programs or projects.,Oral Expression,3,0
230,Urban and Regional Planners,Mediate community disputes or assist in developing alternative plans or recommendations for programs or projects.,Problem Sensitivity,3,0
230,Urban and Regional Planners,Mediate community disputes or assist in developing alternative plans or recommendations for programs or projects.,Inductive Reasoning,2,0
230,Urban and Regional Planners,Mediate community disputes or assist in developing alternative plans or recommendations for programs or projects.,Deductive Reasoning,2,0
230,Urban and Regional Planners,Mediate community disputes or assist in developing alternative plans or recommendations for programs or projects.,Speech Recognition,2,0
230,Urban and Regional Planners,Mediate community disputes or assist in developing alternative plans or recommendations for programs or projects.,Speech Clarity,2,0
222,Urban and Regional Planners,"Recommend approval, denial, or conditional approval of proposals.",Deductive Reasoning,3,0
222,Urban and Regional Planners,"Recommend approval, denial, or conditional approval of proposals.",Written Expression,3,0
222,Urban and Regional Planners,"Recommend approval, denial, or conditional approval of proposals.",Inductive Reasoning,2,0
222,Urban and Regional Planners,"Recommend approval, denial, or conditional approval of proposals.",Problem Sensitivity,2,0
222,Urban and Regional Planners,"Recommend approval, denial, or conditional approval of proposals.",Written Comprehension,2,0
222,Urban and Regional Planners,"Recommend approval, denial, or conditional approval of proposals.",Information Ordering,2,0
227,Urban and Regional Planners,"Conduct field investigations, surveys, impact studies, or other research to compile and analyze data on economic, social, regulatory, or physical factors affecting land use.",Inductive Reasoning,3,0
227,Urban and Regional Planners,"Conduct field investigations, surveys, impact studies, or other research to compile and analyze data on economic, social, regulatory, or physical factors affecting land use.",Deductive Reasoning,2,0
227,Urban and Regional Planners,"Conduct field investigations, surveys, impact studies, or other research to compile and analyze data on economic, social, regulatory, or physical factors affecting land use.",Mathematical Reasoning,2,0
227,Urban and Regional Planners,"Conduct field investigations, surveys, impact studies, or other research to compile and analyze data on economic, social, regulatory, or physical factors affecting land use.",Written Comprehension,2,0
227,Urban and Regional Planners,"Conduct field investigations, surveys, impact studies, or other research to compile and analyze data on economic, social, regulatory, or physical factors affecting land use.",Problem Sensitivity,2,0
227,Urban and Regional Planners,"Conduct field investigations, surveys, impact studies, or other research to compile and analyze data on economic, social, regulatory, or physical factors affecting land use.",Far Vision,2,0
227,Urban and Regional Planners,"Conduct field investigations, surveys, impact studies, or other research to compile and analyze data on economic, social, regulatory, or physical factors affecting land use.",Near Vision,2,0
227,Urban and Regional Planners,"Conduct field investigations, surveys, impact studies, or other research to compile and analyze data on economic, social, regulatory, or physical factors affecting land use.",Information Ordering,2,0
19777,Urban and Regional Planners,Evaluate proposals for infrastructure projects or other development for environmental impact or sustainability.,Deductive Reasoning,3,0
19777,Urban and Regional Planners,Evaluate proposals for infrastructure projects or other development for environmental impact or sustainability.,Inductive Reasoning,3,0
19777,Urban and Regional Planners,Evaluate proposals for infrastructure projects or other development for environmental impact or sustainability.,Written Comprehension,3,0
19777,Urban and Regional Planners,Evaluate proposals for infrastructure projects or other development for environmental impact or sustainability.,Problem Sensitivity,2,0
19777,Urban and Regional Planners,Evaluate proposals for infrastructure projects or other development for environmental impact or sustainability.,Mathematical Reasoning,2,0
19777,Urban and Regional Planners,Evaluate proposals for infrastructure projects or other development for environmental impact or sustainability.,Information Ordering,2,0
19777,Urban and Regional Planners,Evaluate proposals for infrastructure projects or other development for environmental impact or sustainability.,Near Vision,1,0
228,Urban and Regional Planners,"Discuss with planning officials the purpose of land use projects, such as transportation, conservation, residential, commercial, industrial, or community use.",Oral Comprehension,3,0
228,Urban and Regional Planners,"Discuss with planning officials the purpose of land use projects, such as transportation, conservation, residential, commercial, industrial, or community use.",Oral Expression,3,0
228,Urban and Regional Planners,"Discuss with planning officials the purpose of land use projects, such as transportation, conservation, residential, commercial, industrial, or community use.",Speech Recognition,2,0
228,Urban and Regional Planners,"Discuss with planning officials the purpose of land use projects, such as transportation, conservation, residential, commercial, industrial, or community use.",Speech Clarity,2,0
228,Urban and Regional Planners,"Discuss with planning officials the purpose of land use projects, such as transportation, conservation, residential, commercial, industrial, or community use.",Deductive Reasoning,2,0
228,Urban and Regional Planners,"Discuss with planning officials the purpose of land use projects, such as transportation, conservation, residential, commercial, industrial, or community use.",Inductive Reasoning,2,0
228,Urban and Regional Planners,"Discuss with planning officials the purpose of land use projects, such as transportation, conservation, residential, commercial, industrial, or community use.",Written Comprehension,1,0
229,Urban and Regional Planners,"Keep informed about economic or legal issues involved in zoning codes, building codes, or environmental regulations.",Written Comprehension,3,0
229,Urban and Regional Planners,"Keep informed about economic or legal issues involved in zoning codes, building codes, or environmental regulations.",Inductive Reasoning,2,0
229,Urban and Regional Planners,"Keep informed about economic or legal issues involved in zoning codes, building codes, or environmental regulations.",Deductive Reasoning,2,0
229,Urban and Regional Planners,"Keep informed about economic or legal issues involved in zoning codes, building codes, or environmental regulations.",Memorization,2,0
229,Urban and Regional Planners,"Keep informed about economic or legal issues involved in zoning codes, building codes, or environmental regulations.",Near Vision,2,0
229,Urban and Regional Planners,"Keep informed about economic or legal issues involved in zoning codes, building codes, or environmental regulations.",Information Ordering,1,0
20524,Urban and Regional Planners,Assess the feasibility of land use proposals and identify necessary changes.,Deductive Reasoning,3,0
20524,Urban and Regional Planners,Assess the feasibility of land use proposals and identify necessary changes.,Inductive Reasoning,3,0
20524,Urban and Regional Planners,Assess the feasibility of land use proposals and identify necessary changes.,Problem Sensitivity,3,0
20524,Urban and Regional Planners,Assess the feasibility of land use proposals and identify necessary changes.,Mathematical Reasoning,2,0
20524,Urban and Regional Planners,Assess the feasibility of land use proposals and identify necessary changes.,Written Comprehension,2,0
20524,Urban and Regional Planners,Assess the feasibility of land use proposals and identify necessary changes.,Information Ordering,2,0
20523,Urban and Regional Planners,Determine the effects of regulatory limitations on land use projects.,Deductive Reasoning,3,0
20523,Urban and Regional Planners,Determine the effects of regulatory limitations on land use projects.,Inductive Reasoning,3,0
20523,Urban and Regional Planners,Determine the effects of regulatory limitations on land use projects.,Written Comprehension,3,0
20523,Urban and Regional Planners,Determine the effects of regulatory limitations on land use projects.,Problem Sensitivity,2,0
20523,Urban and Regional Planners,Determine the effects of regulatory limitations on land use projects.,Information Ordering,2,0
20523,Urban and Regional Planners,Determine the effects of regulatory limitations on land use projects.,Mathematical Reasoning,1,0
232,Urban and Regional Planners,Review and evaluate environmental impact reports pertaining to private or public planning projects or programs.,Written Comprehension,3,0
232,Urban and Regional Planners,Review and evaluate environmental impact reports pertaining to private or public planning projects or programs.,Deductive Reasoning,3,0
232,Urban and Regional Planners,Review and evaluate environmental impact reports pertaining to private or public planning projects or programs.,Inductive Reasoning,2,0
232,Urban and Regional Planners,Review and evaluate environmental impact reports pertaining to private or public planning projects or programs.,Problem Sensitivity,2,0
232,Urban and Regional Planners,Review and evaluate environmental impact reports pertaining to private or public planning projects or programs.,Near Vision,2,0
232,Urban and Regional Planners,Review and evaluate environmental impact reports pertaining to private or public planning projects or programs.,Information Ordering,2,0
232,Urban and Regional Planners,Review and evaluate environmental impact reports pertaining to private or public planning projects or programs.,Mathematical Reasoning,1,0
233,Urban and Regional Planners,Supervise or coordinate the work of urban planning technicians or technologists.,Oral Expression,3,0
233,Urban and Regional Planners,Supervise or coordinate the work of urban planning technicians or technologists.,Deductive Reasoning,2,0
233,Urban and Regional Planners,Supervise or coordinate the work of urban planning technicians or technologists.,Inductive Reasoning,2,0
233,Urban and Regional Planners,Supervise or coordinate the work of urban planning technicians or technologists.,Information Ordering,2,0
233,Urban and Regional Planners,Supervise or coordinate the work of urban planning technicians or technologists.,Written Comprehension,2,0
233,Urban and Regional Planners,Supervise or coordinate the work of urban planning technicians or technologists.,Problem Sensitivity,1,0
19776,Urban and Regional Planners,Develop plans for public or alternative transportation systems for urban or regional locations to reduce carbon output associated with transportation.,Deductive Reasoning,3,0
19776,Urban and Regional Planners,Develop plans for public or alternative transportation systems for urban or regional locations to reduce carbon output associated with transportation.,Inductive Reasoning,3,0
19776,Urban and Regional Planners,Develop plans for public or alternative transportation systems for urban or regional locations to reduce carbon output associated with transportation.,Spatial Orientation,3,0
19776,Urban and Regional Planners,Develop plans for public or alternative transportation systems for urban or regional locations to reduce carbon output associated with transportation.,Written Expression,2,0
19776,Urban and Regional Planners,Develop plans for public or alternative transportation systems for urban or regional locations to reduce carbon output associated with transportation.,Mathematical Reasoning,2,0
19776,Urban and Regional Planners,Develop plans for public or alternative transportation systems for urban or regional locations to reduce carbon output associated with transportation.,Visualization,2,0
19776,Urban and Regional Planners,Develop plans for public or alternative transportation systems for urban or regional locations to reduce carbon output associated with transportation.,Problem Sensitivity,2,0
19776,Urban and Regional Planners,Develop plans for public or alternative transportation systems for urban or regional locations to reduce carbon output associated with transportation.,Fluency of Ideas,2,0
19778,Urban and Regional Planners,"Identify opportunities or develop plans for sustainability projects or programs to improve energy efficiency, minimize pollution or waste, or restore natural systems.",Inductive Reasoning,3,0
19778,Urban and Regional Planners,"Identify opportunities or develop plans for sustainability projects or programs to improve energy efficiency, minimize pollution or waste, or restore natural systems.",Deductive Reasoning,3,0
19778,Urban and Regional Planners,"Identify opportunities or develop plans for sustainability projects or programs to improve energy efficiency, minimize pollution or waste, or restore natural systems.",Problem Sensitivity,2,0
19778,Urban and Regional Planners,"Identify opportunities or develop plans for sustainability projects or programs to improve energy efficiency, minimize pollution or waste, or restore natural systems.",Originality,2,0
19778,Urban and Regional Planners,"Identify opportunities or develop plans for sustainability projects or programs to improve energy efficiency, minimize pollution or waste, or restore natural systems.",Written Expression,2,0
19778,Urban and Regional Planners,"Identify opportunities or develop plans for sustainability projects or programs to improve energy efficiency, minimize pollution or waste, or restore natural systems.",Fluency of Ideas,2,0
19778,Urban and Regional Planners,"Identify opportunities or develop plans for sustainability projects or programs to improve energy efficiency, minimize pollution or waste, or restore natural systems.",Mathematical Reasoning,2,0
231,Urban and Regional Planners,Coordinate work with economic consultants or architects during the formulation of plans or the design of large pieces of infrastructure.,Oral Comprehension,3,0
231,Urban and Regional Planners,Coordinate work with economic consultants or architects during the formulation of plans or the design of large pieces of infrastructure.,Oral Expression,3,0
231,Urban and Regional Planners,Coordinate work with economic consultants or architects during the formulation of plans or the design of large pieces of infrastructure.,Deductive Reasoning,2,0
231,Urban and Regional Planners,Coordinate work with economic consultants or architects during the formulation of plans or the design of large pieces of infrastructure.,Information Ordering,2,0
231,Urban and Regional Planners,Coordinate work with economic consultants or architects during the formulation of plans or the design of large pieces of infrastructure.,Written Comprehension,2,0
231,Urban and Regional Planners,Coordinate work with economic consultants or architects during the formulation of plans or the design of large pieces of infrastructure.,Speech Recognition,2,0
231,Urban and Regional Planners,Coordinate work with economic consultants or architects during the formulation of plans or the design of large pieces of infrastructure.,Inductive Reasoning,1,0
19775,Urban and Regional Planners,"Advocate sustainability to community groups, government agencies, the general public, or special interest groups.",Oral Expression,3,0
19775,Urban and Regional Planners,"Advocate sustainability to community groups, government agencies, the general public, or special interest groups.",Speech Clarity,3,0
19775,Urban and Regional Planners,"Advocate sustainability to community groups, government agencies, the general public, or special interest groups.",Oral Comprehension,2,0
19775,Urban and Regional Planners,"Advocate sustainability to community groups, government agencies, the general public, or special interest groups.",Fluency of Ideas,2,0
19775,Urban and Regional Planners,"Advocate sustainability to community groups, government agencies, the general public, or special interest groups.",Written Expression,2,0
19775,Urban and Regional Planners,"Advocate sustainability to community groups, government agencies, the general public, or special interest groups.",Deductive Reasoning,2,0
19775,Urban and Regional Planners,"Advocate sustainability to community groups, government agencies, the general public, or special interest groups.",Speech Recognition,1,0
20525,Urban and Regional Planners,Investigate property availability for purposes of development.,Inductive Reasoning,3,0
20525,Urban and Regional Planners,Investigate property availability for purposes of development.,Deductive Reasoning,2,0
20525,Urban and Regional Planners,Investigate property availability for purposes of development.,Written Comprehension,2,0
20525,Urban and Regional Planners,Investigate property availability for purposes of development.,Far Vision,2,0
20525,Urban and Regional Planners,Investigate property availability for purposes of development.,Near Vision,2,0
20525,Urban and Regional Planners,Investigate property availability for purposes of development.,Spatial Orientation,2,0
20525,Urban and Regional Planners,Investigate property availability for purposes of development.,Problem Sensitivity,2,0
22225,Urban and Regional Planners,"Conduct interviews, surveys and site inspections concerning factors that affect land usage, such as zoning, traffic flow and housing.",Oral Comprehension,3,0
22225,Urban and Regional Planners,"Conduct interviews, surveys and site inspections concerning factors that affect land usage, such as zoning, traffic flow and housing.",Speech Recognition,2,0
22225,Urban and Regional Planners,"Conduct interviews, surveys and site inspections concerning factors that affect land usage, such as zoning, traffic flow and housing.",Inductive Reasoning,2,0
22225,Urban and Regional Planners,"Conduct interviews, surveys and site inspections concerning factors that affect land usage, such as zoning, traffic flow and housing.",Near Vision,2,0
22225,Urban and Regional Planners,"Conduct interviews, surveys and site inspections concerning factors that affect land usage, such as zoning, traffic flow and housing.",Far Vision,2,0
22225,Urban and Regional Planners,"Conduct interviews, surveys and site inspections concerning factors that affect land usage, such as zoning, traffic flow and housing.",Written Comprehension,2,0
22225,Urban and Regional Planners,"Conduct interviews, surveys and site inspections concerning factors that affect land usage, such as zoning, traffic flow and housing.",Selective Attention,2,0
22225,Urban and Regional Planners,"Conduct interviews, surveys and site inspections concerning factors that affect land usage, such as zoning, traffic flow and housing.",Problem Sensitivity,1,0
22226,Urban and Regional Planners,"Prepare reports, using statistics, charts, and graphs, to illustrate planning studies in areas such as population, land use, or zoning.",Written Expression,3,0
22226,Urban and Regional Planners,"Prepare reports, using statistics, charts, and graphs, to illustrate planning studies in areas such as population, land use, or zoning.",Mathematical Reasoning,3,0
22226,Urban and Regional Planners,"Prepare reports, using statistics, charts, and graphs, to illustrate planning studies in areas such as population, land use, or zoning.",Number Facility,2,0
22226,Urban and Regional Planners,"Prepare reports, using statistics, charts, and graphs, to illustrate planning studies in areas such as population, land use, or zoning.",Near Vision,2,0
22226,Urban and Regional Planners,"Prepare reports, using statistics, charts, and graphs, to illustrate planning studies in areas such as population, land use, or zoning.",Deductive Reasoning,2,0
22226,Urban and Regional Planners,"Prepare reports, using statistics, charts, and graphs, to illustrate planning studies in areas such as population, land use, or zoning.",Visualization,2,0
22226,Urban and Regional Planners,"Prepare reports, using statistics, charts, and graphs, to illustrate planning studies in areas such as population, land use, or zoning.",Information Ordering,2,0
22227,Urban and Regional Planners,"Prepare, develop and maintain maps and databases.",Visualization,3,0
22227,Urban and Regional Planners,"Prepare, develop and maintain maps and databases.",Spatial Orientation,3,0
22227,Urban and Regional Planners,"Prepare, develop and maintain maps and databases.",Near Vision,3,0
22227,Urban and Regional Planners,"Prepare, develop and maintain maps and databases.",Deductive Reasoning,2,0
22227,Urban and Regional Planners,"Prepare, develop and maintain maps and databases.",Information Ordering,2,0
22227,Urban and Regional Planners,"Prepare, develop and maintain maps and databases.",Mathematical Reasoning,2,0
22227,Urban and Regional Planners,"Prepare, develop and maintain maps and databases.",Perceptual Speed,2,0
22228,Urban and Regional Planners,"Prepare, maintain and update files and records, including land use data and statistics.",Written Comprehension,2,0
22228,Urban and Regional Planners,"Prepare, maintain and update files and records, including land use data and statistics.",Information Ordering,3,0
22228,Urban and Regional Planners,"Prepare, maintain and update files and records, including land use data and statistics.",Near Vision,2,0
22228,Urban and Regional Planners,"Prepare, maintain and update files and records, including land use data and statistics.",Selective Attention,2,0
22228,Urban and Regional Planners,"Prepare, maintain and update files and records, including land use data and statistics.",Mathematical Reasoning,2,0
22228,Urban and Regional Planners,"Prepare, maintain and update files and records, including land use data and statistics.",Number Facility,1,0
22228,Urban and Regional Planners,"Prepare, maintain and update files and records, including land use data and statistics.",Memorization,1,0
22229,Urban and Regional Planners,"Research, compile, analyze and organize information from maps, reports, investigations, and books for use in reports and special projects.",Written Comprehension,3,0
22229,Urban and Regional Planners,"Research, compile, analyze and organize information from maps, reports, investigations, and books for use in reports and special projects.",Inductive Reasoning,3,0
22229,Urban and Regional Planners,"Research, compile, analyze and organize information from maps, reports, investigations, and books for use in reports and special projects.",Deductive Reasoning,2,0
22229,Urban and Regional Planners,"Research, compile, analyze and organize information from maps, reports, investigations, and books for use in reports and special projects.",Information Ordering,2,0
22229,Urban and Regional Planners,"Research, compile, analyze and organize information from maps, reports, investigations, and books for use in reports and special projects.",Near Vision,2,0
22229,Urban and Regional Planners,"Research, compile, analyze and organize information from maps, reports, investigations, and books for use in reports and special projects.",Selective Attention,2,0
22229,Urban and Regional Planners,"Research, compile, analyze and organize information from maps, reports, investigations, and books for use in reports and special projects.",Spatial Orientation,2,0
22230,Urban and Regional Planners,Respond to public inquiries and complaints.,Oral Comprehension,3,0
22230,Urban and Regional Planners,Respond to public inquiries and complaints.,Oral Expression,3,0
22230,Urban and Regional Planners,Respond to public inquiries and complaints.,Speech Recognition,2,0
22230,Urban and Regional Planners,Respond to public inquiries and complaints.,Speech Clarity,2,0
22230,Urban and Regional Planners,Respond to public inquiries and complaints.,Written Comprehension,2,0
22230,Urban and Regional Planners,Respond to public inquiries and complaints.,Deductive Reasoning,2,0
22230,Urban and Regional Planners,Respond to public inquiries and complaints.,Problem Sensitivity,1,0
22232,Anthropologists and Archeologists,"Collect information and make judgments through observation, interviews, and review of documents.",Inductive Reasoning,3,0
22232,Anthropologists and Archeologists,"Collect information and make judgments through observation, interviews, and review of documents.",Oral Comprehension,2,0
22232,Anthropologists and Archeologists,"Collect information and make judgments through observation, interviews, and review of documents.",Written Comprehension,2,0
22232,Anthropologists and Archeologists,"Collect information and make judgments through observation, interviews, and review of documents.",Selective Attention,2,0
22232,Anthropologists and Archeologists,"Collect information and make judgments through observation, interviews, and review of documents.",Speech Recognition,2,0
22232,Anthropologists and Archeologists,"Collect information and make judgments through observation, interviews, and review of documents.",Problem Sensitivity,2,0
22232,Anthropologists and Archeologists,"Collect information and make judgments through observation, interviews, and review of documents.",Near Vision,1,0
22259,Anthropologists and Archeologists,Teach or mentor undergraduate and graduate students in anthropology or archeology.,Oral Expression,3,0
22259,Anthropologists and Archeologists,Teach or mentor undergraduate and graduate students in anthropology or archeology.,Speech Clarity,3,0
22259,Anthropologists and Archeologists,Teach or mentor undergraduate and graduate students in anthropology or archeology.,Oral Comprehension,2,0
22259,Anthropologists and Archeologists,Teach or mentor undergraduate and graduate students in anthropology or archeology.,Written Comprehension,2,0
22259,Anthropologists and Archeologists,Teach or mentor undergraduate and graduate students in anthropology or archeology.,Inductive Reasoning,2,0
22259,Anthropologists and Archeologists,Teach or mentor undergraduate and graduate students in anthropology or archeology.,Deductive Reasoning,2,0
22259,Anthropologists and Archeologists,Teach or mentor undergraduate and graduate students in anthropology or archeology.,Information Ordering,2,0
22234,Anthropologists and Archeologists,Write about and present research findings for a variety of specialized and general audiences.,Written Expression,3,0
22234,Anthropologists and Archeologists,Write about and present research findings for a variety of specialized and general audiences.,Oral Expression,3,0
22234,Anthropologists and Archeologists,Write about and present research findings for a variety of specialized and general audiences.,Speech Clarity,2,0
22234,Anthropologists and Archeologists,Write about and present research findings for a variety of specialized and general audiences.,Deductive Reasoning,2,0
22234,Anthropologists and Archeologists,Write about and present research findings for a variety of specialized and general audiences.,Written Comprehension,2,0
22234,Anthropologists and Archeologists,Write about and present research findings for a variety of specialized and general audiences.,Fluency of Ideas,2,0
22234,Anthropologists and Archeologists,Write about and present research findings for a variety of specialized and general audiences.,Information Ordering,2,0
22236,Anthropologists and Archeologists,"Plan and direct research to characterize and compare the economic, demographic, health care, social, political, linguistic, and religious institutions of distinct cultural groups, communities, and organizations.",Deductive Reasoning,3,0
22236,Anthropologists and Archeologists,"Plan and direct research to characterize and compare the economic, demographic, health care, social, political, linguistic, and religious institutions of distinct cultural groups, communities, and organizations.",Inductive Reasoning,3,0
22236,Anthropologists and Archeologists,"Plan and direct research to characterize and compare the economic, demographic, health care, social, political, linguistic, and religious institutions of distinct cultural groups, communities, and organizations.",Information Ordering,2,0
22236,Anthropologists and Archeologists,"Plan and direct research to characterize and compare the economic, demographic, health care, social, political, linguistic, and religious institutions of distinct cultural groups, communities, and organizations.",Written Expression,2,0
22236,Anthropologists and Archeologists,"Plan and direct research to characterize and compare the economic, demographic, health care, social, political, linguistic, and religious institutions of distinct cultural groups, communities, and organizations.",Problem Sensitivity,2,0
22236,Anthropologists and Archeologists,"Plan and direct research to characterize and compare the economic, demographic, health care, social, political, linguistic, and religious institutions of distinct cultural groups, communities, and organizations.",Category Flexibility,2,0
22236,Anthropologists and Archeologists,"Plan and direct research to characterize and compare the economic, demographic, health care, social, political, linguistic, and religious institutions of distinct cultural groups, communities, and organizations.",Mathematical Reasoning,2,0
22246,Anthropologists and Archeologists,"Create data records for use in describing and analyzing social patterns and processes, using photography, videography, and audio recordings.",Deductive Reasoning,2,0
22246,Anthropologists and Archeologists,"Create data records for use in describing and analyzing social patterns and processes, using photography, videography, and audio recordings.",Inductive Reasoning,2,0
22246,Anthropologists and Archeologists,"Create data records for use in describing and analyzing social patterns and processes, using photography, videography, and audio recordings.",Near Vision,2,0
22246,Anthropologists and Archeologists,"Create data records for use in describing and analyzing social patterns and processes, using photography, videography, and audio recordings.",Far Vision,2,0
22246,Anthropologists and Archeologists,"Create data records for use in describing and analyzing social patterns and processes, using photography, videography, and audio recordings.",Manual Dexterity,2,0
22246,Anthropologists and Archeologists,"Create data records for use in describing and analyzing social patterns and processes, using photography, videography, and audio recordings.",Finger Dexterity,2,0
22246,Anthropologists and Archeologists,"Create data records for use in describing and analyzing social patterns and processes, using photography, videography, and audio recordings.",Information Ordering,2,0
22246,Anthropologists and Archeologists,"Create data records for use in describing and analyzing social patterns and processes, using photography, videography, and audio recordings.",Visual Color Discrimination,1,0
22244,Anthropologists and Archeologists,"Train others in the application of ethnographic research methods to solve problems in organizational effectiveness, communications, technology development, policy making, and program planning.",Oral Expression,3,0
22244,Anthropologists and Archeologists,"Train others in the application of ethnographic research methods to solve problems in organizational effectiveness, communications, technology development, policy making, and program planning.",Speech Clarity,3,0
22244,Anthropologists and Archeologists,"Train others in the application of ethnographic research methods to solve problems in organizational effectiveness, communications, technology development, policy making, and program planning.",Written Expression,2,0
22244,Anthropologists and Archeologists,"Train others in the application of ethnographic research methods to solve problems in organizational effectiveness, communications, technology development, policy making, and program planning.",Deductive Reasoning,2,0
22244,Anthropologists and Archeologists,"Train others in the application of ethnographic research methods to solve problems in organizational effectiveness, communications, technology development, policy making, and program planning.",Inductive Reasoning,2,0
22244,Anthropologists and Archeologists,"Train others in the application of ethnographic research methods to solve problems in organizational effectiveness, communications, technology development, policy making, and program planning.",Information Ordering,2,0
22244,Anthropologists and Archeologists,"Train others in the application of ethnographic research methods to solve problems in organizational effectiveness, communications, technology development, policy making, and program planning.",Oral Comprehension,2,0
22242,Anthropologists and Archeologists,"Identify culturally specific beliefs and practices affecting health status and access to services for distinct populations and communities, in collaboration with medical and public health officials.",Inductive Reasoning,3,0
22242,Anthropologists and Archeologists,"Identify culturally specific beliefs and practices affecting health status and access to services for distinct populations and communities, in collaboration with medical and public health officials.",Deductive Reasoning,2,0
22242,Anthropologists and Archeologists,"Identify culturally specific beliefs and practices affecting health status and access to services for distinct populations and communities, in collaboration with medical and public health officials.",Problem Sensitivity,2,0
22242,Anthropologists and Archeologists,"Identify culturally specific beliefs and practices affecting health status and access to services for distinct populations and communities, in collaboration with medical and public health officials.",Written Comprehension,2,0
22242,Anthropologists and Archeologists,"Identify culturally specific beliefs and practices affecting health status and access to services for distinct populations and communities, in collaboration with medical and public health officials.",Oral Comprehension,2,0
22242,Anthropologists and Archeologists,"Identify culturally specific beliefs and practices affecting health status and access to services for distinct populations and communities, in collaboration with medical and public health officials.",Category Flexibility,2,0
22242,Anthropologists and Archeologists,"Identify culturally specific beliefs and practices affecting health status and access to services for distinct populations and communities, in collaboration with medical and public health officials.",Oral Expression,1,0
22256,Anthropologists and Archeologists,Apply traditional ecological knowledge and assessments of culturally distinctive land and resource management institutions to assist in the resolution of conflicts over habitat protection and resource enhancement.,Deductive Reasoning,3,0
22256,Anthropologists and Archeologists,Apply traditional ecological knowledge and assessments of culturally distinctive land and resource management institutions to assist in the resolution of conflicts over habitat protection and resource enhancement.,Inductive Reasoning,3,0
22256,Anthropologists and Archeologists,Apply traditional ecological knowledge and assessments of culturally distinctive land and resource management institutions to assist in the resolution of conflicts over habitat protection and resource enhancement.,Problem Sensitivity,2,0
22256,Anthropologists and Archeologists,Apply traditional ecological knowledge and assessments of culturally distinctive land and resource management institutions to assist in the resolution of conflicts over habitat protection and resource enhancement.,Written Comprehension,2,0
22256,Anthropologists and Archeologists,Apply traditional ecological knowledge and assessments of culturally distinctive land and resource management institutions to assist in the resolution of conflicts over habitat protection and resource enhancement.,Oral Expression,2,0
22256,Anthropologists and Archeologists,Apply traditional ecological knowledge and assessments of culturally distinctive land and resource management institutions to assist in the resolution of conflicts over habitat protection and resource enhancement.,Category Flexibility,2,0
22256,Anthropologists and Archeologists,Apply traditional ecological knowledge and assessments of culturally distinctive land and resource management institutions to assist in the resolution of conflicts over habitat protection and resource enhancement.,Information Ordering,2,0
22249,Anthropologists and Archeologists,"Lead field training sites and train field staff, students, and volunteers in excavation methods.",Oral Expression,3,0
22249,Anthropologists and Archeologists,"Lead field training sites and train field staff, students, and volunteers in excavation methods.",Speech Clarity,3,0
22249,Anthropologists and Archeologists,"Lead field training sites and train field staff, students, and volunteers in excavation methods.",Deductive Reasoning,2,0
22249,Anthropologists and Archeologists,"Lead field training sites and train field staff, students, and volunteers in excavation methods.",Far Vision,2,0
22249,Anthropologists and Archeologists,"Lead field training sites and train field staff, students, and volunteers in excavation methods.",Near Vision,2,0
22249,Anthropologists and Archeologists,"Lead field training sites and train field staff, students, and volunteers in excavation methods.",Information Ordering,2,0
22249,Anthropologists and Archeologists,"Lead field training sites and train field staff, students, and volunteers in excavation methods.",Gross Body Coordination,1,0
22252,Anthropologists and Archeologists,"Conduct participatory action research in communities and organizations to assess how work is done and to design work systems, technologies, and environments.",Inductive Reasoning,3,0
22252,Anthropologists and Archeologists,"Conduct participatory action research in communities and organizations to assess how work is done and to design work systems, technologies, and environments.",Deductive Reasoning,3,0
22252,Anthropologists and Archeologists,"Conduct participatory action research in communities and organizations to assess how work is done and to design work systems, technologies, and environments.",Problem Sensitivity,2,0
22252,Anthropologists and Archeologists,"Conduct participatory action research in communities and organizations to assess how work is done and to design work systems, technologies, and environments.",Oral Comprehension,2,0
22252,Anthropologists and Archeologists,"Conduct participatory action research in communities and organizations to assess how work is done and to design work systems, technologies, and environments.",Written Comprehension,2,0
22252,Anthropologists and Archeologists,"Conduct participatory action research in communities and organizations to assess how work is done and to design work systems, technologies, and environments.",Originality,2,0
22252,Anthropologists and Archeologists,"Conduct participatory action research in communities and organizations to assess how work is done and to design work systems, technologies, and environments.",Fluency of Ideas,2,0
22248,Anthropologists and Archeologists,Develop and test theories concerning the origin and development of past cultures.,Inductive Reasoning,3,0
22248,Anthropologists and Archeologists,Develop and test theories concerning the origin and development of past cultures.,Deductive Reasoning,3,0
22248,Anthropologists and Archeologists,Develop and test theories concerning the origin and development of past cultures.,Written Comprehension,2,0
22248,Anthropologists and Archeologists,Develop and test theories concerning the origin and development of past cultures.,Written Expression,2,0
22248,Anthropologists and Archeologists,Develop and test theories concerning the origin and development of past cultures.,Originality,2,0
22248,Anthropologists and Archeologists,Develop and test theories concerning the origin and development of past cultures.,Fluency of Ideas,2,0
22248,Anthropologists and Archeologists,Develop and test theories concerning the origin and development of past cultures.,Category Flexibility,2,0
22233,Anthropologists and Archeologists,"Research, survey, or assess sites of past societies and cultures in search of answers to specific research questions.",Inductive Reasoning,3,0
22233,Anthropologists and Archeologists,"Research, survey, or assess sites of past societies and cultures in search of answers to specific research questions.",Deductive Reasoning,2,0
22233,Anthropologists and Archeologists,"Research, survey, or assess sites of past societies and cultures in search of answers to specific research questions.",Written Comprehension,2,0
22233,Anthropologists and Archeologists,"Research, survey, or assess sites of past societies and cultures in search of answers to specific research questions.",Near Vision,2,0
22233,Anthropologists and Archeologists,"Research, survey, or assess sites of past societies and cultures in search of answers to specific research questions.",Far Vision,2,0
22233,Anthropologists and Archeologists,"Research, survey, or assess sites of past societies and cultures in search of answers to specific research questions.",Problem Sensitivity,2,0
22233,Anthropologists and Archeologists,"Research, survey, or assess sites of past societies and cultures in search of answers to specific research questions.",Information Ordering,2,0
22260,Anthropologists and Archeologists,Write grant proposals to obtain funding for research.,Written Expression,3,0
22260,Anthropologists and Archeologists,Write grant proposals to obtain funding for research.,Written Comprehension,3,0
22260,Anthropologists and Archeologists,Write grant proposals to obtain funding for research.,Deductive Reasoning,2,0
22260,Anthropologists and Archeologists,Write grant proposals to obtain funding for research.,Fluency of Ideas,2,0
22260,Anthropologists and Archeologists,Write grant proposals to obtain funding for research.,Information Ordering,2,0
22260,Anthropologists and Archeologists,Write grant proposals to obtain funding for research.,Originality,2,0
22260,Anthropologists and Archeologists,Write grant proposals to obtain funding for research.,Near Vision,1,0
22245,Anthropologists and Archeologists,"Advise government agencies, private organizations, and communities regarding proposed programs, plans, and policies and their potential impacts on cultural institutions, organizations, and communities.",Oral Expression,3,0
22245,Anthropologists and Archeologists,"Advise government agencies, private organizations, and communities regarding proposed programs, plans, and policies and their potential impacts on cultural institutions, organizations, and communities.",Deductive Reasoning,3,0
22245,Anthropologists and Archeologists,"Advise government agencies, private organizations, and communities regarding proposed programs, plans, and policies and their potential impacts on cultural institutions, organizations, and communities.",Written Expression,2,0
22245,Anthropologists and Archeologists,"Advise government agencies, private organizations, and communities regarding proposed programs, plans, and policies and their potential impacts on cultural institutions, organizations, and communities.",Problem Sensitivity,2,0
22245,Anthropologists and Archeologists,"Advise government agencies, private organizations, and communities regarding proposed programs, plans, and policies and their potential impacts on cultural institutions, organizations, and communities.",Oral Comprehension,2,0
22245,Anthropologists and Archeologists,"Advise government agencies, private organizations, and communities regarding proposed programs, plans, and policies and their potential impacts on cultural institutions, organizations, and communities.",Inductive Reasoning,2,0
22245,Anthropologists and Archeologists,"Advise government agencies, private organizations, and communities regarding proposed programs, plans, and policies and their potential impacts on cultural institutions, organizations, and communities.",Speech Clarity,2,0
