task_id,occupation,task_text,ability_name,weight,uncertain
22253,Anthropologists and Archeologists,Organize public exhibits and displays to promote public awareness of diverse and distinctive cultural traditions.,Information Ordering,3,0
22253,Anthropologists and Archeologists,Organize public exhibits and displays to promote public awareness of diverse and distinctive cultural traditions.,Written Expression,2,0
22253,Anthropologists and Archeologists,Organize public exhibits and displays to promote public awareness of diverse and distinctive cultural traditions.,Oral Expression,2,0
22253,Anthropologists and Archeologists,Organize public exhibits and displays to promote public awareness of diverse and distinctive cultural traditions.,Inductive Reasoning,2,0
22253,Anthropologists and Archeologists,Organize public exhibits and displays to promote public awareness of diverse and distinctive cultural traditions.,Originality,2,0
22253,Anthropologists and Archeologists,Organize public exhibits and displays to promote public awareness of diverse and distinctive cultural traditions.,Visualization,2,0
22253,Anthropologists and Archeologists,Organize public exhibits and displays to promote public awareness of diverse and distinctive cultural traditions.,Written Comprehension,1,0
22250,Anthropologists and Archeologists,"Collaborate with economic development planners to decide on the implementation of proposed development policies, plans, and programs based on culturally institutionalized barriers and facilitating circumstances.",Oral Comprehension,3,0
22250,Anthropologists and Archeologists,"Collaborate with economic development planners to decide on the implementation of proposed development policies, plans, and programs based on culturally institutionalized barriers and facilitating circumstances.",Oral Expression,3,0
22250,Anthropologists and Archeologists,"Collaborate with economic development planners to decide on the implementation of proposed development policies, plans, and programs based on culturally institutionalized barriers and facilitating circumstances.",Deductive Reasoning,3,0
22250,Anthropologists and Archeologists,"Collaborate with economic development planners to decide on the implementation of proposed development policies, plans, and programs based on culturally institutionalized barriers and facilitating circumstances.",Inductive Reasoning,2,0
22250,Anthropologists and Archeologists,"Collaborate with economic development planners to decide on the implementation of proposed development policies, plans, and programs based on culturally institutionalized barriers and facilitating circumstances.",Problem Sensitivity,2,0
22250,Anthropologists and Archeologists,"Collaborate with economic development planners to decide on the implementation of proposed development policies, plans, and programs based on culturally institutionalized barriers and facilitating circumstances.",Written Comprehension,2,0
22250,Anthropologists and Archeologists,"Collaborate with economic development planners to decide on the implementation of proposed development policies, plans, and programs based on culturally institutionalized barriers and facilitating circumstances.",Speech Recognition,2,0
22250,Anthropologists and Archeologists,"Collaborate with economic development planners to decide on the implementation of proposed development policies, plans, and programs based on culturally institutionalized barriers and facilitating circumstances.",Speech Clarity,2,0
22247,Anthropologists and Archeologists,"Develop intervention procedures, using techniques such as individual and focus group interviews, consultations, and participant observation of social interaction.",Oral Comprehension,3,0
22247,Anthropologists and Archeologists,"Develop intervention procedures, using techniques such as individual and focus group interviews, consultations, and participant observation of social interaction.",Oral Expression,3,0
22247,Anthropologists and Archeologists,"Develop intervention procedures, using techniques such as individual and focus group interviews, consultations, and participant observation of social interaction.",Inductive Reasoning,3,0
22247,Anthropologists and Archeologists,"Develop intervention procedures, using techniques such as individual and focus group interviews, consultations, and participant observation of social interaction.",Deductive Reasoning,2,0
22247,Anthropologists and Archeologists,"Develop intervention procedures, using techniques such as individual and focus group interviews, consultations, and participant observation of social interaction.",Problem Sensitivity,2,0
22247,Anthropologists and Archeologists,"Develop intervention procedures, using techniques such as individual and focus group interviews, consultations, and participant observation of social interaction.",Originality,2,0
22247,Anthropologists and Archeologists,"Develop intervention procedures, using techniques such as individual and focus group interviews, consultations, and participant observation of social interaction.",Speech Recognition,2,0
22247,Anthropologists and Archeologists,"Develop intervention procedures, using techniques such as individual and focus group interviews, consultations, and participant observation of social interaction.",Speech Clarity,2,0
22257,Anthropologists and Archeologists,Enhance the cultural sensitivity of elementary and secondary curricula and classroom interactions in collaboration with educators and teachers.,Oral Comprehension,3,0
22257,Anthropologists and Archeologists,Enhance the cultural sensitivity of elementary and secondary curricula and classroom interactions in collaboration with educators and teachers.,Oral Expression,3,0
22257,Anthropologists and Archeologists,Enhance the cultural sensitivity of elementary and secondary curricula and classroom interactions in collaboration with educators and teachers.,Written Comprehension,2,0
22257,Anthropologists and Archeologists,Enhance the cultural sensitivity of elementary and secondary curricula and classroom interactions in collaboration with educators and teachers.,Written Expression,2,0
22257,Anthropologists and Archeologists,Enhance the cultural sensitivity of elementary and secondary curricula and classroom interactions in collaboration with educators and teachers.,Inductive Reasoning,2,0
22257,Anthropologists and Archeologists,Enhance the cultural sensitivity of elementary and secondary curricula and classroom interactions in collaboration with educators and teachers.,Originality,2,0
22257,Anthropologists and Archeologists,Enhance the cultural sensitivity of elementary and secondary curricula and classroom interactions in collaboration with educators and teachers.,Deductive Reasoning,1,0
22255,Anthropologists and Archeologists,Study archival collections of primary historical sources to help explain the origins and development of cultural patterns.,Written Comprehension,3,0
22255,Anthropologists and Archeologists,Study archival collections of primary historical sources to help explain the origins and development of cultural patterns.,Inductive Reasoning,3,0
22255,Anthropologists and Archeologists,Study archival collections of primary historical sources to help explain the origins and development of cultural patterns.,Deductive Reasoning,2,0
22255,Anthropologists and Archeologists,Study archival collections of primary historical sources to help explain the origins and development of cultural patterns.,Memorization,2,0
22255,Anthropologists and Archeologists,Study archival collections of primary historical sources to help explain the origins and development of cultural patterns.,Information Ordering,2,0
22255,Anthropologists and Archeologists,Study archival collections of primary historical sources to help explain the origins and development of cultural patterns.,Near Vision,2,0
22255,Anthropologists and Archeologists,Study archival collections of primary historical sources to help explain the origins and development of cultural patterns.,Flexibility of Closure,1,0
22254,Anthropologists and Archeologists,Formulate general rules that describe and predict the development and behavior of cultures and social institutions.,Inductive Reasoning,3,0
22254,Anthropologists and Archeologists,Formulate general rules that describe and predict the development and behavior of cultures and social institutions.,Deductive Reasoning,3,0
22254,Anthropologists and Archeologists,Formulate general rules that describe and predict the development and behavior of cultures and social institutions.,Written Expression,3,0
22254,Anthropologists and Archeologists,Formulate general rules that describe and predict the development and behavior of cultures and social institutions.,Category Flexibility,2,0
22254,Anthropologists and Archeologists,Formulate general rules that describe and predict the development and behavior of cultures and social institutions.,Originality,2,0
22254,Anthropologists and Archeologists,Formulate general rules that describe and predict the development and behavior of cultures and social institutions.,Problem Sensitivity,2,0
22254,Anthropologists and Archeologists,Formulate general rules that describe and predict the development and behavior of cultures and social institutions.,Information Ordering,2,0
22238,Anthropologists and Archeologists,"Record the exact locations and conditions of artifacts uncovered in diggings or surveys, using drawings and photographs as necessary.",Near Vision,3,0
22238,Anthropologists and Archeologists,"Record the exact locations and conditions of artifacts uncovered in diggings or surveys, using drawings and photographs as necessary.",Written Expression,3,0
22238,Anthropologists and Archeologists,"Record the exact locations and conditions of artifacts uncovered in diggings or surveys, using drawings and photographs as necessary.",Perceptual Speed,2,0
22238,Anthropologists and Archeologists,"Record the exact locations and conditions of artifacts uncovered in diggings or surveys, using drawings and photographs as necessary.",Visualization,2,0
22238,Anthropologists and Archeologists,"Record the exact locations and conditions of artifacts uncovered in diggings or surveys, using drawings and photographs as necessary.",Finger Dexterity,2,0
22238,Anthropologists and Archeologists,"Record the exact locations and conditions of artifacts uncovered in diggings or surveys, using drawings and photographs as necessary.",Information Ordering,2,0
22238,Anthropologists and Archeologists,"Record the exact locations and conditions of artifacts uncovered in diggings or surveys, using drawings and photographs as necessary.",Spatial Orientation,2,0
22238,Anthropologists and Archeologists,"Record the exact locations and conditions of artifacts uncovered in diggings or surveys, using drawings and photographs as necessary.",Visual Color Discrimination,1,0
22239,Anthropologists and Archeologists,"Assess archeological sites for resource management, development, or conservation purposes and recommend methods for site protection.",Inductive Reasoning,3,0
22239,Anthropologists and Archeologists,"Assess archeological sites for resource management, development, or conservation purposes and recommend methods for site protection.",Deductive Reasoning,3,0
22239,Anthropologists and Archeologists,"Assess archeological sites for resource management, development, or conservation purposes and recommend methods for site protection.",Problem Sensitivity,2,0
22239,Anthropologists and Archeologists,"Assess archeological sites for resource management, development, or conservation purposes and recommend methods for site protection.",Far Vision,2,0
22239,Anthropologists and Archeologists,"Assess archeological sites for resource management, development, or conservation purposes and recommend methods for site protection.",Written Expression,2,0
22239,Anthropologists and Archeologists,"Assess archeological sites for resource management, development, or conservation purposes and recommend methods for site protection.",Spatial Orientation,2,0
22239,Anthropologists and Archeologists,"Assess archeological sites for resource management, development, or conservation purposes and recommend methods for site protection.",Oral Expression,2,0
22239,Anthropologists and Archeologists,"Assess archeological sites for resource management, development, or conservation purposes and recommend methods for site protection.",Gross Body Coordination,1,0
22240,Anthropologists and Archeologists,Gather and analyze artifacts and skeletal remains to increase knowledge of ancient cultures.,Inductive Reasoning,3,0
22240,Anthropologists and Archeologists,Gather and analyze artifacts and skeletal remains to increase knowledge of ancient cultures.,Near Vision,3,0
22240,Anthropologists and Archeologists,Gather and analyze artifacts and skeletal remains to increase knowledge of ancient cultures.,Perceptual Speed,2,0
22240,Anthropologists and Archeologists,Gather and analyze artifacts and skeletal remains to increase knowledge of ancient cultures.,Category Flexibility,2,0
22240,Anthropologists and Archeologists,Gather and analyze artifacts and skeletal remains to increase knowledge of ancient cultures.,Deductive Reasoning,2,0
22240,Anthropologists and Archeologists,Gather and analyze artifacts and skeletal remains to increase knowledge of ancient cultures.,Finger Dexterity,2,0
22240,Anthropologists and Archeologists,Gather and analyze artifacts and skeletal remains to increase knowledge of ancient cultures.,Visual Color Discrimination,2,0
22240,Anthropologists and Archeologists,Gather and analyze artifacts and skeletal remains to increase knowledge of ancient cultures.,Manual Dexterity,1,0
22237,Anthropologists and Archeologists,Compare findings from one site with archeological data from other sites to find similarities or differences.,Inductive Reasoning,3,0
22237,Anthropologists and Archeologists,Compare findings from one site with archeological data from other sites to find similarities or differences.,Deductive Reasoning,3,0
22237,Anthropologists and Archeologists,Compare findings from one site with archeological data from other sites to find similarities or differences.,Written Comprehension,3,0
22237,Anthropologists and Archeologists,Compare findings from one site with archeological data from other sites to find similarities or differences.,Category Flexibility,2,0
22237,Anthropologists and Archeologists,Compare findings from one site with archeological data from other sites to find similarities or differences.,Flexibility of Closure,2,0
22237,Anthropologists and Archeologists,Compare findings from one site with archeological data from other sites to find similarities or differences.,Perceptual Speed,2,0
22237,Anthropologists and Archeologists,Compare findings from one site with archeological data from other sites to find similarities or differences.,Information Ordering,1,0
22235,Anthropologists and Archeologists,"Describe artifacts' physical properties or attributes, such as the materials from which artifacts are made and their size, shape, function, and decoration.",Near Vision,3,0
22235,Anthropologists and Archeologists,"Describe artifacts' physical properties or attributes, such as the materials from which artifacts are made and their size, shape, function, and decoration.",Written Expression,3,0
22235,Anthropologists and Archeologists,"Describe artifacts' physical properties or attributes, such as the materials from which artifacts are made and their size, shape, function, and decoration.",Perceptual Speed,3,0
22235,Anthropologists and Archeologists,"Describe artifacts' physical properties or attributes, such as the materials from which artifacts are made and their size, shape, function, and decoration.",Visual Color Discrimination,2,0
22235,Anthropologists and Archeologists,"Describe artifacts' physical properties or attributes, such as the materials from which artifacts are made and their size, shape, function, and decoration.",Category Flexibility,2,0
22235,Anthropologists and Archeologists,"Describe artifacts' physical properties or attributes, such as the materials from which artifacts are made and their size, shape, function, and decoration.",Oral Expression,2,0
22235,Anthropologists and Archeologists,"Describe artifacts' physical properties or attributes, such as the materials from which artifacts are made and their size, shape, function, and decoration.",Flexibility of Closure,2,0
22235,Anthropologists and Archeologists,"Describe artifacts' physical properties or attributes, such as the materials from which artifacts are made and their size, shape, function, and decoration.",Visualization,1,0
22241,Anthropologists and Archeologists,"Collect artifacts made of stone, bone, metal, and other materials, placing them in bags and marking them to show where they were found.",Near Vision,3,0
22241,Anthropologists and Archeologists,"Collect artifacts made of stone, bone, metal, and other materials, placing them in bags and marking them to show where they were found.",Manual Dexterity,3,0
22241,Anthropologists and Archeologists,"Collect artifacts made of stone, bone, metal, and other materials, placing them in bags and marking them to show where they were found.",Finger Dexterity,2,0
22241,Anthropologists and Archeologists,"Collect artifacts made of stone, bone, metal, and other materials, placing them in bags and marking them to show where they were found.",Information Ordering,2,0
22241,Anthropologists and Archeologists,"Collect artifacts made of stone, bone, metal, and other materials, placing them in bags and marking them to show where they were found.",Spatial Orientation,2,0
22241,Anthropologists and Archeologists,"Collect artifacts made of stone, bone, metal, and other materials, placing them in bags and marking them to show where they were found.",Visual Color Discrimination,2,0
22241,Anthropologists and Archeologists,"Collect artifacts made of stone, bone, metal, and other materials, placing them in bags and marking them to show where they were found.",Perceptual Speed,2,0
22241,Anthropologists and Archeologists,"Collect artifacts made of stone, bone, metal, and other materials, placing them in bags and marking them to show where they were found.",Selective Attention,2,0
22231,Anthropologists and Archeologists,"Study objects and structures recovered by excavation to identify, date, and authenticate them and to interpret their significance.",Inductive Reasoning,3,0
22231,Anthropologists and Archeologists,"Study objects and structures recovered by excavation to identify, date, and authenticate them and to interpret their significance.",Near Vision,3,0
22231,Anthropologists and Archeologists,"Study objects and structures recovered by excavation to identify, date, and authenticate them and to interpret their significance.",Deductive Reasoning,3,0
22231,Anthropologists and Archeologists,"Study objects and structures recovered by excavation to identify, date, and authenticate them and to interpret their significance.",Written Comprehension,2,0
22231,Anthropologists and Archeologists,"Study objects and structures recovered by excavation to identify, date, and authenticate them and to interpret their significance.",Perceptual Speed,2,0
22231,Anthropologists and Archeologists,"Study objects and structures recovered by excavation to identify, date, and authenticate them and to interpret their significance.",Category Flexibility,2,0
22231,Anthropologists and Archeologists,"Study objects and structures recovered by excavation to identify, date, and authenticate them and to interpret their significance.",Visual Color Discrimination,2,0
22231,Anthropologists and Archeologists,"Study objects and structures recovered by excavation to identify, date, and authenticate them and to interpret their significance.",Memorization,1,0
22243,Anthropologists and Archeologists,"Consult site reports, existing artifacts, and topographic maps to identify archeological sites.",Written Comprehension,3,0
22243,Anthropologists and Archeologists,"Consult site reports, existing artifacts, and topographic maps to identify archeological sites.",Spatial Orientation,3,0
22243,Anthropologists and Archeologists,"Consult site reports, existing artifacts, and topographic maps to identify archeological sites.",Inductive Reasoning,3,0
22243,Anthropologists and Archeologists,"Consult site reports, existing artifacts, and topographic maps to identify archeological sites.",Near Vision,2,0
22243,Anthropologists and Archeologists,"Consult site reports, existing artifacts, and topographic maps to identify archeological sites.",Deductive Reasoning,2,0
22243,Anthropologists and Archeologists,"Consult site reports, existing artifacts, and topographic maps to identify archeological sites.",Flexibility of Closure,2,0
22243,Anthropologists and Archeologists,"Consult site reports, existing artifacts, and topographic maps to identify archeological sites.",Visualization,2,0
22251,Anthropologists and Archeologists,"Clean, restore, and preserve artifacts.",Finger Dexterity,3,0
22251,Anthropologists and Archeologists,"Clean, restore, and preserve artifacts.",Manual Dexterity,3,0
22251,Anthropologists and Archeologists,"Clean, restore, and preserve artifacts.",Near Vision,3,0
22251,Anthropologists and Archeologists,"Clean, restore, and preserve artifacts.",Arm-Hand Steadiness,3,0
22251,Anthropologists and Archeologists,"Clean, restore, and preserve artifacts.",Visual Color Discrimination,2,0
22251,Anthropologists and Archeologists,"Clean, restore, and preserve artifacts.",Perceptual Speed,2,0
22251,Anthropologists and Archeologists,"Clean, restore, and preserve artifacts.",Control Precision,2,0
22258,Anthropologists and Archeologists,"Participate in forensic activities, such as tooth and bone structure identification, in conjunction with police departments and pathologists.",Near Vision,3,0
22258,Anthropologists and Archeologists,"Participate in forensic activities, such as tooth and bone structure identification, in conjunction with police departments and pathologists.",Inductive Reasoning,3,0
22258,Anthropologists and Archeologists,"Participate in forensic activities, such as tooth and bone structure identification, in conjunction with police departments and pathologists.",Deductive Reasoning,3,0
22258,Anthropologists and Archeologists,"Participate in forensic activities, such as tooth and bone structure identification, in conjunction with police departments and pathologists.",Perceptual Speed,2,0
22258,Anthropologists and Archeologists,"Participate in forensic activities, such as tooth and bone structure identification, in conjunction with police departments and pathologists.",Category Flexibility,2,0
22258,Anthropologists and Archeologists,"Participate in forensic activities, such as tooth and bone structure identification, in conjunction with police departments and pathologists.",Oral Expression,2,0
22258,Anthropologists and Archeologists,"Participate in forensic activities, such as tooth and bone structure identification, in conjunction with police departments and pathologists.",Written Expression,2,0
22258,Anthropologists and Archeologists,"Participate in forensic activities, such as tooth and bone structure identification, in conjunction with police departments and pathologists.",Oral Comprehension,1,0
5503,Geographers,"Create and modify maps, graphs, or diagrams, using geographical information software and related equipment, and principles of cartography, such as coordinate systems, longitude, latitude, elevation, topography, and map scales.",Spatial Orientation,3,0
5503,Geographers,"Create and modify maps, graphs, or diagrams, using geographical information software and related equipment, and principles of cartography, such as coordinate systems, longitude, latitude, elevation, topography, and map scales.",Visualization,3,0
5503,Geographers,"Create and modify maps, graphs, or diagrams, using geographical information software and related equipment, and principles of cartography, such as coordinate systems, longitude, latitude, elevation, topography, and map scales.",Mathematical Reasoning,3,0
5503,Geographers,"Create and modify maps, graphs, or diagrams, using geographical information software and related equipment, and principles of cartography, such as coordinate systems, longitude, latitude, elevation, topography, and map scales.",Near Vision,2,0
5503,Geographers,"Create and modify maps, graphs, or diagrams, using geographical information software and related equipment, and principles of cartography, such as coordinate systems, longitude, latitude, elevation, topography, and map scales.",Deductive Reasoning,2,0
5503,Geographers,"Create and modify maps, graphs, or diagrams, using geographical information software and related equipment, and principles of cartography, such as coordinate systems, longitude, latitude, elevation, topography, and map scales.",Information Ordering,2,0
5503,Geographers,"Create and modify maps, graphs, or diagrams, using geographical information software and related equipment, and principles of cartography, such as coordinate systems, longitude, latitude, elevation, topography, and map scales.",Finger Dexterity,2,0
5503,Geographers,"Create and modify maps, graphs, or diagrams, using geographical information software and related equipment, and principles of cartography, such as coordinate systems, longitude, latitude, elevation, topography, and map scales.",Number Facility,1,0
5509,Geographers,"Gather and compile geographic data from sources such as censuses, field observations, satellite imagery, aerial photographs, and existing maps.",Written Comprehension,3,0
5509,Geographers,"Gather and compile geographic data from sources such as censuses, field observations, satellite imagery, aerial photographs, and existing maps.",Information Ordering,3,0
5509,Geographers,"Gather and compile geographic data from sources such as censuses, field observations, satellite imagery, aerial photographs, and existing maps.",Inductive Reasoning,2,0
5509,Geographers,"Gather and compile geographic data from sources such as censuses, field observations, satellite imagery, aerial photographs, and existing maps.",Near Vision,2,0
5509,Geographers,"Gather and compile geographic data from sources such as censuses, field observations, satellite imagery, aerial photographs, and existing maps.",Spatial Orientation,2,0
5509,Geographers,"Gather and compile geographic data from sources such as censuses, field observations, satellite imagery, aerial photographs, and existing maps.",Selective Attention,2,0
5509,Geographers,"Gather and compile geographic data from sources such as censuses, field observations, satellite imagery, aerial photographs, and existing maps.",Perceptual Speed,2,0
5508,Geographers,Teach geography.,Oral Expression,3,0
5508,Geographers,Teach geography.,Oral Comprehension,3,0
5508,Geographers,Teach geography.,Written Comprehension,2,0
5508,Geographers,Teach geography.,Written Expression,2,0
5508,Geographers,Teach geography.,Inductive Reasoning,2,0
5508,Geographers,Teach geography.,Speech Clarity,2,0
5508,Geographers,Teach geography.,Speech Recognition,1,0
5504,Geographers,Write and present reports of research findings.,Written Expression,3,0
5504,Geographers,Write and present reports of research findings.,Oral Expression,3,0
5504,Geographers,Write and present reports of research findings.,Written Comprehension,2,0
5504,Geographers,Write and present reports of research findings.,Information Ordering,2,0
5504,Geographers,Write and present reports of research findings.,Speech Clarity,2,0
5504,Geographers,Write and present reports of research findings.,Deductive Reasoning,2,0
5514,Geographers,Provide geographical information systems support to the private and public sectors.,Oral Expression,3,0
5514,Geographers,Provide geographical information systems support to the private and public sectors.,Oral Comprehension,3,0
5514,Geographers,Provide geographical information systems support to the private and public sectors.,Written Comprehension,2,0
5514,Geographers,Provide geographical information systems support to the private and public sectors.,Deductive Reasoning,2,0
5514,Geographers,Provide geographical information systems support to the private and public sectors.,Spatial Orientation,2,0
5514,Geographers,Provide geographical information systems support to the private and public sectors.,Problem Sensitivity,2,0
5514,Geographers,Provide geographical information systems support to the private and public sectors.,Speech Clarity,1,0
5511,Geographers,"Study the economic, political, and cultural characteristics of a specific region's population.",Written Comprehension,3,0
5511,Geographers,"Study the economic, political, and cultural characteristics of a specific region's population.",Inductive Reasoning,3,0
5511,Geographers,"Study the economic, political, and cultural characteristics of a specific region's population.",Deductive Reasoning,2,0
5511,Geographers,"Study the economic, political, and cultural characteristics of a specific region's population.",Category Flexibility,2,0
5511,Geographers,"Study the economic, political, and cultural characteristics of a specific region's population.",Information Ordering,2,0
5511,Geographers,"Study the economic, political, and cultural characteristics of a specific region's population.",Spatial Orientation,2,0
5511,Geographers,"Study the economic, political, and cultural characteristics of a specific region's population.",Mathematical Reasoning,1,0
5507,Geographers,"Analyze geographic distributions of physical and cultural phenomena on local, regional, continental, or global scales.",Inductive Reasoning,3,0
5507,Geographers,"Analyze geographic distributions of physical and cultural phenomena on local, regional, continental, or global scales.",Deductive Reasoning,3,0
5507,Geographers,"Analyze geographic distributions of physical and cultural phenomena on local, regional, continental, or global scales.",Spatial Orientation,3,0
5507,Geographers,"Analyze geographic distributions of physical and cultural phenomena on local, regional, continental, or global scales.",Visualization,2,0
5507,Geographers,"Analyze geographic distributions of physical and cultural phenomena on local, regional, continental, or global scales.",Mathematical Reasoning,2,0
5507,Geographers,"Analyze geographic distributions of physical and cultural phenomena on local, regional, continental, or global scales.",Category Flexibility,2,0
5507,Geographers,"Analyze geographic distributions of physical and cultural phenomena on local, regional, continental, or global scales.",Information Ordering,2,0
5505,Geographers,"Develop, operate, and maintain geographical information computer systems, including hardware, software, plotters, digitizers, printers, and video cameras.",Deductive Reasoning,3,0
5505,Geographers,"Develop, operate, and maintain geographical information computer systems, including hardware, software, plotters, digitizers, printers, and video cameras.",Problem Sensitivity,3,0
5505,Geographers,"Develop, operate, and maintain geographical information computer systems, including hardware, software, plotters, digitizers, printers, and video cameras.",Spatial Orientation,2,0
5505,Geographers,"Develop, operate, and maintain geographical information computer systems, including hardware, software, plotters, digitizers, printers, and video cameras.",Information Ordering,2,0
5505,Geographers,"Develop, operate, and maintain geographical information computer systems, including hardware, software, plotters, digitizers, printers, and video cameras.",Finger Dexterity,2,0
5505,Geographers,"Develop, operate, and maintain geographical information computer systems, including hardware, software, plotters, digitizers, printers, and video cameras.",Near Vision,2,0
5505,Geographers,"Develop, operate, and maintain geographical information computer systems, including hardware, software, plotters, digitizers, printers, and video cameras.",Selective Attention,2,0
5505,Geographers,"Develop, operate, and maintain geographical information computer systems, including hardware, software, plotters, digitizers, printers, and video cameras.",Visualization,1,0
5506,Geographers,Locate and obtain existing geographic information databases.,Written Comprehension,3,0
5506,Geographers,Locate and obtain existing geographic information databases.,Information Ordering,2,0
5506,Geographers,Locate and obtain existing geographic information databases.,Deductive Reasoning,2,0
5506,Geographers,Locate and obtain existing geographic information databases.,Inductive Reasoning,2,0
5506,Geographers,Locate and obtain existing geographic information databases.,Spatial Orientation,2,0
5506,Geographers,Locate and obtain existing geographic information databases.,Near Vision,1,0
5513,Geographers,"Collect data on physical characteristics of specified areas, such as geological formations, climates, and vegetation, using surveying or meteorological equipment.",Spatial Orientation,3,0
5513,Geographers,"Collect data on physical characteristics of specified areas, such as geological formations, climates, and vegetation, using surveying or meteorological equipment.",Near Vision,2,0
5513,Geographers,"Collect data on physical characteristics of specified areas, such as geological formations, climates, and vegetation, using surveying or meteorological equipment.",Far Vision,2,0
5513,Geographers,"Collect data on physical characteristics of specified areas, such as geological formations, climates, and vegetation, using surveying or meteorological equipment.",Selective Attention,2,0
5513,Geographers,"Collect data on physical characteristics of specified areas, such as geological formations, climates, and vegetation, using surveying or meteorological equipment.",Manual Dexterity,2,0
5513,Geographers,"Collect data on physical characteristics of specified areas, such as geological formations, climates, and vegetation, using surveying or meteorological equipment.",Gross Body Coordination,2,0
5513,Geographers,"Collect data on physical characteristics of specified areas, such as geological formations, climates, and vegetation, using surveying or meteorological equipment.",Information Ordering,2,0
5513,Geographers,"Collect data on physical characteristics of specified areas, such as geological formations, climates, and vegetation, using surveying or meteorological equipment.",Stamina,1,0
5510,Geographers,Conduct field work at outdoor sites.,Far Vision,3,0
5510,Geographers,Conduct field work at outdoor sites.,Gross Body Coordination,3,0
5510,Geographers,Conduct field work at outdoor sites.,Stamina,2,0
5510,Geographers,Conduct field work at outdoor sites.,Spatial Orientation,2,0
5510,Geographers,Conduct field work at outdoor sites.,Selective Attention,2,0
5510,Geographers,Conduct field work at outdoor sites.,Gross Body Equilibrium,2,0
5510,Geographers,Conduct field work at outdoor sites.,Near Vision,2,0
5510,Geographers,Conduct field work at outdoor sites.,Dynamic Strength,1,0
5512,Geographers,"Provide consulting services in fields such as resource development and management, business location and market area analysis, environmental hazards, regional cultural history, and urban social planning.",Oral Expression,3,0
5512,Geographers,"Provide consulting services in fields such as resource development and management, business location and market area analysis, environmental hazards, regional cultural history, and urban social planning.",Oral Comprehension,3,0
5512,Geographers,"Provide consulting services in fields such as resource development and management, business location and market area analysis, environmental hazards, regional cultural history, and urban social planning.",Inductive Reasoning,3,0
5512,Geographers,"Provide consulting services in fields such as resource development and management, business location and market area analysis, environmental hazards, regional cultural history, and urban social planning.",Deductive Reasoning,2,0
5512,Geographers,"Provide consulting services in fields such as resource development and management, business location and market area analysis, environmental hazards, regional cultural history, and urban social planning.",Written Expression,2,0
5512,Geographers,"Provide consulting services in fields such as resource development and management, business location and market area analysis, environmental hazards, regional cultural history, and urban social planning.",Problem Sensitivity,2,0
5512,Geographers,"Provide consulting services in fields such as resource development and management, business location and market area analysis, environmental hazards, regional cultural history, and urban social planning.",Speech Clarity,2,0
3718,Historians,"Gather historical data from sources such as archives, court records, diaries, news files, and photographs, as well as from books, pamphlets, and periodicals.",Written Comprehension,3,0
3718,Historians,"Gather historical data from sources such as archives, court records, diaries, news files, and photographs, as well as from books, pamphlets, and periodicals.",Information Ordering,3,0
3718,Historians,"Gather historical data from sources such as archives, court records, diaries, news files, and photographs, as well as from books, pamphlets, and periodicals.",Inductive Reasoning,2,0
3718,Historians,"Gather historical data from sources such as archives, court records, diaries, news files, and photographs, as well as from books, pamphlets, and periodicals.",Memorization,2,0
3718,Historians,"Gather historical data from sources such as archives, court records, diaries, news files, and photographs, as well as from books, pamphlets, and periodicals.",Near Vision,2,0
3718,Historians,"Gather historical data from sources such as archives, court records, diaries, news files, and photographs, as well as from books, pamphlets, and periodicals.",Selective Attention,2,0
3718,Historians,"Gather historical data from sources such as archives, court records, diaries, news files, and photographs, as well as from books, pamphlets, and periodicals.",Perceptual Speed,2,0
3717,Historians,"Organize data, and analyze and interpret its authenticity and relative significance.",Inductive Reasoning,3,0
3717,Historians,"Organize data, and analyze and interpret its authenticity and relative significance.",Deductive Reasoning,3,0
3717,Historians,"Organize data, and analyze and interpret its authenticity and relative significance.",Information Ordering,3,0
3717,Historians,"Organize data, and analyze and interpret its authenticity and relative significance.",Problem Sensitivity,2,0
3717,Historians,"Organize data, and analyze and interpret its authenticity and relative significance.",Category Flexibility,2,0
3717,Historians,"Organize data, and analyze and interpret its authenticity and relative significance.",Written Comprehension,2,0
3717,Historians,"Organize data, and analyze and interpret its authenticity and relative significance.",Memorization,1,0
3724,Historians,"Prepare publications and exhibits, or review those prepared by others, to ensure their historical accuracy.",Written Comprehension,3,0
3724,Historians,"Prepare publications and exhibits, or review those prepared by others, to ensure their historical accuracy.",Written Expression,3,0
3724,Historians,"Prepare publications and exhibits, or review those prepared by others, to ensure their historical accuracy.",Deductive Reasoning,3,0
3724,Historians,"Prepare publications and exhibits, or review those prepared by others, to ensure their historical accuracy.",Inductive Reasoning,2,0
3724,Historians,"Prepare publications and exhibits, or review those prepared by others, to ensure their historical accuracy.",Near Vision,2,0
3724,Historians,"Prepare publications and exhibits, or review those prepared by others, to ensure their historical accuracy.",Selective Attention,2,0
3724,Historians,"Prepare publications and exhibits, or review those prepared by others, to ensure their historical accuracy.",Information Ordering,2,0
3728,Historians,"Organize information for publication and for other means of dissemination, such as via storage media or the Internet.",Information Ordering,3,0
3728,Historians,"Organize information for publication and for other means of dissemination, such as via storage media or the Internet.",Written Expression,3,0
3728,Historians,"Organize information for publication and for other means of dissemination, such as via storage media or the Internet.",Written Comprehension,2,0
3728,Historians,"Organize information for publication and for other means of dissemination, such as via storage media or the Internet.",Deductive Reasoning,2,0
3728,Historians,"Organize information for publication and for other means of dissemination, such as via storage media or the Internet.",Finger Dexterity,2,0
3728,Historians,"Organize information for publication and for other means of dissemination, such as via storage media or the Internet.",Near Vision,2,0
3720,Historians,"Conduct historical research as a basis for the identification, conservation, and reconstruction of historic places and materials.",Written Comprehension,3,0
3720,Historians,"Conduct historical research as a basis for the identification, conservation, and reconstruction of historic places and materials.",Inductive Reasoning,3,0
3720,Historians,"Conduct historical research as a basis for the identification, conservation, and reconstruction of historic places and materials.",Deductive Reasoning,2,0
3720,Historians,"Conduct historical research as a basis for the identification, conservation, and reconstruction of historic places and materials.",Information Ordering,2,0
3720,Historians,"Conduct historical research as a basis for the identification, conservation, and reconstruction of historic places and materials.",Near Vision,2,0
3720,Historians,"Conduct historical research as a basis for the identification, conservation, and reconstruction of historic places and materials.",Problem Sensitivity,2,0
3720,Historians,"Conduct historical research as a basis for the identification, conservation, and reconstruction of historic places and materials.",Visualization,1,0
20744,Historians,"Conserve and preserve manuscripts, records, and other artifacts.",Near Vision,3,0
20744,Historians,"Conserve and preserve manuscripts, records, and other artifacts.",Finger Dexterity,3,0
20744,Historians,"Conserve and preserve manuscripts, records, and other artifacts.",Manual Dexterity,3,0
20744,Historians,"Conserve and preserve manuscripts, records, and other artifacts.",Arm-Hand Steadiness,2,0
20744,Historians,"Conserve and preserve manuscripts, records, and other artifacts.",Visual Color Discrimination,2,0
20744,Historians,"Conserve and preserve manuscripts, records, and other artifacts.",Control Precision,2,0
20744,Historians,"Conserve and preserve manuscripts, records, and other artifacts.",Perceptual Speed,2,0
3726,Historians,"Present historical accounts in terms of individuals or social, ethnic, political, economic, or geographic groupings.",Oral Expression,3,0
3726,Historians,"Present historical accounts in terms of individuals or social, ethnic, political, economic, or geographic groupings.",Written Expression,3,0
3726,Historians,"Present historical accounts in terms of individuals or social, ethnic, political, economic, or geographic groupings.",Inductive Reasoning,2,0
3726,Historians,"Present historical accounts in terms of individuals or social, ethnic, political, economic, or geographic groupings.",Category Flexibility,2,0
3726,Historians,"Present historical accounts in terms of individuals or social, ethnic, political, economic, or geographic groupings.",Oral Comprehension,2,0
3726,Historians,"Present historical accounts in terms of individuals or social, ethnic, political, economic, or geographic groupings.",Speech Clarity,2,0
3726,Historians,"Present historical accounts in terms of individuals or social, ethnic, political, economic, or geographic groupings.",Information Ordering,2,0
3725,Historians,"Research the history of a particular country or region, or of a specific time period.",Written Comprehension,3,0
3725,Historians,"Research the history of a particular country or region, or of a specific time period.",Inductive Reasoning,3,0
3725,Historians,"Research the history of a particular country or region, or of a specific time period.",Information Ordering,3,0
3725,Historians,"Research the history of a particular country or region, or of a specific time period.",Deductive Reasoning,2,0
3725,Historians,"Research the history of a particular country or region, or of a specific time period.",Near Vision,2,0
3725,Historians,"Research the history of a particular country or region, or of a specific time period.",Memorization,2,0
3725,Historians,"Research the history of a particular country or region, or of a specific time period.",Category Flexibility,1,0
3722,Historians,"Conduct historical research, and publish or present findings and theories.",Written Comprehension,3,0
3722,Historians,"Conduct historical research, and publish or present findings and theories.",Written Expression,3,0
3722,Historians,"Conduct historical research, and publish or present findings and theories.",Inductive Reasoning,3,0
3722,Historians,"Conduct historical research, and publish or present findings and theories.",Oral Expression,2,0
3722,Historians,"Conduct historical research, and publish or present findings and theories.",Deductive Reasoning,2,0
3722,Historians,"Conduct historical research, and publish or present findings and theories.",Information Ordering,2,0
3722,Historians,"Conduct historical research, and publish or present findings and theories.",Speech Clarity,1,0
3727,Historians,"Determine which topics to research, or pursue research topics specified by clients or employers.",Oral Comprehension,3,0
3727,Historians,"Determine which topics to research, or pursue research topics specified by clients or employers.",Deductive Reasoning,2,0
3727,Historians,"Determine which topics to research, or pursue research topics specified by clients or employers.",Inductive Reasoning,2,0
3727,Historians,"Determine which topics to research, or pursue research topics specified by clients or employers.",Problem Sensitivity,2,0
3727,Historians,"Determine which topics to research, or pursue research topics specified by clients or employers.",Written Comprehension,2,0
3727,Historians,"Determine which topics to research, or pursue research topics specified by clients or employers.",Fluency of Ideas,2,0
3734,Historians,"Recommend actions related to historical art, such as which items to add to a collection or which items to display in an exhibit.",Deductive Reasoning,3,0
3734,Historians,"Recommend actions related to historical art, such as which items to add to a collection or which items to display in an exhibit.",Inductive Reasoning,2,0
3734,Historians,"Recommend actions related to historical art, such as which items to add to a collection or which items to display in an exhibit.",Written Comprehension,2,0
3734,Historians,"Recommend actions related to historical art, such as which items to add to a collection or which items to display in an exhibit.",Oral Expression,2,0
3734,Historians,"Recommend actions related to historical art, such as which items to add to a collection or which items to display in an exhibit.",Near Vision,2,0
3734,Historians,"Recommend actions related to historical art, such as which items to add to a collection or which items to display in an exhibit.",Category Flexibility,2,0
3734,Historians,"Recommend actions related to historical art, such as which items to add to a collection or which items to display in an exhibit.",Written Expression,1,0
3729,Historians,"Research and prepare manuscripts in support of public programming and the development of exhibits at historic sites, museums, libraries, and archives.",Written Comprehension,3,0
3729,Historians,"Research and prepare manuscripts in support of public programming and the development of exhibits at historic sites, museums, libraries, and archives.",Written Expression,3,0
3729,Historians,"Research and prepare manuscripts in support of public programming and the development of exhibits at historic sites, museums, libraries, and archives.",Inductive Reasoning,3,0
3729,Historians,"Research and prepare manuscripts in support of public programming and the development of exhibits at historic sites, museums, libraries, and archives.",Information Ordering,2,0
3729,Historians,"Research and prepare manuscripts in support of public programming and the development of exhibits at historic sites, museums, libraries, and archives.",Deductive Reasoning,2,0
3729,Historians,"Research and prepare manuscripts in support of public programming and the development of exhibits at historic sites, museums, libraries, and archives.",Originality,2,0
3729,Historians,"Research and prepare manuscripts in support of public programming and the development of exhibits at historic sites, museums, libraries, and archives.",Near Vision,1,0
3723,Historians,"Speak to various groups, organizations, and clubs to promote the aims and activities of historical societies.",Oral Expression,3,0
3723,Historians,"Speak to various groups, organizations, and clubs to promote the aims and activities of historical societies.",Oral Comprehension,3,0
3723,Historians,"Speak to various groups, organizations, and clubs to promote the aims and activities of historical societies.",Speech Clarity,3,0
3723,Historians,"Speak to various groups, organizations, and clubs to promote the aims and activities of historical societies.",Written Comprehension,2,0
3723,Historians,"Speak to various groups, organizations, and clubs to promote the aims and activities of historical societies.",Inductive Reasoning,2,0
3723,Historians,"Speak to various groups, organizations, and clubs to promote the aims and activities of historical societies.",Speech Recognition,2,0
3723,Historians,"Speak to various groups, organizations, and clubs to promote the aims and activities of historical societies.",Fluency of Ideas,1,0
3730,Historians,Advise or consult with individuals and institutions regarding issues such as the historical authenticity of materials or the customs of a specific historical period.,Oral Expression,3,0
3730,Historians,Advise or consult with individuals and institutions regarding issues such as the historical authenticity of materials or the customs of a specific historical period.,Oral Comprehension,3,0
3730,Historians,Advise or consult with individuals and institutions regarding issues such as the historical authenticity of materials or the customs of a specific historical period.,Deductive Reasoning,3,0
3730,Historians,Advise or consult with individuals and institutions regarding issues such as the historical authenticity of materials or the customs of a specific historical period.,Written Comprehension,2,0
3730,Historians,Advise or consult with individuals and institutions regarding issues such as the historical authenticity of materials or the customs of a specific historical period.,Inductive Reasoning,2,0
3730,Historians,Advise or consult with individuals and institutions regarding issues such as the historical authenticity of materials or the customs of a specific historical period.,Speech Clarity,2,0
3730,Historians,Advise or consult with individuals and institutions regarding issues such as the historical authenticity of materials or the customs of a specific historical period.,Problem Sensitivity,1,0
3733,Historians,Interview people to gather information about historical events and to record oral histories.,Oral Comprehension,3,0
3733,Historians,Interview people to gather information about historical events and to record oral histories.,Oral Expression,3,0
3733,Historians,Interview people to gather information about historical events and to record oral histories.,Speech Recognition,3,0
3733,Historians,Interview people to gather information about historical events and to record oral histories.,Hearing Sensitivity,2,0
3733,Historians,Interview people to gather information about historical events and to record oral histories.,Auditory Attention,2,0
3733,Historians,Interview people to gather information about historical events and to record oral histories.,Written Expression,2,0
3733,Historians,Interview people to gather information about historical events and to record oral histories.,Memorization,2,0
3733,Historians,Interview people to gather information about historical events and to record oral histories.,Speech Clarity,2,0
3719,Historians,"Trace historical development in a particular field, such as social, cultural, political, or diplomatic history.",Inductive Reasoning,3,0
3719,Historians,"Trace historical development in a particular field, such as social, cultural, political, or diplomatic history.",Written Comprehension,3,0
3719,Historians,"Trace historical development in a particular field, such as social, cultural, political, or diplomatic history.",Information Ordering,3,0
3719,Historians,"Trace historical development in a particular field, such as social, cultural, political, or diplomatic history.",Deductive Reasoning,2,0
3719,Historians,"Trace historical development in a particular field, such as social, cultural, political, or diplomatic history.",Category Flexibility,2,0
3719,Historians,"Trace historical development in a particular field, such as social, cultural, political, or diplomatic history.",Memorization,2,0
3735,Historians,Coordinate activities of workers engaged in cataloging and filing materials.,Oral Expression,3,0
3735,Historians,Coordinate activities of workers engaged in cataloging and filing materials.,Oral Comprehension,2,0
3735,Historians,Coordinate activities of workers engaged in cataloging and filing materials.,Information Ordering,2,0
3735,Historians,Coordinate activities of workers engaged in cataloging and filing materials.,Deductive Reasoning,2,0
3735,Historians,Coordinate activities of workers engaged in cataloging and filing materials.,Written Expression,2,0
3735,Historians,Coordinate activities of workers engaged in cataloging and filing materials.,Speech Clarity,2,0
3732,Historians,Collect detailed information on individuals for use in biographies.,Written Comprehension,3,0
3732,Historians,Collect detailed information on individuals for use in biographies.,Information Ordering,3,0
3732,Historians,Collect detailed information on individuals for use in biographies.,Inductive Reasoning,2,0
3732,Historians,Collect detailed information on individuals for use in biographies.,Memorization,2,0
3732,Historians,Collect detailed information on individuals for use in biographies.,Near Vision,2,0
3732,Historians,Collect detailed information on individuals for use in biographies.,Selective Attention,2,0
3732,Historians,Collect detailed information on individuals for use in biographies.,Oral Comprehension,1,0
3721,Historians,"Teach and conduct research in colleges, universities, museums, and other research agencies and schools.",Oral Expression,3,0
3721,Historians,"Teach and conduct research in colleges, universities, museums, and other research agencies and schools.",Written Expression,3,0
3721,Historians,"Teach and conduct research in colleges, universities, museums, and other research agencies and schools.",Oral Comprehension,2,0
3721,Historians,"Teach and conduct research in colleges, universities, museums, and other research agencies and schools.",Inductive Reasoning,2,0
3721,Historians,"Teach and conduct research in colleges, universities, museums, and other research agencies and schools.",Written Comprehension,2,0
3721,Historians,"Teach and conduct research in colleges, universities, museums, and other research agencies and schools.",Speech Clarity,2,0
3721,Historians,"Teach and conduct research in colleges, universities, museums, and other research agencies and schools.",Deductive Reasoning,2,0
3736,Historians,Edit historical society publications.,Written Comprehension,3,0
3736,Historians,Edit historical society publications.,Written Expression,3,0
3736,Historians,Edit historical society publications.,Deductive Reasoning,2,0
3736,Historians,Edit historical society publications.,Inductive Reasoning,2,0
3736,Historians,Edit historical society publications.,Near Vision,2,0
3736,Historians,Edit historical society publications.,Selective Attention,2,0
3736,Historians,Edit historical society publications.,Information Ordering,2,0
3736,Historians,Edit historical society publications.,Perceptual Speed,1,0
3731,Historians,Translate or request translation of reference materials.,Written Comprehension,3,0
3731,Historians,Translate or request translation of reference materials.,Written Expression,3,0
3731,Historians,Translate or request translation of reference materials.,Oral Comprehension,2,0
3731,Historians,Translate or request translation of reference materials.,Deductive Reasoning,2,0
3731,Historians,Translate or request translation of reference materials.,Memorization,2,0
3731,Historians,Translate or request translation of reference materials.,Near Vision,2,0
3731,Historians,Translate or request translation of reference materials.,Flexibility of Closure,1,0
5515,Political Scientists,Teach political science.,Oral Expression,3,0
5515,Political Scientists,Teach political science.,Oral Comprehension,3,0
5515,Political Scientists,Teach political science.,Written Comprehension,2,0
5515,Political Scientists,Teach political science.,Written Expression,2,0
5515,Political Scientists,Teach political science.,Speech Clarity,2,0
5515,Political Scientists,Teach political science.,Inductive Reasoning,2,0
5515,Political Scientists,Teach political science.,Speech Recognition,1,0
5519,Political Scientists,Maintain current knowledge of government policy decisions.,Written Comprehension,3,0
5519,Political Scientists,Maintain current knowledge of government policy decisions.,Memorization,3,0
5519,Political Scientists,Maintain current knowledge of government policy decisions.,Inductive Reasoning,2,0
5519,Political Scientists,Maintain current knowledge of government policy decisions.,Information Ordering,2,0
5519,Political Scientists,Maintain current knowledge of government policy decisions.,Selective Attention,2,0
5519,Political Scientists,Maintain current knowledge of government policy decisions.,Near Vision,2,0
5518,Political Scientists,"Develop and test theories, using information from interviews, newspapers, periodicals, case law, historical papers, polls, or statistical sources.",Inductive Reasoning,3,0
5518,Political Scientists,"Develop and test theories, using information from interviews, newspapers, periodicals, case law, historical papers, polls, or statistical sources.",Deductive Reasoning,3,0
5518,Political Scientists,"Develop and test theories, using information from interviews, newspapers, periodicals, case law, historical papers, polls, or statistical sources.",Written Comprehension,3,0
5518,Political Scientists,"Develop and test theories, using information from interviews, newspapers, periodicals, case law, historical papers, polls, or statistical sources.",Mathematical Reasoning,2,0
5518,Political Scientists,"Develop and test theories, using information from interviews, newspapers, periodicals, case law, historical papers, polls, or statistical sources.",Number Facility,2,0
5518,Political Scientists,"Develop and test theories, using information from interviews, newspapers, periodicals, case law, historical papers, polls, or statistical sources.",Problem Sensitivity,2,0
5518,Political Scientists,"Develop and test theories, using information from interviews, newspapers, periodicals, case law, historical papers, polls, or statistical sources.",Oral Comprehension,2,0
5518,Political Scientists,"Develop and test theories, using information from interviews, newspapers, periodicals, case law, historical papers, polls, or statistical sources.",Category Flexibility,1,0
5516,Political Scientists,"Disseminate research results through academic publications, written reports, or public presentations.",Written Expression,3,0
5516,Political Scientists,"Disseminate research results through academic publications, written reports, or public presentations.",Oral Expression,3,0
5516,Political Scientists,"Disseminate research results through academic publications, written reports, or public presentations.",Written Comprehension,2,0
5516,Political Scientists,"Disseminate research results through academic publications, written reports, or public presentations.",Information Ordering,2,0
5516,Political Scientists,"Disseminate research results through academic publications, written reports, or public presentations.",Speech Clarity,2,0
5516,Political Scientists,"Disseminate research results through academic publications, written reports, or public presentations.",Deductive Reasoning,2,0
23949,Political Scientists,Advise political science students.,Oral Expression,3,0
23949,Political Scientists,Advise political science students.,Oral Comprehension,3,0
23949,Political Scientists,Advise political science students.,Deductive Reasoning,2,0
23949,Political Scientists,Advise political science students.,Speech Clarity,2,0
23949,Political Scientists,Advise political science students.,Written Comprehension,2,0
23949,Political Scientists,Advise political science students.,Problem Sensitivity,2,0
23949,Political Scientists,Advise political science students.,Speech Recognition,1,0
5520,Political Scientists,"Collect, analyze, and interpret data, such as election results and public opinion surveys, reporting on findings, recommendations, and conclusions.",Inductive Reasoning,3,0
5520,Political Scientists,"Collect, analyze, and interpret data, such as election results and public opinion surveys, reporting on findings, recommendations, and conclusions.",Deductive Reasoning,3,0
5520,Political Scientists,"Collect, analyze, and interpret data, such as election results and public opinion surveys, reporting on findings, recommendations, and conclusions.",Mathematical Reasoning,3,0
5520,Political Scientists,"Collect, analyze, and interpret data, such as election results and public opinion surveys, reporting on findings, recommendations, and conclusions.",Number Facility,3,0
5520,Political Scientists,"Collect, analyze, and interpret data, such as election results and public opinion surveys, reporting on findings, recommendations, and conclusions.",Written Expression,2,0
5520,Political Scientists,"Collect, analyze, and interpret data, such as election results and public opinion surveys, reporting on findings, recommendations, and conclusions.",Information Ordering,2,0
5520,Political Scientists,"Collect, analyze, and interpret data, such as election results and public opinion surveys, reporting on findings, recommendations, and conclusions.",Problem Sensitivity,2,0
5521,Political Scientists,"Interpret and analyze policies, public issues, legislation, or the operations of governments, businesses, and organizations.",Written Comprehension,3,0
5521,Political Scientists,"Interpret and analyze policies, public issues, legislation, or the operations of governments, businesses, and organizations.",Inductive Reasoning,3,0
5521,Political Scientists,"Interpret and analyze policies, public issues, legislation, or the operations of governments, businesses, and organizations.",Deductive Reasoning,3,0
5521,Political Scientists,"Interpret and analyze policies, public issues, legislation, or the operations of governments, businesses, and organizations.",Category Flexibility,2,0
5521,Political Scientists,"Interpret and analyze policies, public issues, legislation, or the operations of governments, businesses, and organizations.",Problem Sensitivity,2,0
5521,Political Scientists,"Interpret and analyze policies, public issues, legislation, or the operations of governments, businesses, and organizations.",Written Expression,2,0
5521,Political Scientists,"Interpret and analyze policies, public issues, legislation, or the operations of governments, businesses, and organizations.",Information Ordering,2,0
5517,Political Scientists,Identify issues for research and analysis.,Inductive Reasoning,3,0
5517,Political Scientists,Identify issues for research and analysis.,Problem Sensitivity,3,0
5517,Political Scientists,Identify issues for research and analysis.,Deductive Reasoning,2,0
5517,Political Scientists,Identify issues for research and analysis.,Written Comprehension,2,0
5517,Political Scientists,Identify issues for research and analysis.,Fluency of Ideas,2,0
5517,Political Scientists,Identify issues for research and analysis.,Category Flexibility,2,0
23950,Political Scientists,Serve on committees.,Oral Comprehension,3,0
23950,Political Scientists,Serve on committees.,Oral Expression,3,0
23950,Political Scientists,Serve on committees.,Speech Recognition,2,0
23950,Political Scientists,Serve on committees.,Speech Clarity,2,0
23950,Political Scientists,Serve on committees.,Deductive Reasoning,2,0
23950,Political Scientists,Serve on committees.,Written Comprehension,1,0
5524,Political Scientists,"Forecast political, economic, and social trends.",Inductive Reasoning,3,0
5524,Political Scientists,"Forecast political, economic, and social trends.",Deductive Reasoning,3,0
5524,Political Scientists,"Forecast political, economic, and social trends.",Mathematical Reasoning,2,0
5524,Political Scientists,"Forecast political, economic, and social trends.",Problem Sensitivity,2,0
5524,Political Scientists,"Forecast political, economic, and social trends.",Category Flexibility,2,0
5524,Political Scientists,"Forecast political, economic, and social trends.",Written Expression,2,0
5524,Political Scientists,"Forecast political, economic, and social trends.",Number Facility,2,0
5525,Political Scientists,"Consult with and advise government officials, civic bodies, research agencies, the media, political parties, and others concerned with political issues.",Oral Expression,3,0
5525,Political Scientists,"Consult with and advise government officials, civic bodies, research agencies, the media, political parties, and others concerned with political issues.",Oral Comprehension,3,0
5525,Political Scientists,"Consult with and advise government officials, civic bodies, research agencies, the media, political parties, and others concerned with political issues.",Deductive Reasoning,3,0
5525,Political Scientists,"Consult with and advise government officials, civic bodies, research agencies, the media, political parties, and others concerned with political issues.",Speech Clarity,3,0
5525,Political Scientists,"Consult with and advise government officials, civic bodies, research agencies, the media, political parties, and others concerned with political issues.",Written Expression,2,0
5525,Political Scientists,"Consult with and advise government officials, civic bodies, research agencies, the media, political parties, and others concerned with political issues.",Problem Sensitivity,2,0
5525,Political Scientists,"Consult with and advise government officials, civic bodies, research agencies, the media, political parties, and others concerned with political issues.",Speech Recognition,2,0
5522,Political Scientists,"Evaluate programs and policies, and make related recommendations to institutions and organizations.",Deductive Reasoning,3,0
5522,Political Scientists,"Evaluate programs and policies, and make related recommendations to institutions and organizations.",Inductive Reasoning,3,0
5522,Political Scientists,"Evaluate programs and policies, and make related recommendations to institutions and organizations.",Written Expression,3,0
5522,Political Scientists,"Evaluate programs and policies, and make related recommendations to institutions and organizations.",Problem Sensitivity,2,0
5522,Political Scientists,"Evaluate programs and policies, and make related recommendations to institutions and organizations.",Written Comprehension,2,0
5522,Political Scientists,"Evaluate programs and policies, and make related recommendations to institutions and organizations.",Oral Expression,2,0
5522,Political Scientists,"Evaluate programs and policies, and make related recommendations to institutions and organizations.",Category Flexibility,2,0
5526,Political Scientists,Provide media commentary or criticism related to public policy and political issues and events.,Oral Expression,3,0
5526,Political Scientists,Provide media commentary or criticism related to public policy and political issues and events.,Speech Clarity,3,0
5526,Political Scientists,Provide media commentary or criticism related to public policy and political issues and events.,Oral Comprehension,2,0
5526,Political Scientists,Provide media commentary or criticism related to public policy and political issues and events.,Deductive Reasoning,2,0
5526,Political Scientists,Provide media commentary or criticism related to public policy and political issues and events.,Inductive Reasoning,2,0
5526,Political Scientists,Provide media commentary or criticism related to public policy and political issues and events.,Written Comprehension,2,0
5526,Political Scientists,Provide media commentary or criticism related to public policy and political issues and events.,Fluency of Ideas,2,0
5523,Political Scientists,"Write drafts of legislative proposals, and prepare speeches, correspondence, and policy papers for governmental use.",Written Expression,3,0
5523,Political Scientists,"Write drafts of legislative proposals, and prepare speeches, correspondence, and policy papers for governmental use.",Written Comprehension,3,0
5523,Political Scientists,"Write drafts of legislative proposals, and prepare speeches, correspondence, and policy papers for governmental use.",Deductive Reasoning,3,0
5523,Political Scientists,"Write drafts of legislative proposals, and prepare speeches, correspondence, and policy papers for governmental use.",Oral Expression,2,0
5523,Political Scientists,"Write drafts of legislative proposals, and prepare speeches, correspondence, and policy papers for governmental use.",Information Ordering,2,0
5523,Political Scientists,"Write drafts of legislative proposals, and prepare speeches, correspondence, and policy papers for governmental use.",Originality,2,0
5523,Political Scientists,"Write drafts of legislative proposals, and prepare speeches, correspondence, and policy papers for governmental use.",Fluency of Ideas,2,0
16953,Transportation Planners,Define regional or local transportation planning problems or priorities.,Problem Sensitivity,3,0
16953,Transportation Planners,Define regional or local transportation planning problems or priorities.,Inductive Reasoning,3,0
16953,Transportation Planners,Define regional or local transportation planning problems or priorities.,Deductive Reasoning,2,0
16953,Transportation Planners,Define regional or local transportation planning problems or priorities.,Written Comprehension,2,0
16953,Transportation Planners,Define regional or local transportation planning problems or priorities.,Oral Expression,2,0
16953,Transportation Planners,Define regional or local transportation planning problems or priorities.,Category Flexibility,2,0
16953,Transportation Planners,Define regional or local transportation planning problems or priorities.,Spatial Orientation,1,0
16945,Transportation Planners,"Participate in public meetings or hearings to explain planning proposals, to gather feedback from those affected by projects, or to achieve consensus on project designs.",Oral Expression,3,0
16945,Transportation Planners,"Participate in public meetings or hearings to explain planning proposals, to gather feedback from those affected by projects, or to achieve consensus on project designs.",Oral Comprehension,3,0
16945,Transportation Planners,"Participate in public meetings or hearings to explain planning proposals, to gather feedback from those affected by projects, or to achieve consensus on project designs.",Speech Clarity,3,0
16945,Transportation Planners,"Participate in public meetings or hearings to explain planning proposals, to gather feedback from those affected by projects, or to achieve consensus on project designs.",Speech Recognition,2,0
16945,Transportation Planners,"Participate in public meetings or hearings to explain planning proposals, to gather feedback from those affected by projects, or to achieve consensus on project designs.",Written Comprehension,2,0
16945,Transportation Planners,"Participate in public meetings or hearings to explain planning proposals, to gather feedback from those affected by projects, or to achieve consensus on project designs.",Deductive Reasoning,2,0
16945,Transportation Planners,"Participate in public meetings or hearings to explain planning proposals, to gather feedback from those affected by projects, or to achieve consensus on project designs.",Problem Sensitivity,2,0
16943,Transportation Planners,Prepare reports or recommendations on transportation planning.,Written Expression,3,0
16943,Transportation Planners,Prepare reports or recommendations on transportation planning.,Written Comprehension,3,0
16943,Transportation Planners,Prepare reports or recommendations on transportation planning.,Deductive Reasoning,2,0
16943,Transportation Planners,Prepare reports or recommendations on transportation planning.,Inductive Reasoning,2,0
16943,Transportation Planners,Prepare reports or recommendations on transportation planning.,Information Ordering,2,0
16943,Transportation Planners,Prepare reports or recommendations on transportation planning.,Mathematical Reasoning,2,0
16943,Transportation Planners,Prepare reports or recommendations on transportation planning.,Near Vision,1,0
16951,Transportation Planners,"Collaborate with engineers to research, analyze, or resolve complex transportation design issues.",Oral Comprehension,3,0
16951,Transportation Planners,"Collaborate with engineers to research, analyze, or resolve complex transportation design issues.",Oral Expression,3,0
16951,Transportation Planners,"Collaborate with engineers to research, analyze, or resolve complex transportation design issues.",Deductive Reasoning,3,0
16951,Transportation Planners,"Collaborate with engineers to research, analyze, or resolve complex transportation design issues.",Problem Sensitivity,3,0
16951,Transportation Planners,"Collaborate with engineers to research, analyze, or resolve complex transportation design issues.",Written Comprehension,2,0
16951,Transportation Planners,"Collaborate with engineers to research, analyze, or resolve complex transportation design issues.",Inductive Reasoning,2,0
16951,Transportation Planners,"Collaborate with engineers to research, analyze, or resolve complex transportation design issues.",Visualization,2,0
16952,Transportation Planners,"Recommend transportation system improvements or projects, based on economic, population, land-use, or traffic projections.",Inductive Reasoning,3,0
16952,Transportation Planners,"Recommend transportation system improvements or projects, based on economic, population, land-use, or traffic projections.",Deductive Reasoning,3,0
16952,Transportation Planners,"Recommend transportation system improvements or projects, based on economic, population, land-use, or traffic projections.",Mathematical Reasoning,2,0
16952,Transportation Planners,"Recommend transportation system improvements or projects, based on economic, population, land-use, or traffic projections.",Number Facility,2,0
16952,Transportation Planners,"Recommend transportation system improvements or projects, based on economic, population, land-use, or traffic projections.",Written Expression,2,0
16952,Transportation Planners,"Recommend transportation system improvements or projects, based on economic, population, land-use, or traffic projections.",Problem Sensitivity,2,0
16952,Transportation Planners,"Recommend transportation system improvements or projects, based on economic, population, land-use, or traffic projections.",Spatial Orientation,2,0
16948,Transportation Planners,Develop computer models to address transportation planning issues.,Mathematical Reasoning,3,0
16948,Transportation Planners,Develop computer models to address transportation planning issues.,Deductive Reasoning,3,0
16948,Transportation Planners,Develop computer models to address transportation planning issues.,Inductive Reasoning,2,0
16948,Transportation Planners,Develop computer models to address transportation planning issues.,Number Facility,2,0
16948,Transportation Planners,Develop computer models to address transportation planning issues.,Problem Sensitivity,2,0
16948,Transportation Planners,Develop computer models to address transportation planning issues.,Written Comprehension,2,0
16948,Transportation Planners,Develop computer models to address transportation planning issues.,Visualization,2,0
16954,Transportation Planners,"Analyze information related to transportation, such as land use policies, environmental impact of projects, or long-range planning needs.",Written Comprehension,3,0
16954,Transportation Planners,"Analyze information related to transportation, such as land use policies, environmental impact of projects, or long-range planning needs.",Inductive Reasoning,3,0
16954,Transportation Planners,"Analyze information related to transportation, such as land use policies, environmental impact of projects, or long-range planning needs.",Deductive Reasoning,3,0
16954,Transportation Planners,"Analyze information related to transportation, such as land use policies, environmental impact of projects, or long-range planning needs.",Mathematical Reasoning,2,0
16954,Transportation Planners,"Analyze information related to transportation, such as land use policies, environmental impact of projects, or long-range planning needs.",Problem Sensitivity,2,0
16954,Transportation Planners,"Analyze information related to transportation, such as land use policies, environmental impact of projects, or long-range planning needs.",Information Ordering,2,0
16954,Transportation Planners,"Analyze information related to transportation, such as land use policies, environmental impact of projects, or long-range planning needs.",Category Flexibility,2,0
20976,Transportation Planners,"Interpret data from traffic modeling software, geographic information systems, or associated databases.",Deductive Reasoning,3,0
20976,Transportation Planners,"Interpret data from traffic modeling software, geographic information systems, or associated databases.",Inductive Reasoning,3,0
20976,Transportation Planners,"Interpret data from traffic modeling software, geographic information systems, or associated databases.",Mathematical Reasoning,2,0
20976,Transportation Planners,"Interpret data from traffic modeling software, geographic information systems, or associated databases.",Number Facility,2,0
20976,Transportation Planners,"Interpret data from traffic modeling software, geographic information systems, or associated databases.",Spatial Orientation,2,0
20976,Transportation Planners,"Interpret data from traffic modeling software, geographic information systems, or associated databases.",Visualization,2,0
20976,Transportation Planners,"Interpret data from traffic modeling software, geographic information systems, or associated databases.",Written Comprehension,2,0
16949,Transportation Planners,Design transportation surveys to identify areas of public concern.,Inductive Reasoning,3,0
16949,Transportation Planners,Design transportation surveys to identify areas of public concern.,Deductive Reasoning,2,0
16949,Transportation Planners,Design transportation surveys to identify areas of public concern.,Written Expression,2,0
16949,Transportation Planners,Design transportation surveys to identify areas of public concern.,Problem Sensitivity,2,0
16949,Transportation Planners,Design transportation surveys to identify areas of public concern.,Originality,2,0
16949,Transportation Planners,Design transportation surveys to identify areas of public concern.,Mathematical Reasoning,2,0
16949,Transportation Planners,Design transportation surveys to identify areas of public concern.,Written Comprehension,2,0
19779,Transportation Planners,"Collaborate with other professionals to develop sustainable transportation strategies at the local, regional, or national level.",Oral Expression,3,0
19779,Transportation Planners,"Collaborate with other professionals to develop sustainable transportation strategies at the local, regional, or national level.",Oral Comprehension,3,0
19779,Transportation Planners,"Collaborate with other professionals to develop sustainable transportation strategies at the local, regional, or national level.",Deductive Reasoning,2,0
19779,Transportation Planners,"Collaborate with other professionals to develop sustainable transportation strategies at the local, regional, or national level.",Inductive Reasoning,2,0
19779,Transportation Planners,"Collaborate with other professionals to develop sustainable transportation strategies at the local, regional, or national level.",Problem Sensitivity,2,0
19779,Transportation Planners,"Collaborate with other professionals to develop sustainable transportation strategies at the local, regional, or national level.",Written Comprehension,2,0
19779,Transportation Planners,"Collaborate with other professionals to develop sustainable transportation strategies at the local, regional, or national level.",Speech Clarity,2,0
20978,Transportation Planners,Evaluate transportation project needs or costs.,Mathematical Reasoning,3,0
20978,Transportation Planners,Evaluate transportation project needs or costs.,Number Facility,3,0
20978,Transportation Planners,Evaluate transportation project needs or costs.,Deductive Reasoning,2,0
20978,Transportation Planners,Evaluate transportation project needs or costs.,Inductive Reasoning,2,0
20978,Transportation Planners,Evaluate transportation project needs or costs.,Written Comprehension,2,0
20978,Transportation Planners,Evaluate transportation project needs or costs.,Problem Sensitivity,2,0
16941,Transportation Planners,Analyze information from traffic counting programs.,Mathematical Reasoning,3,0
16941,Transportation Planners,Analyze information from traffic counting programs.,Number Facility,3,0
16941,Transportation Planners,Analyze information from traffic counting programs.,Inductive Reasoning,2,0
16941,Transportation Planners,Analyze information from traffic counting programs.,Deductive Reasoning,2,0
16941,Transportation Planners,Analyze information from traffic counting programs.,Written Comprehension,2,0
16941,Transportation Planners,Analyze information from traffic counting programs.,Selective Attention,2,0
16941,Transportation Planners,Analyze information from traffic counting programs.,Information Ordering,1,0
16942,Transportation Planners,"Review development plans for transportation system effects, infrastructure requirements, or compliance with applicable transportation regulations.",Written Comprehension,3,0
16942,Transportation Planners,"Review development plans for transportation system effects, infrastructure requirements, or compliance with applicable transportation regulations.",Deductive Reasoning,3,0
16942,Transportation Planners,"Review development plans for transportation system effects, infrastructure requirements, or compliance with applicable transportation regulations.",Inductive Reasoning,2,0
16942,Transportation Planners,"Review development plans for transportation system effects, infrastructure requirements, or compliance with applicable transportation regulations.",Problem Sensitivity,2,0
16942,Transportation Planners,"Review development plans for transportation system effects, infrastructure requirements, or compliance with applicable transportation regulations.",Near Vision,2,0
16942,Transportation Planners,"Review development plans for transportation system effects, infrastructure requirements, or compliance with applicable transportation regulations.",Information Ordering,2,0
16942,Transportation Planners,"Review development plans for transportation system effects, infrastructure requirements, or compliance with applicable transportation regulations.",Selective Attention,2,0
20979,Transportation Planners,Prepare necessary documents to obtain planned project approvals or permits.,Written Expression,3,0
20979,Transportation Planners,Prepare necessary documents to obtain planned project approvals or permits.,Written Comprehension,3,0
20979,Transportation Planners,Prepare necessary documents to obtain planned project approvals or permits.,Information Ordering,2,0
20979,Transportation Planners,Prepare necessary documents to obtain planned project approvals or permits.,Deductive Reasoning,2,0
20979,Transportation Planners,Prepare necessary documents to obtain planned project approvals or permits.,Near Vision,2,0
20979,Transportation Planners,Prepare necessary documents to obtain planned project approvals or permits.,Selective Attention,2,0
16944,Transportation Planners,"Produce environmental documents, such as environmental assessments or environmental impact statements.",Written Expression,3,0
16944,Transportation Planners,"Produce environmental documents, such as environmental assessments or environmental impact statements.",Written Comprehension,3,0
16944,Transportation Planners,"Produce environmental documents, such as environmental assessments or environmental impact statements.",Inductive Reasoning,2,0
16944,Transportation Planners,"Produce environmental documents, such as environmental assessments or environmental impact statements.",Deductive Reasoning,2,0
16944,Transportation Planners,"Produce environmental documents, such as environmental assessments or environmental impact statements.",Information Ordering,2,0
16944,Transportation Planners,"Produce environmental documents, such as environmental assessments or environmental impact statements.",Near Vision,2,0
16944,Transportation Planners,"Produce environmental documents, such as environmental assessments or environmental impact statements.",Problem Sensitivity,2,0
16934,Transportation Planners,Prepare or review engineering studies or specifications.,Written Comprehension,3,0
16934,Transportation Planners,Prepare or review engineering studies or specifications.,Deductive Reasoning,3,0
16934,Transportation Planners,Prepare or review engineering studies or specifications.,Mathematical Reasoning,2,0
16934,Transportation Planners,Prepare or review engineering studies or specifications.,Written Expression,2,0
16934,Transportation Planners,Prepare or review engineering studies or specifications.,Inductive Reasoning,2,0
16934,Transportation Planners,Prepare or review engineering studies or specifications.,Near Vision,2,0
16934,Transportation Planners,Prepare or review engineering studies or specifications.,Problem Sensitivity,2,0
16938,Transportation Planners,Develop or test new methods or models of transportation analysis.,Inductive Reasoning,3,0
16938,Transportation Planners,Develop or test new methods or models of transportation analysis.,Deductive Reasoning,3,0
16938,Transportation Planners,Develop or test new methods or models of transportation analysis.,Mathematical Reasoning,3,0
16938,Transportation Planners,Develop or test new methods or models of transportation analysis.,Originality,2,0
16938,Transportation Planners,Develop or test new methods or models of transportation analysis.,Number Facility,2,0
16938,Transportation Planners,Develop or test new methods or models of transportation analysis.,Problem Sensitivity,2,0
16938,Transportation Planners,Develop or test new methods or models of transportation analysis.,Visualization,2,0
20980,Transportation Planners,Evaluate transportation-related consequences of federal or state legislative proposals.,Deductive Reasoning,3,0
20980,Transportation Planners,Evaluate transportation-related consequences of federal or state legislative proposals.,Written Comprehension,3,0
20980,Transportation Planners,Evaluate transportation-related consequences of federal or state legislative proposals.,Inductive Reasoning,3,0
20980,Transportation Planners,Evaluate transportation-related consequences of federal or state legislative proposals.,Problem Sensitivity,2,0
20980,Transportation Planners,Evaluate transportation-related consequences of federal or state legislative proposals.,Written Expression,2,0
20980,Transportation Planners,Evaluate transportation-related consequences of federal or state legislative proposals.,Category Flexibility,2,0
20980,Transportation Planners,Evaluate transportation-related consequences of federal or state legislative proposals.,Mathematical Reasoning,1,0
20977,Transportation Planners,"Design new or improved transport infrastructure, such as junction improvements, pedestrian projects, bus facilities, or car parking areas.",Visualization,3,0
20977,Transportation Planners,"Design new or improved transport infrastructure, such as junction improvements, pedestrian projects, bus facilities, or car parking areas.",Spatial Orientation,3,0
20977,Transportation Planners,"Design new or improved transport infrastructure, such as junction improvements, pedestrian projects, bus facilities, or car parking areas.",Deductive Reasoning,2,0
20977,Transportation Planners,"Design new or improved transport infrastructure, such as junction improvements, pedestrian projects, bus facilities, or car parking areas.",Inductive Reasoning,2,0
20977,Transportation Planners,"Design new or improved transport infrastructure, such as junction improvements, pedestrian projects, bus facilities, or car parking areas.",Mathematical Reasoning,2,0
20977,Transportation Planners,"Design new or improved transport infrastructure, such as junction improvements, pedestrian projects, bus facilities, or car parking areas.",Originality,2,0
20977,Transportation Planners,"Design new or improved transport infrastructure, such as junction improvements, pedestrian projects, bus facilities, or car parking areas.",Written Expression,2,0
16939,Transportation Planners,Define or update information such as urban boundaries or classification of roadways.,Deductive Reasoning,3,0
16939,Transportation Planners,Define or update information such as urban boundaries or classification of roadways.,Written Comprehension,2,0
16939,Transportation Planners,Define or update information such as urban boundaries or classification of roadways.,Written Expression,2,0
16939,Transportation Planners,Define or update information such as urban boundaries or classification of roadways.,Information Ordering,2,0
16939,Transportation Planners,Define or update information such as urban boundaries or classification of roadways.,Spatial Orientation,2,0
16939,Transportation Planners,Define or update information such as urban boundaries or classification of roadways.,Category Flexibility,2,0
16937,Transportation Planners,Direct urban traffic counting programs.,Oral Expression,3,0
16937,Transportation Planners,Direct urban traffic counting programs.,Oral Comprehension,2,0
16937,Transportation Planners,Direct urban traffic counting programs.,Information Ordering,2,0
16937,Transportation Planners,Direct urban traffic counting programs.,Deductive Reasoning,2,0
16937,Transportation Planners,Direct urban traffic counting programs.,Mathematical Reasoning,2,0
16937,Transportation Planners,Direct urban traffic counting programs.,Written Expression,2,0
16937,Transportation Planners,Direct urban traffic counting programs.,Spatial Orientation,1,0
16935,Transportation Planners,Represent jurisdictions in the legislative or administrative approval of land development projects.,Oral Expression,3,0
16935,Transportation Planners,Represent jurisdictions in the legislative or administrative approval of land development projects.,Oral Comprehension,3,0
16935,Transportation Planners,Represent jurisdictions in the legislative or administrative approval of land development projects.,Deductive Reasoning,3,0
16935,Transportation Planners,Represent jurisdictions in the legislative or administrative approval of land development projects.,Written Comprehension,2,0
16935,Transportation Planners,Represent jurisdictions in the legislative or administrative approval of land development projects.,Speech Clarity,2,0
16935,Transportation Planners,Represent jurisdictions in the legislative or administrative approval of land development projects.,Written Expression,2,0
16935,Transportation Planners,Represent jurisdictions in the legislative or administrative approval of land development projects.,Problem Sensitivity,2,0
20533,Agricultural Technicians,"Prepare land for cultivated crops, orchards, or vineyards by plowing, discing, leveling, or contouring.",Control Precision,3,0
20533,Agricultural Technicians,"Prepare land for cultivated crops, orchards, or vineyards by plowing, discing, leveling, or contouring.",Multilimb Coordination,3,0
20533,Agricultural Technicians,"Prepare land for cultivated crops, orchards, or vineyards by plowing, discing, leveling, or contouring.",Static Strength,2,0
20533,Agricultural Technicians,"Prepare land for cultivated crops, orchards, or vineyards by plowing, discing, leveling, or contouring.",Dynamic Strength,2,0
20533,Agricultural Technicians,"Prepare land for cultivated crops, orchards, or vineyards by plowing, discing, leveling, or contouring.",Stamina,2,0
20533,Agricultural Technicians,"Prepare land for cultivated crops, orchards, or vineyards by plowing, discing, leveling, or contouring.",Gross Body Coordination,2,0
20533,Agricultural Technicians,"Prepare land for cultivated crops, orchards, or vineyards by plowing, discing, leveling, or contouring.",Spatial Orientation,2,0
20533,Agricultural Technicians,"Prepare land for cultivated crops, orchards, or vineyards by plowing, discing, leveling, or contouring.",Far Vision,2,0
5541,Agricultural Technicians,"Operate farm machinery, including tractors, plows, mowers, combines, balers, sprayers, earthmoving equipment, or trucks.",Control Precision,3,0
5541,Agricultural Technicians,"Operate farm machinery, including tractors, plows, mowers, combines, balers, sprayers, earthmoving equipment, or trucks.",Multilimb Coordination,3,0
5541,Agricultural Technicians,"Operate farm machinery, including tractors, plows, mowers, combines, balers, sprayers, earthmoving equipment, or trucks.",Reaction Time,3,0
5541,Agricultural Technicians,"Operate farm machinery, including tractors, plows, mowers, combines, balers, sprayers, earthmoving equipment, or trucks.",Far Vision,2,0
5541,Agricultural Technicians,"Operate farm machinery, including tractors, plows, mowers, combines, balers, sprayers, earthmoving equipment, or trucks.",Depth Perception,2,0
5541,Agricultural Technicians,"Operate farm machinery, including tractors, plows, mowers, combines, balers, sprayers, earthmoving equipment, or trucks.",Selective Attention,2,0
5541,Agricultural Technicians,"Operate farm machinery, including tractors, plows, mowers, combines, balers, sprayers, earthmoving equipment, or trucks.",Stamina,2,0
5541,Agricultural Technicians,"Operate farm machinery, including tractors, plows, mowers, combines, balers, sprayers, earthmoving equipment, or trucks.",Gross Body Coordination,2,0
5541,Agricultural Technicians,"Operate farm machinery, including tractors, plows, mowers, combines, balers, sprayers, earthmoving equipment, or trucks.",Peripheral Vision,2,0
5528,Agricultural Technicians,"Record data pertaining to experimentation, research, or animal care.",Written Expression,3,0
5528,Agricultural Technicians,"Record data pertaining to experimentation, research, or animal care.",Selective Attention,2,0
5528,Agricultural Technicians,"Record data pertaining to experimentation, research, or animal care.",Information Ordering,2,0
5528,Agricultural Technicians,"Record data pertaining to experimentation, research, or animal care.",Near Vision,2,0
5528,Agricultural Technicians,"Record data pertaining to experimentation, research, or animal care.",Finger Dexterity,2,0
5528,Agricultural Technicians,"Record data pertaining to experimentation, research, or animal care.",Memorization,1,0
5544,Agricultural Technicians,"Maintain or repair agricultural facilities, equipment, or tools to ensure operational readiness, safety, and cleanliness.",Manual Dexterity,3,0
5544,Agricultural Technicians,"Maintain or repair agricultural facilities, equipment, or tools to ensure operational readiness, safety, and cleanliness.",Finger Dexterity,3,0
5544,Agricultural Technicians,"Maintain or repair agricultural facilities, equipment, or tools to ensure operational readiness, safety, and cleanliness.",Problem Sensitivity,2,0
5544,Agricultural Technicians,"Maintain or repair agricultural facilities, equipment, or tools to ensure operational readiness, safety, and cleanliness.",Near Vision,2,0
5544,Agricultural Technicians,"Maintain or repair agricultural facilities, equipment, or tools to ensure operational readiness, safety, and cleanliness.",Arm-Hand Steadiness,2,0
5544,Agricultural Technicians,"Maintain or repair agricultural facilities, equipment, or tools to ensure operational readiness, safety, and cleanliness.",Deductive Reasoning,2,0
5544,Agricultural Technicians,"Maintain or repair agricultural facilities, equipment, or tools to ensure operational readiness, safety, and cleanliness.",Static Strength,2,0
5544,Agricultural Technicians,"Maintain or repair agricultural facilities, equipment, or tools to ensure operational readiness, safety, and cleanliness.",Trunk Strength,1,0
5542,Agricultural Technicians,"Perform crop production duties, such as tilling, hoeing, pruning, weeding, or harvesting crops.",Manual Dexterity,3,0
5542,Agricultural Technicians,"Perform crop production duties, such as tilling, hoeing, pruning, weeding, or harvesting crops.",Finger Dexterity,3,0
5542,Agricultural Technicians,"Perform crop production duties, such as tilling, hoeing, pruning, weeding, or harvesting crops.",Stamina,3,0
5542,Agricultural Technicians,"Perform crop production duties, such as tilling, hoeing, pruning, weeding, or harvesting crops.",Dynamic Strength,2,0
5542,Agricultural Technicians,"Perform crop production duties, such as tilling, hoeing, pruning, weeding, or harvesting crops.",Static Strength,2,0
5542,Agricultural Technicians,"Perform crop production duties, such as tilling, hoeing, pruning, weeding, or harvesting crops.",Trunk Strength,2,0
5542,Agricultural Technicians,"Perform crop production duties, such as tilling, hoeing, pruning, weeding, or harvesting crops.",Gross Body Coordination,2,0
5542,Agricultural Technicians,"Perform crop production duties, such as tilling, hoeing, pruning, weeding, or harvesting crops.",Extent Flexibility,2,0
20530,Agricultural Technicians,Collect animal or crop samples.,Manual Dexterity,3,0
20530,Agricultural Technicians,Collect animal or crop samples.,Near Vision,2,0
20530,Agricultural Technicians,Collect animal or crop samples.,Finger Dexterity,2,0
20530,Agricultural Technicians,Collect animal or crop samples.,Arm-Hand Steadiness,2,0
20530,Agricultural Technicians,Collect animal or crop samples.,Selective Attention,2,0
20530,Agricultural Technicians,Collect animal or crop samples.,Information Ordering,1,0
20529,Agricultural Technicians,Examine animals or crop specimens to determine the presence of diseases or other problems.,Near Vision,3,0
20529,Agricultural Technicians,Examine animals or crop specimens to determine the presence of diseases or other problems.,Inductive Reasoning,3,0
20529,Agricultural Technicians,Examine animals or crop specimens to determine the presence of diseases or other problems.,Deductive Reasoning,2,0
20529,Agricultural Technicians,Examine animals or crop specimens to determine the presence of diseases or other problems.,Visual Color Discrimination,2,0
20529,Agricultural Technicians,Examine animals or crop specimens to determine the presence of diseases or other problems.,Perceptual Speed,2,0
20529,Agricultural Technicians,Examine animals or crop specimens to determine the presence of diseases or other problems.,Problem Sensitivity,2,0
20529,Agricultural Technicians,Examine animals or crop specimens to determine the presence of diseases or other problems.,Far Vision,1,0
20527,Agricultural Technicians,Set up laboratory or field equipment as required for site testing.,Manual Dexterity,3,0
20527,Agricultural Technicians,Set up laboratory or field equipment as required for site testing.,Finger Dexterity,2,0
20527,Agricultural Technicians,Set up laboratory or field equipment as required for site testing.,Near Vision,2,0
20527,Agricultural Technicians,Set up laboratory or field equipment as required for site testing.,Deductive Reasoning,2,0
20527,Agricultural Technicians,Set up laboratory or field equipment as required for site testing.,Arm-Hand Steadiness,2,0
20527,Agricultural Technicians,Set up laboratory or field equipment as required for site testing.,Selective Attention,2,0
20527,Agricultural Technicians,Set up laboratory or field equipment as required for site testing.,Information Ordering,1,0
5548,Agricultural Technicians,Supervise or train agricultural technicians or farm laborers.,Oral Expression,3,0
5548,Agricultural Technicians,Supervise or train agricultural technicians or farm laborers.,Oral Comprehension,2,0
5548,Agricultural Technicians,Supervise or train agricultural technicians or farm laborers.,Deductive Reasoning,2,0
5548,Agricultural Technicians,Supervise or train agricultural technicians or farm laborers.,Speech Clarity,2,0
5548,Agricultural Technicians,Supervise or train agricultural technicians or farm laborers.,Written Expression,2,0
5548,Agricultural Technicians,Supervise or train agricultural technicians or farm laborers.,Problem Sensitivity,2,0
19781,Agricultural Technicians,"Conduct studies of nitrogen or alternative fertilizer application methods, quantities, or timing to ensure satisfaction of crop needs and minimization of leaching, runoff, or denitrification.",Inductive Reasoning,3,0
19781,Agricultural Technicians,"Conduct studies of nitrogen or alternative fertilizer application methods, quantities, or timing to ensure satisfaction of crop needs and minimization of leaching, runoff, or denitrification.",Mathematical Reasoning,3,0
19781,Agricultural Technicians,"Conduct studies of nitrogen or alternative fertilizer application methods, quantities, or timing to ensure satisfaction of crop needs and minimization of leaching, runoff, or denitrification.",Deductive Reasoning,2,0
19781,Agricultural Technicians,"Conduct studies of nitrogen or alternative fertilizer application methods, quantities, or timing to ensure satisfaction of crop needs and minimization of leaching, runoff, or denitrification.",Number Facility,2,0
19781,Agricultural Technicians,"Conduct studies of nitrogen or alternative fertilizer application methods, quantities, or timing to ensure satisfaction of crop needs and minimization of leaching, runoff, or denitrification.",Problem Sensitivity,2,0
19781,Agricultural Technicians,"Conduct studies of nitrogen or alternative fertilizer application methods, quantities, or timing to ensure satisfaction of crop needs and minimization of leaching, runoff, or denitrification.",Written Comprehension,2,0
19781,Agricultural Technicians,"Conduct studies of nitrogen or alternative fertilizer application methods, quantities, or timing to ensure satisfaction of crop needs and minimization of leaching, runoff, or denitrification.",Near Vision,1,0
20528,Agricultural Technicians,"Prepare laboratory samples for analysis, following proper protocols to ensure that they will be stored, prepared, and disposed of efficiently and effectively.",Manual Dexterity,3,0
20528,Agricultural Technicians,"Prepare laboratory samples for analysis, following proper protocols to ensure that they will be stored, prepared, and disposed of efficiently and effectively.",Finger Dexterity,3,0
20528,Agricultural Technicians,"Prepare laboratory samples for analysis, following proper protocols to ensure that they will be stored, prepared, and disposed of efficiently and effectively.",Near Vision,2,0
20528,Agricultural Technicians,"Prepare laboratory samples for analysis, following proper protocols to ensure that they will be stored, prepared, and disposed of efficiently and effectively.",Arm-Hand Steadiness,2,0
20528,Agricultural Technicians,"Prepare laboratory samples for analysis, following proper protocols to ensure that they will be stored, prepared, and disposed of efficiently and effectively.",Information Ordering,2,0
20528,Agricultural Technicians,"Prepare laboratory samples for analysis, following proper protocols to ensure that they will be stored, prepared, and disposed of efficiently and effectively.",Selective Attention,2,0
20528,Agricultural Technicians,"Prepare laboratory samples for analysis, following proper protocols to ensure that they will be stored, prepared, and disposed of efficiently and effectively.",Control Precision,2,0
20526,Agricultural Technicians,Measure or weigh ingredients used in laboratory testing.,Manual Dexterity,3,0
20526,Agricultural Technicians,Measure or weigh ingredients used in laboratory testing.,Finger Dexterity,3,0
20526,Agricultural Technicians,Measure or weigh ingredients used in laboratory testing.,Near Vision,3,0
20526,Agricultural Technicians,Measure or weigh ingredients used in laboratory testing.,Arm-Hand Steadiness,2,0
20526,Agricultural Technicians,Measure or weigh ingredients used in laboratory testing.,Number Facility,2,0
20526,Agricultural Technicians,Measure or weigh ingredients used in laboratory testing.,Selective Attention,2,0
20526,Agricultural Technicians,Measure or weigh ingredients used in laboratory testing.,Control Precision,2,0
20535,Agricultural Technicians,Perform tests on seeds to evaluate seed viability.,Near Vision,3,0
20535,Agricultural Technicians,Perform tests on seeds to evaluate seed viability.,Manual Dexterity,3,0
20535,Agricultural Technicians,Perform tests on seeds to evaluate seed viability.,Finger Dexterity,2,0
20535,Agricultural Technicians,Perform tests on seeds to evaluate seed viability.,Inductive Reasoning,2,0
20535,Agricultural Technicians,Perform tests on seeds to evaluate seed viability.,Deductive Reasoning,2,0
20535,Agricultural Technicians,Perform tests on seeds to evaluate seed viability.,Selective Attention,2,0
20535,Agricultural Technicians,Perform tests on seeds to evaluate seed viability.,Perceptual Speed,2,0
5530,Agricultural Technicians,"Prepare data summaries, reports, or analyses that include results, charts, or graphs to document research findings and results.",Written Expression,3,0
5530,Agricultural Technicians,"Prepare data summaries, reports, or analyses that include results, charts, or graphs to document research findings and results.",Mathematical Reasoning,2,0
5530,Agricultural Technicians,"Prepare data summaries, reports, or analyses that include results, charts, or graphs to document research findings and results.",Number Facility,2,0
5530,Agricultural Technicians,"Prepare data summaries, reports, or analyses that include results, charts, or graphs to document research findings and results.",Inductive Reasoning,2,0
5530,Agricultural Technicians,"Prepare data summaries, reports, or analyses that include results, charts, or graphs to document research findings and results.",Information Ordering,2,0
5530,Agricultural Technicians,"Prepare data summaries, reports, or analyses that include results, charts, or graphs to document research findings and results.",Near Vision,2,0
5530,Agricultural Technicians,"Prepare data summaries, reports, or analyses that include results, charts, or graphs to document research findings and results.",Written Comprehension,2,0
20534,Agricultural Technicians,"Perform laboratory or field testing, using spectrometers, nitrogen determination apparatus, air samplers, centrifuges, or potential hydrogen (pH) meters to perform tests.",Manual Dexterity,3,0
20534,Agricultural Technicians,"Perform laboratory or field testing, using spectrometers, nitrogen determination apparatus, air samplers, centrifuges, or potential hydrogen (pH) meters to perform tests.",Finger Dexterity,3,0
20534,Agricultural Technicians,"Perform laboratory or field testing, using spectrometers, nitrogen determination apparatus, air samplers, centrifuges, or potential hydrogen (pH) meters to perform tests.",Near Vision,3,0
20534,Agricultural Technicians,"Perform laboratory or field testing, using spectrometers, nitrogen determination apparatus, air samplers, centrifuges, or potential hydrogen (pH) meters to perform tests.",Arm-Hand Steadiness,2,0
20534,Agricultural Technicians,"Perform laboratory or field testing, using spectrometers, nitrogen determination apparatus, air samplers, centrifuges, or potential hydrogen (pH) meters to perform tests.",Selective Attention,2,0
20534,Agricultural Technicians,"Perform laboratory or field testing, using spectrometers, nitrogen determination apparatus, air samplers, centrifuges, or potential hydrogen (pH) meters to perform tests.",Control Precision,2,0
20534,Agricultural Technicians,"Perform laboratory or field testing, using spectrometers, nitrogen determination apparatus, air samplers, centrifuges, or potential hydrogen (pH) meters to perform tests.",Deductive Reasoning,2,0
20531,Agricultural Technicians,"Supervise pest or weed control operations, including locating and identifying pests or weeds, selecting chemicals and application methods, or scheduling application.",Near Vision,3,0
20531,Agricultural Technicians,"Supervise pest or weed control operations, including locating and identifying pests or weeds, selecting chemicals and application methods, or scheduling application.",Inductive Reasoning,3,0
20531,Agricultural Technicians,"Supervise pest or weed control operations, including locating and identifying pests or weeds, selecting chemicals and application methods, or scheduling application.",Deductive Reasoning,2,0
20531,Agricultural Technicians,"Supervise pest or weed control operations, including locating and identifying pests or weeds, selecting chemicals and application methods, or scheduling application.",Visual Color Discrimination,2,0
20531,Agricultural Technicians,"Supervise pest or weed control operations, including locating and identifying pests or weeds, selecting chemicals and application methods, or scheduling application.",Problem Sensitivity,2,0
20531,Agricultural Technicians,"Supervise pest or weed control operations, including locating and identifying pests or weeds, selecting chemicals and application methods, or scheduling application.",Oral Expression,2,0
20531,Agricultural Technicians,"Supervise pest or weed control operations, including locating and identifying pests or weeds, selecting chemicals and application methods, or scheduling application.",Far Vision,2,0
20531,Agricultural Technicians,"Supervise pest or weed control operations, including locating and identifying pests or weeds, selecting chemicals and application methods, or scheduling application.",Perceptual Speed,1,0
5543,Agricultural Technicians,Devise cultural methods or environmental controls for plants for which guidelines are sketchy or nonexistent.,Inductive Reasoning,3,0
5543,Agricultural Technicians,Devise cultural methods or environmental controls for plants for which guidelines are sketchy or nonexistent.,Deductive Reasoning,2,0
5543,Agricultural Technicians,Devise cultural methods or environmental controls for plants for which guidelines are sketchy or nonexistent.,Originality,3,0
5543,Agricultural Technicians,Devise cultural methods or environmental controls for plants for which guidelines are sketchy or nonexistent.,Problem Sensitivity,2,0
5543,Agricultural Technicians,Devise cultural methods or environmental controls for plants for which guidelines are sketchy or nonexistent.,Category Flexibility,2,0
5543,Agricultural Technicians,Devise cultural methods or environmental controls for plants for which guidelines are sketchy or nonexistent.,Fluency of Ideas,2,0
5543,Agricultural Technicians,Devise cultural methods or environmental controls for plants for which guidelines are sketchy or nonexistent.,Written Expression,1,0
5538,Agricultural Technicians,Conduct insect or plant disease surveys.,Near Vision,3,0
5538,Agricultural Technicians,Conduct insect or plant disease surveys.,Far Vision,2,0
5538,Agricultural Technicians,Conduct insect or plant disease surveys.,Inductive Reasoning,2,0
5538,Agricultural Technicians,Conduct insect or plant disease surveys.,Deductive Reasoning,2,0
5538,Agricultural Technicians,Conduct insect or plant disease surveys.,Visual Color Discrimination,2,0
5538,Agricultural Technicians,Conduct insect or plant disease surveys.,Selective Attention,2,0
5538,Agricultural Technicians,Conduct insect or plant disease surveys.,Perceptual Speed,2,0
5538,Agricultural Technicians,Conduct insect or plant disease surveys.,Gross Body Coordination,1,0
5540,Agricultural Technicians,"Perform general nursery duties, such as propagating standard varieties of plant materials, collecting and germinating seeds, maintaining cuttings of plants, or controlling environmental conditions.",Manual Dexterity,3,0
5540,Agricultural Technicians,"Perform general nursery duties, such as propagating standard varieties of plant materials, collecting and germinating seeds, maintaining cuttings of plants, or controlling environmental conditions.",Finger Dexterity,3,0
5540,Agricultural Technicians,"Perform general nursery duties, such as propagating standard varieties of plant materials, collecting and germinating seeds, maintaining cuttings of plants, or controlling environmental conditions.",Near Vision,2,0
5540,Agricultural Technicians,"Perform general nursery duties, such as propagating standard varieties of plant materials, collecting and germinating seeds, maintaining cuttings of plants, or controlling environmental conditions.",Stamina,2,0
5540,Agricultural Technicians,"Perform general nursery duties, such as propagating standard varieties of plant materials, collecting and germinating seeds, maintaining cuttings of plants, or controlling environmental conditions.",Trunk Strength,2,0
5540,Agricultural Technicians,"Perform general nursery duties, such as propagating standard varieties of plant materials, collecting and germinating seeds, maintaining cuttings of plants, or controlling environmental conditions.",Gross Body Coordination,2,0
5540,Agricultural Technicians,"Perform general nursery duties, such as propagating standard varieties of plant materials, collecting and germinating seeds, maintaining cuttings of plants, or controlling environmental conditions.",Selective Attention,2,0
5540,Agricultural Technicians,"Perform general nursery duties, such as propagating standard varieties of plant materials, collecting and germinating seeds, maintaining cuttings of plants, or controlling environmental conditions.",Inductive Reasoning,1,0
19782,Agricultural Technicians,"Record environmental data from field samples of soil, air, water, or pests to monitor the effectiveness of integrated pest management (IPM) practices.",Near Vision,3,0
19782,Agricultural Technicians,"Record environmental data from field samples of soil, air, water, or pests to monitor the effectiveness of integrated pest management (IPM) practices.",Written Expression,3,0
19782,Agricultural Technicians,"Record environmental data from field samples of soil, air, water, or pests to monitor the effectiveness of integrated pest management (IPM) practices.",Selective Attention,2,0
19782,Agricultural Technicians,"Record environmental data from field samples of soil, air, water, or pests to monitor the effectiveness of integrated pest management (IPM) practices.",Information Ordering,2,0
19782,Agricultural Technicians,"Record environmental data from field samples of soil, air, water, or pests to monitor the effectiveness of integrated pest management (IPM) practices.",Inductive Reasoning,2,0
19782,Agricultural Technicians,"Record environmental data from field samples of soil, air, water, or pests to monitor the effectiveness of integrated pest management (IPM) practices.",Visual Color Discrimination,2,0
19782,Agricultural Technicians,"Record environmental data from field samples of soil, air, water, or pests to monitor the effectiveness of integrated pest management (IPM) practices.",Manual Dexterity,1,0
20537,Agricultural Technicians,Determine the germination rates of seeds planted in specified areas.,Near Vision,3,0
20537,Agricultural Technicians,Determine the germination rates of seeds planted in specified areas.,Mathematical Reasoning,2,0
20537,Agricultural Technicians,Determine the germination rates of seeds planted in specified areas.,Number Facility,2,0
20537,Agricultural Technicians,Determine the germination rates of seeds planted in specified areas.,Inductive Reasoning,2,0
20537,Agricultural Technicians,Determine the germination rates of seeds planted in specified areas.,Deductive Reasoning,2,0
20537,Agricultural Technicians,Determine the germination rates of seeds planted in specified areas.,Selective Attention,2,0
20537,Agricultural Technicians,Determine the germination rates of seeds planted in specified areas.,Perceptual Speed,2,0
5547,Agricultural Technicians,"Transplant trees, vegetables, or horticultural plants.",Manual Dexterity,3,0
5547,Agricultural Technicians,"Transplant trees, vegetables, or horticultural plants.",Finger Dexterity,3,0
5547,Agricultural Technicians,"Transplant trees, vegetables, or horticultural plants.",Trunk Strength,2,0
5547,Agricultural Technicians,"Transplant trees, vegetables, or horticultural plants.",Static Strength,2,0
5547,Agricultural Technicians,"Transplant trees, vegetables, or horticultural plants.",Stamina,2,0
5547,Agricultural Technicians,"Transplant trees, vegetables, or horticultural plants.",Gross Body Coordination,2,0
5547,Agricultural Technicians,"Transplant trees, vegetables, or horticultural plants.",Extent Flexibility,2,0
5547,Agricultural Technicians,"Transplant trees, vegetables, or horticultural plants.",Near Vision,2,0
20536,Agricultural Technicians,"Prepare culture media, following standard procedures.",Manual Dexterity,3,0
20536,Agricultural Technicians,"Prepare culture media, following standard procedures.",Finger Dexterity,3,0
20536,Agricultural Technicians,"Prepare culture media, following standard procedures.",Near Vision,2,0
20536,Agricultural Technicians,"Prepare culture media, following standard procedures.",Arm-Hand Steadiness,2,0
20536,Agricultural Technicians,"Prepare culture media, following standard procedures.",Information Ordering,2,0
20536,Agricultural Technicians,"Prepare culture media, following standard procedures.",Control Precision,2,0
20536,Agricultural Technicians,"Prepare culture media, following standard procedures.",Selective Attention,2,0
20532,Agricultural Technicians,Respond to general inquiries or requests from the public.,Oral Comprehension,3,0
20532,Agricultural Technicians,Respond to general inquiries or requests from the public.,Oral Expression,3,0
20532,Agricultural Technicians,Respond to general inquiries or requests from the public.,Speech Recognition,2,0
20532,Agricultural Technicians,Respond to general inquiries or requests from the public.,Speech Clarity,2,0
20532,Agricultural Technicians,Respond to general inquiries or requests from the public.,Written Comprehension,2,0
20532,Agricultural Technicians,Respond to general inquiries or requests from the public.,Written Expression,2,0
20532,Agricultural Technicians,Respond to general inquiries or requests from the public.,Deductive Reasoning,1,0
5549,Agricultural Technicians,Prepare or present agricultural demonstrations.,Oral Expression,3,0
5549,Agricultural Technicians,Prepare or present agricultural demonstrations.,Oral Comprehension,2,0
5549,Agricultural Technicians,Prepare or present agricultural demonstrations.,Speech Clarity,2,0
5549,Agricultural Technicians,Prepare or present agricultural demonstrations.,Written Expression,2,0
5549,Agricultural Technicians,Prepare or present agricultural demonstrations.,Information Ordering,2,0
5549,Agricultural Technicians,Prepare or present agricultural demonstrations.,Manual Dexterity,2,0
5549,Agricultural Technicians,Prepare or present agricultural demonstrations.,Visualization,1,0
19780,Agricultural Technicians,"Assess comparative soil erosion from various planting or tillage systems, such as conservation tillage with mulch or ridge till systems, no-till systems, or conventional tillage systems with or without moldboard plows.",Inductive Reasoning,3,0
19780,Agricultural Technicians,"Assess comparative soil erosion from various planting or tillage systems, such as conservation tillage with mulch or ridge till systems, no-till systems, or conventional tillage systems with or without moldboard plows.",Deductive Reasoning,2,0
19780,Agricultural Technicians,"Assess comparative soil erosion from various planting or tillage systems, such as conservation tillage with mulch or ridge till systems, no-till systems, or conventional tillage systems with or without moldboard plows.",Mathematical Reasoning,2,0
19780,Agricultural Technicians,"Assess comparative soil erosion from various planting or tillage systems, such as conservation tillage with mulch or ridge till systems, no-till systems, or conventional tillage systems with or without moldboard plows.",Near Vision,2,0
19780,Agricultural Technicians,"Assess comparative soil erosion from various planting or tillage systems, such as conservation tillage with mulch or ridge till systems, no-till systems, or conventional tillage systems with or without moldboard plows.",Far Vision,2,0
19780,Agricultural Technicians,"Assess comparative soil erosion from various planting or tillage systems, such as conservation tillage with mulch or ridge till systems, no-till systems, or conventional tillage systems with or without moldboard plows.",Visual Color Discrimination,2,0
19780,Agricultural Technicians,"Assess comparative soil erosion from various planting or tillage systems, such as conservation tillage with mulch or ridge till systems, no-till systems, or conventional tillage systems with or without moldboard plows.",Problem Sensitivity,2,0
19780,Agricultural Technicians,"Assess comparative soil erosion from various planting or tillage systems, such as conservation tillage with mulch or ridge till systems, no-till systems, or conventional tillage systems with or without moldboard plows.",Spatial Orientation,1,0
18295,Precision Agriculture Technicians,Document and maintain records of precision agriculture information.,Written Expression,3,0
18295,Precision Agriculture Technicians,Document and maintain records of precision agriculture information.,Information Ordering,3,0
18295,Precision Agriculture Technicians,Document and maintain records of precision agriculture information.,Near Vision,2,0
18295,Precision Agriculture Technicians,Document and maintain records of precision agriculture information.,Finger Dexterity,2,0
18295,Precision Agriculture Technicians,Document and maintain records of precision agriculture information.,Selective Attention,2,0
18295,Precision Agriculture Technicians,Document and maintain records of precision agriculture information.,Written Comprehension,2,0
18281,Precision Agriculture Technicians,"Collect information about soil or field attributes, yield data, or field boundaries, using field data recorders and basic geographic information systems (GIS).",Spatial Orientation,3,0
18281,Precision Agriculture Technicians,"Collect information about soil or field attributes, yield data, or field boundaries, using field data recorders and basic geographic information systems (GIS).",Information Ordering,3,0
18281,Precision Agriculture Technicians,"Collect information about soil or field attributes, yield data, or field boundaries, using field data recorders and basic geographic information systems (GIS).",Near Vision,2,0
18281,Precision Agriculture Technicians,"Collect information about soil or field attributes, yield data, or field boundaries, using field data recorders and basic geographic information systems (GIS).",Manual Dexterity,2,0
18281,Precision Agriculture Technicians,"Collect information about soil or field attributes, yield data, or field boundaries, using field data recorders and basic geographic information systems (GIS).",Selective Attention,2,0
18281,Precision Agriculture Technicians,"Collect information about soil or field attributes, yield data, or field boundaries, using field data recorders and basic geographic information systems (GIS).",Inductive Reasoning,2,0
18281,Precision Agriculture Technicians,"Collect information about soil or field attributes, yield data, or field boundaries, using field data recorders and basic geographic information systems (GIS).",Far Vision,2,0
18281,Precision Agriculture Technicians,"Collect information about soil or field attributes, yield data, or field boundaries, using field data recorders and basic geographic information systems (GIS).",Gross Body Coordination,1,0
20872,Precision Agriculture Technicians,"Use geospatial technology to develop soil sampling grids or identify sampling sites for testing characteristics such as nitrogen, phosphorus, or potassium content, pH, or micronutrients.",Spatial Orientation,3,0
20872,Precision Agriculture Technicians,"Use geospatial technology to develop soil sampling grids or identify sampling sites for testing characteristics such as nitrogen, phosphorus, or potassium content, pH, or micronutrients.",Mathematical Reasoning,2,0
20872,Precision Agriculture Technicians,"Use geospatial technology to develop soil sampling grids or identify sampling sites for testing characteristics such as nitrogen, phosphorus, or potassium content, pH, or micronutrients.",Deductive Reasoning,2,0
20872,Precision Agriculture Technicians,"Use geospatial technology to develop soil sampling grids or identify sampling sites for testing characteristics such as nitrogen, phosphorus, or potassium content, pH, or micronutrients.",Inductive Reasoning,2,0
20872,Precision Agriculture Technicians,"Use geospatial technology to develop soil sampling grids or identify sampling sites for testing characteristics such as nitrogen, phosphorus, or potassium content, pH, or micronutrients.",Near Vision,2,0
20872,Precision Agriculture Technicians,"Use geospatial technology to develop soil sampling grids or identify sampling sites for testing characteristics such as nitrogen, phosphorus, or potassium content, pH, or micronutrients.",Visualization,2,0
20872,Precision Agriculture Technicians,"Use geospatial technology to develop soil sampling grids or identify sampling sites for testing characteristics such as nitrogen, phosphorus, or potassium content, pH, or micronutrients.",Number Facility,2,0
18284,Precision Agriculture Technicians,"Divide agricultural fields into georeferenced zones, based on soil characteristics and production potentials.",Spatial Orientation,3,0
18284,Precision Agriculture Technicians,"Divide agricultural fields into georeferenced zones, based on soil characteristics and production potentials.",Deductive Reasoning,3,0
18284,Precision Agriculture Technicians,"Divide agricultural fields into georeferenced zones, based on soil characteristics and production potentials.",Inductive Reasoning,2,0
18284,Precision Agriculture Technicians,"Divide agricultural fields into georeferenced zones, based on soil characteristics and production potentials.",Mathematical Reasoning,2,0
18284,Precision Agriculture Technicians,"Divide agricultural fields into georeferenced zones, based on soil characteristics and production potentials.",Visualization,2,0
18284,Precision Agriculture Technicians,"Divide agricultural fields into georeferenced zones, based on soil characteristics and production potentials.",Information Ordering,2,0
18284,Precision Agriculture Technicians,"Divide agricultural fields into georeferenced zones, based on soil characteristics and production potentials.",Near Vision,2,0
18280,Precision Agriculture Technicians,"Install, calibrate, or maintain sensors, mechanical controls, GPS-based vehicle guidance systems, or computer settings.",Manual Dexterity,3,0
18280,Precision Agriculture Technicians,"Install, calibrate, or maintain sensors, mechanical controls, GPS-based vehicle guidance systems, or computer settings.",Finger Dexterity,3,0
18280,Precision Agriculture Technicians,"Install, calibrate, or maintain sensors, mechanical controls, GPS-based vehicle guidance systems, or computer settings.",Near Vision,2,0
18280,Precision Agriculture Technicians,"Install, calibrate, or maintain sensors, mechanical controls, GPS-based vehicle guidance systems, or computer settings.",Arm-Hand Steadiness,2,0
18280,Precision Agriculture Technicians,"Install, calibrate, or maintain sensors, mechanical controls, GPS-based vehicle guidance systems, or computer settings.",Control Precision,2,0
18280,Precision Agriculture Technicians,"Install, calibrate, or maintain sensors, mechanical controls, GPS-based vehicle guidance systems, or computer settings.",Deductive Reasoning,2,0
18280,Precision Agriculture Technicians,"Install, calibrate, or maintain sensors, mechanical controls, GPS-based vehicle guidance systems, or computer settings.",Problem Sensitivity,2,0
18289,Precision Agriculture Technicians,"Create, layer, and analyze maps showing precision agricultural data, such as crop yields, soil characteristics, input applications, terrain, drainage patterns, or field management history.",Spatial Orientation,3,0
18289,Precision Agriculture Technicians,"Create, layer, and analyze maps showing precision agricultural data, such as crop yields, soil characteristics, input applications, terrain, drainage patterns, or field management history.",Visualization,3,0
18289,Precision Agriculture Technicians,"Create, layer, and analyze maps showing precision agricultural data, such as crop yields, soil characteristics, input applications, terrain, drainage patterns, or field management history.",Inductive Reasoning,3,0
18289,Precision Agriculture Technicians,"Create, layer, and analyze maps showing precision agricultural data, such as crop yields, soil characteristics, input applications, terrain, drainage patterns, or field management history.",Deductive Reasoning,2,0
18289,Precision Agriculture Technicians,"Create, layer, and analyze maps showing precision agricultural data, such as crop yields, soil characteristics, input applications, terrain, drainage patterns, or field management history.",Near Vision,2,0
18289,Precision Agriculture Technicians,"Create, layer, and analyze maps showing precision agricultural data, such as crop yields, soil characteristics, input applications, terrain, drainage patterns, or field management history.",Mathematical Reasoning,2,0
18289,Precision Agriculture Technicians,"Create, layer, and analyze maps showing precision agricultural data, such as crop yields, soil characteristics, input applications, terrain, drainage patterns, or field management history.",Information Ordering,2,0
18279,Precision Agriculture Technicians,"Compare crop yield maps with maps of soil test data, chemical application patterns, or other information to develop site-specific crop management plans.",Inductive Reasoning,3,0
18279,Precision Agriculture Technicians,"Compare crop yield maps with maps of soil test data, chemical application patterns, or other information to develop site-specific crop management plans.",Deductive Reasoning,3,0
18279,Precision Agriculture Technicians,"Compare crop yield maps with maps of soil test data, chemical application patterns, or other information to develop site-specific crop management plans.",Spatial Orientation,2,0
18279,Precision Agriculture Technicians,"Compare crop yield maps with maps of soil test data, chemical application patterns, or other information to develop site-specific crop management plans.",Visualization,2,0
18279,Precision Agriculture Technicians,"Compare crop yield maps with maps of soil test data, chemical application patterns, or other information to develop site-specific crop management plans.",Mathematical Reasoning,2,0
18279,Precision Agriculture Technicians,"Compare crop yield maps with maps of soil test data, chemical application patterns, or other information to develop site-specific crop management plans.",Problem Sensitivity,2,0
18279,Precision Agriculture Technicians,"Compare crop yield maps with maps of soil test data, chemical application patterns, or other information to develop site-specific crop management plans.",Written Comprehension,2,0
20875,Precision Agriculture Technicians,"Analyze geospatial data to determine agricultural implications of factors such as soil quality, terrain, field productivity, fertilizers, or weather conditions.",Inductive Reasoning,3,0
20875,Precision Agriculture Technicians,"Analyze geospatial data to determine agricultural implications of factors such as soil quality, terrain, field productivity, fertilizers, or weather conditions.",Deductive Reasoning,3,0
20875,Precision Agriculture Technicians,"Analyze geospatial data to determine agricultural implications of factors such as soil quality, terrain, field productivity, fertilizers, or weather conditions.",Spatial Orientation,3,0
20875,Precision Agriculture Technicians,"Analyze geospatial data to determine agricultural implications of factors such as soil quality, terrain, field productivity, fertilizers, or weather conditions.",Mathematical Reasoning,2,0
20875,Precision Agriculture Technicians,"Analyze geospatial data to determine agricultural implications of factors such as soil quality, terrain, field productivity, fertilizers, or weather conditions.",Visualization,2,0
20875,Precision Agriculture Technicians,"Analyze geospatial data to determine agricultural implications of factors such as soil quality, terrain, field productivity, fertilizers, or weather conditions.",Category Flexibility,2,0
20875,Precision Agriculture Technicians,"Analyze geospatial data to determine agricultural implications of factors such as soil quality, terrain, field productivity, fertilizers, or weather conditions.",Written Comprehension,2,0
18282,Precision Agriculture Technicians,"Identify spatial coordinates, using remote sensing and Global Positioning System (GPS) data.",Spatial Orientation,3,0
18282,Precision Agriculture Technicians,"Identify spatial coordinates, using remote sensing and Global Positioning System (GPS) data.",Mathematical Reasoning,2,0
18282,Precision Agriculture Technicians,"Identify spatial coordinates, using remote sensing and Global Positioning System (GPS) data.",Near Vision,2,0
18282,Precision Agriculture Technicians,"Identify spatial coordinates, using remote sensing and Global Positioning System (GPS) data.",Deductive Reasoning,2,0
18282,Precision Agriculture Technicians,"Identify spatial coordinates, using remote sensing and Global Positioning System (GPS) data.",Visualization,2,0
18282,Precision Agriculture Technicians,"Identify spatial coordinates, using remote sensing and Global Positioning System (GPS) data.",Selective Attention,2,0
20874,Precision Agriculture Technicians,Analyze data from harvester monitors to develop yield maps.,Inductive Reasoning,3,0
20874,Precision Agriculture Technicians,Analyze data from harvester monitors to develop yield maps.,Mathematical Reasoning,3,0
20874,Precision Agriculture Technicians,Analyze data from harvester monitors to develop yield maps.,Number Facility,2,0
20874,Precision Agriculture Technicians,Analyze data from harvester monitors to develop yield maps.,Spatial Orientation,2,0
20874,Precision Agriculture Technicians,Analyze data from harvester monitors to develop yield maps.,Visualization,2,0
20874,Precision Agriculture Technicians,Analyze data from harvester monitors to develop yield maps.,Deductive Reasoning,2,0
20874,Precision Agriculture Technicians,Analyze data from harvester monitors to develop yield maps.,Near Vision,2,0
19801,Precision Agriculture Technicians,Apply precision agriculture information to specifically reduce the negative environmental impacts of farming practices.,Deductive Reasoning,3,0
19801,Precision Agriculture Technicians,Apply precision agriculture information to specifically reduce the negative environmental impacts of farming practices.,Inductive Reasoning,2,0
19801,Precision Agriculture Technicians,Apply precision agriculture information to specifically reduce the negative environmental impacts of farming practices.,Problem Sensitivity,2,0
19801,Precision Agriculture Technicians,Apply precision agriculture information to specifically reduce the negative environmental impacts of farming practices.,Written Comprehension,2,0
19801,Precision Agriculture Technicians,Apply precision agriculture information to specifically reduce the negative environmental impacts of farming practices.,Mathematical Reasoning,2,0
19801,Precision Agriculture Technicians,Apply precision agriculture information to specifically reduce the negative environmental impacts of farming practices.,Category Flexibility,2,0
19801,Precision Agriculture Technicians,Apply precision agriculture information to specifically reduce the negative environmental impacts of farming practices.,Oral Expression,1,0
20873,Precision Agriculture Technicians,"Demonstrate the applications of geospatial technology, such as Global Positioning System (GPS), geographic information systems (GIS), automatic tractor guidance systems, variable rate chemical input applicators, surveying equipment, or computer mapping software.",Oral Expression,3,0
20873,Precision Agriculture Technicians,"Demonstrate the applications of geospatial technology, such as Global Positioning System (GPS), geographic information systems (GIS), automatic tractor guidance systems, variable rate chemical input applicators, surveying equipment, or computer mapping software.",Oral Comprehension,2,0
20873,Precision Agriculture Technicians,"Demonstrate the applications of geospatial technology, such as Global Positioning System (GPS), geographic information systems (GIS), automatic tractor guidance systems, variable rate chemical input applicators, surveying equipment, or computer mapping software.",Spatial Orientation,2,0
20873,Precision Agriculture Technicians,"Demonstrate the applications of geospatial technology, such as Global Positioning System (GPS), geographic information systems (GIS), automatic tractor guidance systems, variable rate chemical input applicators, surveying equipment, or computer mapping software.",Manual Dexterity,2,0
20873,Precision Agriculture Technicians,"Demonstrate the applications of geospatial technology, such as Global Positioning System (GPS), geographic information systems (GIS), automatic tractor guidance systems, variable rate chemical input applicators, surveying equipment, or computer mapping software.",Speech Clarity,2,0
20873,Precision Agriculture Technicians,"Demonstrate the applications of geospatial technology, such as Global Positioning System (GPS), geographic information systems (GIS), automatic tractor guidance systems, variable rate chemical input applicators, surveying equipment, or computer mapping software.",Written Expression,2,0
20873,Precision Agriculture Technicians,"Demonstrate the applications of geospatial technology, such as Global Positioning System (GPS), geographic information systems (GIS), automatic tractor guidance systems, variable rate chemical input applicators, surveying equipment, or computer mapping software.",Visualization,2,0
18296,Precision Agriculture Technicians,"Draw or read maps, such as soil, contour, or plat maps.",Spatial Orientation,3,0
18296,Precision Agriculture Technicians,"Draw or read maps, such as soil, contour, or plat maps.",Near Vision,3,0
18296,Precision Agriculture Technicians,"Draw or read maps, such as soil, contour, or plat maps.",Visualization,3,0
18296,Precision Agriculture Technicians,"Draw or read maps, such as soil, contour, or plat maps.",Finger Dexterity,2,0
18296,Precision Agriculture Technicians,"Draw or read maps, such as soil, contour, or plat maps.",Deductive Reasoning,2,0
18296,Precision Agriculture Technicians,"Draw or read maps, such as soil, contour, or plat maps.",Inductive Reasoning,2,0
18296,Precision Agriculture Technicians,"Draw or read maps, such as soil, contour, or plat maps.",Perceptual Speed,2,0
18288,Precision Agriculture Technicians,"Recommend best crop varieties or seeding rates for specific field areas, based on analysis of geospatial data.",Deductive Reasoning,3,0
18288,Precision Agriculture Technicians,"Recommend best crop varieties or seeding rates for specific field areas, based on analysis of geospatial data.",Inductive Reasoning,3,0
18288,Precision Agriculture Technicians,"Recommend best crop varieties or seeding rates for specific field areas, based on analysis of geospatial data.",Mathematical Reasoning,2,0
18288,Precision Agriculture Technicians,"Recommend best crop varieties or seeding rates for specific field areas, based on analysis of geospatial data.",Written Comprehension,2,0
18288,Precision Agriculture Technicians,"Recommend best crop varieties or seeding rates for specific field areas, based on analysis of geospatial data.",Written Expression,2,0
18288,Precision Agriculture Technicians,"Recommend best crop varieties or seeding rates for specific field areas, based on analysis of geospatial data.",Problem Sensitivity,2,0
18288,Precision Agriculture Technicians,"Recommend best crop varieties or seeding rates for specific field areas, based on analysis of geospatial data.",Spatial Orientation,2,0
20876,Precision Agriculture Technicians,"Prepare reports in graphical or tabular form, summarizing field productivity or profitability.",Written Expression,3,0
20876,Precision Agriculture Technicians,"Prepare reports in graphical or tabular form, summarizing field productivity or profitability.",Mathematical Reasoning,2,0
20876,Precision Agriculture Technicians,"Prepare reports in graphical or tabular form, summarizing field productivity or profitability.",Number Facility,2,0
20876,Precision Agriculture Technicians,"Prepare reports in graphical or tabular form, summarizing field productivity or profitability.",Information Ordering,2,0
20876,Precision Agriculture Technicians,"Prepare reports in graphical or tabular form, summarizing field productivity or profitability.",Visualization,2,0
20876,Precision Agriculture Technicians,"Prepare reports in graphical or tabular form, summarizing field productivity or profitability.",Near Vision,2,0
20876,Precision Agriculture Technicians,"Prepare reports in graphical or tabular form, summarizing field productivity or profitability.",Deductive Reasoning,2,0
19803,Precision Agriculture Technicians,Provide advice on the development or application of better boom-spray technology to limit the overapplication of chemicals and to reduce the migration of chemicals beyond the fields being treated.,Oral Expression,3,0
19803,Precision Agriculture Technicians,Provide advice on the development or application of better boom-spray technology to limit the overapplication of chemicals and to reduce the migration of chemicals beyond the fields being treated.,Oral Comprehension,2,0
19803,Precision Agriculture Technicians,Provide advice on the development or application of better boom-spray technology to limit the overapplication of chemicals and to reduce the migration of chemicals beyond the fields being treated.,Deductive Reasoning,2,0
19803,Precision Agriculture Technicians,Provide advice on the development or application of better boom-spray technology to limit the overapplication of chemicals and to reduce the migration of chemicals beyond the fields being treated.,Inductive Reasoning,2,0
19803,Precision Agriculture Technicians,Provide advice on the development or application of better boom-spray technology to limit the overapplication of chemicals and to reduce the migration of chemicals beyond the fields being treated.,Problem Sensitivity,2,0
19803,Precision Agriculture Technicians,Provide advice on the development or application of better boom-spray technology to limit the overapplication of chemicals and to reduce the migration of chemicals beyond the fields being treated.,Written Expression,2,0
19803,Precision Agriculture Technicians,Provide advice on the development or application of better boom-spray technology to limit the overapplication of chemicals and to reduce the migration of chemicals beyond the fields being treated.,Speech Clarity,1,0
18278,Precision Agriculture Technicians,"Program farm equipment, such as variable-rate planting equipment or pesticide sprayers, based on input from crop scouting and analysis of field condition variability.",Deductive Reasoning,3,0
18278,Precision Agriculture Technicians,"Program farm equipment, such as variable-rate planting equipment or pesticide sprayers, based on input from crop scouting and analysis of field condition variability.",Inductive Reasoning,2,0
18278,Precision Agriculture Technicians,"Program farm equipment, such as variable-rate planting equipment or pesticide sprayers, based on input from crop scouting and analysis of field condition variability.",Written Comprehension,2,0
18278,Precision Agriculture Technicians,"Program farm equipment, such as variable-rate planting equipment or pesticide sprayers, based on input from crop scouting and analysis of field condition variability.",Finger Dexterity,2,0
18278,Precision Agriculture Technicians,"Program farm equipment, such as variable-rate planting equipment or pesticide sprayers, based on input from crop scouting and analysis of field condition variability.",Mathematical Reasoning,2,0
18278,Precision Agriculture Technicians,"Program farm equipment, such as variable-rate planting equipment or pesticide sprayers, based on input from crop scouting and analysis of field condition variability.",Near Vision,2,0
18278,Precision Agriculture Technicians,"Program farm equipment, such as variable-rate planting equipment or pesticide sprayers, based on input from crop scouting and analysis of field condition variability.",Selective Attention,2,0
19802,Precision Agriculture Technicians,"Participate in efforts to advance precision agriculture technology, such as developing advanced weed identification or automated spot spraying systems.",Inductive Reasoning,3,0
19802,Precision Agriculture Technicians,"Participate in efforts to advance precision agriculture technology, such as developing advanced weed identification or automated spot spraying systems.",Originality,3,0
19802,Precision Agriculture Technicians,"Participate in efforts to advance precision agriculture technology, such as developing advanced weed identification or automated spot spraying systems.",Deductive Reasoning,2,0
19802,Precision Agriculture Technicians,"Participate in efforts to advance precision agriculture technology, such as developing advanced weed identification or automated spot spraying systems.",Problem Sensitivity,2,0
19802,Precision Agriculture Technicians,"Participate in efforts to advance precision agriculture technology, such as developing advanced weed identification or automated spot spraying systems.",Written Comprehension,2,0
19802,Precision Agriculture Technicians,"Participate in efforts to advance precision agriculture technology, such as developing advanced weed identification or automated spot spraying systems.",Fluency of Ideas,2,0
19802,Precision Agriculture Technicians,"Participate in efforts to advance precision agriculture technology, such as developing advanced weed identification or automated spot spraying systems.",Visualization,2,0
18293,Precision Agriculture Technicians,"Analyze remote sensing imagery to identify relationships between soil quality, crop canopy densities, light reflectance, and weather history.",Inductive Reasoning,3,0
18293,Precision Agriculture Technicians,"Analyze remote sensing imagery to identify relationships between soil quality, crop canopy densities, light reflectance, and weather history.",Deductive Reasoning,2,0
18293,Precision Agriculture Technicians,"Analyze remote sensing imagery to identify relationships between soil quality, crop canopy densities, light reflectance, and weather history.",Near Vision,3,0
18293,Precision Agriculture Technicians,"Analyze remote sensing imagery to identify relationships between soil quality, crop canopy densities, light reflectance, and weather history.",Visual Color Discrimination,2,0
18293,Precision Agriculture Technicians,"Analyze remote sensing imagery to identify relationships between soil quality, crop canopy densities, light reflectance, and weather history.",Spatial Orientation,2,0
18293,Precision Agriculture Technicians,"Analyze remote sensing imagery to identify relationships between soil quality, crop canopy densities, light reflectance, and weather history.",Visualization,2,0
18293,Precision Agriculture Technicians,"Analyze remote sensing imagery to identify relationships between soil quality, crop canopy densities, light reflectance, and weather history.",Mathematical Reasoning,2,0
18293,Precision Agriculture Technicians,"Analyze remote sensing imagery to identify relationships between soil quality, crop canopy densities, light reflectance, and weather history.",Perceptual Speed,2,0
