"task_id","occupation","task_text","ability_name","weight","uncertain"
"19800","Precision Agriculture Technicians","Advise farmers on upgrading Global Positioning System (GPS) equipment to take advantage of newly installed advanced satellite technology.","Oral Comprehension","2","0"
"19800","Precision Agriculture Technicians","Advise farmers on upgrading Global Positioning System (GPS) equipment to take advantage of newly installed advanced satellite technology.","Oral Expression","3","0"
"19800","Precision Agriculture Technicians","Advise farmers on upgrading Global Positioning System (GPS) equipment to take advantage of newly installed advanced satellite technology.","Written Comprehension","2","0"
"19800","Precision Agriculture Technicians","Advise farmers on upgrading Global Positioning System (GPS) equipment to take advantage of newly installed advanced satellite technology.","Deductive Reasoning","2","0"
"19800","Precision Agriculture Technicians","Advise farmers on upgrading Global Positioning System (GPS) equipment to take advantage of newly installed advanced satellite technology.","Inductive Reasoning","2","0"
"19800","Precision Agriculture Technicians","Advise farmers on upgrading Global Positioning System (GPS) equipment to take advantage of newly installed advanced satellite technology.","Problem Sensitivity","2","0"
"19800","Precision Agriculture Technicians","Advise farmers on upgrading Global Positioning System (GPS) equipment to take advantage of newly installed advanced satellite technology.","Speech Clarity","2","0"
"18290","Precision Agriculture Technicians","Contact equipment manufacturers for technical assistance, as needed.","Oral Comprehension","3","0"
"18290","Precision Agriculture Technicians","Contact equipment manufacturers for technical assistance, as needed.","Oral Expression","3","0"
"18290","Precision Agriculture Technicians","Contact equipment manufacturers for technical assistance, as needed.","Speech Recognition","2","0"
"18290","Precision Agriculture Technicians","Contact equipment manufacturers for technical assistance, as needed.","Speech Clarity","2","0"
"18290","Precision Agriculture Technicians","Contact equipment manufacturers for technical assistance, as needed.","Written Comprehension","2","0"
"18290","Precision Agriculture Technicians","Contact equipment manufacturers for technical assistance, as needed.","Problem Sensitivity","2","0"
"18287","Precision Agriculture Technicians","Identify areas in need of pesticide treatment by analyzing geospatial data to determine insect movement and damage patterns.","Inductive Reasoning","3","0"
"18287","Precision Agriculture Technicians","Identify areas in need of pesticide treatment by analyzing geospatial data to determine insect movement and damage patterns.","Deductive Reasoning","2","0"
"18287","Precision Agriculture Technicians","Identify areas in need of pesticide treatment by analyzing geospatial data to determine insect movement and damage patterns.","Problem Sensitivity","3","0"
"18287","Precision Agriculture Technicians","Identify areas in need of pesticide treatment by analyzing geospatial data to determine insect movement and damage patterns.","Spatial Orientation","3","0"
"18287","Precision Agriculture Technicians","Identify areas in need of pesticide treatment by analyzing geospatial data to determine insect movement and damage patterns.","Written Comprehension","2","0"
"18287","Precision Agriculture Technicians","Identify areas in need of pesticide treatment by analyzing geospatial data to determine insect movement and damage patterns.","Category Flexibility","2","0"
"18287","Precision Agriculture Technicians","Identify areas in need of pesticide treatment by analyzing geospatial data to determine insect movement and damage patterns.","Visualization","2","0"
"7582","Food Science Technicians","Taste or smell foods or beverages to ensure that flavors meet specifications or to select samples with specific characteristics.","Selective Attention","3","0"
"7582","Food Science Technicians","Taste or smell foods or beverages to ensure that flavors meet specifications or to select samples with specific characteristics.","Perceptual Speed","2","0"
"7582","Food Science Technicians","Taste or smell foods or beverages to ensure that flavors meet specifications or to select samples with specific characteristics.","Problem Sensitivity","2","0"
"7582","Food Science Technicians","Taste or smell foods or beverages to ensure that flavors meet specifications or to select samples with specific characteristics.","Category Flexibility","2","0"
"7582","Food Science Technicians","Taste or smell foods or beverages to ensure that flavors meet specifications or to select samples with specific characteristics.","Memorization","2","0"
"7585","Food Science Technicians","Measure, test, or weigh bottles, cans, or other containers to ensure that hardness, strength, or dimensions meet specifications.","Near Vision","3","0"
"7585","Food Science Technicians","Measure, test, or weigh bottles, cans, or other containers to ensure that hardness, strength, or dimensions meet specifications.","Arm-Hand Steadiness","2","0"
"7585","Food Science Technicians","Measure, test, or weigh bottles, cans, or other containers to ensure that hardness, strength, or dimensions meet specifications.","Finger Dexterity","2","0"
"7585","Food Science Technicians","Measure, test, or weigh bottles, cans, or other containers to ensure that hardness, strength, or dimensions meet specifications.","Problem Sensitivity","2","0"
"7585","Food Science Technicians","Measure, test, or weigh bottles, cans, or other containers to ensure that hardness, strength, or dimensions meet specifications.","Selective Attention","2","0"
"7585","Food Science Technicians","Measure, test, or weigh bottles, cans, or other containers to ensure that hardness, strength, or dimensions meet specifications.","Number Facility","2","0"
"7585","Food Science Technicians","Measure, test, or weigh bottles, cans, or other containers to ensure that hardness, strength, or dimensions meet specifications.","Perceptual Speed","2","0"
"20394","Food Science Technicians","Maintain records of testing results or other documents as required by state or other governing agencies.","Written Expression","3","0"
"20394","Food Science Technicians","Maintain records of testing results or other documents as required by state or other governing agencies.","Written Comprehension","2","0"
"20394","Food Science Technicians","Maintain records of testing results or other documents as required by state or other governing agencies.","Information Ordering","2","0"
"20394","Food Science Technicians","Maintain records of testing results or other documents as required by state or other governing agencies.","Selective Attention","2","0"
"20394","Food Science Technicians","Maintain records of testing results or other documents as required by state or other governing agencies.","Number Facility","1","0"
"20395","Food Science Technicians","Monitor and control temperature of products.","Selective Attention","3","0"
"20395","Food Science Technicians","Monitor and control temperature of products.","Problem Sensitivity","3","0"
"20395","Food Science Technicians","Monitor and control temperature of products.","Near Vision","2","0"
"20395","Food Science Technicians","Monitor and control temperature of products.","Deductive Reasoning","2","0"
"20395","Food Science Technicians","Monitor and control temperature of products.","Time Sharing","2","0"
"7581","Food Science Technicians","Analyze test results to classify products or compare results with standard tables.","Inductive Reasoning","3","0"
"7581","Food Science Technicians","Analyze test results to classify products or compare results with standard tables.","Deductive Reasoning","3","0"
"7581","Food Science Technicians","Analyze test results to classify products or compare results with standard tables.","Number Facility","2","0"
"7581","Food Science Technicians","Analyze test results to classify products or compare results with standard tables.","Written Comprehension","2","0"
"7581","Food Science Technicians","Analyze test results to classify products or compare results with standard tables.","Category Flexibility","3","0"
"7581","Food Science Technicians","Analyze test results to classify products or compare results with standard tables.","Problem Sensitivity","2","0"
"7581","Food Science Technicians","Analyze test results to classify products or compare results with standard tables.","Perceptual Speed","2","0"
"7579","Food Science Technicians","Record or compile test results or prepare graphs, charts, or reports.","Written Expression","3","0"
"7579","Food Science Technicians","Record or compile test results or prepare graphs, charts, or reports.","Number Facility","2","0"
"7579","Food Science Technicians","Record or compile test results or prepare graphs, charts, or reports.","Information Ordering","2","0"
"7579","Food Science Technicians","Record or compile test results or prepare graphs, charts, or reports.","Visualization","2","0"
"7579","Food Science Technicians","Record or compile test results or prepare graphs, charts, or reports.","Mathematical Reasoning","1","0"
"7579","Food Science Technicians","Record or compile test results or prepare graphs, charts, or reports.","Perceptual Speed","2","0"
"20396","Food Science Technicians","Perform regular maintenance of laboratory equipment by inspecting, calibrating, cleaning, or sterilizing.","Problem Sensitivity","3","0"
"20396","Food Science Technicians","Perform regular maintenance of laboratory equipment by inspecting, calibrating, cleaning, or sterilizing.","Near Vision","3","0"
"20396","Food Science Technicians","Perform regular maintenance of laboratory equipment by inspecting, calibrating, cleaning, or sterilizing.","Arm-Hand Steadiness","2","0"
"20396","Food Science Technicians","Perform regular maintenance of laboratory equipment by inspecting, calibrating, cleaning, or sterilizing.","Finger Dexterity","2","0"
"20396","Food Science Technicians","Perform regular maintenance of laboratory equipment by inspecting, calibrating, cleaning, or sterilizing.","Manual Dexterity","2","0"
"20396","Food Science Technicians","Perform regular maintenance of laboratory equipment by inspecting, calibrating, cleaning, or sterilizing.","Deductive Reasoning","2","0"
"20396","Food Science Technicians","Perform regular maintenance of laboratory equipment by inspecting, calibrating, cleaning, or sterilizing.","Selective Attention","2","0"
"7583","Food Science Technicians","Examine chemical or biological samples to identify cell structures or to locate bacteria or extraneous material, using a microscope.","Near Vision","3","0"
"7583","Food Science Technicians","Examine chemical or biological samples to identify cell structures or to locate bacteria or extraneous material, using a microscope.","Selective Attention","3","0"
"7583","Food Science Technicians","Examine chemical or biological samples to identify cell structures or to locate bacteria or extraneous material, using a microscope.","Perceptual Speed","3","0"
"7583","Food Science Technicians","Examine chemical or biological samples to identify cell structures or to locate bacteria or extraneous material, using a microscope.","Speed of Closure","2","0"
"7583","Food Science Technicians","Examine chemical or biological samples to identify cell structures or to locate bacteria or extraneous material, using a microscope.","Flexibility of Closure","2","0"
"7583","Food Science Technicians","Examine chemical or biological samples to identify cell structures or to locate bacteria or extraneous material, using a microscope.","Arm-Hand Steadiness","2","0"
"7583","Food Science Technicians","Examine chemical or biological samples to identify cell structures or to locate bacteria or extraneous material, using a microscope.","Problem Sensitivity","2","0"
"7576","Food Science Technicians","Conduct standardized tests on food, beverages, additives, or preservatives to ensure compliance with standards and regulations regarding factors such as color, texture, or nutrients.","Selective Attention","3","0"
"7576","Food Science Technicians","Conduct standardized tests on food, beverages, additives, or preservatives to ensure compliance with standards and regulations regarding factors such as color, texture, or nutrients.","Problem Sensitivity","3","0"
"7576","Food Science Technicians","Conduct standardized tests on food, beverages, additives, or preservatives to ensure compliance with standards and regulations regarding factors such as color, texture, or nutrients.","Deductive Reasoning","2","0"
"7576","Food Science Technicians","Conduct standardized tests on food, beverages, additives, or preservatives to ensure compliance with standards and regulations regarding factors such as color, texture, or nutrients.","Near Vision","2","0"
"7576","Food Science Technicians","Conduct standardized tests on food, beverages, additives, or preservatives to ensure compliance with standards and regulations regarding factors such as color, texture, or nutrients.","Written Comprehension","2","0"
"7576","Food Science Technicians","Conduct standardized tests on food, beverages, additives, or preservatives to ensure compliance with standards and regulations regarding factors such as color, texture, or nutrients.","Information Ordering","2","0"
"7576","Food Science Technicians","Conduct standardized tests on food, beverages, additives, or preservatives to ensure compliance with standards and regulations regarding factors such as color, texture, or nutrients.","Manual Dexterity","2","0"
"20397","Food Science Technicians","Train newly hired laboratory personnel.","Oral Expression","3","0"
"20397","Food Science Technicians","Train newly hired laboratory personnel.","Oral Comprehension","2","0"
"20397","Food Science Technicians","Train newly hired laboratory personnel.","Written Comprehension","2","0"
"20397","Food Science Technicians","Train newly hired laboratory personnel.","Information Ordering","2","0"
"20397","Food Science Technicians","Train newly hired laboratory personnel.","Problem Sensitivity","1","0"
"20397","Food Science Technicians","Train newly hired laboratory personnel.","Speech Clarity","2","0"
"7577","Food Science Technicians","Provide assistance to food scientists or technologists in research and development, production technology, or quality control.","Oral Comprehension","3","0"
"7577","Food Science Technicians","Provide assistance to food scientists or technologists in research and development, production technology, or quality control.","Oral Expression","2","0"
"7577","Food Science Technicians","Provide assistance to food scientists or technologists in research and development, production technology, or quality control.","Problem Sensitivity","2","0"
"7577","Food Science Technicians","Provide assistance to food scientists or technologists in research and development, production technology, or quality control.","Deductive Reasoning","2","0"
"7577","Food Science Technicians","Provide assistance to food scientists or technologists in research and development, production technology, or quality control.","Written Comprehension","2","0"
"7577","Food Science Technicians","Provide assistance to food scientists or technologists in research and development, production technology, or quality control.","Information Ordering","2","0"
"22261","Food Science Technicians","Supervise other food science technicians.","Oral Expression","3","0"
"22261","Food Science Technicians","Supervise other food science technicians.","Oral Comprehension","3","0"
"22261","Food Science Technicians","Supervise other food science technicians.","Problem Sensitivity","2","0"
"22261","Food Science Technicians","Supervise other food science technicians.","Deductive Reasoning","2","0"
"22261","Food Science Technicians","Supervise other food science technicians.","Written Comprehension","2","0"
"22261","Food Science Technicians","Supervise other food science technicians.","Speech Clarity","2","0"
"7578","Food Science Technicians","Compute moisture or salt content, percentages of ingredients, formulas, or other product factors, using mathematical and chemical procedures.","Number Facility","3","0"
"7578","Food Science Technicians","Compute moisture or salt content, percentages of ingredients, formulas, or other product factors, using mathematical and chemical procedures.","Mathematical Reasoning","3","0"
"7578","Food Science Technicians","Compute moisture or salt content, percentages of ingredients, formulas, or other product factors, using mathematical and chemical procedures.","Deductive Reasoning","2","0"
"7578","Food Science Technicians","Compute moisture or salt content, percentages of ingredients, formulas, or other product factors, using mathematical and chemical procedures.","Written Comprehension","2","0"
"7578","Food Science Technicians","Compute moisture or salt content, percentages of ingredients, formulas, or other product factors, using mathematical and chemical procedures.","Information Ordering","2","0"
"7578","Food Science Technicians","Compute moisture or salt content, percentages of ingredients, formulas, or other product factors, using mathematical and chemical procedures.","Selective Attention","2","0"
"7587","Food Science Technicians","Order supplies needed to maintain inventories in laboratories or in storage facilities of food or beverage processing plants.","Written Comprehension","2","0"
"7587","Food Science Technicians","Order supplies needed to maintain inventories in laboratories or in storage facilities of food or beverage processing plants.","Written Expression","2","0"
"7587","Food Science Technicians","Order supplies needed to maintain inventories in laboratories or in storage facilities of food or beverage processing plants.","Number Facility","2","0"
"7587","Food Science Technicians","Order supplies needed to maintain inventories in laboratories or in storage facilities of food or beverage processing plants.","Information Ordering","2","0"
"7587","Food Science Technicians","Order supplies needed to maintain inventories in laboratories or in storage facilities of food or beverage processing plants.","Mathematical Reasoning","1","0"
"20398","Food Science Technicians","Prepare or incubate slides with cell cultures.","Near Vision","3","0"
"20398","Food Science Technicians","Prepare or incubate slides with cell cultures.","Finger Dexterity","3","0"
"20398","Food Science Technicians","Prepare or incubate slides with cell cultures.","Arm-Hand Steadiness","3","0"
"20398","Food Science Technicians","Prepare or incubate slides with cell cultures.","Manual Dexterity","2","0"
"20398","Food Science Technicians","Prepare or incubate slides with cell cultures.","Selective Attention","2","0"
"20398","Food Science Technicians","Prepare or incubate slides with cell cultures.","Information Ordering","2","0"
"7584","Food Science Technicians","Mix, blend, or cultivate ingredients to make reagents or to manufacture food or beverage products.","Manual Dexterity","3","0"
"7584","Food Science Technicians","Mix, blend, or cultivate ingredients to make reagents or to manufacture food or beverage products.","Finger Dexterity","2","0"
"7584","Food Science Technicians","Mix, blend, or cultivate ingredients to make reagents or to manufacture food or beverage products.","Selective Attention","2","0"
"7584","Food Science Technicians","Mix, blend, or cultivate ingredients to make reagents or to manufacture food or beverage products.","Number Facility","2","0"
"7584","Food Science Technicians","Mix, blend, or cultivate ingredients to make reagents or to manufacture food or beverage products.","Problem Sensitivity","2","0"
"7584","Food Science Technicians","Mix, blend, or cultivate ingredients to make reagents or to manufacture food or beverage products.","Near Vision","2","0"
"3741","Biological Technicians","Conduct research, or assist in the conduct of research, including the collection of information and samples, such as blood, water, soil, plants and animals.","Inductive Reasoning","3","0"
"3741","Biological Technicians","Conduct research, or assist in the conduct of research, including the collection of information and samples, such as blood, water, soil, plants and animals.","Problem Sensitivity","3","0"
"3741","Biological Technicians","Conduct research, or assist in the conduct of research, including the collection of information and samples, such as blood, water, soil, plants and animals.","Written Comprehension","2","0"
"3741","Biological Technicians","Conduct research, or assist in the conduct of research, including the collection of information and samples, such as blood, water, soil, plants and animals.","Information Ordering","2","0"
"3741","Biological Technicians","Conduct research, or assist in the conduct of research, including the collection of information and samples, such as blood, water, soil, plants and animals.","Near Vision","2","0"
"3741","Biological Technicians","Conduct research, or assist in the conduct of research, including the collection of information and samples, such as blood, water, soil, plants and animals.","Manual Dexterity","2","0"
"3741","Biological Technicians","Conduct research, or assist in the conduct of research, including the collection of information and samples, such as blood, water, soil, plants and animals.","Selective Attention","2","0"
"3740","Biological Technicians","Use computers, computer-interfaced equipment, robotics or high-technology industrial applications to perform work duties.","Written Comprehension","2","0"
"3740","Biological Technicians","Use computers, computer-interfaced equipment, robotics or high-technology industrial applications to perform work duties.","Selective Attention","2","0"
"3740","Biological Technicians","Use computers, computer-interfaced equipment, robotics or high-technology industrial applications to perform work duties.","Deductive Reasoning","2","0"
"3740","Biological Technicians","Use computers, computer-interfaced equipment, robotics or high-technology industrial applications to perform work duties.","Problem Sensitivity","2","0"
"3740","Biological Technicians","Use computers, computer-interfaced equipment, robotics or high-technology industrial applications to perform work duties.","Control Precision","2","0"
"3740","Biological Technicians","Use computers, computer-interfaced equipment, robotics or high-technology industrial applications to perform work duties.","Finger Dexterity","2","0"
"3749","Biological Technicians","Monitor and observe experiments, recording production and test data for evaluation by research personnel.","Selective Attention","3","0"
"3749","Biological Technicians","Monitor and observe experiments, recording production and test data for evaluation by research personnel.","Problem Sensitivity","3","0"
"3749","Biological Technicians","Monitor and observe experiments, recording production and test data for evaluation by research personnel.","Written Expression","2","0"
"3749","Biological Technicians","Monitor and observe experiments, recording production and test data for evaluation by research personnel.","Near Vision","2","0"
"3749","Biological Technicians","Monitor and observe experiments, recording production and test data for evaluation by research personnel.","Information Ordering","2","0"
"3749","Biological Technicians","Monitor and observe experiments, recording production and test data for evaluation by research personnel.","Time Sharing","2","0"
"3747","Biological Technicians","Analyze experimental data and interpret results to write reports and summaries of findings.","Inductive Reasoning","3","0"
"3747","Biological Technicians","Analyze experimental data and interpret results to write reports and summaries of findings.","Deductive Reasoning","3","0"
"3747","Biological Technicians","Analyze experimental data and interpret results to write reports and summaries of findings.","Written Expression","3","0"
"3747","Biological Technicians","Analyze experimental data and interpret results to write reports and summaries of findings.","Number Facility","2","0"
"3747","Biological Technicians","Analyze experimental data and interpret results to write reports and summaries of findings.","Mathematical Reasoning","2","0"
"3747","Biological Technicians","Analyze experimental data and interpret results to write reports and summaries of findings.","Information Ordering","2","0"
"3747","Biological Technicians","Analyze experimental data and interpret results to write reports and summaries of findings.","Problem Sensitivity","2","0"
"3743","Biological Technicians","Provide technical support and services for scientists and engineers working in fields such as agriculture, environmental science, resource management, biology, and health sciences.","Oral Comprehension","3","0"
"3743","Biological Technicians","Provide technical support and services for scientists and engineers working in fields such as agriculture, environmental science, resource management, biology, and health sciences.","Oral Expression","3","0"
"3743","Biological Technicians","Provide technical support and services for scientists and engineers working in fields such as agriculture, environmental science, resource management, biology, and health sciences.","Written Comprehension","2","0"
"3743","Biological Technicians","Provide technical support and services for scientists and engineers working in fields such as agriculture, environmental science, resource management, biology, and health sciences.","Problem Sensitivity","2","0"
"3743","Biological Technicians","Provide technical support and services for scientists and engineers working in fields such as agriculture, environmental science, resource management, biology, and health sciences.","Deductive Reasoning","2","0"
"3743","Biological Technicians","Provide technical support and services for scientists and engineers working in fields such as agriculture, environmental science, resource management, biology, and health sciences.","Speech Clarity","2","0"
"3737","Biological Technicians","Keep detailed logs of all work-related activities.","Written Expression","3","0"
"3737","Biological Technicians","Keep detailed logs of all work-related activities.","Information Ordering","3","0"
"3737","Biological Technicians","Keep detailed logs of all work-related activities.","Selective Attention","2","0"
"3737","Biological Technicians","Keep detailed logs of all work-related activities.","Written Comprehension","1","0"
"3737","Biological Technicians","Keep detailed logs of all work-related activities.","Memorization","2","0"
"20981","Biological Technicians","Input data into databases.","Written Comprehension","2","0"
"20981","Biological Technicians","Input data into databases.","Selective Attention","3","0"
"20981","Biological Technicians","Input data into databases.","Finger Dexterity","2","0"
"20981","Biological Technicians","Input data into databases.","Wrist-Finger Speed","2","0"
"20981","Biological Technicians","Input data into databases.","Information Ordering","2","0"
"20981","Biological Technicians","Input data into databases.","Perceptual Speed","2","0"
"3739","Biological Technicians","Isolate, identify and prepare specimens for examination.","Near Vision","3","0"
"3739","Biological Technicians","Isolate, identify and prepare specimens for examination.","Arm-Hand Steadiness","3","0"
"3739","Biological Technicians","Isolate, identify and prepare specimens for examination.","Finger Dexterity","3","0"
"3739","Biological Technicians","Isolate, identify and prepare specimens for examination.","Manual Dexterity","2","0"
"3739","Biological Technicians","Isolate, identify and prepare specimens for examination.","Selective Attention","2","0"
"3739","Biological Technicians","Isolate, identify and prepare specimens for examination.","Information Ordering","2","0"
"3739","Biological Technicians","Isolate, identify and prepare specimens for examination.","Problem Sensitivity","2","0"
"3742","Biological Technicians","Set up, adjust, calibrate, clean, maintain, and troubleshoot laboratory and field equipment.","Problem Sensitivity","3","0"
"3742","Biological Technicians","Set up, adjust, calibrate, clean, maintain, and troubleshoot laboratory and field equipment.","Deductive Reasoning","3","0"
"3742","Biological Technicians","Set up, adjust, calibrate, clean, maintain, and troubleshoot laboratory and field equipment.","Near Vision","2","0"
"3742","Biological Technicians","Set up, adjust, calibrate, clean, maintain, and troubleshoot laboratory and field equipment.","Manual Dexterity","2","0"
"3742","Biological Technicians","Set up, adjust, calibrate, clean, maintain, and troubleshoot laboratory and field equipment.","Finger Dexterity","2","0"
"3742","Biological Technicians","Set up, adjust, calibrate, clean, maintain, and troubleshoot laboratory and field equipment.","Arm-Hand Steadiness","2","0"
"3742","Biological Technicians","Set up, adjust, calibrate, clean, maintain, and troubleshoot laboratory and field equipment.","Inductive Reasoning","2","0"
"3744","Biological Technicians","Clean, maintain and prepare supplies and work areas.","Manual Dexterity","2","0"
"3744","Biological Technicians","Clean, maintain and prepare supplies and work areas.","Information Ordering","2","0"
"3744","Biological Technicians","Clean, maintain and prepare supplies and work areas.","Selective Attention","2","0"
"3744","Biological Technicians","Clean, maintain and prepare supplies and work areas.","Near Vision","2","0"
"3744","Biological Technicians","Clean, maintain and prepare supplies and work areas.","Problem Sensitivity","1","0"
"3738","Biological Technicians","Monitor laboratory work to ensure compliance with set standards.","Selective Attention","3","0"
"3738","Biological Technicians","Monitor laboratory work to ensure compliance with set standards.","Problem Sensitivity","3","0"
"3738","Biological Technicians","Monitor laboratory work to ensure compliance with set standards.","Deductive Reasoning","2","0"
"3738","Biological Technicians","Monitor laboratory work to ensure compliance with set standards.","Written Comprehension","2","0"
"3738","Biological Technicians","Monitor laboratory work to ensure compliance with set standards.","Near Vision","2","0"
"3738","Biological Technicians","Monitor laboratory work to ensure compliance with set standards.","Time Sharing","2","0"
"20982","Biological Technicians","Place orders for laboratory equipment and supplies.","Written Expression","2","0"
"20982","Biological Technicians","Place orders for laboratory equipment and supplies.","Written Comprehension","2","0"
"20982","Biological Technicians","Place orders for laboratory equipment and supplies.","Number Facility","2","0"
"20982","Biological Technicians","Place orders for laboratory equipment and supplies.","Information Ordering","2","0"
"3745","Biological Technicians","Participate in the research, development, or manufacturing of medicinal and pharmaceutical preparations.","Inductive Reasoning","3","0"
"3745","Biological Technicians","Participate in the research, development, or manufacturing of medicinal and pharmaceutical preparations.","Problem Sensitivity","2","0"
"3745","Biological Technicians","Participate in the research, development, or manufacturing of medicinal and pharmaceutical preparations.","Deductive Reasoning","2","0"
"3745","Biological Technicians","Participate in the research, development, or manufacturing of medicinal and pharmaceutical preparations.","Written Comprehension","2","0"
"3745","Biological Technicians","Participate in the research, development, or manufacturing of medicinal and pharmaceutical preparations.","Manual Dexterity","2","0"
"3745","Biological Technicians","Participate in the research, development, or manufacturing of medicinal and pharmaceutical preparations.","Information Ordering","2","0"
"3752","Biological Technicians","Feed livestock or laboratory animals.","Near Vision","2","0"
"3752","Biological Technicians","Feed livestock or laboratory animals.","Manual Dexterity","2","0"
"3752","Biological Technicians","Feed livestock or laboratory animals.","Information Ordering","2","0"
"3752","Biological Technicians","Feed livestock or laboratory animals.","Selective Attention","2","0"
"3752","Biological Technicians","Feed livestock or laboratory animals.","Problem Sensitivity","2","0"
"3746","Biological Technicians","Conduct standardized biological, microbiological or biochemical tests and laboratory analyses to evaluate the quantity or quality of physical or chemical substances in food or other products.","Selective Attention","3","0"
"3746","Biological Technicians","Conduct standardized biological, microbiological or biochemical tests and laboratory analyses to evaluate the quantity or quality of physical or chemical substances in food or other products.","Problem Sensitivity","3","0"
"3746","Biological Technicians","Conduct standardized biological, microbiological or biochemical tests and laboratory analyses to evaluate the quantity or quality of physical or chemical substances in food or other products.","Near Vision","2","0"
"3746","Biological Technicians","Conduct standardized biological, microbiological or biochemical tests and laboratory analyses to evaluate the quantity or quality of physical or chemical substances in food or other products.","Arm-Hand Steadiness","2","0"
"3746","Biological Technicians","Conduct standardized biological, microbiological or biochemical tests and laboratory analyses to evaluate the quantity or quality of physical or chemical substances in food or other products.","Finger Dexterity","2","0"
"3746","Biological Technicians","Conduct standardized biological, microbiological or biochemical tests and laboratory analyses to evaluate the quantity or quality of physical or chemical substances in food or other products.","Inductive Reasoning","2","0"
"3746","Biological Technicians","Conduct standardized biological, microbiological or biochemical tests and laboratory analyses to evaluate the quantity or quality of physical or chemical substances in food or other products.","Written Comprehension","2","0"
"3750","Biological Technicians","Examine animals and specimens to detect the presence of disease or other problems.","Near Vision","3","0"
"3750","Biological Technicians","Examine animals and specimens to detect the presence of disease or other problems.","Problem Sensitivity","3","0"
"3750","Biological Technicians","Examine animals and specimens to detect the presence of disease or other problems.","Inductive Reasoning","3","0"
"3750","Biological Technicians","Examine animals and specimens to detect the presence of disease or other problems.","Deductive Reasoning","2","0"
"3750","Biological Technicians","Examine animals and specimens to detect the presence of disease or other problems.","Category Flexibility","2","0"
"3750","Biological Technicians","Examine animals and specimens to detect the presence of disease or other problems.","Selective Attention","2","0"
"3748","Biological Technicians","Measure or weigh compounds and solutions for use in testing or animal feed.","Near Vision","3","0"
"3748","Biological Technicians","Measure or weigh compounds and solutions for use in testing or animal feed.","Arm-Hand Steadiness","3","0"
"3748","Biological Technicians","Measure or weigh compounds and solutions for use in testing or animal feed.","Finger Dexterity","2","0"
"3748","Biological Technicians","Measure or weigh compounds and solutions for use in testing or animal feed.","Manual Dexterity","2","0"
"3748","Biological Technicians","Measure or weigh compounds and solutions for use in testing or animal feed.","Selective Attention","2","0"
"3748","Biological Technicians","Measure or weigh compounds and solutions for use in testing or animal feed.","Number Facility","2","0"
"1537","Chemical Technicians","Conduct chemical or physical laboratory tests to assist scientists in making qualitative or quantitative analyses of solids, liquids, or gaseous materials.","Inductive Reasoning","3","0"
"1537","Chemical Technicians","Conduct chemical or physical laboratory tests to assist scientists in making qualitative or quantitative analyses of solids, liquids, or gaseous materials.","Problem Sensitivity","3","0"
"1537","Chemical Technicians","Conduct chemical or physical laboratory tests to assist scientists in making qualitative or quantitative analyses of solids, liquids, or gaseous materials.","Near Vision","2","0"
"1537","Chemical Technicians","Conduct chemical or physical laboratory tests to assist scientists in making qualitative or quantitative analyses of solids, liquids, or gaseous materials.","Arm-Hand Steadiness","2","0"
"1537","Chemical Technicians","Conduct chemical or physical laboratory tests to assist scientists in making qualitative or quantitative analyses of solids, liquids, or gaseous materials.","Finger Dexterity","2","0"
"1537","Chemical Technicians","Conduct chemical or physical laboratory tests to assist scientists in making qualitative or quantitative analyses of solids, liquids, or gaseous materials.","Selective Attention","2","0"
"1537","Chemical Technicians","Conduct chemical or physical laboratory tests to assist scientists in making qualitative or quantitative analyses of solids, liquids, or gaseous materials.","Written Comprehension","2","0"
"1541","Chemical Technicians","Maintain, clean, or sterilize laboratory instruments or equipment.","Near Vision","2","0"
"1541","Chemical Technicians","Maintain, clean, or sterilize laboratory instruments or equipment.","Manual Dexterity","2","0"
"1541","Chemical Technicians","Maintain, clean, or sterilize laboratory instruments or equipment.","Finger Dexterity","2","0"
"1541","Chemical Technicians","Maintain, clean, or sterilize laboratory instruments or equipment.","Problem Sensitivity","2","0"
"1541","Chemical Technicians","Maintain, clean, or sterilize laboratory instruments or equipment.","Selective Attention","2","0"
"1541","Chemical Technicians","Maintain, clean, or sterilize laboratory instruments or equipment.","Information Ordering","2","0"
"1535","Chemical Technicians","Monitor product quality to ensure compliance with standards and specifications.","Selective Attention","3","0"
"1535","Chemical Technicians","Monitor product quality to ensure compliance with standards and specifications.","Problem Sensitivity","3","0"
"1535","Chemical Technicians","Monitor product quality to ensure compliance with standards and specifications.","Deductive Reasoning","2","0"
"1535","Chemical Technicians","Monitor product quality to ensure compliance with standards and specifications.","Written Comprehension","2","0"
"1535","Chemical Technicians","Monitor product quality to ensure compliance with standards and specifications.","Near Vision","2","0"
"1535","Chemical Technicians","Monitor product quality to ensure compliance with standards and specifications.","Perceptual Speed","2","0"
"1536","Chemical Technicians","Set up and conduct chemical experiments, tests, and analyses, using techniques such as chromatography, spectroscopy, physical or chemical separation techniques, or microscopy.","Inductive Reasoning","3","0"
"1536","Chemical Technicians","Set up and conduct chemical experiments, tests, and analyses, using techniques such as chromatography, spectroscopy, physical or chemical separation techniques, or microscopy.","Problem Sensitivity","3","0"
"1536","Chemical Technicians","Set up and conduct chemical experiments, tests, and analyses, using techniques such as chromatography, spectroscopy, physical or chemical separation techniques, or microscopy.","Selective Attention","3","0"
"1536","Chemical Technicians","Set up and conduct chemical experiments, tests, and analyses, using techniques such as chromatography, spectroscopy, physical or chemical separation techniques, or microscopy.","Near Vision","2","0"
"1536","Chemical Technicians","Set up and conduct chemical experiments, tests, and analyses, using techniques such as chromatography, spectroscopy, physical or chemical separation techniques, or microscopy.","Arm-Hand Steadiness","2","0"
"1536","Chemical Technicians","Set up and conduct chemical experiments, tests, and analyses, using techniques such as chromatography, spectroscopy, physical or chemical separation techniques, or microscopy.","Finger Dexterity","2","0"
"1536","Chemical Technicians","Set up and conduct chemical experiments, tests, and analyses, using techniques such as chromatography, spectroscopy, physical or chemical separation techniques, or microscopy.","Information Ordering","2","0"
"1540","Chemical Technicians","Prepare chemical solutions for products or processes, following standardized formulas, or create experimental formulas.","Inductive Reasoning","2","0"
"1540","Chemical Technicians","Prepare chemical solutions for products or processes, following standardized formulas, or create experimental formulas.","Mathematical Reasoning","2","0"
"1540","Chemical Technicians","Prepare chemical solutions for products or processes, following standardized formulas, or create experimental formulas.","Number Facility","2","0"
"1540","Chemical Technicians","Prepare chemical solutions for products or processes, following standardized formulas, or create experimental formulas.","Near Vision","2","0"
"1540","Chemical Technicians","Prepare chemical solutions for products or processes, following standardized formulas, or create experimental formulas.","Manual Dexterity","2","0"
"1540","Chemical Technicians","Prepare chemical solutions for products or processes, following standardized formulas, or create experimental formulas.","Finger Dexterity","2","0"
"1540","Chemical Technicians","Prepare chemical solutions for products or processes, following standardized formulas, or create experimental formulas.","Arm-Hand Steadiness","2","0"
"1540","Chemical Technicians","Prepare chemical solutions for products or processes, following standardized formulas, or create experimental formulas.","Selective Attention","2","0"
"1538","Chemical Technicians","Compile and interpret results of tests and analyses.","Inductive Reasoning","3","0"
"1538","Chemical Technicians","Compile and interpret results of tests and analyses.","Deductive Reasoning","3","0"
"1538","Chemical Technicians","Compile and interpret results of tests and analyses.","Number Facility","2","0"
"1538","Chemical Technicians","Compile and interpret results of tests and analyses.","Written Comprehension","2","0"
"1538","Chemical Technicians","Compile and interpret results of tests and analyses.","Information Ordering","2","0"
"1538","Chemical Technicians","Compile and interpret results of tests and analyses.","Category Flexibility","2","0"
"18477","Chemical Technicians","Provide and maintain a safe work environment by participating in safety programs, committees, or teams and by conducting laboratory or plant safety audits.","Problem Sensitivity","3","0"
"18477","Chemical Technicians","Provide and maintain a safe work environment by participating in safety programs, committees, or teams and by conducting laboratory or plant safety audits.","Written Comprehension","2","0"
"18477","Chemical Technicians","Provide and maintain a safe work environment by participating in safety programs, committees, or teams and by conducting laboratory or plant safety audits.","Oral Expression","2","0"
"18477","Chemical Technicians","Provide and maintain a safe work environment by participating in safety programs, committees, or teams and by conducting laboratory or plant safety audits.","Oral Comprehension","2","0"
"18477","Chemical Technicians","Provide and maintain a safe work environment by participating in safety programs, committees, or teams and by conducting laboratory or plant safety audits.","Deductive Reasoning","2","0"
"18477","Chemical Technicians","Provide and maintain a safe work environment by participating in safety programs, committees, or teams and by conducting laboratory or plant safety audits.","Near Vision","2","0"
"18477","Chemical Technicians","Provide and maintain a safe work environment by participating in safety programs, committees, or teams and by conducting laboratory or plant safety audits.","Speech Clarity","1","0"
"1539","Chemical Technicians","Provide technical support or assistance to chemists or engineers.","Oral Comprehension","3","0"
"1539","Chemical Technicians","Provide technical support or assistance to chemists or engineers.","Oral Expression","2","0"
"1539","Chemical Technicians","Provide technical support or assistance to chemists or engineers.","Written Comprehension","2","0"
"1539","Chemical Technicians","Provide technical support or assistance to chemists or engineers.","Deductive Reasoning","2","0"
"1539","Chemical Technicians","Provide technical support or assistance to chemists or engineers.","Problem Sensitivity","2","0"
"1539","Chemical Technicians","Provide technical support or assistance to chemists or engineers.","Speech Clarity","1","0"
"1544","Chemical Technicians","Develop or conduct programs of sampling and analysis to maintain quality standards of raw materials, chemical intermediates, or products.","Inductive Reasoning","3","0"
"1544","Chemical Technicians","Develop or conduct programs of sampling and analysis to maintain quality standards of raw materials, chemical intermediates, or products.","Deductive Reasoning","2","0"
"1544","Chemical Technicians","Develop or conduct programs of sampling and analysis to maintain quality standards of raw materials, chemical intermediates, or products.","Problem Sensitivity","3","0"
"1544","Chemical Technicians","Develop or conduct programs of sampling and analysis to maintain quality standards of raw materials, chemical intermediates, or products.","Information Ordering","2","0"
"1544","Chemical Technicians","Develop or conduct programs of sampling and analysis to maintain quality standards of raw materials, chemical intermediates, or products.","Written Expression","2","0"
"1544","Chemical Technicians","Develop or conduct programs of sampling and analysis to maintain quality standards of raw materials, chemical intermediates, or products.","Mathematical Reasoning","2","0"
"20538","Chemical Technicians","Train new employees on topics such as the proper operation of laboratory equipment.","Oral Expression","3","0"
"20538","Chemical Technicians","Train new employees on topics such as the proper operation of laboratory equipment.","Oral Comprehension","2","0"
"20538","Chemical Technicians","Train new employees on topics such as the proper operation of laboratory equipment.","Written Comprehension","2","0"
"20538","Chemical Technicians","Train new employees on topics such as the proper operation of laboratory equipment.","Information Ordering","2","0"
"20538","Chemical Technicians","Train new employees on topics such as the proper operation of laboratory equipment.","Speech Clarity","2","0"
"20538","Chemical Technicians","Train new employees on topics such as the proper operation of laboratory equipment.","Deductive Reasoning","1","0"
"1542","Chemical Technicians","Write technical reports or prepare graphs or charts to document experimental results.","Written Expression","3","0"
"1542","Chemical Technicians","Write technical reports or prepare graphs or charts to document experimental results.","Information Ordering","2","0"
"1542","Chemical Technicians","Write technical reports or prepare graphs or charts to document experimental results.","Number Facility","2","0"
"1542","Chemical Technicians","Write technical reports or prepare graphs or charts to document experimental results.","Visualization","2","0"
"1542","Chemical Technicians","Write technical reports or prepare graphs or charts to document experimental results.","Mathematical Reasoning","2","0"
"1542","Chemical Technicians","Write technical reports or prepare graphs or charts to document experimental results.","Written Comprehension","1","0"
"1543","Chemical Technicians","Order and inventory materials to maintain supplies.","Number Facility","2","0"
"1543","Chemical Technicians","Order and inventory materials to maintain supplies.","Information Ordering","3","0"
"1543","Chemical Technicians","Order and inventory materials to maintain supplies.","Written Expression","2","0"
"1543","Chemical Technicians","Order and inventory materials to maintain supplies.","Written Comprehension","2","0"
"1543","Chemical Technicians","Order and inventory materials to maintain supplies.","Mathematical Reasoning","1","0"
"1546","Chemical Technicians","Operate experimental pilot plants, assisting with experimental design.","Control Precision","3","0"
"1546","Chemical Technicians","Operate experimental pilot plants, assisting with experimental design.","Multilimb Coordination","2","0"
"1546","Chemical Technicians","Operate experimental pilot plants, assisting with experimental design.","Problem Sensitivity","3","0"
"1546","Chemical Technicians","Operate experimental pilot plants, assisting with experimental design.","Inductive Reasoning","2","0"
"1546","Chemical Technicians","Operate experimental pilot plants, assisting with experimental design.","Selective Attention","3","0"
"1546","Chemical Technicians","Operate experimental pilot plants, assisting with experimental design.","Near Vision","2","0"
"1546","Chemical Technicians","Operate experimental pilot plants, assisting with experimental design.","Deductive Reasoning","2","0"
"1545","Chemical Technicians","Direct or monitor other workers producing chemical products.","Oral Expression","3","0"
"1545","Chemical Technicians","Direct or monitor other workers producing chemical products.","Oral Comprehension","2","0"
"1545","Chemical Technicians","Direct or monitor other workers producing chemical products.","Written Comprehension","2","0"
"1545","Chemical Technicians","Direct or monitor other workers producing chemical products.","Problem Sensitivity","2","0"
"1545","Chemical Technicians","Direct or monitor other workers producing chemical products.","Selective Attention","2","0"
"1545","Chemical Technicians","Direct or monitor other workers producing chemical products.","Speech Clarity","2","0"
"1548","Chemical Technicians","Design or fabricate experimental apparatus to develop new products or processes.","Originality","3","0"
"1548","Chemical Technicians","Design or fabricate experimental apparatus to develop new products or processes.","Inductive Reasoning","3","0"
"1548","Chemical Technicians","Design or fabricate experimental apparatus to develop new products or processes.","Visualization","3","0"
"1548","Chemical Technicians","Design or fabricate experimental apparatus to develop new products or processes.","Fluency of Ideas","2","0"
"1548","Chemical Technicians","Design or fabricate experimental apparatus to develop new products or processes.","Manual Dexterity","2","0"
"1548","Chemical Technicians","Design or fabricate experimental apparatus to develop new products or processes.","Deductive Reasoning","2","0"
"1548","Chemical Technicians","Design or fabricate experimental apparatus to develop new products or processes.","Spatial Orientation","2","0"
"1547","Chemical Technicians","Develop new chemical engineering processes or production techniques.","Originality","3","0"
"1547","Chemical Technicians","Develop new chemical engineering processes or production techniques.","Inductive Reasoning","3","0"
"1547","Chemical Technicians","Develop new chemical engineering processes or production techniques.","Fluency of Ideas","2","0"
"1547","Chemical Technicians","Develop new chemical engineering processes or production techniques.","Deductive Reasoning","2","0"
"1547","Chemical Technicians","Develop new chemical engineering processes or production techniques.","Problem Sensitivity","2","0"
"1547","Chemical Technicians","Develop new chemical engineering processes or production techniques.","Mathematical Reasoning","2","0"
"1547","Chemical Technicians","Develop new chemical engineering processes or production techniques.","Visualization","2","0"
"1550","Environmental Science and Protection Technicians, Including Health","Collect samples of gases, soils, water, industrial wastewater, or asbestos products to conduct tests on pollutant levels or identify sources of pollution.","Near Vision","2","0"
"1550","Environmental Science and Protection Technicians, Including Health","Collect samples of gases, soils, water, industrial wastewater, or asbestos products to conduct tests on pollutant levels or identify sources of pollution.","Manual Dexterity","2","0"
"1550","Environmental Science and Protection Technicians, Including Health","Collect samples of gases, soils, water, industrial wastewater, or asbestos products to conduct tests on pollutant levels or identify sources of pollution.","Information Ordering","2","0"
"1550","Environmental Science and Protection Technicians, Including Health","Collect samples of gases, soils, water, industrial wastewater, or asbestos products to conduct tests on pollutant levels or identify sources of pollution.","Problem Sensitivity","2","0"
"1550","Environmental Science and Protection Technicians, Including Health","Collect samples of gases, soils, water, industrial wastewater, or asbestos products to conduct tests on pollutant levels or identify sources of pollution.","Selective Attention","2","0"
"1550","Environmental Science and Protection Technicians, Including Health","Collect samples of gases, soils, water, industrial wastewater, or asbestos products to conduct tests on pollutant levels or identify sources of pollution.","Gross Body Coordination","1","0"
"1550","Environmental Science and Protection Technicians, Including Health","Collect samples of gases, soils, water, industrial wastewater, or asbestos products to conduct tests on pollutant levels or identify sources of pollution.","Static Strength","1","0"
"20869","Environmental Science and Protection Technicians, Including Health","Investigate hazardous conditions or spills or outbreaks of disease or food poisoning, collecting samples for analysis.","Problem Sensitivity","3","0"
"20869","Environmental Science and Protection Technicians, Including Health","Investigate hazardous conditions or spills or outbreaks of disease or food poisoning, collecting samples for analysis.","Inductive Reasoning","3","0"
"20869","Environmental Science and Protection Technicians, Including Health","Investigate hazardous conditions or spills or outbreaks of disease or food poisoning, collecting samples for analysis.","Deductive Reasoning","2","0"
"20869","Environmental Science and Protection Technicians, Including Health","Investigate hazardous conditions or spills or outbreaks of disease or food poisoning, collecting samples for analysis.","Near Vision","2","0"
"20869","Environmental Science and Protection Technicians, Including Health","Investigate hazardous conditions or spills or outbreaks of disease or food poisoning, collecting samples for analysis.","Written Comprehension","2","0"
"20869","Environmental Science and Protection Technicians, Including Health","Investigate hazardous conditions or spills or outbreaks of disease or food poisoning, collecting samples for analysis.","Selective Attention","2","0"
"20869","Environmental Science and Protection Technicians, Including Health","Investigate hazardous conditions or spills or outbreaks of disease or food poisoning, collecting samples for analysis.","Information Ordering","2","0"
"1549","Environmental Science and Protection Technicians, Including Health","Record test data and prepare reports, summaries, or charts that interpret test results.","Written Expression","3","0"
"1549","Environmental Science and Protection Technicians, Including Health","Record test data and prepare reports, summaries, or charts that interpret test results.","Information Ordering","2","0"
"1549","Environmental Science and Protection Technicians, Including Health","Record test data and prepare reports, summaries, or charts that interpret test results.","Number Facility","2","0"
"1549","Environmental Science and Protection Technicians, Including Health","Record test data and prepare reports, summaries, or charts that interpret test results.","Inductive Reasoning","2","0"
"1549","Environmental Science and Protection Technicians, Including Health","Record test data and prepare reports, summaries, or charts that interpret test results.","Visualization","2","0"
"1549","Environmental Science and Protection Technicians, Including Health","Record test data and prepare reports, summaries, or charts that interpret test results.","Selective Attention","2","0"
"1556","Environmental Science and Protection Technicians, Including Health","Prepare samples or photomicrographs for testing and analysis.","Near Vision","3","0"
"1556","Environmental Science and Protection Technicians, Including Health","Prepare samples or photomicrographs for testing and analysis.","Arm-Hand Steadiness","3","0"
"1556","Environmental Science and Protection Technicians, Including Health","Prepare samples or photomicrographs for testing and analysis.","Finger Dexterity","2","0"
"1556","Environmental Science and Protection Technicians, Including Health","Prepare samples or photomicrographs for testing and analysis.","Manual Dexterity","2","0"
"1556","Environmental Science and Protection Technicians, Including Health","Prepare samples or photomicrographs for testing and analysis.","Selective Attention","2","0"
"1556","Environmental Science and Protection Technicians, Including Health","Prepare samples or photomicrographs for testing and analysis.","Information Ordering","2","0"
"1556","Environmental Science and Protection Technicians, Including Health","Prepare samples or photomicrographs for testing and analysis.","Control Precision","2","0"
"1560","Environmental Science and Protection Technicians, Including Health","Discuss test results and analyses with customers.","Oral Expression","3","0"
"1560","Environmental Science and Protection Technicians, Including Health","Discuss test results and analyses with customers.","Oral Comprehension","3","0"
"1560","Environmental Science and Protection Technicians, Including Health","Discuss test results and analyses with customers.","Speech Clarity","2","0"
"1560","Environmental Science and Protection Technicians, Including Health","Discuss test results and analyses with customers.","Speech Recognition","2","0"
"1560","Environmental Science and Protection Technicians, Including Health","Discuss test results and analyses with customers.","Deductive Reasoning","2","0"
"1560","Environmental Science and Protection Technicians, Including Health","Discuss test results and analyses with customers.","Written Comprehension","2","0"
"1565","Environmental Science and Protection Technicians, Including Health","Inspect workplaces to ensure the absence of health and safety hazards, such as high noise levels, radiation, or potential lighting hazards.","Problem Sensitivity","3","0"
"1565","Environmental Science and Protection Technicians, Including Health","Inspect workplaces to ensure the absence of health and safety hazards, such as high noise levels, radiation, or potential lighting hazards.","Near Vision","3","0"
"1565","Environmental Science and Protection Technicians, Including Health","Inspect workplaces to ensure the absence of health and safety hazards, such as high noise levels, radiation, or potential lighting hazards.","Hearing Sensitivity","2","0"
"1565","Environmental Science and Protection Technicians, Including Health","Inspect workplaces to ensure the absence of health and safety hazards, such as high noise levels, radiation, or potential lighting hazards.","Auditory Attention","2","0"
"1565","Environmental Science and Protection Technicians, Including Health","Inspect workplaces to ensure the absence of health and safety hazards, such as high noise levels, radiation, or potential lighting hazards.","Deductive Reasoning","2","0"
"1565","Environmental Science and Protection Technicians, Including Health","Inspect workplaces to ensure the absence of health and safety hazards, such as high noise levels, radiation, or potential lighting hazards.","Selective Attention","2","0"
"1565","Environmental Science and Protection Technicians, Including Health","Inspect workplaces to ensure the absence of health and safety hazards, such as high noise levels, radiation, or potential lighting hazards.","Written Comprehension","2","0"
"1566","Environmental Science and Protection Technicians, Including Health","Weigh, analyze, or measure collected sample particles, such as lead, coal dust, or rock, to determine concentration of pollutants.","Near Vision","3","0"
"1566","Environmental Science and Protection Technicians, Including Health","Weigh, analyze, or measure collected sample particles, such as lead, coal dust, or rock, to determine concentration of pollutants.","Arm-Hand Steadiness","2","0"
"1566","Environmental Science and Protection Technicians, Including Health","Weigh, analyze, or measure collected sample particles, such as lead, coal dust, or rock, to determine concentration of pollutants.","Finger Dexterity","2","0"
"1566","Environmental Science and Protection Technicians, Including Health","Weigh, analyze, or measure collected sample particles, such as lead, coal dust, or rock, to determine concentration of pollutants.","Number Facility","2","0"
"1566","Environmental Science and Protection Technicians, Including Health","Weigh, analyze, or measure collected sample particles, such as lead, coal dust, or rock, to determine concentration of pollutants.","Selective Attention","2","0"
"1566","Environmental Science and Protection Technicians, Including Health","Weigh, analyze, or measure collected sample particles, such as lead, coal dust, or rock, to determine concentration of pollutants.","Mathematical Reasoning","2","0"
"1566","Environmental Science and Protection Technicians, Including Health","Weigh, analyze, or measure collected sample particles, such as lead, coal dust, or rock, to determine concentration of pollutants.","Problem Sensitivity","2","0"
"1553","Environmental Science and Protection Technicians, Including Health","Calibrate microscopes or test instruments.","Near Vision","3","0"
"1553","Environmental Science and Protection Technicians, Including Health","Calibrate microscopes or test instruments.","Arm-Hand Steadiness","3","0"
"1553","Environmental Science and Protection Technicians, Including Health","Calibrate microscopes or test instruments.","Finger Dexterity","2","0"
"1553","Environmental Science and Protection Technicians, Including Health","Calibrate microscopes or test instruments.","Control Precision","2","0"
"1553","Environmental Science and Protection Technicians, Including Health","Calibrate microscopes or test instruments.","Problem Sensitivity","2","0"
"1553","Environmental Science and Protection Technicians, Including Health","Calibrate microscopes or test instruments.","Deductive Reasoning","2","0"
"1552","Environmental Science and Protection Technicians, Including Health","Provide information or technical or program assistance to government representatives, employers, or the general public on the issues of public health, environmental protection, or workplace safety.","Oral Expression","3","0"
"1552","Environmental Science and Protection Technicians, Including Health","Provide information or technical or program assistance to government representatives, employers, or the general public on the issues of public health, environmental protection, or workplace safety.","Oral Comprehension","3","0"
"1552","Environmental Science and Protection Technicians, Including Health","Provide information or technical or program assistance to government representatives, employers, or the general public on the issues of public health, environmental protection, or workplace safety.","Written Comprehension","2","0"
"1552","Environmental Science and Protection Technicians, Including Health","Provide information or technical or program assistance to government representatives, employers, or the general public on the issues of public health, environmental protection, or workplace safety.","Written Expression","2","0"
"1552","Environmental Science and Protection Technicians, Including Health","Provide information or technical or program assistance to government representatives, employers, or the general public on the issues of public health, environmental protection, or workplace safety.","Speech Clarity","2","0"
"1552","Environmental Science and Protection Technicians, Including Health","Provide information or technical or program assistance to government representatives, employers, or the general public on the issues of public health, environmental protection, or workplace safety.","Deductive Reasoning","2","0"
"1561","Environmental Science and Protection Technicians, Including Health","Maintain files, such as hazardous waste databases, chemical usage data, personnel exposure information, or diagrams showing equipment locations.","Written Comprehension","2","0"
"1561","Environmental Science and Protection Technicians, Including Health","Maintain files, such as hazardous waste databases, chemical usage data, personnel exposure information, or diagrams showing equipment locations.","Information Ordering","3","0"
"1561","Environmental Science and Protection Technicians, Including Health","Maintain files, such as hazardous waste databases, chemical usage data, personnel exposure information, or diagrams showing equipment locations.","Selective Attention","2","0"
"1561","Environmental Science and Protection Technicians, Including Health","Maintain files, such as hazardous waste databases, chemical usage data, personnel exposure information, or diagrams showing equipment locations.","Written Expression","2","0"
"1561","Environmental Science and Protection Technicians, Including Health","Maintain files, such as hazardous waste databases, chemical usage data, personnel exposure information, or diagrams showing equipment locations.","Number Facility","1","0"
"1563","Environmental Science and Protection Technicians, Including Health","Set up equipment or stations to monitor and collect pollutants from sites, such as smoke stacks, manufacturing plants, or mechanical equipment.","Problem Sensitivity","3","0"
"1563","Environmental Science and Protection Technicians, Including Health","Set up equipment or stations to monitor and collect pollutants from sites, such as smoke stacks, manufacturing plants, or mechanical equipment.","Manual Dexterity","2","0"
"1563","Environmental Science and Protection Technicians, Including Health","Set up equipment or stations to monitor and collect pollutants from sites, such as smoke stacks, manufacturing plants, or mechanical equipment.","Arm-Hand Steadiness","2","0"
"1563","Environmental Science and Protection Technicians, Including Health","Set up equipment or stations to monitor and collect pollutants from sites, such as smoke stacks, manufacturing plants, or mechanical equipment.","Deductive Reasoning","2","0"
"1563","Environmental Science and Protection Technicians, Including Health","Set up equipment or stations to monitor and collect pollutants from sites, such as smoke stacks, manufacturing plants, or mechanical equipment.","Near Vision","2","0"
"1563","Environmental Science and Protection Technicians, Including Health","Set up equipment or stations to monitor and collect pollutants from sites, such as smoke stacks, manufacturing plants, or mechanical equipment.","Selective Attention","2","0"
"1563","Environmental Science and Protection Technicians, Including Health","Set up equipment or stations to monitor and collect pollutants from sites, such as smoke stacks, manufacturing plants, or mechanical equipment.","Gross Body Coordination","1","0"
"1570","Environmental Science and Protection Technicians, Including Health","Develop or implement programs for monitoring of environmental pollution or radiation.","Inductive Reasoning","3","0"
"1570","Environmental Science and Protection Technicians, Including Health","Develop or implement programs for monitoring of environmental pollution or radiation.","Problem Sensitivity","3","0"
"1570","Environmental Science and Protection Technicians, Including Health","Develop or implement programs for monitoring of environmental pollution or radiation.","Deductive Reasoning","2","0"
"1570","Environmental Science and Protection Technicians, Including Health","Develop or implement programs for monitoring of environmental pollution or radiation.","Written Expression","2","0"
"1570","Environmental Science and Protection Technicians, Including Health","Develop or implement programs for monitoring of environmental pollution or radiation.","Information Ordering","2","0"
"1570","Environmental Science and Protection Technicians, Including Health","Develop or implement programs for monitoring of environmental pollution or radiation.","Originality","2","0"
"19799","Environmental Science and Protection Technicians, Including Health","Monitor emission control devices to ensure they are operating properly and comply with state and federal regulations.","Selective Attention","3","0"
"19799","Environmental Science and Protection Technicians, Including Health","Monitor emission control devices to ensure they are operating properly and comply with state and federal regulations.","Problem Sensitivity","3","0"
"19799","Environmental Science and Protection Technicians, Including Health","Monitor emission control devices to ensure they are operating properly and comply with state and federal regulations.","Near Vision","2","0"
"19799","Environmental Science and Protection Technicians, Including Health","Monitor emission control devices to ensure they are operating properly and comply with state and federal regulations.","Deductive Reasoning","2","0"
"19799","Environmental Science and Protection Technicians, Including Health","Monitor emission control devices to ensure they are operating properly and comply with state and federal regulations.","Written Comprehension","2","0"
"19799","Environmental Science and Protection Technicians, Including Health","Monitor emission control devices to ensure they are operating properly and comply with state and federal regulations.","Time Sharing","1","0"
"1554","Environmental Science and Protection Technicians, Including Health","Make recommendations to control or eliminate unsafe conditions at workplaces or public facilities.","Problem Sensitivity","3","0"
"1554","Environmental Science and Protection Technicians, Including Health","Make recommendations to control or eliminate unsafe conditions at workplaces or public facilities.","Inductive Reasoning","3","0"
"1554","Environmental Science and Protection Technicians, Including Health","Make recommendations to control or eliminate unsafe conditions at workplaces or public facilities.","Oral Expression","2","0"
"1554","Environmental Science and Protection Technicians, Including Health","Make recommendations to control or eliminate unsafe conditions at workplaces or public facilities.","Written Expression","2","0"
"1554","Environmental Science and Protection Technicians, Including Health","Make recommendations to control or eliminate unsafe conditions at workplaces or public facilities.","Deductive Reasoning","2","0"
"1554","Environmental Science and Protection Technicians, Including Health","Make recommendations to control or eliminate unsafe conditions at workplaces or public facilities.","Fluency of Ideas","2","0"
"1557","Environmental Science and Protection Technicians, Including Health","Calculate amount of pollutant in samples or compute air pollution or gas flow in industrial processes, using chemical and mathematical formulas.","Mathematical Reasoning","3","0"
"1557","Environmental Science and Protection Technicians, Including Health","Calculate amount of pollutant in samples or compute air pollution or gas flow in industrial processes, using chemical and mathematical formulas.","Number Facility","3","0"
"1557","Environmental Science and Protection Technicians, Including Health","Calculate amount of pollutant in samples or compute air pollution or gas flow in industrial processes, using chemical and mathematical formulas.","Deductive Reasoning","2","0"
"1557","Environmental Science and Protection Technicians, Including Health","Calculate amount of pollutant in samples or compute air pollution or gas flow in industrial processes, using chemical and mathematical formulas.","Written Comprehension","2","0"
"1557","Environmental Science and Protection Technicians, Including Health","Calculate amount of pollutant in samples or compute air pollution or gas flow in industrial processes, using chemical and mathematical formulas.","Selective Attention","2","0"
"1557","Environmental Science and Protection Technicians, Including Health","Calculate amount of pollutant in samples or compute air pollution or gas flow in industrial processes, using chemical and mathematical formulas.","Information Ordering","2","0"
"20871","Environmental Science and Protection Technicians, Including Health","Develop testing procedures.","Inductive Reasoning","3","0"
"20871","Environmental Science and Protection Technicians, Including Health","Develop testing procedures.","Originality","2","0"
"20871","Environmental Science and Protection Technicians, Including Health","Develop testing procedures.","Problem Sensitivity","3","0"
"20871","Environmental Science and Protection Technicians, Including Health","Develop testing procedures.","Deductive Reasoning","2","0"
"20871","Environmental Science and Protection Technicians, Including Health","Develop testing procedures.","Written Expression","2","0"
"20871","Environmental Science and Protection Technicians, Including Health","Develop testing procedures.","Information Ordering","2","0"
"1562","Environmental Science and Protection Technicians, Including Health","Perform statistical analysis of environmental data.","Mathematical Reasoning","3","0"
"1562","Environmental Science and Protection Technicians, Including Health","Perform statistical analysis of environmental data.","Number Facility","3","0"
"1562","Environmental Science and Protection Technicians, Including Health","Perform statistical analysis of environmental data.","Inductive Reasoning","3","0"
"1562","Environmental Science and Protection Technicians, Including Health","Perform statistical analysis of environmental data.","Deductive Reasoning","2","0"
"1562","Environmental Science and Protection Technicians, Including Health","Perform statistical analysis of environmental data.","Written Comprehension","2","0"
"1562","Environmental Science and Protection Technicians, Including Health","Perform statistical analysis of environmental data.","Information Ordering","2","0"
"19798","Environmental Science and Protection Technicians, Including Health","Develop or implement site recycling or hazardous waste stream programs.","Problem Sensitivity","3","0"
"19798","Environmental Science and Protection Technicians, Including Health","Develop or implement site recycling or hazardous waste stream programs.","Inductive Reasoning","2","0"
"19798","Environmental Science and Protection Technicians, Including Health","Develop or implement site recycling or hazardous waste stream programs.","Information Ordering","2","0"
"19798","Environmental Science and Protection Technicians, Including Health","Develop or implement site recycling or hazardous waste stream programs.","Written Expression","2","0"
"19798","Environmental Science and Protection Technicians, Including Health","Develop or implement site recycling or hazardous waste stream programs.","Deductive Reasoning","2","0"
"19798","Environmental Science and Protection Technicians, Including Health","Develop or implement site recycling or hazardous waste stream programs.","Oral Expression","2","0"
"20870","Environmental Science and Protection Technicians, Including Health","Direct activities of workers in laboratory.","Oral Expression","3","0"
"20870","Environmental Science and Protection Technicians, Including Health","Direct activities of workers in laboratory.","Oral Comprehension","2","0"
"20870","Environmental Science and Protection Technicians, Including Health","Direct activities of workers in laboratory.","Problem Sensitivity","2","0"
"20870","Environmental Science and Protection Technicians, Including Health","Direct activities of workers in laboratory.","Information Ordering","2","0"
"20870","Environmental Science and Protection Technicians, Including Health","Direct activities of workers in laboratory.","Speech Clarity","2","0"
"20870","Environmental Science and Protection Technicians, Including Health","Direct activities of workers in laboratory.","Time Sharing","2","0"
"19797","Environmental Science and Protection Technicians, Including Health","Analyze potential environmental impacts of production process changes, and recommend steps to mitigate negative impacts.","Inductive Reasoning","3","0"
"19797","Environmental Science and Protection Technicians, Including Health","Analyze potential environmental impacts of production process changes, and recommend steps to mitigate negative impacts.","Problem Sensitivity","3","0"
"19797","Environmental Science and Protection Technicians, Including Health","Analyze potential environmental impacts of production process changes, and recommend steps to mitigate negative impacts.","Deductive Reasoning","2","0"
"19797","Environmental Science and Protection Technicians, Including Health","Analyze potential environmental impacts of production process changes, and recommend steps to mitigate negative impacts.","Written Expression","2","0"
"19797","Environmental Science and Protection Technicians, Including Health","Analyze potential environmental impacts of production process changes, and recommend steps to mitigate negative impacts.","Mathematical Reasoning","2","0"
"19797","Environmental Science and Protection Technicians, Including Health","Analyze potential environmental impacts of production process changes, and recommend steps to mitigate negative impacts.","Category Flexibility","2","0"
"19797","Environmental Science and Protection Technicians, Including Health","Analyze potential environmental impacts of production process changes, and recommend steps to mitigate negative impacts.","Written Comprehension","2","0"
"1558","Environmental Science and Protection Technicians, Including Health","Initiate procedures to close down or fine establishments violating environmental or health regulations.","Deductive Reasoning","3","0"
"1558","Environmental Science and Protection Technicians, Including Health","Initiate procedures to close down or fine establishments violating environmental or health regulations.","Written Comprehension","3","0"
"1558","Environmental Science and Protection Technicians, Including Health","Initiate procedures to close down or fine establishments violating environmental or health regulations.","Written Expression","2","0"
"1558","Environmental Science and Protection Technicians, Including Health","Initiate procedures to close down or fine establishments violating environmental or health regulations.","Problem Sensitivity","2","0"
"1558","Environmental Science and Protection Technicians, Including Health","Initiate procedures to close down or fine establishments violating environmental or health regulations.","Oral Expression","2","0"
"1558","Environmental Science and Protection Technicians, Including Health","Initiate procedures to close down or fine establishments violating environmental or health regulations.","Information Ordering","2","0"
"1555","Environmental Science and Protection Technicians, Including Health","Inspect sanitary conditions at public facilities.","Near Vision","3","0"
"1555","Environmental Science and Protection Technicians, Including Health","Inspect sanitary conditions at public facilities.","Problem Sensitivity","3","0"
"1555","Environmental Science and Protection Technicians, Including Health","Inspect sanitary conditions at public facilities.","Deductive Reasoning","2","0"
"1555","Environmental Science and Protection Technicians, Including Health","Inspect sanitary conditions at public facilities.","Written Comprehension","2","0"
"1555","Environmental Science and Protection Technicians, Including Health","Inspect sanitary conditions at public facilities.","Selective Attention","2","0"
"1555","Environmental Science and Protection Technicians, Including Health","Inspect sanitary conditions at public facilities.","Perceptual Speed","2","0"
"1559","Environmental Science and Protection Technicians, Including Health","Determine amounts and kinds of chemicals to use in destroying harmful organisms or removing impurities from purification systems.","Deductive Reasoning","3","0"
"1559","Environmental Science and Protection Technicians, Including Health","Determine amounts and kinds of chemicals to use in destroying harmful organisms or removing impurities from purification systems.","Inductive Reasoning","3","0"
"1559","Environmental Science and Protection Technicians, Including Health","Determine amounts and kinds of chemicals to use in destroying harmful organisms or removing impurities from purification systems.","Mathematical Reasoning","2","0"
"1559","Environmental Science and Protection Technicians, Including Health","Determine amounts and kinds of chemicals to use in destroying harmful organisms or removing impurities from purification systems.","Number Facility","2","0"
"1559","Environmental Science and Protection Technicians, Including Health","Determine amounts and kinds of chemicals to use in destroying harmful organisms or removing impurities from purification systems.","Written Comprehension","2","0"
"1559","Environmental Science and Protection Technicians, Including Health","Determine amounts and kinds of chemicals to use in destroying harmful organisms or removing impurities from purification systems.","Problem Sensitivity","2","0"
"1567","Environmental Science and Protection Technicians, Including Health","Examine and analyze material for presence and concentration of contaminants, such as asbestos, using variety of microscopes.","Near Vision","3","0"
"1567","Environmental Science and Protection Technicians, Including Health","Examine and analyze material for presence and concentration of contaminants, such as asbestos, using variety of microscopes.","Selective Attention","3","0"
"1567","Environmental Science and Protection Technicians, Including Health","Examine and analyze material for presence and concentration of contaminants, such as asbestos, using variety of microscopes.","Perceptual Speed","3","0"
"1567","Environmental Science and Protection Technicians, Including Health","Examine and analyze material for presence and concentration of contaminants, such as asbestos, using variety of microscopes.","Speed of Closure","2","0"
"1567","Environmental Science and Protection Technicians, Including Health","Examine and analyze material for presence and concentration of contaminants, such as asbestos, using variety of microscopes.","Flexibility of Closure","2","0"
"1567","Environmental Science and Protection Technicians, Including Health","Examine and analyze material for presence and concentration of contaminants, such as asbestos, using variety of microscopes.","Problem Sensitivity","2","0"
"1567","Environmental Science and Protection Technicians, Including Health","Examine and analyze material for presence and concentration of contaminants, such as asbestos, using variety of microscopes.","Inductive Reasoning","2","0"
"1564","Environmental Science and Protection Technicians, Including Health","Distribute permits, closure plans, or cleanup plans.","Information Ordering","2","0"
"1564","Environmental Science and Protection Technicians, Including Health","Distribute permits, closure plans, or cleanup plans.","Written Comprehension","2","0"
"1564","Environmental Science and Protection Technicians, Including Health","Distribute permits, closure plans, or cleanup plans.","Written Expression","2","0"
"1564","Environmental Science and Protection Technicians, Including Health","Distribute permits, closure plans, or cleanup plans.","Oral Comprehension","1","0"
"1564","Environmental Science and Protection Technicians, Including Health","Distribute permits, closure plans, or cleanup plans.","Deductive Reasoning","1","0"
"22262","Geological Technicians, Except Hydrologic Technicians","Test and analyze samples to determine their content and characteristics, using laboratory apparatus or testing equipment.","Inductive Reasoning","3","0"
"22262","Geological Technicians, Except Hydrologic Technicians","Test and analyze samples to determine their content and characteristics, using laboratory apparatus or testing equipment.","Problem Sensitivity","3","0"
"22262","Geological Technicians, Except Hydrologic Technicians","Test and analyze samples to determine their content and characteristics, using laboratory apparatus or testing equipment.","Near Vision","2","0"
"22262","Geological Technicians, Except Hydrologic Technicians","Test and analyze samples to determine their content and characteristics, using laboratory apparatus or testing equipment.","Arm-Hand Steadiness","2","0"
"22262","Geological Technicians, Except Hydrologic Technicians","Test and analyze samples to determine their content and characteristics, using laboratory apparatus or testing equipment.","Finger Dexterity","2","0"
"22262","Geological Technicians, Except Hydrologic Technicians","Test and analyze samples to determine their content and characteristics, using laboratory apparatus or testing equipment.","Selective Attention","2","0"
"22262","Geological Technicians, Except Hydrologic Technicians","Test and analyze samples to determine their content and characteristics, using laboratory apparatus or testing equipment.","Written Comprehension","2","0"
"22263","Geological Technicians, Except Hydrologic Technicians","Collect or prepare solid or fluid samples for analysis.","Near Vision","2","0"
"22263","Geological Technicians, Except Hydrologic Technicians","Collect or prepare solid or fluid samples for analysis.","Manual Dexterity","2","0"
"22263","Geological Technicians, Except Hydrologic Technicians","Collect or prepare solid or fluid samples for analysis.","Arm-Hand Steadiness","2","0"
"22263","Geological Technicians, Except Hydrologic Technicians","Collect or prepare solid or fluid samples for analysis.","Selective Attention","2","0"
"22263","Geological Technicians, Except Hydrologic Technicians","Collect or prepare solid or fluid samples for analysis.","Information Ordering","2","0"
"22263","Geological Technicians, Except Hydrologic Technicians","Collect or prepare solid or fluid samples for analysis.","Problem Sensitivity","2","0"
"22264","Geological Technicians, Except Hydrologic Technicians","Compile, log, or record testing or operational data for review and further analysis.","Written Expression","3","0"
"22264","Geological Technicians, Except Hydrologic Technicians","Compile, log, or record testing or operational data for review and further analysis.","Information Ordering","3","0"
"22264","Geological Technicians, Except Hydrologic Technicians","Compile, log, or record testing or operational data for review and further analysis.","Selective Attention","2","0"
"22264","Geological Technicians, Except Hydrologic Technicians","Compile, log, or record testing or operational data for review and further analysis.","Number Facility","2","0"
"22264","Geological Technicians, Except Hydrologic Technicians","Compile, log, or record testing or operational data for review and further analysis.","Perceptual Speed","2","0"
"22265","Geological Technicians, Except Hydrologic Technicians","Prepare notes, sketches, geological maps, or cross-sections.","Visualization","3","0"
"22265","Geological Technicians, Except Hydrologic Technicians","Prepare notes, sketches, geological maps, or cross-sections.","Spatial Orientation","3","0"
"22265","Geological Technicians, Except Hydrologic Technicians","Prepare notes, sketches, geological maps, or cross-sections.","Written Expression","2","0"
"22265","Geological Technicians, Except Hydrologic Technicians","Prepare notes, sketches, geological maps, or cross-sections.","Near Vision","2","0"
"22265","Geological Technicians, Except Hydrologic Technicians","Prepare notes, sketches, geological maps, or cross-sections.","Arm-Hand Steadiness","2","0"
"22265","Geological Technicians, Except Hydrologic Technicians","Prepare notes, sketches, geological maps, or cross-sections.","Finger Dexterity","2","0"
"22266","Geological Technicians, Except Hydrologic Technicians","Participate in geological, geophysical, geochemical, hydrographic, or oceanographic surveys, prospecting field trips, exploratory drilling, well logging, or underground mine survey programs.","Inductive Reasoning","2","0"
"22266","Geological Technicians, Except Hydrologic Technicians","Participate in geological, geophysical, geochemical, hydrographic, or oceanographic surveys, prospecting field trips, exploratory drilling, well logging, or underground mine survey programs.","Gross Body Coordination","2","0"
"22266","Geological Technicians, Except Hydrologic Technicians","Participate in geological, geophysical, geochemical, hydrographic, or oceanographic surveys, prospecting field trips, exploratory drilling, well logging, or underground mine survey programs.","Gross Body Equilibrium","2","0"
"22266","Geological Technicians, Except Hydrologic Technicians","Participate in geological, geophysical, geochemical, hydrographic, or oceanographic surveys, prospecting field trips, exploratory drilling, well logging, or underground mine survey programs.","Stamina","2","0"
"22266","Geological Technicians, Except Hydrologic Technicians","Participate in geological, geophysical, geochemical, hydrographic, or oceanographic surveys, prospecting field trips, exploratory drilling, well logging, or underground mine survey programs.","Near Vision","2","0"
"22266","Geological Technicians, Except Hydrologic Technicians","Participate in geological, geophysical, geochemical, hydrographic, or oceanographic surveys, prospecting field trips, exploratory drilling, well logging, or underground mine survey programs.","Far Vision","2","0"
"22266","Geological Technicians, Except Hydrologic Technicians","Participate in geological, geophysical, geochemical, hydrographic, or oceanographic surveys, prospecting field trips, exploratory drilling, well logging, or underground mine survey programs.","Problem Sensitivity","2","0"
"22266","Geological Technicians, Except Hydrologic Technicians","Participate in geological, geophysical, geochemical, hydrographic, or oceanographic surveys, prospecting field trips, exploratory drilling, well logging, or underground mine survey programs.","Spatial Orientation","2","0"
"22267","Geological Technicians, Except Hydrologic Technicians","Prepare or review professional, technical, or other reports regarding sampling, testing, or recommendations of data analysis.","Written Expression","3","0"
"22267","Geological Technicians, Except Hydrologic Technicians","Prepare or review professional, technical, or other reports regarding sampling, testing, or recommendations of data analysis.","Written Comprehension","3","0"
"22267","Geological Technicians, Except Hydrologic Technicians","Prepare or review professional, technical, or other reports regarding sampling, testing, or recommendations of data analysis.","Information Ordering","2","0"
"22267","Geological Technicians, Except Hydrologic Technicians","Prepare or review professional, technical, or other reports regarding sampling, testing, or recommendations of data analysis.","Inductive Reasoning","2","0"
"22267","Geological Technicians, Except Hydrologic Technicians","Prepare or review professional, technical, or other reports regarding sampling, testing, or recommendations of data analysis.","Deductive Reasoning","2","0"
"22268","Geological Technicians, Except Hydrologic Technicians","Adjust or repair testing, electrical, or mechanical equipment or devices.","Problem Sensitivity","3","0"
"22268","Geological Technicians, Except Hydrologic Technicians","Adjust or repair testing, electrical, or mechanical equipment or devices.","Deductive Reasoning","2","0"
"22268","Geological Technicians, Except Hydrologic Technicians","Adjust or repair testing, electrical, or mechanical equipment or devices.","Manual Dexterity","2","0"
"22268","Geological Technicians, Except Hydrologic Technicians","Adjust or repair testing, electrical, or mechanical equipment or devices.","Finger Dexterity","2","0"
"22268","Geological Technicians, Except Hydrologic Technicians","Adjust or repair testing, electrical, or mechanical equipment or devices.","Arm-Hand Steadiness","2","0"
"22268","Geological Technicians, Except Hydrologic Technicians","Adjust or repair testing, electrical, or mechanical equipment or devices.","Near Vision","2","0"
"22268","Geological Technicians, Except Hydrologic Technicians","Adjust or repair testing, electrical, or mechanical equipment or devices.","Control Precision","2","0"
"22269","Geological Technicians, Except Hydrologic Technicians","Read and study reports in order to compile information and data for geological and geophysical prospecting.","Written Comprehension","3","0"
"22269","Geological Technicians, Except Hydrologic Technicians","Read and study reports in order to compile information and data for geological and geophysical prospecting.","Inductive Reasoning","2","0"
"22269","Geological Technicians, Except Hydrologic Technicians","Read and study reports in order to compile information and data for geological and geophysical prospecting.","Information Ordering","2","0"
"22269","Geological Technicians, Except Hydrologic Technicians","Read and study reports in order to compile information and data for geological and geophysical prospecting.","Deductive Reasoning","2","0"
"22269","Geological Technicians, Except Hydrologic Technicians","Read and study reports in order to compile information and data for geological and geophysical prospecting.","Selective Attention","2","0"
"22269","Geological Technicians, Except Hydrologic Technicians","Read and study reports in order to compile information and data for geological and geophysical prospecting.","Written Expression","2","0"
"22270","Geological Technicians, Except Hydrologic Technicians","Interview individuals, and research public databases in order to obtain information.","Oral Comprehension","3","0"
"22270","Geological Technicians, Except Hydrologic Technicians","Interview individuals, and research public databases in order to obtain information.","Oral Expression","2","0"
"22270","Geological Technicians, Except Hydrologic Technicians","Interview individuals, and research public databases in order to obtain information.","Written Comprehension","2","0"
"22270","Geological Technicians, Except Hydrologic Technicians","Interview individuals, and research public databases in order to obtain information.","Speech Recognition","2","0"
"22270","Geological Technicians, Except Hydrologic Technicians","Interview individuals, and research public databases in order to obtain information.","Information Ordering","2","0"
"22270","Geological Technicians, Except Hydrologic Technicians","Interview individuals, and research public databases in order to obtain information.","Selective Attention","2","0"
"22271","Geological Technicians, Except Hydrologic Technicians","Plot information from aerial photographs, well logs, section descriptions, or other databases.","Visualization","3","0"
"22271","Geological Technicians, Except Hydrologic Technicians","Plot information from aerial photographs, well logs, section descriptions, or other databases.","Spatial Orientation","3","0"
"22271","Geological Technicians, Except Hydrologic Technicians","Plot information from aerial photographs, well logs, section descriptions, or other databases.","Near Vision","2","0"
"22271","Geological Technicians, Except Hydrologic Technicians","Plot information from aerial photographs, well logs, section descriptions, or other databases.","Deductive Reasoning","2","0"
"22271","Geological Technicians, Except Hydrologic Technicians","Plot information from aerial photographs, well logs, section descriptions, or other databases.","Inductive Reasoning","2","0"
"22271","Geological Technicians, Except Hydrologic Technicians","Plot information from aerial photographs, well logs, section descriptions, or other databases.","Information Ordering","2","0"
"22272","Geological Technicians, Except Hydrologic Technicians","Assemble, maintain, or distribute information for library or record systems.","Information Ordering","3","0"
"22272","Geological Technicians, Except Hydrologic Technicians","Assemble, maintain, or distribute information for library or record systems.","Written Comprehension","2","0"
"22272","Geological Technicians, Except Hydrologic Technicians","Assemble, maintain, or distribute information for library or record systems.","Selective Attention","2","0"
"22272","Geological Technicians, Except Hydrologic Technicians","Assemble, maintain, or distribute information for library or record systems.","Written Expression","2","0"
"22273","Geological Technicians, Except Hydrologic Technicians","Operate or adjust equipment or apparatus used to obtain geological data.","Control Precision","3","0"
"22273","Geological Technicians, Except Hydrologic Technicians","Operate or adjust equipment or apparatus used to obtain geological data.","Selective Attention","3","0"
"22273","Geological Technicians, Except Hydrologic Technicians","Operate or adjust equipment or apparatus used to obtain geological data.","Near Vision","2","0"
"22273","Geological Technicians, Except Hydrologic Technicians","Operate or adjust equipment or apparatus used to obtain geological data.","Problem Sensitivity","2","0"
"22273","Geological Technicians, Except Hydrologic Technicians","Operate or adjust equipment or apparatus used to obtain geological data.","Manual Dexterity","2","0"
"22273","Geological Technicians, Except Hydrologic Technicians","Operate or adjust equipment or apparatus used to obtain geological data.","Deductive Reasoning","2","0"
"22274","Geological Technicians, Except Hydrologic Technicians","Plan and direct activities of workers who operate equipment to collect data.","Oral Expression","3","0"
"22274","Geological Technicians, Except Hydrologic Technicians","Plan and direct activities of workers who operate equipment to collect data.","Deductive Reasoning","2","0"
"22274","Geological Technicians, Except Hydrologic Technicians","Plan and direct activities of workers who operate equipment to collect data.","Information Ordering","2","0"
"22274","Geological Technicians, Except Hydrologic Technicians","Plan and direct activities of workers who operate equipment to collect data.","Problem Sensitivity","2","0"
"22274","Geological Technicians, Except Hydrologic Technicians","Plan and direct activities of workers who operate equipment to collect data.","Written Comprehension","2","0"
"22274","Geological Technicians, Except Hydrologic Technicians","Plan and direct activities of workers who operate equipment to collect data.","Speech Clarity","2","0"
"22275","Geological Technicians, Except Hydrologic Technicians","Set up or direct set-up of instruments used to collect geological data.","Deductive Reasoning","2","0"
"22275","Geological Technicians, Except Hydrologic Technicians","Set up or direct set-up of instruments used to collect geological data.","Manual Dexterity","2","0"
"22275","Geological Technicians, Except Hydrologic Technicians","Set up or direct set-up of instruments used to collect geological data.","Problem Sensitivity","2","0"
"22275","Geological Technicians, Except Hydrologic Technicians","Set up or direct set-up of instruments used to collect geological data.","Information Ordering","2","0"
"22275","Geological Technicians, Except Hydrologic Technicians","Set up or direct set-up of instruments used to collect geological data.","Near Vision","2","0"
"22275","Geological Technicians, Except Hydrologic Technicians","Set up or direct set-up of instruments used to collect geological data.","Oral Expression","2","0"
"22276","Geological Technicians, Except Hydrologic Technicians","Record readings in order to compile data used in prospecting for oil or gas.","Written Expression","2","0"
"22276","Geological Technicians, Except Hydrologic Technicians","Record readings in order to compile data used in prospecting for oil or gas.","Information Ordering","2","0"
"22276","Geological Technicians, Except Hydrologic Technicians","Record readings in order to compile data used in prospecting for oil or gas.","Selective Attention","2","0"
"22276","Geological Technicians, Except Hydrologic Technicians","Record readings in order to compile data used in prospecting for oil or gas.","Near Vision","2","0"
"22276","Geological Technicians, Except Hydrologic Technicians","Record readings in order to compile data used in prospecting for oil or gas.","Perceptual Speed","2","0"
"22277","Geological Technicians, Except Hydrologic Technicians","Create photographic recordings of information, using equipment.","Control Precision","2","0"
"22277","Geological Technicians, Except Hydrologic Technicians","Create photographic recordings of information, using equipment.","Near Vision","2","0"
"22277","Geological Technicians, Except Hydrologic Technicians","Create photographic recordings of information, using equipment.","Arm-Hand Steadiness","2","0"
"22277","Geological Technicians, Except Hydrologic Technicians","Create photographic recordings of information, using equipment.","Manual Dexterity","2","0"
"22277","Geological Technicians, Except Hydrologic Technicians","Create photographic recordings of information, using equipment.","Selective Attention","2","0"
"22277","Geological Technicians, Except Hydrologic Technicians","Create photographic recordings of information, using equipment.","Information Ordering","2","0"
"22278","Geological Technicians, Except Hydrologic Technicians","Measure geological characteristics used in prospecting for oil or gas, using measuring instruments.","Near Vision","3","0"
"22278","Geological Technicians, Except Hydrologic Technicians","Measure geological characteristics used in prospecting for oil or gas, using measuring instruments.","Arm-Hand Steadiness","2","0"
"22278","Geological Technicians, Except Hydrologic Technicians","Measure geological characteristics used in prospecting for oil or gas, using measuring instruments.","Finger Dexterity","2","0"
"22278","Geological Technicians, Except Hydrologic Technicians","Measure geological characteristics used in prospecting for oil or gas, using measuring instruments.","Number Facility","2","0"
"22278","Geological Technicians, Except Hydrologic Technicians","Measure geological characteristics used in prospecting for oil or gas, using measuring instruments.","Selective Attention","2","0"
"22278","Geological Technicians, Except Hydrologic Technicians","Measure geological characteristics used in prospecting for oil or gas, using measuring instruments.","Mathematical Reasoning","2","0"
"22279","Geological Technicians, Except Hydrologic Technicians","Participate in the evaluation of possible mining locations.","Inductive Reasoning","3","0"
"22279","Geological Technicians, Except Hydrologic Technicians","Participate in the evaluation of possible mining locations.","Deductive Reasoning","2","0"
"22279","Geological Technicians, Except Hydrologic Technicians","Participate in the evaluation of possible mining locations.","Problem Sensitivity","2","0"
"22279","Geological Technicians, Except Hydrologic Technicians","Participate in the evaluation of possible mining locations.","Spatial Orientation","2","0"
"22279","Geological Technicians, Except Hydrologic Technicians","Participate in the evaluation of possible mining locations.","Written Comprehension","2","0"
"22279","Geological Technicians, Except Hydrologic Technicians","Participate in the evaluation of possible mining locations.","Far Vision","1","0"
"22280","Geological Technicians, Except Hydrologic Technicians","Assess the environmental impacts of development projects on subsurface materials.","Inductive Reasoning","3","0"
"22280","Geological Technicians, Except Hydrologic Technicians","Assess the environmental impacts of development projects on subsurface materials.","Deductive Reasoning","2","0"
"22280","Geological Technicians, Except Hydrologic Technicians","Assess the environmental impacts of development projects on subsurface materials.","Problem Sensitivity","3","0"
"22280","Geological Technicians, Except Hydrologic Technicians","Assess the environmental impacts of development projects on subsurface materials.","Written Comprehension","2","0"
"22280","Geological Technicians, Except Hydrologic Technicians","Assess the environmental impacts of development projects on subsurface materials.","Mathematical Reasoning","2","0"
"22280","Geological Technicians, Except Hydrologic Technicians","Assess the environmental impacts of development projects on subsurface materials.","Written Expression","2","0"
"22281","Geological Technicians, Except Hydrologic Technicians","Evaluate and interpret core samples and cuttings, and other geological data used in prospecting for oil or gas.","Inductive Reasoning","3","0"
"22281","Geological Technicians, Except Hydrologic Technicians","Evaluate and interpret core samples and cuttings, and other geological data used in prospecting for oil or gas.","Problem Sensitivity","3","0"
"22281","Geological Technicians, Except Hydrologic Technicians","Evaluate and interpret core samples and cuttings, and other geological data used in prospecting for oil or gas.","Near Vision","3","0"
"22281","Geological Technicians, Except Hydrologic Technicians","Evaluate and interpret core samples and cuttings, and other geological data used in prospecting for oil or gas.","Deductive Reasoning","2","0"
"22281","Geological Technicians, Except Hydrologic Technicians","Evaluate and interpret core samples and cuttings, and other geological data used in prospecting for oil or gas.","Category Flexibility","2","0"
"22281","Geological Technicians, Except Hydrologic Technicians","Evaluate and interpret core samples and cuttings, and other geological data used in prospecting for oil or gas.","Visualization","2","0"
"22281","Geological Technicians, Except Hydrologic Technicians","Evaluate and interpret core samples and cuttings, and other geological data used in prospecting for oil or gas.","Written Comprehension","2","0"
"22282","Geological Technicians, Except Hydrologic Technicians","Supervise well exploration, drilling activities, or well completions.","Oral Expression","3","0"
"22282","Geological Technicians, Except Hydrologic Technicians","Supervise well exploration, drilling activities, or well completions.","Problem Sensitivity","3","0"
"22282","Geological Technicians, Except Hydrologic Technicians","Supervise well exploration, drilling activities, or well completions.","Deductive Reasoning","2","0"
"22282","Geological Technicians, Except Hydrologic Technicians","Supervise well exploration, drilling activities, or well completions.","Far Vision","2","0"
"22282","Geological Technicians, Except Hydrologic Technicians","Supervise well exploration, drilling activities, or well completions.","Near Vision","2","0"
"22282","Geological Technicians, Except Hydrologic Technicians","Supervise well exploration, drilling activities, or well completions.","Selective Attention","2","0"
"22282","Geological Technicians, Except Hydrologic Technicians","Supervise well exploration, drilling activities, or well completions.","Speech Clarity","2","0"
"22283","Geological Technicians, Except Hydrologic Technicians","Inspect engines for wear or defective parts, using equipment or measuring devices.","Near Vision","3","0"
"22283","Geological Technicians, Except Hydrologic Technicians","Inspect engines for wear or defective parts, using equipment or measuring devices.","Problem Sensitivity","3","0"
"22283","Geological Technicians, Except Hydrologic Technicians","Inspect engines for wear or defective parts, using equipment or measuring devices.","Deductive Reasoning","2","0"
"22283","Geological Technicians, Except Hydrologic Technicians","Inspect engines for wear or defective parts, using equipment or measuring devices.","Selective Attention","2","0"
"22283","Geological Technicians, Except Hydrologic Technicians","Inspect engines for wear or defective parts, using equipment or measuring devices.","Arm-Hand Steadiness","2","0"
"22283","Geological Technicians, Except Hydrologic Technicians","Inspect engines for wear or defective parts, using equipment or measuring devices.","Finger Dexterity","2","0"
"22283","Geological Technicians, Except Hydrologic Technicians","Inspect engines for wear or defective parts, using equipment or measuring devices.","Perceptual Speed","2","0"
"22285","Geological Technicians, Except Hydrologic Technicians","Collaborate with hydrogeologists to evaluate groundwater or well circulation.","Oral Comprehension","3","0"
"22285","Geological Technicians, Except Hydrologic Technicians","Collaborate with hydrogeologists to evaluate groundwater or well circulation.","Oral Expression","2","0"
"22285","Geological Technicians, Except Hydrologic Technicians","Collaborate with hydrogeologists to evaluate groundwater or well circulation.","Inductive Reasoning","2","0"
"22285","Geological Technicians, Except Hydrologic Technicians","Collaborate with hydrogeologists to evaluate groundwater or well circulation.","Deductive Reasoning","2","0"
"22285","Geological Technicians, Except Hydrologic Technicians","Collaborate with hydrogeologists to evaluate groundwater or well circulation.","Written Comprehension","2","0"
"22285","Geological Technicians, Except Hydrologic Technicians","Collaborate with hydrogeologists to evaluate groundwater or well circulation.","Problem Sensitivity","2","0"
"22286","Geological Technicians, Except Hydrologic Technicians","Apply new technologies, such as improved seismic imaging techniques, to locate untapped oil or natural gas deposits.","Inductive Reasoning","3","0"
"22286","Geological Technicians, Except Hydrologic Technicians","Apply new technologies, such as improved seismic imaging techniques, to locate untapped oil or natural gas deposits.","Deductive Reasoning","2","0"
"22286","Geological Technicians, Except Hydrologic Technicians","Apply new technologies, such as improved seismic imaging techniques, to locate untapped oil or natural gas deposits.","Visualization","3","0"
"22286","Geological Technicians, Except Hydrologic Technicians","Apply new technologies, such as improved seismic imaging techniques, to locate untapped oil or natural gas deposits.","Problem Sensitivity","2","0"
"22286","Geological Technicians, Except Hydrologic Technicians","Apply new technologies, such as improved seismic imaging techniques, to locate untapped oil or natural gas deposits.","Written Comprehension","2","0"
"22286","Geological Technicians, Except Hydrologic Technicians","Apply new technologies, such as improved seismic imaging techniques, to locate untapped oil or natural gas deposits.","Spatial Orientation","2","0"
"22286","Geological Technicians, Except Hydrologic Technicians","Apply new technologies, such as improved seismic imaging techniques, to locate untapped oil or natural gas deposits.","Category Flexibility","1","0"
"22287","Geological Technicians, Except Hydrologic Technicians","Collect data on underground areas, such as reservoirs, that could be used in carbon sequestration operations.","Inductive Reasoning","2","0"
"22287","Geological Technicians, Except Hydrologic Technicians","Collect data on underground areas, such as reservoirs, that could be used in carbon sequestration operations.","Problem Sensitivity","2","0"
"22287","Geological Technicians, Except Hydrologic Technicians","Collect data on underground areas, such as reservoirs, that could be used in carbon sequestration operations.","Near Vision","2","0"
"22287","Geological Technicians, Except Hydrologic Technicians","Collect data on underground areas, such as reservoirs, that could be used in carbon sequestration operations.","Information Ordering","2","0"
"22287","Geological Technicians, Except Hydrologic Technicians","Collect data on underground areas, such as reservoirs, that could be used in carbon sequestration operations.","Spatial Orientation","2","0"
"22287","Geological Technicians, Except Hydrologic Technicians","Collect data on underground areas, such as reservoirs, that could be used in carbon sequestration operations.","Manual Dexterity","1","0"
"22288","Geological Technicians, Except Hydrologic Technicians","Collect geological data from potential geothermal energy plant sites.","Problem Sensitivity","2","0"
"22288","Geological Technicians, Except Hydrologic Technicians","Collect geological data from potential geothermal energy plant sites.","Near Vision","2","0"
"22288","Geological Technicians, Except Hydrologic Technicians","Collect geological data from potential geothermal energy plant sites.","Information Ordering","2","0"
"22288","Geological Technicians, Except Hydrologic Technicians","Collect geological data from potential geothermal energy plant sites.","Inductive Reasoning","2","0"
"22288","Geological Technicians, Except Hydrologic Technicians","Collect geological data from potential geothermal energy plant sites.","Gross Body Coordination","1","0"
"22288","Geological Technicians, Except Hydrologic Technicians","Collect geological data from potential geothermal energy plant sites.","Far Vision","2","0"
"22289","Geological Technicians, Except Hydrologic Technicians","Compile data used to address environmental issues, such as the suitability of potential landfill sites.","Information Ordering","3","0"
"22289","Geological Technicians, Except Hydrologic Technicians","Compile data used to address environmental issues, such as the suitability of potential landfill sites.","Inductive Reasoning","2","0"
"22289","Geological Technicians, Except Hydrologic Technicians","Compile data used to address environmental issues, such as the suitability of potential landfill sites.","Written Comprehension","2","0"
"22289","Geological Technicians, Except Hydrologic Technicians","Compile data used to address environmental issues, such as the suitability of potential landfill sites.","Deductive Reasoning","2","0"
"22289","Geological Technicians, Except Hydrologic Technicians","Compile data used to address environmental issues, such as the suitability of potential landfill sites.","Problem Sensitivity","2","0"
"22289","Geological Technicians, Except Hydrologic Technicians","Compile data used to address environmental issues, such as the suitability of potential landfill sites.","Written Expression","2","0"
"22290","Geological Technicians, Except Hydrologic Technicians","Conduct geophysical surveys of potential sites for wind farms or solar installations to determine their suitability.","Inductive Reasoning","3","0"
"22290","Geological Technicians, Except Hydrologic Technicians","Conduct geophysical surveys of potential sites for wind farms or solar installations to determine their suitability.","Problem Sensitivity","3","0"
"22290","Geological Technicians, Except Hydrologic Technicians","Conduct geophysical surveys of potential sites for wind farms or solar installations to determine their suitability.","Spatial Orientation","2","0"
"22290","Geological Technicians, Except Hydrologic Technicians","Conduct geophysical surveys of potential sites for wind farms or solar installations to determine their suitability.","Far Vision","2","0"
"22290","Geological Technicians, Except Hydrologic Technicians","Conduct geophysical surveys of potential sites for wind farms or solar installations to determine their suitability.","Near Vision","2","0"
"22290","Geological Technicians, Except Hydrologic Technicians","Conduct geophysical surveys of potential sites for wind farms or solar installations to determine their suitability.","Mathematical Reasoning","2","0"
"22290","Geological Technicians, Except Hydrologic Technicians","Conduct geophysical surveys of potential sites for wind farms or solar installations to determine their suitability.","Written Expression","2","0"
"22291","Geological Technicians, Except Hydrologic Technicians","Evaluate and interpret seismic data with the aid of computers.","Inductive Reasoning","3","0"
"22291","Geological Technicians, Except Hydrologic Technicians","Evaluate and interpret seismic data with the aid of computers.","Deductive Reasoning","2","0"
"22291","Geological Technicians, Except Hydrologic Technicians","Evaluate and interpret seismic data with the aid of computers.","Visualization","3","0"
"22291","Geological Technicians, Except Hydrologic Technicians","Evaluate and interpret seismic data with the aid of computers.","Spatial Orientation","2","0"
"22291","Geological Technicians, Except Hydrologic Technicians","Evaluate and interpret seismic data with the aid of computers.","Written Comprehension","2","0"
"22291","Geological Technicians, Except Hydrologic Technicians","Evaluate and interpret seismic data with the aid of computers.","Problem Sensitivity","2","0"
"22291","Geological Technicians, Except Hydrologic Technicians","Evaluate and interpret seismic data with the aid of computers.","Mathematical Reasoning","2","0"
"22292","Hydrologic Technicians","Analyze ecological data about the impact of pollution, erosion, floods, and other environmental problems on bodies of water.","Inductive Reasoning","3","0"
"22292","Hydrologic Technicians","Analyze ecological data about the impact of pollution, erosion, floods, and other environmental problems on bodies of water.","Problem Sensitivity","3","0"
"22292","Hydrologic Technicians","Analyze ecological data about the impact of pollution, erosion, floods, and other environmental problems on bodies of water.","Deductive Reasoning","2","0"
"22292","Hydrologic Technicians","Analyze ecological data about the impact of pollution, erosion, floods, and other environmental problems on bodies of water.","Mathematical Reasoning","2","0"
"22292","Hydrologic Technicians","Analyze ecological data about the impact of pollution, erosion, floods, and other environmental problems on bodies of water.","Written Comprehension","2","0"
"22292","Hydrologic Technicians","Analyze ecological data about the impact of pollution, erosion, floods, and other environmental problems on bodies of water.","Number Facility","2","0"
"22292","Hydrologic Technicians","Analyze ecological data about the impact of pollution, erosion, floods, and other environmental problems on bodies of water.","Category Flexibility","2","0"
"22293","Hydrologic Technicians","Answer technical questions from hydrologists, policymakers, or other customers developing water conservation plans.","Oral Expression","3","0"
"22293","Hydrologic Technicians","Answer technical questions from hydrologists, policymakers, or other customers developing water conservation plans.","Oral Comprehension","3","0"
"22293","Hydrologic Technicians","Answer technical questions from hydrologists, policymakers, or other customers developing water conservation plans.","Deductive Reasoning","2","0"
"22293","Hydrologic Technicians","Answer technical questions from hydrologists, policymakers, or other customers developing water conservation plans.","Written Comprehension","2","0"
"22293","Hydrologic Technicians","Answer technical questions from hydrologists, policymakers, or other customers developing water conservation plans.","Speech Clarity","2","0"
"22293","Hydrologic Technicians","Answer technical questions from hydrologists, policymakers, or other customers developing water conservation plans.","Speech Recognition","2","0"
"22294","Hydrologic Technicians","Apply research findings to minimize the environmental impacts of pollution, waterborne diseases, erosion, or sedimentation.","Inductive Reasoning","3","0"
"22294","Hydrologic Technicians","Apply research findings to minimize the environmental impacts of pollution, waterborne diseases, erosion, or sedimentation.","Deductive Reasoning","3","0"
"22294","Hydrologic Technicians","Apply research findings to minimize the environmental impacts of pollution, waterborne diseases, erosion, or sedimentation.","Problem Sensitivity","2","0"
"22294","Hydrologic Technicians","Apply research findings to minimize the environmental impacts of pollution, waterborne diseases, erosion, or sedimentation.","Written Comprehension","2","0"
"22294","Hydrologic Technicians","Apply research findings to minimize the environmental impacts of pollution, waterborne diseases, erosion, or sedimentation.","Category Flexibility","2","0"
"22294","Hydrologic Technicians","Apply research findings to minimize the environmental impacts of pollution, waterborne diseases, erosion, or sedimentation.","Oral Expression","2","0"
"22295","Hydrologic Technicians","Assist in designing programs to ensure the proper sealing of abandoned wells.","Inductive Reasoning","2","0"
"22295","Hydrologic Technicians","Assist in designing programs to ensure the proper sealing of abandoned wells.","Deductive Reasoning","2","0"
"22295","Hydrologic Technicians","Assist in designing programs to ensure the proper sealing of abandoned wells.","Problem Sensitivity","2","0"
"22295","Hydrologic Technicians","Assist in designing programs to ensure the proper sealing of abandoned wells.","Written Comprehension","2","0"
"22295","Hydrologic Technicians","Assist in designing programs to ensure the proper sealing of abandoned wells.","Written Expression","2","0"
"22295","Hydrologic Technicians","Assist in designing programs to ensure the proper sealing of abandoned wells.","Visualization","2","0"
"22296","Hydrologic Technicians","Collect water and soil samples to test for physical, chemical, or biological properties, such as pH, oxygen level, temperature, and pollution.","Near Vision","2","0"
"22296","Hydrologic Technicians","Collect water and soil samples to test for physical, chemical, or biological properties, such as pH, oxygen level, temperature, and pollution.","Manual Dexterity","2","0"
"22296","Hydrologic Technicians","Collect water and soil samples to test for physical, chemical, or biological properties, such as pH, oxygen level, temperature, and pollution.","Arm-Hand Steadiness","2","0"
"22296","Hydrologic Technicians","Collect water and soil samples to test for physical, chemical, or biological properties, such as pH, oxygen level, temperature, and pollution.","Selective Attention","2","0"
"22296","Hydrologic Technicians","Collect water and soil samples to test for physical, chemical, or biological properties, such as pH, oxygen level, temperature, and pollution.","Information Ordering","2","0"
"22296","Hydrologic Technicians","Collect water and soil samples to test for physical, chemical, or biological properties, such as pH, oxygen level, temperature, and pollution.","Problem Sensitivity","2","0"
"22296","Hydrologic Technicians","Collect water and soil samples to test for physical, chemical, or biological properties, such as pH, oxygen level, temperature, and pollution.","Gross Body Coordination","1","0"
"22297","Hydrologic Technicians","Develop computer models for hydrologic predictions.","Inductive Reasoning","3","0"
"22297","Hydrologic Technicians","Develop computer models for hydrologic predictions.","Deductive Reasoning","2","0"
"22297","Hydrologic Technicians","Develop computer models for hydrologic predictions.","Mathematical Reasoning","3","0"
"22297","Hydrologic Technicians","Develop computer models for hydrologic predictions.","Originality","2","0"
"22297","Hydrologic Technicians","Develop computer models for hydrologic predictions.","Visualization","2","0"
"22297","Hydrologic Technicians","Develop computer models for hydrologic predictions.","Written Comprehension","2","0"
"22297","Hydrologic Technicians","Develop computer models for hydrologic predictions.","Number Facility","2","0"
"22298","Hydrologic Technicians","Estimate the costs and benefits of municipal projects, such as hydroelectric power plants, irrigation systems, and wastewater treatment facilities.","Mathematical Reasoning","3","0"
"22298","Hydrologic Technicians","Estimate the costs and benefits of municipal projects, such as hydroelectric power plants, irrigation systems, and wastewater treatment facilities.","Number Facility","3","0"
"22298","Hydrologic Technicians","Estimate the costs and benefits of municipal projects, such as hydroelectric power plants, irrigation systems, and wastewater treatment facilities.","Deductive Reasoning","2","0"
"22298","Hydrologic Technicians","Estimate the costs and benefits of municipal projects, such as hydroelectric power plants, irrigation systems, and wastewater treatment facilities.","Inductive Reasoning","2","0"
"22298","Hydrologic Technicians","Estimate the costs and benefits of municipal projects, such as hydroelectric power plants, irrigation systems, and wastewater treatment facilities.","Written Expression","2","0"
"22298","Hydrologic Technicians","Estimate the costs and benefits of municipal projects, such as hydroelectric power plants, irrigation systems, and wastewater treatment facilities.","Written Comprehension","2","0"
"22299","Hydrologic Technicians","Investigate complaints or conflicts related to the alteration of public waters by gathering information, recommending alternatives, or preparing legal documents.","Inductive Reasoning","3","0"
"22299","Hydrologic Technicians","Investigate complaints or conflicts related to the alteration of public waters by gathering information, recommending alternatives, or preparing legal documents.","Written Comprehension","3","0"
"22299","Hydrologic Technicians","Investigate complaints or conflicts related to the alteration of public waters by gathering information, recommending alternatives, or preparing legal documents.","Written Expression","2","0"
"22299","Hydrologic Technicians","Investigate complaints or conflicts related to the alteration of public waters by gathering information, recommending alternatives, or preparing legal documents.","Oral Comprehension","2","0"
"22299","Hydrologic Technicians","Investigate complaints or conflicts related to the alteration of public waters by gathering information, recommending alternatives, or preparing legal documents.","Deductive Reasoning","2","0"
"22299","Hydrologic Technicians","Investigate complaints or conflicts related to the alteration of public waters by gathering information, recommending alternatives, or preparing legal documents.","Problem Sensitivity","2","0"
"22299","Hydrologic Technicians","Investigate complaints or conflicts related to the alteration of public waters by gathering information, recommending alternatives, or preparing legal documents.","Information Ordering","2","0"
"22300","Hydrologic Technicians","Investigate the properties, origins, or activities of glaciers, ice, snow, or permafrost.","Inductive Reasoning","3","0"
"22300","Hydrologic Technicians","Investigate the properties, origins, or activities of glaciers, ice, snow, or permafrost.","Problem Sensitivity","2","0"
"22300","Hydrologic Technicians","Investigate the properties, origins, or activities of glaciers, ice, snow, or permafrost.","Written Comprehension","2","0"
"22300","Hydrologic Technicians","Investigate the properties, origins, or activities of glaciers, ice, snow, or permafrost.","Far Vision","2","0"
"22300","Hydrologic Technicians","Investigate the properties, origins, or activities of glaciers, ice, snow, or permafrost.","Near Vision","2","0"
"22300","Hydrologic Technicians","Investigate the properties, origins, or activities of glaciers, ice, snow, or permafrost.","Gross Body Coordination","2","1"
"22300","Hydrologic Technicians","Investigate the properties, origins, or activities of glaciers, ice, snow, or permafrost.","Gross Body Equilibrium","2","1"
"22301","Hydrologic Technicians","Locate and deliver information or data as requested by customers, such as contractors, government entities, and members of the public.","Written Comprehension","2","0"
"22301","Hydrologic Technicians","Locate and deliver information or data as requested by customers, such as contractors, government entities, and members of the public.","Information Ordering","2","0"
"22301","Hydrologic Technicians","Locate and deliver information or data as requested by customers, such as contractors, government entities, and members of the public.","Oral Expression","2","0"
"22301","Hydrologic Technicians","Locate and deliver information or data as requested by customers, such as contractors, government entities, and members of the public.","Oral Comprehension","2","0"
"22301","Hydrologic Technicians","Locate and deliver information or data as requested by customers, such as contractors, government entities, and members of the public.","Selective Attention","2","0"
"22302","Hydrologic Technicians","Measure the properties of bodies of water, such as water levels, volume, and flow.","Near Vision","2","0"
"22302","Hydrologic Technicians","Measure the properties of bodies of water, such as water levels, volume, and flow.","Mathematical Reasoning","2","0"
"22302","Hydrologic Technicians","Measure the properties of bodies of water, such as water levels, volume, and flow.","Number Facility","2","0"
"22302","Hydrologic Technicians","Measure the properties of bodies of water, such as water levels, volume, and flow.","Arm-Hand Steadiness","2","0"
"22302","Hydrologic Technicians","Measure the properties of bodies of water, such as water levels, volume, and flow.","Selective Attention","2","0"
"22302","Hydrologic Technicians","Measure the properties of bodies of water, such as water levels, volume, and flow.","Gross Body Coordination","1","0"
"22302","Hydrologic Technicians","Measure the properties of bodies of water, such as water levels, volume, and flow.","Information Ordering","2","0"
"22303","Hydrologic Technicians","Perform quality control checks on data to be used by hydrologists.","Problem Sensitivity","3","0"
"22303","Hydrologic Technicians","Perform quality control checks on data to be used by hydrologists.","Deductive Reasoning","3","0"
"22303","Hydrologic Technicians","Perform quality control checks on data to be used by hydrologists.","Number Facility","2","0"
"22303","Hydrologic Technicians","Perform quality control checks on data to be used by hydrologists.","Selective Attention","2","0"
"22303","Hydrologic Technicians","Perform quality control checks on data to be used by hydrologists.","Written Comprehension","2","0"
"22303","Hydrologic Technicians","Perform quality control checks on data to be used by hydrologists.","Perceptual Speed","2","0"
"22304","Hydrologic Technicians","Prepare, install, maintain, or repair equipment used for hydrologic study, such as water level recorders, stream flow gauges, and water analyzers.","Manual Dexterity","3","0"
"22304","Hydrologic Technicians","Prepare, install, maintain, or repair equipment used for hydrologic study, such as water level recorders, stream flow gauges, and water analyzers.","Finger Dexterity","2","0"
"22304","Hydrologic Technicians","Prepare, install, maintain, or repair equipment used for hydrologic study, such as water level recorders, stream flow gauges, and water analyzers.","Arm-Hand Steadiness","2","0"
"22304","Hydrologic Technicians","Prepare, install, maintain, or repair equipment used for hydrologic study, such as water level recorders, stream flow gauges, and water analyzers.","Problem Sensitivity","2","0"
"22304","Hydrologic Technicians","Prepare, install, maintain, or repair equipment used for hydrologic study, such as water level recorders, stream flow gauges, and water analyzers.","Near Vision","2","0"
"22304","Hydrologic Technicians","Prepare, install, maintain, or repair equipment used for hydrologic study, such as water level recorders, stream flow gauges, and water analyzers.","Deductive Reasoning","2","0"
"22304","Hydrologic Technicians","Prepare, install, maintain, or repair equipment used for hydrologic study, such as water level recorders, stream flow gauges, and water analyzers.","Control Precision","2","0"
"22305","Hydrologic Technicians","Provide real time data to emergency management and weather service personnel during flood events.","Oral Expression","3","0"
"22305","Hydrologic Technicians","Provide real time data to emergency management and weather service personnel during flood events.","Oral Comprehension","2","0"
"22305","Hydrologic Technicians","Provide real time data to emergency management and weather service personnel during flood events.","Written Comprehension","2","0"
"22305","Hydrologic Technicians","Provide real time data to emergency management and weather service personnel during flood events.","Written Expression","2","0"
"22305","Hydrologic Technicians","Provide real time data to emergency management and weather service personnel during flood events.","Problem Sensitivity","3","0"
"22305","Hydrologic Technicians","Provide real time data to emergency management and weather service personnel during flood events.","Time Sharing","2","0"
"22305","Hydrologic Technicians","Provide real time data to emergency management and weather service personnel during flood events.","Selective Attention","2","0"
"22306","Hydrologic Technicians","Write groundwater contamination reports on known, suspected, or potential hazardous waste sites.","Written Expression","3","0"
"22306","Hydrologic Technicians","Write groundwater contamination reports on known, suspected, or potential hazardous waste sites.","Written Comprehension","2","0"
"22306","Hydrologic Technicians","Write groundwater contamination reports on known, suspected, or potential hazardous waste sites.","Inductive Reasoning","2","0"
"22306","Hydrologic Technicians","Write groundwater contamination reports on known, suspected, or potential hazardous waste sites.","Deductive Reasoning","2","0"
"22306","Hydrologic Technicians","Write groundwater contamination reports on known, suspected, or potential hazardous waste sites.","Information Ordering","2","0"
"22306","Hydrologic Technicians","Write groundwater contamination reports on known, suspected, or potential hazardous waste sites.","Problem Sensitivity","2","0"
"22307","Hydrologic Technicians","Write materials for research publications, such as maps, tables, and reports, to disseminate findings.","Written Expression","3","0"
"22307","Hydrologic Technicians","Write materials for research publications, such as maps, tables, and reports, to disseminate findings.","Visualization","2","0"
"22307","Hydrologic Technicians","Write materials for research publications, such as maps, tables, and reports, to disseminate findings.","Information Ordering","2","0"
"22307","Hydrologic Technicians","Write materials for research publications, such as maps, tables, and reports, to disseminate findings.","Written Comprehension","2","0"
"22307","Hydrologic Technicians","Write materials for research publications, such as maps, tables, and reports, to disseminate findings.","Inductive Reasoning","2","0"
"22308","Nuclear Technicians","Follow nuclear equipment operational policies and procedures that ensure environmental safety.","Written Comprehension","3","0"
"22308","Nuclear Technicians","Follow nuclear equipment operational policies and procedures that ensure environmental safety.","Information Ordering","2","0"
"22308","Nuclear Technicians","Follow nuclear equipment operational policies and procedures that ensure environmental safety.","Deductive Reasoning","2","0"
"22308","Nuclear Technicians","Follow nuclear equipment operational policies and procedures that ensure environmental safety.","Selective Attention","2","0"
"22308","Nuclear Technicians","Follow nuclear equipment operational policies and procedures that ensure environmental safety.","Problem Sensitivity","2","0"
"22308","Nuclear Technicians","Follow nuclear equipment operational policies and procedures that ensure environmental safety.","Memorization","2","0"
"22309","Nuclear Technicians","Conduct surveillance testing to determine safety of nuclear equipment.","Problem Sensitivity","3","0"
"22309","Nuclear Technicians","Conduct surveillance testing to determine safety of nuclear equipment.","Deductive Reasoning","2","0"
"22309","Nuclear Technicians","Conduct surveillance testing to determine safety of nuclear equipment.","Selective Attention","3","0"
"22309","Nuclear Technicians","Conduct surveillance testing to determine safety of nuclear equipment.","Near Vision","2","0"
"22309","Nuclear Technicians","Conduct surveillance testing to determine safety of nuclear equipment.","Written Comprehension","2","0"
"22309","Nuclear Technicians","Conduct surveillance testing to determine safety of nuclear equipment.","Information Ordering","2","0"
"22310","Nuclear Technicians","Monitor nuclear reactor equipment performance to identify operational inefficiencies, hazards, or needs for maintenance or repair.","Selective Attention","3","0"
"22310","Nuclear Technicians","Monitor nuclear reactor equipment performance to identify operational inefficiencies, hazards, or needs for maintenance or repair.","Problem Sensitivity","3","0"
"22310","Nuclear Technicians","Monitor nuclear reactor equipment performance to identify operational inefficiencies, hazards, or needs for maintenance or repair.","Near Vision","2","0"
"22310","Nuclear Technicians","Monitor nuclear reactor equipment performance to identify operational inefficiencies, hazards, or needs for maintenance or repair.","Deductive Reasoning","2","0"
"22310","Nuclear Technicians","Monitor nuclear reactor equipment performance to identify operational inefficiencies, hazards, or needs for maintenance or repair.","Written Comprehension","2","0"
"22310","Nuclear Technicians","Monitor nuclear reactor equipment performance to identify operational inefficiencies, hazards, or needs for maintenance or repair.","Time Sharing","2","0"
"22310","Nuclear Technicians","Monitor nuclear reactor equipment performance to identify operational inefficiencies, hazards, or needs for maintenance or repair.","Inductive Reasoning","2","0"
"22311","Nuclear Technicians","Test plant equipment to ensure it is operating properly.","Problem Sensitivity","3","0"
"22311","Nuclear Technicians","Test plant equipment to ensure it is operating properly.","Selective Attention","2","0"
"22311","Nuclear Technicians","Test plant equipment to ensure it is operating properly.","Near Vision","2","0"
"22311","Nuclear Technicians","Test plant equipment to ensure it is operating properly.","Deductive Reasoning","2","0"
"22311","Nuclear Technicians","Test plant equipment to ensure it is operating properly.","Written Comprehension","2","0"
"22311","Nuclear Technicians","Test plant equipment to ensure it is operating properly.","Manual Dexterity","2","0"
"22312","Nuclear Technicians","Apply safety tags to equipment needing maintenance.","Near Vision","2","0"
"22312","Nuclear Technicians","Apply safety tags to equipment needing maintenance.","Written Expression","2","0"
"22312","Nuclear Technicians","Apply safety tags to equipment needing maintenance.","Information Ordering","2","0"
"22312","Nuclear Technicians","Apply safety tags to equipment needing maintenance.","Selective Attention","2","0"
"22312","Nuclear Technicians","Apply safety tags to equipment needing maintenance.","Problem Sensitivity","2","0"
"22313","Nuclear Technicians","Follow policies and procedures for radiation workers to ensure personnel safety.","Written Comprehension","3","0"
"22313","Nuclear Technicians","Follow policies and procedures for radiation workers to ensure personnel safety.","Memorization","2","0"
"22313","Nuclear Technicians","Follow policies and procedures for radiation workers to ensure personnel safety.","Deductive Reasoning","2","0"
"22313","Nuclear Technicians","Follow policies and procedures for radiation workers to ensure personnel safety.","Information Ordering","2","0"
"22313","Nuclear Technicians","Follow policies and procedures for radiation workers to ensure personnel safety.","Selective Attention","2","0"
"22313","Nuclear Technicians","Follow policies and procedures for radiation workers to ensure personnel safety.","Problem Sensitivity","2","0"
"22314","Nuclear Technicians","Modify, devise, or maintain nuclear equipment used in operations.","Inductive Reasoning","3","0"
"22314","Nuclear Technicians","Modify, devise, or maintain nuclear equipment used in operations.","Problem Sensitivity","3","0"
"22314","Nuclear Technicians","Modify, devise, or maintain nuclear equipment used in operations.","Manual Dexterity","2","0"
"22314","Nuclear Technicians","Modify, devise, or maintain nuclear equipment used in operations.","Finger Dexterity","2","0"
"22314","Nuclear Technicians","Modify, devise, or maintain nuclear equipment used in operations.","Arm-Hand Steadiness","2","0"
"22314","Nuclear Technicians","Modify, devise, or maintain nuclear equipment used in operations.","Deductive Reasoning","2","0"
"22314","Nuclear Technicians","Modify, devise, or maintain nuclear equipment used in operations.","Near Vision","2","0"
"22315","Nuclear Technicians","Monitor instruments, gauges, or recording devices under direction of nuclear experimenters.","Selective Attention","3","0"
"22315","Nuclear Technicians","Monitor instruments, gauges, or recording devices under direction of nuclear experimenters.","Near Vision","3","0"
"22315","Nuclear Technicians","Monitor instruments, gauges, or recording devices under direction of nuclear experimenters.","Problem Sensitivity","2","0"
"22315","Nuclear Technicians","Monitor instruments, gauges, or recording devices under direction of nuclear experimenters.","Written Expression","2","0"
"22315","Nuclear Technicians","Monitor instruments, gauges, or recording devices under direction of nuclear experimenters.","Information Ordering","2","0"
"22315","Nuclear Technicians","Monitor instruments, gauges, or recording devices under direction of nuclear experimenters.","Time Sharing","2","0"
