task_id,occupation,task_text,ability_name,weight,uncertain
202,Foresters,Determine methods of cutting and removing timber with minimum waste and environmental damage.,Deductive Reasoning,3,0
202,Foresters,Determine methods of cutting and removing timber with minimum waste and environmental damage.,Problem Sensitivity,3,0
202,Foresters,Determine methods of cutting and removing timber with minimum waste and environmental damage.,Inductive Reasoning,2,0
202,Foresters,Determine methods of cutting and removing timber with minimum waste and environmental damage.,Information Ordering,2,0
202,Foresters,Determine methods of cutting and removing timber with minimum waste and environmental damage.,Visualization,2,0
202,Foresters,Determine methods of cutting and removing timber with minimum waste and environmental damage.,Written Comprehension,1,0
207,Foresters,Perform inspections of forests or forest nurseries.,Far Vision,3,0
207,Foresters,Perform inspections of forests or forest nurseries.,Near Vision,2,0
207,Foresters,Perform inspections of forests or forest nurseries.,Problem Sensitivity,2,0
207,Foresters,Perform inspections of forests or forest nurseries.,Selective Attention,2,0
207,Foresters,Perform inspections of forests or forest nurseries.,Visual Color Discrimination,2,0
207,Foresters,Perform inspections of forests or forest nurseries.,Gross Body Coordination,2,0
207,Foresters,Perform inspections of forests or forest nurseries.,Gross Body Equilibrium,1,0
207,Foresters,Perform inspections of forests or forest nurseries.,Stamina,2,0
207,Foresters,Perform inspections of forests or forest nurseries.,Inductive Reasoning,2,0
208,Foresters,Map forest area soils and vegetation to estimate the amount of standing timber and future value and growth.,Spatial Orientation,3,0
208,Foresters,Map forest area soils and vegetation to estimate the amount of standing timber and future value and growth.,Inductive Reasoning,3,0
208,Foresters,Map forest area soils and vegetation to estimate the amount of standing timber and future value and growth.,Mathematical Reasoning,2,0
208,Foresters,Map forest area soils and vegetation to estimate the amount of standing timber and future value and growth.,Number Facility,2,0
208,Foresters,Map forest area soils and vegetation to estimate the amount of standing timber and future value and growth.,Visualization,3,0
208,Foresters,Map forest area soils and vegetation to estimate the amount of standing timber and future value and growth.,Written Expression,2,0
208,Foresters,Map forest area soils and vegetation to estimate the amount of standing timber and future value and growth.,Far Vision,2,0
208,Foresters,Map forest area soils and vegetation to estimate the amount of standing timber and future value and growth.,Near Vision,2,0
204,Foresters,Monitor forest-cleared lands to ensure that they are reclaimed to their most suitable end use.,Problem Sensitivity,3,0
204,Foresters,Monitor forest-cleared lands to ensure that they are reclaimed to their most suitable end use.,Far Vision,2,0
204,Foresters,Monitor forest-cleared lands to ensure that they are reclaimed to their most suitable end use.,Inductive Reasoning,2,0
204,Foresters,Monitor forest-cleared lands to ensure that they are reclaimed to their most suitable end use.,Deductive Reasoning,2,0
204,Foresters,Monitor forest-cleared lands to ensure that they are reclaimed to their most suitable end use.,Selective Attention,2,0
204,Foresters,Monitor forest-cleared lands to ensure that they are reclaimed to their most suitable end use.,Written Comprehension,1,0
204,Foresters,Monitor forest-cleared lands to ensure that they are reclaimed to their most suitable end use.,Stamina,1,0
204,Foresters,Monitor forest-cleared lands to ensure that they are reclaimed to their most suitable end use.,Gross Body Coordination,1,0
219,Foresters,Develop techniques for measuring and identifying trees.,Originality,3,0
219,Foresters,Develop techniques for measuring and identifying trees.,Inductive Reasoning,3,0
219,Foresters,Develop techniques for measuring and identifying trees.,Deductive Reasoning,2,0
219,Foresters,Develop techniques for measuring and identifying trees.,Problem Sensitivity,2,0
219,Foresters,Develop techniques for measuring and identifying trees.,Visualization,2,0
219,Foresters,Develop techniques for measuring and identifying trees.,Written Expression,2,0
219,Foresters,Develop techniques for measuring and identifying trees.,Fluency of Ideas,2,0
197,Foresters,Supervise activities of other forestry workers.,Oral Comprehension,3,0
197,Foresters,Supervise activities of other forestry workers.,Oral Expression,3,0
197,Foresters,Supervise activities of other forestry workers.,Problem Sensitivity,2,0
197,Foresters,Supervise activities of other forestry workers.,Deductive Reasoning,2,0
197,Foresters,Supervise activities of other forestry workers.,Information Ordering,2,0
197,Foresters,Supervise activities of other forestry workers.,Speech Clarity,2,0
197,Foresters,Supervise activities of other forestry workers.,Speech Recognition,2,0
206,Foresters,Plan and direct forest surveys and related studies and prepare reports and recommendations.,Deductive Reasoning,3,0
206,Foresters,Plan and direct forest surveys and related studies and prepare reports and recommendations.,Information Ordering,3,0
206,Foresters,Plan and direct forest surveys and related studies and prepare reports and recommendations.,Written Expression,3,0
206,Foresters,Plan and direct forest surveys and related studies and prepare reports and recommendations.,Oral Expression,2,0
206,Foresters,Plan and direct forest surveys and related studies and prepare reports and recommendations.,Inductive Reasoning,2,0
206,Foresters,Plan and direct forest surveys and related studies and prepare reports and recommendations.,Problem Sensitivity,2,0
206,Foresters,Plan and direct forest surveys and related studies and prepare reports and recommendations.,Written Comprehension,2,0
206,Foresters,Plan and direct forest surveys and related studies and prepare reports and recommendations.,Mathematical Reasoning,1,0
216,Foresters,"Provide advice and recommendations, as a consultant on forestry issues, to private woodlot owners, firefighters, government agencies or to companies.",Oral Expression,3,0
216,Foresters,"Provide advice and recommendations, as a consultant on forestry issues, to private woodlot owners, firefighters, government agencies or to companies.",Oral Comprehension,3,0
216,Foresters,"Provide advice and recommendations, as a consultant on forestry issues, to private woodlot owners, firefighters, government agencies or to companies.",Deductive Reasoning,2,0
216,Foresters,"Provide advice and recommendations, as a consultant on forestry issues, to private woodlot owners, firefighters, government agencies or to companies.",Written Comprehension,2,0
216,Foresters,"Provide advice and recommendations, as a consultant on forestry issues, to private woodlot owners, firefighters, government agencies or to companies.",Speech Clarity,2,0
216,Foresters,"Provide advice and recommendations, as a consultant on forestry issues, to private woodlot owners, firefighters, government agencies or to companies.",Speech Recognition,2,0
216,Foresters,"Provide advice and recommendations, as a consultant on forestry issues, to private woodlot owners, firefighters, government agencies or to companies.",Problem Sensitivity,2,0
216,Foresters,"Provide advice and recommendations, as a consultant on forestry issues, to private woodlot owners, firefighters, government agencies or to companies.",Written Expression,1,0
199,Foresters,"Plan and supervise forestry projects, such as determining the type, number and placement of trees to be planted, managing tree nurseries, thinning forest and monitoring growth of new seedlings.",Information Ordering,3,0
199,Foresters,"Plan and supervise forestry projects, such as determining the type, number and placement of trees to be planted, managing tree nurseries, thinning forest and monitoring growth of new seedlings.",Deductive Reasoning,3,0
199,Foresters,"Plan and supervise forestry projects, such as determining the type, number and placement of trees to be planted, managing tree nurseries, thinning forest and monitoring growth of new seedlings.",Inductive Reasoning,2,0
199,Foresters,"Plan and supervise forestry projects, such as determining the type, number and placement of trees to be planted, managing tree nurseries, thinning forest and monitoring growth of new seedlings.",Problem Sensitivity,2,0
199,Foresters,"Plan and supervise forestry projects, such as determining the type, number and placement of trees to be planted, managing tree nurseries, thinning forest and monitoring growth of new seedlings.",Oral Expression,2,0
199,Foresters,"Plan and supervise forestry projects, such as determining the type, number and placement of trees to be planted, managing tree nurseries, thinning forest and monitoring growth of new seedlings.",Written Expression,2,0
199,Foresters,"Plan and supervise forestry projects, such as determining the type, number and placement of trees to be planted, managing tree nurseries, thinning forest and monitoring growth of new seedlings.",Visualization,2,0
199,Foresters,"Plan and supervise forestry projects, such as determining the type, number and placement of trees to be planted, managing tree nurseries, thinning forest and monitoring growth of new seedlings.",Far Vision,1,0
199,Foresters,"Plan and supervise forestry projects, such as determining the type, number and placement of trees to be planted, managing tree nurseries, thinning forest and monitoring growth of new seedlings.",Selective Attention,1,0
198,Foresters,"Choose and prepare sites for new trees, using controlled burning, bulldozers, or herbicides to clear weeds, brush, and logging debris.",Deductive Reasoning,3,0
198,Foresters,"Choose and prepare sites for new trees, using controlled burning, bulldozers, or herbicides to clear weeds, brush, and logging debris.",Problem Sensitivity,2,0
198,Foresters,"Choose and prepare sites for new trees, using controlled burning, bulldozers, or herbicides to clear weeds, brush, and logging debris.",Far Vision,2,0
198,Foresters,"Choose and prepare sites for new trees, using controlled burning, bulldozers, or herbicides to clear weeds, brush, and logging debris.",Gross Body Coordination,2,0
198,Foresters,"Choose and prepare sites for new trees, using controlled burning, bulldozers, or herbicides to clear weeds, brush, and logging debris.",Gross Body Equilibrium,2,0
198,Foresters,"Choose and prepare sites for new trees, using controlled burning, bulldozers, or herbicides to clear weeds, brush, and logging debris.",Stamina,2,0
198,Foresters,"Choose and prepare sites for new trees, using controlled burning, bulldozers, or herbicides to clear weeds, brush, and logging debris.",Visualization,2,0
198,Foresters,"Choose and prepare sites for new trees, using controlled burning, bulldozers, or herbicides to clear weeds, brush, and logging debris.",Selective Attention,2,0
198,Foresters,"Choose and prepare sites for new trees, using controlled burning, bulldozers, or herbicides to clear weeds, brush, and logging debris.",Static Strength,1,0
210,Foresters,Procure timber from private landowners.,Oral Comprehension,3,0
210,Foresters,Procure timber from private landowners.,Oral Expression,3,0
210,Foresters,Procure timber from private landowners.,Written Comprehension,2,0
210,Foresters,Procure timber from private landowners.,Deductive Reasoning,2,0
210,Foresters,Procure timber from private landowners.,Speech Clarity,2,0
210,Foresters,Procure timber from private landowners.,Speech Recognition,2,0
210,Foresters,Procure timber from private landowners.,Written Expression,1,0
211,Foresters,Subcontract with loggers or pulpwood cutters for tree removal and to aid in road layout.,Oral Comprehension,3,0
211,Foresters,Subcontract with loggers or pulpwood cutters for tree removal and to aid in road layout.,Oral Expression,2,0
211,Foresters,Subcontract with loggers or pulpwood cutters for tree removal and to aid in road layout.,Written Comprehension,2,0
211,Foresters,Subcontract with loggers or pulpwood cutters for tree removal and to aid in road layout.,Deductive Reasoning,2,0
211,Foresters,Subcontract with loggers or pulpwood cutters for tree removal and to aid in road layout.,Written Expression,2,0
211,Foresters,Subcontract with loggers or pulpwood cutters for tree removal and to aid in road layout.,Information Ordering,2,0
211,Foresters,Subcontract with loggers or pulpwood cutters for tree removal and to aid in road layout.,Speech Clarity,1,0
201,Foresters,"Direct, and participate in, forest fire suppression.",Problem Sensitivity,3,0
201,Foresters,"Direct, and participate in, forest fire suppression.",Reaction Time,3,0
201,Foresters,"Direct, and participate in, forest fire suppression.",Oral Expression,3,0
201,Foresters,"Direct, and participate in, forest fire suppression.",Gross Body Coordination,3,0
201,Foresters,"Direct, and participate in, forest fire suppression.",Stamina,3,0
201,Foresters,"Direct, and participate in, forest fire suppression.",Gross Body Equilibrium,2,0
201,Foresters,"Direct, and participate in, forest fire suppression.",Static Strength,2,0
201,Foresters,"Direct, and participate in, forest fire suppression.",Dynamic Strength,2,0
201,Foresters,"Direct, and participate in, forest fire suppression.",Trunk Strength,2,0
201,Foresters,"Direct, and participate in, forest fire suppression.",Far Vision,2,0
201,Foresters,"Direct, and participate in, forest fire suppression.",Information Ordering,2,0
201,Foresters,"Direct, and participate in, forest fire suppression.",Selective Attention,2,0
217,Foresters,"Study different tree species' classification, life history, light and soil requirements, adaptation to new environmental conditions and resistance to disease and insects.",Inductive Reasoning,3,0
217,Foresters,"Study different tree species' classification, life history, light and soil requirements, adaptation to new environmental conditions and resistance to disease and insects.",Written Comprehension,3,0
217,Foresters,"Study different tree species' classification, life history, light and soil requirements, adaptation to new environmental conditions and resistance to disease and insects.",Category Flexibility,2,0
217,Foresters,"Study different tree species' classification, life history, light and soil requirements, adaptation to new environmental conditions and resistance to disease and insects.",Problem Sensitivity,2,0
217,Foresters,"Study different tree species' classification, life history, light and soil requirements, adaptation to new environmental conditions and resistance to disease and insects.",Deductive Reasoning,2,0
217,Foresters,"Study different tree species' classification, life history, light and soil requirements, adaptation to new environmental conditions and resistance to disease and insects.",Information Ordering,2,0
217,Foresters,"Study different tree species' classification, life history, light and soil requirements, adaptation to new environmental conditions and resistance to disease and insects.",Memorization,2,0
217,Foresters,"Study different tree species' classification, life history, light and soil requirements, adaptation to new environmental conditions and resistance to disease and insects.",Near Vision,1,0
203,Foresters,"Analyze effect of forest conditions on tree growth rates and tree species prevalence and the yield, duration, seed production, growth viability, and germination of different species.",Inductive Reasoning,3,0
203,Foresters,"Analyze effect of forest conditions on tree growth rates and tree species prevalence and the yield, duration, seed production, growth viability, and germination of different species.",Mathematical Reasoning,3,0
203,Foresters,"Analyze effect of forest conditions on tree growth rates and tree species prevalence and the yield, duration, seed production, growth viability, and germination of different species.",Number Facility,2,0
203,Foresters,"Analyze effect of forest conditions on tree growth rates and tree species prevalence and the yield, duration, seed production, growth viability, and germination of different species.",Deductive Reasoning,2,0
203,Foresters,"Analyze effect of forest conditions on tree growth rates and tree species prevalence and the yield, duration, seed production, growth viability, and germination of different species.",Problem Sensitivity,2,0
203,Foresters,"Analyze effect of forest conditions on tree growth rates and tree species prevalence and the yield, duration, seed production, growth viability, and germination of different species.",Written Comprehension,2,0
203,Foresters,"Analyze effect of forest conditions on tree growth rates and tree species prevalence and the yield, duration, seed production, growth viability, and germination of different species.",Written Expression,2,0
203,Foresters,"Analyze effect of forest conditions on tree growth rates and tree species prevalence and the yield, duration, seed production, growth viability, and germination of different species.",Information Ordering,2,0
214,Foresters,"Plan and direct construction and maintenance of recreation facilities, fire towers, trails, roads and bridges, ensuring that they comply with guidelines and regulations set for forested public lands.",Information Ordering,3,0
214,Foresters,"Plan and direct construction and maintenance of recreation facilities, fire towers, trails, roads and bridges, ensuring that they comply with guidelines and regulations set for forested public lands.",Deductive Reasoning,3,0
214,Foresters,"Plan and direct construction and maintenance of recreation facilities, fire towers, trails, roads and bridges, ensuring that they comply with guidelines and regulations set for forested public lands.",Visualization,3,0
214,Foresters,"Plan and direct construction and maintenance of recreation facilities, fire towers, trails, roads and bridges, ensuring that they comply with guidelines and regulations set for forested public lands.",Problem Sensitivity,2,0
214,Foresters,"Plan and direct construction and maintenance of recreation facilities, fire towers, trails, roads and bridges, ensuring that they comply with guidelines and regulations set for forested public lands.",Written Comprehension,2,0
214,Foresters,"Plan and direct construction and maintenance of recreation facilities, fire towers, trails, roads and bridges, ensuring that they comply with guidelines and regulations set for forested public lands.",Spatial Orientation,2,0
214,Foresters,"Plan and direct construction and maintenance of recreation facilities, fire towers, trails, roads and bridges, ensuring that they comply with guidelines and regulations set for forested public lands.",Written Expression,2,0
214,Foresters,"Plan and direct construction and maintenance of recreation facilities, fire towers, trails, roads and bridges, ensuring that they comply with guidelines and regulations set for forested public lands.",Oral Expression,1,0
209,Foresters,Conduct public educational programs on forest care and conservation.,Oral Expression,3,0
209,Foresters,Conduct public educational programs on forest care and conservation.,Speech Clarity,3,0
209,Foresters,Conduct public educational programs on forest care and conservation.,Oral Comprehension,2,0
209,Foresters,Conduct public educational programs on forest care and conservation.,Written Expression,2,0
209,Foresters,Conduct public educational programs on forest care and conservation.,Written Comprehension,2,0
209,Foresters,Conduct public educational programs on forest care and conservation.,Fluency of Ideas,2,0
209,Foresters,Conduct public educational programs on forest care and conservation.,Information Ordering,1,0
213,Foresters,Monitor wildlife populations and assess the impacts of forest operations on population and habitats.,Problem Sensitivity,3,0
213,Foresters,Monitor wildlife populations and assess the impacts of forest operations on population and habitats.,Inductive Reasoning,3,0
213,Foresters,Monitor wildlife populations and assess the impacts of forest operations on population and habitats.,Far Vision,2,0
213,Foresters,Monitor wildlife populations and assess the impacts of forest operations on population and habitats.,Selective Attention,2,0
213,Foresters,Monitor wildlife populations and assess the impacts of forest operations on population and habitats.,Written Comprehension,2,0
213,Foresters,Monitor wildlife populations and assess the impacts of forest operations on population and habitats.,Written Expression,2,0
213,Foresters,Monitor wildlife populations and assess the impacts of forest operations on population and habitats.,Mathematical Reasoning,1,0
213,Foresters,Monitor wildlife populations and assess the impacts of forest operations on population and habitats.,Near Vision,1,0
213,Foresters,Monitor wildlife populations and assess the impacts of forest operations on population and habitats.,Stamina,1,0
215,Foresters,"Contact local forest owners and gain permission to take inventory of the type, amount, and location of all standing timber on the property.",Oral Comprehension,3,0
215,Foresters,"Contact local forest owners and gain permission to take inventory of the type, amount, and location of all standing timber on the property.",Oral Expression,3,0
215,Foresters,"Contact local forest owners and gain permission to take inventory of the type, amount, and location of all standing timber on the property.",Speech Clarity,2,0
215,Foresters,"Contact local forest owners and gain permission to take inventory of the type, amount, and location of all standing timber on the property.",Speech Recognition,2,0
215,Foresters,"Contact local forest owners and gain permission to take inventory of the type, amount, and location of all standing timber on the property.",Written Comprehension,1,0
215,Foresters,"Contact local forest owners and gain permission to take inventory of the type, amount, and location of all standing timber on the property.",Inductive Reasoning,1,0
215,Foresters,"Contact local forest owners and gain permission to take inventory of the type, amount, and location of all standing timber on the property.",Far Vision,1,0
218,Foresters,Develop new techniques for wood or residue use.,Originality,3,0
218,Foresters,Develop new techniques for wood or residue use.,Inductive Reasoning,3,0
218,Foresters,Develop new techniques for wood or residue use.,Fluency of Ideas,3,0
218,Foresters,Develop new techniques for wood or residue use.,Deductive Reasoning,2,0
218,Foresters,Develop new techniques for wood or residue use.,Problem Sensitivity,2,0
218,Foresters,Develop new techniques for wood or residue use.,Visualization,2,0
218,Foresters,Develop new techniques for wood or residue use.,Written Expression,2,0
15216,Epidemiologists,"Communicate research findings on various types of diseases to health practitioners, policy makers, and the public.",Oral Expression,3,0
15216,Epidemiologists,"Communicate research findings on various types of diseases to health practitioners, policy makers, and the public.",Written Expression,3,0
15216,Epidemiologists,"Communicate research findings on various types of diseases to health practitioners, policy makers, and the public.",Speech Clarity,3,0
15216,Epidemiologists,"Communicate research findings on various types of diseases to health practitioners, policy makers, and the public.",Oral Comprehension,2,0
15216,Epidemiologists,"Communicate research findings on various types of diseases to health practitioners, policy makers, and the public.",Written Comprehension,2,0
15216,Epidemiologists,"Communicate research findings on various types of diseases to health practitioners, policy makers, and the public.",Fluency of Ideas,2,0
15216,Epidemiologists,"Communicate research findings on various types of diseases to health practitioners, policy makers, and the public.",Information Ordering,2,0
5421,Epidemiologists,"Oversee public health programs, including statistical analysis, health care planning, surveillance systems, and public health improvement.",Deductive Reasoning,3,0
5421,Epidemiologists,"Oversee public health programs, including statistical analysis, health care planning, surveillance systems, and public health improvement.",Information Ordering,3,0
5421,Epidemiologists,"Oversee public health programs, including statistical analysis, health care planning, surveillance systems, and public health improvement.",Mathematical Reasoning,3,0
5421,Epidemiologists,"Oversee public health programs, including statistical analysis, health care planning, surveillance systems, and public health improvement.",Problem Sensitivity,2,0
5421,Epidemiologists,"Oversee public health programs, including statistical analysis, health care planning, surveillance systems, and public health improvement.",Written Comprehension,2,0
5421,Epidemiologists,"Oversee public health programs, including statistical analysis, health care planning, surveillance systems, and public health improvement.",Number Facility,2,0
5421,Epidemiologists,"Oversee public health programs, including statistical analysis, health care planning, surveillance systems, and public health improvement.",Oral Expression,2,0
5421,Epidemiologists,"Oversee public health programs, including statistical analysis, health care planning, surveillance systems, and public health improvement.",Inductive Reasoning,2,0
5422,Epidemiologists,"Investigate diseases or parasites to determine cause and risk factors, progress, life cycle, or mode of transmission.",Inductive Reasoning,3,0
5422,Epidemiologists,"Investigate diseases or parasites to determine cause and risk factors, progress, life cycle, or mode of transmission.",Problem Sensitivity,3,0
5422,Epidemiologists,"Investigate diseases or parasites to determine cause and risk factors, progress, life cycle, or mode of transmission.",Deductive Reasoning,2,0
5422,Epidemiologists,"Investigate diseases or parasites to determine cause and risk factors, progress, life cycle, or mode of transmission.",Written Comprehension,2,0
5422,Epidemiologists,"Investigate diseases or parasites to determine cause and risk factors, progress, life cycle, or mode of transmission.",Information Ordering,2,0
5422,Epidemiologists,"Investigate diseases or parasites to determine cause and risk factors, progress, life cycle, or mode of transmission.",Mathematical Reasoning,2,0
5422,Epidemiologists,"Investigate diseases or parasites to determine cause and risk factors, progress, life cycle, or mode of transmission.",Written Expression,2,0
5422,Epidemiologists,"Investigate diseases or parasites to determine cause and risk factors, progress, life cycle, or mode of transmission.",Near Vision,1,0
15217,Epidemiologists,"Educate healthcare workers, patients, and the public about infectious and communicable diseases, including disease transmission and prevention.",Oral Expression,3,0
15217,Epidemiologists,"Educate healthcare workers, patients, and the public about infectious and communicable diseases, including disease transmission and prevention.",Speech Clarity,3,0
15217,Epidemiologists,"Educate healthcare workers, patients, and the public about infectious and communicable diseases, including disease transmission and prevention.",Written Expression,2,0
15217,Epidemiologists,"Educate healthcare workers, patients, and the public about infectious and communicable diseases, including disease transmission and prevention.",Oral Comprehension,2,0
15217,Epidemiologists,"Educate healthcare workers, patients, and the public about infectious and communicable diseases, including disease transmission and prevention.",Written Comprehension,2,0
15217,Epidemiologists,"Educate healthcare workers, patients, and the public about infectious and communicable diseases, including disease transmission and prevention.",Information Ordering,2,0
15217,Epidemiologists,"Educate healthcare workers, patients, and the public about infectious and communicable diseases, including disease transmission and prevention.",Fluency of Ideas,1,0
15215,Epidemiologists,Monitor and report incidents of infectious diseases to local and state health agencies.,Written Expression,3,0
15215,Epidemiologists,Monitor and report incidents of infectious diseases to local and state health agencies.,Problem Sensitivity,3,0
15215,Epidemiologists,Monitor and report incidents of infectious diseases to local and state health agencies.,Selective Attention,2,0
15215,Epidemiologists,Monitor and report incidents of infectious diseases to local and state health agencies.,Information Ordering,2,0
15215,Epidemiologists,Monitor and report incidents of infectious diseases to local and state health agencies.,Deductive Reasoning,2,0
15215,Epidemiologists,Monitor and report incidents of infectious diseases to local and state health agencies.,Written Comprehension,2,0
15215,Epidemiologists,Monitor and report incidents of infectious diseases to local and state health agencies.,Perceptual Speed,1,0
5423,Epidemiologists,"Plan and direct studies to investigate human or animal disease, preventive methods, and treatments for disease.",Deductive Reasoning,3,0
5423,Epidemiologists,"Plan and direct studies to investigate human or animal disease, preventive methods, and treatments for disease.",Inductive Reasoning,3,0
5423,Epidemiologists,"Plan and direct studies to investigate human or animal disease, preventive methods, and treatments for disease.",Information Ordering,3,0
5423,Epidemiologists,"Plan and direct studies to investigate human or animal disease, preventive methods, and treatments for disease.",Problem Sensitivity,2,0
5423,Epidemiologists,"Plan and direct studies to investigate human or animal disease, preventive methods, and treatments for disease.",Written Comprehension,2,0
5423,Epidemiologists,"Plan and direct studies to investigate human or animal disease, preventive methods, and treatments for disease.",Written Expression,2,0
5423,Epidemiologists,"Plan and direct studies to investigate human or animal disease, preventive methods, and treatments for disease.",Mathematical Reasoning,2,0
5423,Epidemiologists,"Plan and direct studies to investigate human or animal disease, preventive methods, and treatments for disease.",Oral Expression,1,0
5425,Epidemiologists,"Provide expertise in the design, management and evaluation of study protocols and health status questionnaires, sample selection, and analysis.",Deductive Reasoning,3,0
5425,Epidemiologists,"Provide expertise in the design, management and evaluation of study protocols and health status questionnaires, sample selection, and analysis.",Mathematical Reasoning,3,0
5425,Epidemiologists,"Provide expertise in the design, management and evaluation of study protocols and health status questionnaires, sample selection, and analysis.",Written Comprehension,3,0
5425,Epidemiologists,"Provide expertise in the design, management and evaluation of study protocols and health status questionnaires, sample selection, and analysis.",Inductive Reasoning,2,0
5425,Epidemiologists,"Provide expertise in the design, management and evaluation of study protocols and health status questionnaires, sample selection, and analysis.",Problem Sensitivity,2,0
5425,Epidemiologists,"Provide expertise in the design, management and evaluation of study protocols and health status questionnaires, sample selection, and analysis.",Written Expression,2,0
5425,Epidemiologists,"Provide expertise in the design, management and evaluation of study protocols and health status questionnaires, sample selection, and analysis.",Information Ordering,2,0
5425,Epidemiologists,"Provide expertise in the design, management and evaluation of study protocols and health status questionnaires, sample selection, and analysis.",Number Facility,2,0
23961,Epidemiologists,Write articles for publication in professional journals.,Written Expression,3,0
23961,Epidemiologists,Write articles for publication in professional journals.,Written Comprehension,3,0
23961,Epidemiologists,Write articles for publication in professional journals.,Fluency of Ideas,3,0
23961,Epidemiologists,Write articles for publication in professional journals.,Originality,2,0
23961,Epidemiologists,Write articles for publication in professional journals.,Information Ordering,2,0
23961,Epidemiologists,Write articles for publication in professional journals.,Deductive Reasoning,2,0
23961,Epidemiologists,Write articles for publication in professional journals.,Near Vision,2,0
5429,Epidemiologists,"Identify and analyze public health issues related to foodborne parasitic diseases and their impact on public policies, scientific studies, or surveys.",Inductive Reasoning,3,0
5429,Epidemiologists,"Identify and analyze public health issues related to foodborne parasitic diseases and their impact on public policies, scientific studies, or surveys.",Problem Sensitivity,3,0
5429,Epidemiologists,"Identify and analyze public health issues related to foodborne parasitic diseases and their impact on public policies, scientific studies, or surveys.",Written Comprehension,3,0
5429,Epidemiologists,"Identify and analyze public health issues related to foodborne parasitic diseases and their impact on public policies, scientific studies, or surveys.",Deductive Reasoning,2,0
5429,Epidemiologists,"Identify and analyze public health issues related to foodborne parasitic diseases and their impact on public policies, scientific studies, or surveys.",Mathematical Reasoning,2,0
5429,Epidemiologists,"Identify and analyze public health issues related to foodborne parasitic diseases and their impact on public policies, scientific studies, or surveys.",Information Ordering,2,0
5429,Epidemiologists,"Identify and analyze public health issues related to foodborne parasitic diseases and their impact on public policies, scientific studies, or surveys.",Written Expression,2,0
23962,Epidemiologists,Write grant applications to fund epidemiologic research.,Written Expression,3,0
23962,Epidemiologists,Write grant applications to fund epidemiologic research.,Fluency of Ideas,3,0
23962,Epidemiologists,Write grant applications to fund epidemiologic research.,Written Comprehension,3,0
23962,Epidemiologists,Write grant applications to fund epidemiologic research.,Originality,2,0
23962,Epidemiologists,Write grant applications to fund epidemiologic research.,Deductive Reasoning,2,0
23962,Epidemiologists,Write grant applications to fund epidemiologic research.,Information Ordering,2,0
23962,Epidemiologists,Write grant applications to fund epidemiologic research.,Near Vision,1,0
5424,Epidemiologists,"Plan, administer and evaluate health safety standards and programs to improve public health, conferring with health department, industry personnel, physicians, and others.",Deductive Reasoning,3,0
5424,Epidemiologists,"Plan, administer and evaluate health safety standards and programs to improve public health, conferring with health department, industry personnel, physicians, and others.",Information Ordering,3,0
5424,Epidemiologists,"Plan, administer and evaluate health safety standards and programs to improve public health, conferring with health department, industry personnel, physicians, and others.",Problem Sensitivity,2,0
5424,Epidemiologists,"Plan, administer and evaluate health safety standards and programs to improve public health, conferring with health department, industry personnel, physicians, and others.",Written Comprehension,2,0
5424,Epidemiologists,"Plan, administer and evaluate health safety standards and programs to improve public health, conferring with health department, industry personnel, physicians, and others.",Oral Comprehension,2,0
5424,Epidemiologists,"Plan, administer and evaluate health safety standards and programs to improve public health, conferring with health department, industry personnel, physicians, and others.",Oral Expression,2,0
5424,Epidemiologists,"Plan, administer and evaluate health safety standards and programs to improve public health, conferring with health department, industry personnel, physicians, and others.",Written Expression,2,0
5424,Epidemiologists,"Plan, administer and evaluate health safety standards and programs to improve public health, conferring with health department, industry personnel, physicians, and others.",Inductive Reasoning,2,0
5426,Epidemiologists,"Conduct research to develop methodologies, instrumentation, and procedures for medical application, analyzing data and presenting findings.",Inductive Reasoning,3,0
5426,Epidemiologists,"Conduct research to develop methodologies, instrumentation, and procedures for medical application, analyzing data and presenting findings.",Mathematical Reasoning,3,0
5426,Epidemiologists,"Conduct research to develop methodologies, instrumentation, and procedures for medical application, analyzing data and presenting findings.",Deductive Reasoning,2,0
5426,Epidemiologists,"Conduct research to develop methodologies, instrumentation, and procedures for medical application, analyzing data and presenting findings.",Written Expression,2,0
5426,Epidemiologists,"Conduct research to develop methodologies, instrumentation, and procedures for medical application, analyzing data and presenting findings.",Problem Sensitivity,2,0
5426,Epidemiologists,"Conduct research to develop methodologies, instrumentation, and procedures for medical application, analyzing data and presenting findings.",Originality,2,0
5426,Epidemiologists,"Conduct research to develop methodologies, instrumentation, and procedures for medical application, analyzing data and presenting findings.",Information Ordering,2,0
5426,Epidemiologists,"Conduct research to develop methodologies, instrumentation, and procedures for medical application, analyzing data and presenting findings.",Number Facility,1,0
5427,Epidemiologists,"Consult with and advise physicians, educators, researchers, government health officials and others regarding medical applications of sciences, such as physics, biology, and chemistry.",Oral Comprehension,3,0
5427,Epidemiologists,"Consult with and advise physicians, educators, researchers, government health officials and others regarding medical applications of sciences, such as physics, biology, and chemistry.",Oral Expression,3,0
5427,Epidemiologists,"Consult with and advise physicians, educators, researchers, government health officials and others regarding medical applications of sciences, such as physics, biology, and chemistry.",Written Comprehension,2,0
5427,Epidemiologists,"Consult with and advise physicians, educators, researchers, government health officials and others regarding medical applications of sciences, such as physics, biology, and chemistry.",Deductive Reasoning,2,0
5427,Epidemiologists,"Consult with and advise physicians, educators, researchers, government health officials and others regarding medical applications of sciences, such as physics, biology, and chemistry.",Speech Clarity,2,0
5427,Epidemiologists,"Consult with and advise physicians, educators, researchers, government health officials and others regarding medical applications of sciences, such as physics, biology, and chemistry.",Speech Recognition,2,0
5427,Epidemiologists,"Consult with and advise physicians, educators, researchers, government health officials and others regarding medical applications of sciences, such as physics, biology, and chemistry.",Written Expression,1,0
5428,Epidemiologists,"Supervise professional, technical, and clerical personnel.",Oral Expression,3,0
5428,Epidemiologists,"Supervise professional, technical, and clerical personnel.",Oral Comprehension,2,0
5428,Epidemiologists,"Supervise professional, technical, and clerical personnel.",Speech Clarity,2,0
5428,Epidemiologists,"Supervise professional, technical, and clerical personnel.",Speech Recognition,2,0
5428,Epidemiologists,"Supervise professional, technical, and clerical personnel.",Written Comprehension,2,0
5428,Epidemiologists,"Supervise professional, technical, and clerical personnel.",Problem Sensitivity,2,0
5428,Epidemiologists,"Supervise professional, technical, and clerical personnel.",Information Ordering,1,0
5430,Epidemiologists,"Teach principles of medicine and medical and laboratory procedures to physicians, residents, students, and technicians.",Oral Expression,3,0
5430,Epidemiologists,"Teach principles of medicine and medical and laboratory procedures to physicians, residents, students, and technicians.",Speech Clarity,3,0
5430,Epidemiologists,"Teach principles of medicine and medical and laboratory procedures to physicians, residents, students, and technicians.",Written Comprehension,2,0
5430,Epidemiologists,"Teach principles of medicine and medical and laboratory procedures to physicians, residents, students, and technicians.",Written Expression,2,0
5430,Epidemiologists,"Teach principles of medicine and medical and laboratory procedures to physicians, residents, students, and technicians.",Oral Comprehension,2,0
5430,Epidemiologists,"Teach principles of medicine and medical and laboratory procedures to physicians, residents, students, and technicians.",Information Ordering,2,0
5430,Epidemiologists,"Teach principles of medicine and medical and laboratory procedures to physicians, residents, students, and technicians.",Deductive Reasoning,1,0
5432,Epidemiologists,"Prepare and analyze samples to study effects of drugs, gases, pesticides, or microorganisms on cell structure and tissue.",Near Vision,3,0
5432,Epidemiologists,"Prepare and analyze samples to study effects of drugs, gases, pesticides, or microorganisms on cell structure and tissue.",Finger Dexterity,3,0
5432,Epidemiologists,"Prepare and analyze samples to study effects of drugs, gases, pesticides, or microorganisms on cell structure and tissue.",Manual Dexterity,3,0
5432,Epidemiologists,"Prepare and analyze samples to study effects of drugs, gases, pesticides, or microorganisms on cell structure and tissue.",Arm-Hand Steadiness,3,0
5432,Epidemiologists,"Prepare and analyze samples to study effects of drugs, gases, pesticides, or microorganisms on cell structure and tissue.",Selective Attention,2,0
5432,Epidemiologists,"Prepare and analyze samples to study effects of drugs, gases, pesticides, or microorganisms on cell structure and tissue.",Inductive Reasoning,2,0
5432,Epidemiologists,"Prepare and analyze samples to study effects of drugs, gases, pesticides, or microorganisms on cell structure and tissue.",Visual Color Discrimination,2,0
5432,Epidemiologists,"Prepare and analyze samples to study effects of drugs, gases, pesticides, or microorganisms on cell structure and tissue.",Problem Sensitivity,2,0
5432,Epidemiologists,"Prepare and analyze samples to study effects of drugs, gases, pesticides, or microorganisms on cell structure and tissue.",Deductive Reasoning,1,0
7514,"Medical Scientists, Except Epidemiologists",Follow strict safety procedures when handling toxic materials to avoid contamination.,Selective Attention,3,0
7514,"Medical Scientists, Except Epidemiologists",Follow strict safety procedures when handling toxic materials to avoid contamination.,Problem Sensitivity,3,0
7514,"Medical Scientists, Except Epidemiologists",Follow strict safety procedures when handling toxic materials to avoid contamination.,Deductive Reasoning,2,0
7514,"Medical Scientists, Except Epidemiologists",Follow strict safety procedures when handling toxic materials to avoid contamination.,Near Vision,2,0
7514,"Medical Scientists, Except Epidemiologists",Follow strict safety procedures when handling toxic materials to avoid contamination.,Manual Dexterity,2,0
7514,"Medical Scientists, Except Epidemiologists",Follow strict safety procedures when handling toxic materials to avoid contamination.,Finger Dexterity,2,0
7514,"Medical Scientists, Except Epidemiologists",Follow strict safety procedures when handling toxic materials to avoid contamination.,Written Comprehension,2,0
7514,"Medical Scientists, Except Epidemiologists",Follow strict safety procedures when handling toxic materials to avoid contamination.,Memorization,1,0
7515,"Medical Scientists, Except Epidemiologists","Evaluate effects of drugs, gases, pesticides, parasites, and microorganisms at various levels.",Inductive Reasoning,3,0
7515,"Medical Scientists, Except Epidemiologists","Evaluate effects of drugs, gases, pesticides, parasites, and microorganisms at various levels.",Problem Sensitivity,3,0
7515,"Medical Scientists, Except Epidemiologists","Evaluate effects of drugs, gases, pesticides, parasites, and microorganisms at various levels.",Deductive Reasoning,2,0
7515,"Medical Scientists, Except Epidemiologists","Evaluate effects of drugs, gases, pesticides, parasites, and microorganisms at various levels.",Mathematical Reasoning,2,0
7515,"Medical Scientists, Except Epidemiologists","Evaluate effects of drugs, gases, pesticides, parasites, and microorganisms at various levels.",Written Comprehension,2,0
7515,"Medical Scientists, Except Epidemiologists","Evaluate effects of drugs, gases, pesticides, parasites, and microorganisms at various levels.",Near Vision,2,0
7515,"Medical Scientists, Except Epidemiologists","Evaluate effects of drugs, gases, pesticides, parasites, and microorganisms at various levels.",Number Facility,1,0
7515,"Medical Scientists, Except Epidemiologists","Evaluate effects of drugs, gases, pesticides, parasites, and microorganisms at various levels.",Written Expression,1,0
7513,"Medical Scientists, Except Epidemiologists","Plan and direct studies to investigate human or animal disease, preventive methods, and treatments for disease.",Deductive Reasoning,3,0
7513,"Medical Scientists, Except Epidemiologists","Plan and direct studies to investigate human or animal disease, preventive methods, and treatments for disease.",Inductive Reasoning,3,0
7513,"Medical Scientists, Except Epidemiologists","Plan and direct studies to investigate human or animal disease, preventive methods, and treatments for disease.",Information Ordering,3,0
7513,"Medical Scientists, Except Epidemiologists","Plan and direct studies to investigate human or animal disease, preventive methods, and treatments for disease.",Problem Sensitivity,2,0
7513,"Medical Scientists, Except Epidemiologists","Plan and direct studies to investigate human or animal disease, preventive methods, and treatments for disease.",Written Comprehension,2,0
7513,"Medical Scientists, Except Epidemiologists","Plan and direct studies to investigate human or animal disease, preventive methods, and treatments for disease.",Written Expression,2,0
7513,"Medical Scientists, Except Epidemiologists","Plan and direct studies to investigate human or animal disease, preventive methods, and treatments for disease.",Mathematical Reasoning,2,0
7513,"Medical Scientists, Except Epidemiologists","Plan and direct studies to investigate human or animal disease, preventive methods, and treatments for disease.",Oral Expression,1,0
7517,"Medical Scientists, Except Epidemiologists","Prepare and analyze organ, tissue, and cell samples to identify toxicity, bacteria, or microorganisms or to study cell structure.",Near Vision,3,0
7517,"Medical Scientists, Except Epidemiologists","Prepare and analyze organ, tissue, and cell samples to identify toxicity, bacteria, or microorganisms or to study cell structure.",Finger Dexterity,3,0
7517,"Medical Scientists, Except Epidemiologists","Prepare and analyze organ, tissue, and cell samples to identify toxicity, bacteria, or microorganisms or to study cell structure.",Manual Dexterity,3,0
7517,"Medical Scientists, Except Epidemiologists","Prepare and analyze organ, tissue, and cell samples to identify toxicity, bacteria, or microorganisms or to study cell structure.",Arm-Hand Steadiness,3,0
7517,"Medical Scientists, Except Epidemiologists","Prepare and analyze organ, tissue, and cell samples to identify toxicity, bacteria, or microorganisms or to study cell structure.",Visual Color Discrimination,2,0
7517,"Medical Scientists, Except Epidemiologists","Prepare and analyze organ, tissue, and cell samples to identify toxicity, bacteria, or microorganisms or to study cell structure.",Inductive Reasoning,2,0
7517,"Medical Scientists, Except Epidemiologists","Prepare and analyze organ, tissue, and cell samples to identify toxicity, bacteria, or microorganisms or to study cell structure.",Selective Attention,2,0
7517,"Medical Scientists, Except Epidemiologists","Prepare and analyze organ, tissue, and cell samples to identify toxicity, bacteria, or microorganisms or to study cell structure.",Problem Sensitivity,2,0
7517,"Medical Scientists, Except Epidemiologists","Prepare and analyze organ, tissue, and cell samples to identify toxicity, bacteria, or microorganisms or to study cell structure.",Perceptual Speed,1,0
20200,"Medical Scientists, Except Epidemiologists","Conduct research to develop methodologies, instrumentation, and procedures for medical application, analyzing data and presenting findings to the scientific audience and general public.",Inductive Reasoning,3,0
20200,"Medical Scientists, Except Epidemiologists","Conduct research to develop methodologies, instrumentation, and procedures for medical application, analyzing data and presenting findings to the scientific audience and general public.",Mathematical Reasoning,3,0
20200,"Medical Scientists, Except Epidemiologists","Conduct research to develop methodologies, instrumentation, and procedures for medical application, analyzing data and presenting findings to the scientific audience and general public.",Deductive Reasoning,2,0
20200,"Medical Scientists, Except Epidemiologists","Conduct research to develop methodologies, instrumentation, and procedures for medical application, analyzing data and presenting findings to the scientific audience and general public.",Written Expression,2,0
20200,"Medical Scientists, Except Epidemiologists","Conduct research to develop methodologies, instrumentation, and procedures for medical application, analyzing data and presenting findings to the scientific audience and general public.",Oral Expression,2,0
20200,"Medical Scientists, Except Epidemiologists","Conduct research to develop methodologies, instrumentation, and procedures for medical application, analyzing data and presenting findings to the scientific audience and general public.",Problem Sensitivity,2,0
20200,"Medical Scientists, Except Epidemiologists","Conduct research to develop methodologies, instrumentation, and procedures for medical application, analyzing data and presenting findings to the scientific audience and general public.",Originality,2,0
20200,"Medical Scientists, Except Epidemiologists","Conduct research to develop methodologies, instrumentation, and procedures for medical application, analyzing data and presenting findings to the scientific audience and general public.",Information Ordering,2,0
20200,"Medical Scientists, Except Epidemiologists","Conduct research to develop methodologies, instrumentation, and procedures for medical application, analyzing data and presenting findings to the scientific audience and general public.",Number Facility,1,0
7516,"Medical Scientists, Except Epidemiologists","Teach principles of medicine and medical and laboratory procedures to physicians, residents, students, and technicians.",Oral Expression,3,0
7516,"Medical Scientists, Except Epidemiologists","Teach principles of medicine and medical and laboratory procedures to physicians, residents, students, and technicians.",Speech Clarity,3,0
7516,"Medical Scientists, Except Epidemiologists","Teach principles of medicine and medical and laboratory procedures to physicians, residents, students, and technicians.",Oral Comprehension,2,0
7516,"Medical Scientists, Except Epidemiologists","Teach principles of medicine and medical and laboratory procedures to physicians, residents, students, and technicians.",Written Comprehension,2,0
7516,"Medical Scientists, Except Epidemiologists","Teach principles of medicine and medical and laboratory procedures to physicians, residents, students, and technicians.",Written Expression,2,0
7516,"Medical Scientists, Except Epidemiologists","Teach principles of medicine and medical and laboratory procedures to physicians, residents, students, and technicians.",Information Ordering,2,0
7516,"Medical Scientists, Except Epidemiologists","Teach principles of medicine and medical and laboratory procedures to physicians, residents, students, and technicians.",Deductive Reasoning,1,0
20201,"Medical Scientists, Except Epidemiologists",Write and publish articles in scientific journals.,Written Expression,3,0
20201,"Medical Scientists, Except Epidemiologists",Write and publish articles in scientific journals.,Written Comprehension,3,0
20201,"Medical Scientists, Except Epidemiologists",Write and publish articles in scientific journals.,Fluency of Ideas,3,0
20201,"Medical Scientists, Except Epidemiologists",Write and publish articles in scientific journals.,Originality,2,0
20201,"Medical Scientists, Except Epidemiologists",Write and publish articles in scientific journals.,Information Ordering,2,0
20201,"Medical Scientists, Except Epidemiologists",Write and publish articles in scientific journals.,Deductive Reasoning,2,0
20201,"Medical Scientists, Except Epidemiologists",Write and publish articles in scientific journals.,Near Vision,2,0
23906,"Medical Scientists, Except Epidemiologists",Write applications for research grants.,Written Expression,3,0
23906,"Medical Scientists, Except Epidemiologists",Write applications for research grants.,Fluency of Ideas,3,0
23906,"Medical Scientists, Except Epidemiologists",Write applications for research grants.,Written Comprehension,3,0
23906,"Medical Scientists, Except Epidemiologists",Write applications for research grants.,Originality,2,0
23906,"Medical Scientists, Except Epidemiologists",Write applications for research grants.,Deductive Reasoning,2,0
23906,"Medical Scientists, Except Epidemiologists",Write applications for research grants.,Information Ordering,2,0
23906,"Medical Scientists, Except Epidemiologists",Write applications for research grants.,Near Vision,1,0
7518,"Medical Scientists, Except Epidemiologists","Standardize drug dosages, methods of immunization, and procedures for manufacture of drugs and medicinal compounds.",Deductive Reasoning,3,0
7518,"Medical Scientists, Except Epidemiologists","Standardize drug dosages, methods of immunization, and procedures for manufacture of drugs and medicinal compounds.",Information Ordering,3,0
7518,"Medical Scientists, Except Epidemiologists","Standardize drug dosages, methods of immunization, and procedures for manufacture of drugs and medicinal compounds.",Written Comprehension,3,0
7518,"Medical Scientists, Except Epidemiologists","Standardize drug dosages, methods of immunization, and procedures for manufacture of drugs and medicinal compounds.",Problem Sensitivity,2,0
7518,"Medical Scientists, Except Epidemiologists","Standardize drug dosages, methods of immunization, and procedures for manufacture of drugs and medicinal compounds.",Mathematical Reasoning,2,0
7518,"Medical Scientists, Except Epidemiologists","Standardize drug dosages, methods of immunization, and procedures for manufacture of drugs and medicinal compounds.",Number Facility,2,0
7518,"Medical Scientists, Except Epidemiologists","Standardize drug dosages, methods of immunization, and procedures for manufacture of drugs and medicinal compounds.",Written Expression,2,0
7518,"Medical Scientists, Except Epidemiologists","Standardize drug dosages, methods of immunization, and procedures for manufacture of drugs and medicinal compounds.",Selective Attention,2,0
7521,"Medical Scientists, Except Epidemiologists",Study animal and human health and physiological processes.,Written Comprehension,3,0
7521,"Medical Scientists, Except Epidemiologists",Study animal and human health and physiological processes.,Inductive Reasoning,3,0
7521,"Medical Scientists, Except Epidemiologists",Study animal and human health and physiological processes.,Deductive Reasoning,2,0
7521,"Medical Scientists, Except Epidemiologists",Study animal and human health and physiological processes.,Problem Sensitivity,2,0
7521,"Medical Scientists, Except Epidemiologists",Study animal and human health and physiological processes.,Memorization,2,0
7521,"Medical Scientists, Except Epidemiologists",Study animal and human health and physiological processes.,Information Ordering,2,0
7521,"Medical Scientists, Except Epidemiologists",Study animal and human health and physiological processes.,Near Vision,1,0
7519,"Medical Scientists, Except Epidemiologists","Investigate cause, progress, life cycle, or mode of transmission of diseases or parasites.",Inductive Reasoning,3,0
7519,"Medical Scientists, Except Epidemiologists","Investigate cause, progress, life cycle, or mode of transmission of diseases or parasites.",Problem Sensitivity,3,0
7519,"Medical Scientists, Except Epidemiologists","Investigate cause, progress, life cycle, or mode of transmission of diseases or parasites.",Written Comprehension,2,0
7519,"Medical Scientists, Except Epidemiologists","Investigate cause, progress, life cycle, or mode of transmission of diseases or parasites.",Deductive Reasoning,2,0
7519,"Medical Scientists, Except Epidemiologists","Investigate cause, progress, life cycle, or mode of transmission of diseases or parasites.",Information Ordering,2,0
7519,"Medical Scientists, Except Epidemiologists","Investigate cause, progress, life cycle, or mode of transmission of diseases or parasites.",Near Vision,2,0
7519,"Medical Scientists, Except Epidemiologists","Investigate cause, progress, life cycle, or mode of transmission of diseases or parasites.",Written Expression,2,0
7523,"Medical Scientists, Except Epidemiologists","Use equipment such as atomic absorption spectrometers, electron microscopes, flow cytometers, or chromatography systems.",Control Precision,3,0
7523,"Medical Scientists, Except Epidemiologists","Use equipment such as atomic absorption spectrometers, electron microscopes, flow cytometers, or chromatography systems.",Finger Dexterity,3,0
7523,"Medical Scientists, Except Epidemiologists","Use equipment such as atomic absorption spectrometers, electron microscopes, flow cytometers, or chromatography systems.",Manual Dexterity,3,0
7523,"Medical Scientists, Except Epidemiologists","Use equipment such as atomic absorption spectrometers, electron microscopes, flow cytometers, or chromatography systems.",Near Vision,3,0
7523,"Medical Scientists, Except Epidemiologists","Use equipment such as atomic absorption spectrometers, electron microscopes, flow cytometers, or chromatography systems.",Arm-Hand Steadiness,2,0
7523,"Medical Scientists, Except Epidemiologists","Use equipment such as atomic absorption spectrometers, electron microscopes, flow cytometers, or chromatography systems.",Selective Attention,2,0
7523,"Medical Scientists, Except Epidemiologists","Use equipment such as atomic absorption spectrometers, electron microscopes, flow cytometers, or chromatography systems.",Visual Color Discrimination,2,0
7523,"Medical Scientists, Except Epidemiologists","Use equipment such as atomic absorption spectrometers, electron microscopes, flow cytometers, or chromatography systems.",Deductive Reasoning,2,0
7523,"Medical Scientists, Except Epidemiologists","Use equipment such as atomic absorption spectrometers, electron microscopes, flow cytometers, or chromatography systems.",Problem Sensitivity,1,0
7520,"Medical Scientists, Except Epidemiologists","Confer with health departments, industry personnel, physicians, and others to develop health safety standards and public health improvement programs.",Oral Comprehension,3,0
7520,"Medical Scientists, Except Epidemiologists","Confer with health departments, industry personnel, physicians, and others to develop health safety standards and public health improvement programs.",Oral Expression,3,0
7520,"Medical Scientists, Except Epidemiologists","Confer with health departments, industry personnel, physicians, and others to develop health safety standards and public health improvement programs.",Speech Clarity,2,0
7520,"Medical Scientists, Except Epidemiologists","Confer with health departments, industry personnel, physicians, and others to develop health safety standards and public health improvement programs.",Speech Recognition,2,0
7520,"Medical Scientists, Except Epidemiologists","Confer with health departments, industry personnel, physicians, and others to develop health safety standards and public health improvement programs.",Written Comprehension,2,0
7520,"Medical Scientists, Except Epidemiologists","Confer with health departments, industry personnel, physicians, and others to develop health safety standards and public health improvement programs.",Deductive Reasoning,2,0
7520,"Medical Scientists, Except Epidemiologists","Confer with health departments, industry personnel, physicians, and others to develop health safety standards and public health improvement programs.",Problem Sensitivity,2,0
7520,"Medical Scientists, Except Epidemiologists","Confer with health departments, industry personnel, physicians, and others to develop health safety standards and public health improvement programs.",Written Expression,1,0
7522,"Medical Scientists, Except Epidemiologists","Consult with and advise physicians, educators, researchers, and others regarding medical applications of physics, biology, and chemistry.",Oral Comprehension,3,0
7522,"Medical Scientists, Except Epidemiologists","Consult with and advise physicians, educators, researchers, and others regarding medical applications of physics, biology, and chemistry.",Oral Expression,3,0
7522,"Medical Scientists, Except Epidemiologists","Consult with and advise physicians, educators, researchers, and others regarding medical applications of physics, biology, and chemistry.",Written Comprehension,2,0
7522,"Medical Scientists, Except Epidemiologists","Consult with and advise physicians, educators, researchers, and others regarding medical applications of physics, biology, and chemistry.",Deductive Reasoning,2,0
7522,"Medical Scientists, Except Epidemiologists","Consult with and advise physicians, educators, researchers, and others regarding medical applications of physics, biology, and chemistry.",Speech Clarity,2,0
7522,"Medical Scientists, Except Epidemiologists","Consult with and advise physicians, educators, researchers, and others regarding medical applications of physics, biology, and chemistry.",Speech Recognition,2,0
7522,"Medical Scientists, Except Epidemiologists","Consult with and advise physicians, educators, researchers, and others regarding medical applications of physics, biology, and chemistry.",Written Expression,1,0
7525,Astronomers,"Analyze research data to determine its significance, using computers.",Mathematical Reasoning,3,0
7525,Astronomers,"Analyze research data to determine its significance, using computers.",Inductive Reasoning,3,0
7525,Astronomers,"Analyze research data to determine its significance, using computers.",Deductive Reasoning,2,0
7525,Astronomers,"Analyze research data to determine its significance, using computers.",Number Facility,2,0
7525,Astronomers,"Analyze research data to determine its significance, using computers.",Problem Sensitivity,2,0
7525,Astronomers,"Analyze research data to determine its significance, using computers.",Written Comprehension,2,0
7525,Astronomers,"Analyze research data to determine its significance, using computers.",Perceptual Speed,1,0
7526,Astronomers,Present research findings at scientific conferences and in papers written for scientific journals.,Written Expression,3,0
7526,Astronomers,Present research findings at scientific conferences and in papers written for scientific journals.,Oral Expression,3,0
7526,Astronomers,Present research findings at scientific conferences and in papers written for scientific journals.,Speech Clarity,3,0
7526,Astronomers,Present research findings at scientific conferences and in papers written for scientific journals.,Written Comprehension,2,0
7526,Astronomers,Present research findings at scientific conferences and in papers written for scientific journals.,Fluency of Ideas,2,0
7526,Astronomers,Present research findings at scientific conferences and in papers written for scientific journals.,Information Ordering,2,0
7526,Astronomers,Present research findings at scientific conferences and in papers written for scientific journals.,Oral Comprehension,2,0
7524,Astronomers,"Study celestial phenomena, using a variety of ground-based and space-borne telescopes and scientific instruments.",Inductive Reasoning,3,0
7524,Astronomers,"Study celestial phenomena, using a variety of ground-based and space-borne telescopes and scientific instruments.",Deductive Reasoning,2,0
7524,Astronomers,"Study celestial phenomena, using a variety of ground-based and space-borne telescopes and scientific instruments.",Written Comprehension,2,0
7524,Astronomers,"Study celestial phenomena, using a variety of ground-based and space-borne telescopes and scientific instruments.",Problem Sensitivity,2,0
7524,Astronomers,"Study celestial phenomena, using a variety of ground-based and space-borne telescopes and scientific instruments.",Near Vision,2,0
7524,Astronomers,"Study celestial phenomena, using a variety of ground-based and space-borne telescopes and scientific instruments.",Selective Attention,2,0
7524,Astronomers,"Study celestial phenomena, using a variety of ground-based and space-borne telescopes and scientific instruments.",Mathematical Reasoning,2,0
7524,Astronomers,"Study celestial phenomena, using a variety of ground-based and space-borne telescopes and scientific instruments.",Visualization,2,0
7530,Astronomers,Collaborate with other astronomers to carry out research projects.,Oral Comprehension,3,0
7530,Astronomers,Collaborate with other astronomers to carry out research projects.,Oral Expression,3,0
7530,Astronomers,Collaborate with other astronomers to carry out research projects.,Written Comprehension,2,0
7530,Astronomers,Collaborate with other astronomers to carry out research projects.,Speech Clarity,2,0
7530,Astronomers,Collaborate with other astronomers to carry out research projects.,Speech Recognition,2,0
7530,Astronomers,Collaborate with other astronomers to carry out research projects.,Deductive Reasoning,2,0
7530,Astronomers,Collaborate with other astronomers to carry out research projects.,Written Expression,1,0
21171,Astronomers,Mentor graduate students and junior colleagues.,Oral Expression,3,0
21171,Astronomers,Mentor graduate students and junior colleagues.,Oral Comprehension,2,0
21171,Astronomers,Mentor graduate students and junior colleagues.,Speech Clarity,2,0
21171,Astronomers,Mentor graduate students and junior colleagues.,Written Expression,2,0
21171,Astronomers,Mentor graduate students and junior colleagues.,Written Comprehension,2,0
21171,Astronomers,Mentor graduate students and junior colleagues.,Deductive Reasoning,1,0
21171,Astronomers,Mentor graduate students and junior colleagues.,Fluency of Ideas,1,0
21172,Astronomers,Supervise students' research on celestial and astronomical phenomena.,Oral Expression,3,0
21172,Astronomers,Supervise students' research on celestial and astronomical phenomena.,Oral Comprehension,2,0
21172,Astronomers,Supervise students' research on celestial and astronomical phenomena.,Written Comprehension,2,0
21172,Astronomers,Supervise students' research on celestial and astronomical phenomena.,Problem Sensitivity,2,0
21172,Astronomers,Supervise students' research on celestial and astronomical phenomena.,Deductive Reasoning,2,0
21172,Astronomers,Supervise students' research on celestial and astronomical phenomena.,Speech Clarity,2,0
21172,Astronomers,Supervise students' research on celestial and astronomical phenomena.,Written Expression,1,0
7532,Astronomers,Teach astronomy or astrophysics.,Oral Expression,3,0
7532,Astronomers,Teach astronomy or astrophysics.,Speech Clarity,3,0
7532,Astronomers,Teach astronomy or astrophysics.,Written Comprehension,2,0
7532,Astronomers,Teach astronomy or astrophysics.,Oral Comprehension,2,0
7532,Astronomers,Teach astronomy or astrophysics.,Written Expression,2,0
7532,Astronomers,Teach astronomy or astrophysics.,Information Ordering,2,0
7532,Astronomers,Teach astronomy or astrophysics.,Deductive Reasoning,1,0
7528,Astronomers,Develop theories based on personal observations or on observations and theories of other astronomers.,Inductive Reasoning,3,0
7528,Astronomers,Develop theories based on personal observations or on observations and theories of other astronomers.,Deductive Reasoning,3,0
7528,Astronomers,Develop theories based on personal observations or on observations and theories of other astronomers.,Originality,3,0
7528,Astronomers,Develop theories based on personal observations or on observations and theories of other astronomers.,Mathematical Reasoning,3,0
7528,Astronomers,Develop theories based on personal observations or on observations and theories of other astronomers.,Written Comprehension,2,0
7528,Astronomers,Develop theories based on personal observations or on observations and theories of other astronomers.,Problem Sensitivity,2,0
7528,Astronomers,Develop theories based on personal observations or on observations and theories of other astronomers.,Visualization,2,0
7528,Astronomers,Develop theories based on personal observations or on observations and theories of other astronomers.,Fluency of Ideas,2,0
7527,Astronomers,"Measure radio, infrared, gamma, and x-ray emissions from extraterrestrial sources.",Mathematical Reasoning,3,0
7527,Astronomers,"Measure radio, infrared, gamma, and x-ray emissions from extraterrestrial sources.",Number Facility,2,0
7527,Astronomers,"Measure radio, infrared, gamma, and x-ray emissions from extraterrestrial sources.",Deductive Reasoning,2,0
7527,Astronomers,"Measure radio, infrared, gamma, and x-ray emissions from extraterrestrial sources.",Selective Attention,2,0
7527,Astronomers,"Measure radio, infrared, gamma, and x-ray emissions from extraterrestrial sources.",Written Comprehension,2,0
7527,Astronomers,"Measure radio, infrared, gamma, and x-ray emissions from extraterrestrial sources.",Problem Sensitivity,2,0
7527,Astronomers,"Measure radio, infrared, gamma, and x-ray emissions from extraterrestrial sources.",Near Vision,2,0
7527,Astronomers,"Measure radio, infrared, gamma, and x-ray emissions from extraterrestrial sources.",Visualization,1,0
7531,Astronomers,Develop instrumentation and software for astronomical observation and analysis.,Originality,3,0
7531,Astronomers,Develop instrumentation and software for astronomical observation and analysis.,Deductive Reasoning,3,0
7531,Astronomers,Develop instrumentation and software for astronomical observation and analysis.,Inductive Reasoning,2,0
7531,Astronomers,Develop instrumentation and software for astronomical observation and analysis.,Visualization,2,0
7531,Astronomers,Develop instrumentation and software for astronomical observation and analysis.,Mathematical Reasoning,2,0
7531,Astronomers,Develop instrumentation and software for astronomical observation and analysis.,Written Comprehension,2,0
7531,Astronomers,Develop instrumentation and software for astronomical observation and analysis.,Fluency of Ideas,2,0
7531,Astronomers,Develop instrumentation and software for astronomical observation and analysis.,Problem Sensitivity,2,0
20049,Astronomers,Review scientific proposals and research papers.,Written Comprehension,3,0
20049,Astronomers,Review scientific proposals and research papers.,Deductive Reasoning,3,0
20049,Astronomers,Review scientific proposals and research papers.,Problem Sensitivity,2,0
20049,Astronomers,Review scientific proposals and research papers.,Inductive Reasoning,2,0
20049,Astronomers,Review scientific proposals and research papers.,Written Expression,2,0
20049,Astronomers,Review scientific proposals and research papers.,Mathematical Reasoning,2,0
20049,Astronomers,Review scientific proposals and research papers.,Near Vision,2,0
7529,Astronomers,Raise funds for scientific research.,Oral Expression,3,0
7529,Astronomers,Raise funds for scientific research.,Written Expression,3,0
7529,Astronomers,Raise funds for scientific research.,Oral Comprehension,2,0
7529,Astronomers,Raise funds for scientific research.,Fluency of Ideas,2,0
7529,Astronomers,Raise funds for scientific research.,Speech Clarity,2,0
7529,Astronomers,Raise funds for scientific research.,Written Comprehension,2,0
7529,Astronomers,Raise funds for scientific research.,Deductive Reasoning,1,0
7533,Astronomers,Develop and modify astronomy-related programs for public presentation.,Originality,3,0
7533,Astronomers,Develop and modify astronomy-related programs for public presentation.,Fluency of Ideas,3,0
7533,Astronomers,Develop and modify astronomy-related programs for public presentation.,Written Expression,2,0
7533,Astronomers,Develop and modify astronomy-related programs for public presentation.,Oral Expression,2,0
7533,Astronomers,Develop and modify astronomy-related programs for public presentation.,Written Comprehension,2,0
7533,Astronomers,Develop and modify astronomy-related programs for public presentation.,Deductive Reasoning,2,0
7533,Astronomers,Develop and modify astronomy-related programs for public presentation.,Information Ordering,2,0
20050,Astronomers,Serve on professional panels and committees.,Oral Comprehension,3,0
20050,Astronomers,Serve on professional panels and committees.,Oral Expression,3,0
20050,Astronomers,Serve on professional panels and committees.,Speech Clarity,2,0
20050,Astronomers,Serve on professional panels and committees.,Speech Recognition,2,0
20050,Astronomers,Serve on professional panels and committees.,Deductive Reasoning,2,0
20050,Astronomers,Serve on professional panels and committees.,Written Comprehension,1,0
7534,Astronomers,"Calculate orbits and determine sizes, shapes, brightness, and motions of different celestial bodies.",Mathematical Reasoning,3,0
7534,Astronomers,"Calculate orbits and determine sizes, shapes, brightness, and motions of different celestial bodies.",Number Facility,3,0
7534,Astronomers,"Calculate orbits and determine sizes, shapes, brightness, and motions of different celestial bodies.",Deductive Reasoning,3,0
7534,Astronomers,"Calculate orbits and determine sizes, shapes, brightness, and motions of different celestial bodies.",Spatial Orientation,3,0
7534,Astronomers,"Calculate orbits and determine sizes, shapes, brightness, and motions of different celestial bodies.",Visualization,3,0
7534,Astronomers,"Calculate orbits and determine sizes, shapes, brightness, and motions of different celestial bodies.",Inductive Reasoning,2,0
7534,Astronomers,"Calculate orbits and determine sizes, shapes, brightness, and motions of different celestial bodies.",Problem Sensitivity,1,0
21173,Astronomers,Conduct question-and-answer presentations on astronomy topics with public audiences.,Oral Expression,3,0
21173,Astronomers,Conduct question-and-answer presentations on astronomy topics with public audiences.,Speech Clarity,3,0
21173,Astronomers,Conduct question-and-answer presentations on astronomy topics with public audiences.,Oral Comprehension,3,0
21173,Astronomers,Conduct question-and-answer presentations on astronomy topics with public audiences.,Speech Recognition,2,0
21173,Astronomers,Conduct question-and-answer presentations on astronomy topics with public audiences.,Fluency of Ideas,2,0
21173,Astronomers,Conduct question-and-answer presentations on astronomy topics with public audiences.,Written Comprehension,1,0
7535,Astronomers,Direct the operations of a planetarium.,Oral Expression,3,0
7535,Astronomers,Direct the operations of a planetarium.,Information Ordering,3,0
7535,Astronomers,Direct the operations of a planetarium.,Deductive Reasoning,2,0
7535,Astronomers,Direct the operations of a planetarium.,Written Comprehension,2,0
7535,Astronomers,Direct the operations of a planetarium.,Oral Comprehension,2,0
7535,Astronomers,Direct the operations of a planetarium.,Problem Sensitivity,2,0
7535,Astronomers,Direct the operations of a planetarium.,Speech Clarity,1,0
10903,Physicists,"Perform complex calculations as part of the analysis and evaluation of data, using computers.",Mathematical Reasoning,3,0
10903,Physicists,"Perform complex calculations as part of the analysis and evaluation of data, using computers.",Number Facility,3,0
10903,Physicists,"Perform complex calculations as part of the analysis and evaluation of data, using computers.",Deductive Reasoning,3,0
10903,Physicists,"Perform complex calculations as part of the analysis and evaluation of data, using computers.",Inductive Reasoning,2,0
10903,Physicists,"Perform complex calculations as part of the analysis and evaluation of data, using computers.",Problem Sensitivity,2,0
10903,Physicists,"Perform complex calculations as part of the analysis and evaluation of data, using computers.",Written Comprehension,1,0
10903,Physicists,"Perform complex calculations as part of the analysis and evaluation of data, using computers.",Selective Attention,1,0
10905,Physicists,Analyze data from research conducted to detect and measure physical phenomena.,Inductive Reasoning,3,0
10905,Physicists,Analyze data from research conducted to detect and measure physical phenomena.,Mathematical Reasoning,3,0
10905,Physicists,Analyze data from research conducted to detect and measure physical phenomena.,Deductive Reasoning,2,0
10905,Physicists,Analyze data from research conducted to detect and measure physical phenomena.,Number Facility,2,0
10905,Physicists,Analyze data from research conducted to detect and measure physical phenomena.,Problem Sensitivity,2,0
10905,Physicists,Analyze data from research conducted to detect and measure physical phenomena.,Written Comprehension,2,0
10905,Physicists,Analyze data from research conducted to detect and measure physical phenomena.,Perceptual Speed,1,0
10904,Physicists,Describe and express observations and conclusions in mathematical terms.,Mathematical Reasoning,3,0
10904,Physicists,Describe and express observations and conclusions in mathematical terms.,Deductive Reasoning,3,0
10904,Physicists,Describe and express observations and conclusions in mathematical terms.,Written Expression,3,0
10904,Physicists,Describe and express observations and conclusions in mathematical terms.,Number Facility,2,0
10904,Physicists,Describe and express observations and conclusions in mathematical terms.,Inductive Reasoning,2,0
10904,Physicists,Describe and express observations and conclusions in mathematical terms.,Visualization,2,0
10904,Physicists,Describe and express observations and conclusions in mathematical terms.,Fluency of Ideas,1,0
10907,Physicists,Design computer simulations to model physical data so that it can be better understood.,Mathematical Reasoning,3,0
10907,Physicists,Design computer simulations to model physical data so that it can be better understood.,Originality,3,0
10907,Physicists,Design computer simulations to model physical data so that it can be better understood.,Deductive Reasoning,2,0
10907,Physicists,Design computer simulations to model physical data so that it can be better understood.,Visualization,2,0
10907,Physicists,Design computer simulations to model physical data so that it can be better understood.,Inductive Reasoning,2,0
10907,Physicists,Design computer simulations to model physical data so that it can be better understood.,Written Comprehension,2,0
10907,Physicists,Design computer simulations to model physical data so that it can be better understood.,Problem Sensitivity,2,0
10907,Physicists,Design computer simulations to model physical data so that it can be better understood.,Fluency of Ideas,1,0
21174,Physicists,Write research proposals to receive funding.,Written Expression,3,0
21174,Physicists,Write research proposals to receive funding.,Fluency of Ideas,3,0
21174,Physicists,Write research proposals to receive funding.,Written Comprehension,3,0
21174,Physicists,Write research proposals to receive funding.,Originality,2,0
21174,Physicists,Write research proposals to receive funding.,Deductive Reasoning,2,0
21174,Physicists,Write research proposals to receive funding.,Information Ordering,2,0
21174,Physicists,Write research proposals to receive funding.,Near Vision,1,0
10912,Physicists,Teach physics to students.,Oral Expression,3,0
10912,Physicists,Teach physics to students.,Speech Clarity,3,0
10912,Physicists,Teach physics to students.,Oral Comprehension,2,0
10912,Physicists,Teach physics to students.,Written Expression,2,0
10912,Physicists,Teach physics to students.,Written Comprehension,2,0
10912,Physicists,Teach physics to students.,Information Ordering,2,0
10912,Physicists,Teach physics to students.,Deductive Reasoning,2,0
10906,Physicists,Report experimental results by writing papers for scientific journals or by presenting information at scientific conferences.,Written Expression,3,0
10906,Physicists,Report experimental results by writing papers for scientific journals or by presenting information at scientific conferences.,Oral Expression,3,0
10906,Physicists,Report experimental results by writing papers for scientific journals or by presenting information at scientific conferences.,Speech Clarity,2,0
10906,Physicists,Report experimental results by writing papers for scientific journals or by presenting information at scientific conferences.,Written Comprehension,2,0
10906,Physicists,Report experimental results by writing papers for scientific journals or by presenting information at scientific conferences.,Fluency of Ideas,2,0
10906,Physicists,Report experimental results by writing papers for scientific journals or by presenting information at scientific conferences.,Information Ordering,2,0
10906,Physicists,Report experimental results by writing papers for scientific journals or by presenting information at scientific conferences.,Deductive Reasoning,2,0
10910,Physicists,"Observe the structure and properties of matter, and the transformation and propagation of energy, using equipment such as masers, lasers, and telescopes, to explore and identify the basic principles governing these phenomena.",Inductive Reasoning,3,0
10910,Physicists,"Observe the structure and properties of matter, and the transformation and propagation of energy, using equipment such as masers, lasers, and telescopes, to explore and identify the basic principles governing these phenomena.",Problem Sensitivity,3,0
10910,Physicists,"Observe the structure and properties of matter, and the transformation and propagation of energy, using equipment such as masers, lasers, and telescopes, to explore and identify the basic principles governing these phenomena.",Deductive Reasoning,2,0
10910,Physicists,"Observe the structure and properties of matter, and the transformation and propagation of energy, using equipment such as masers, lasers, and telescopes, to explore and identify the basic principles governing these phenomena.",Near Vision,2,0
10910,Physicists,"Observe the structure and properties of matter, and the transformation and propagation of energy, using equipment such as masers, lasers, and telescopes, to explore and identify the basic principles governing these phenomena.",Selective Attention,2,0
10910,Physicists,"Observe the structure and properties of matter, and the transformation and propagation of energy, using equipment such as masers, lasers, and telescopes, to explore and identify the basic principles governing these phenomena.",Mathematical Reasoning,2,0
10910,Physicists,"Observe the structure and properties of matter, and the transformation and propagation of energy, using equipment such as masers, lasers, and telescopes, to explore and identify the basic principles governing these phenomena.",Written Comprehension,2,0
10910,Physicists,"Observe the structure and properties of matter, and the transformation and propagation of energy, using equipment such as masers, lasers, and telescopes, to explore and identify the basic principles governing these phenomena.",Visualization,1,0
10911,Physicists,"Develop theories and laws on the basis of observation and experiments, and apply these theories and laws to problems in areas such as nuclear energy, optics, and aerospace technology.",Inductive Reasoning,3,0
10911,Physicists,"Develop theories and laws on the basis of observation and experiments, and apply these theories and laws to problems in areas such as nuclear energy, optics, and aerospace technology.",Deductive Reasoning,3,0
10911,Physicists,"Develop theories and laws on the basis of observation and experiments, and apply these theories and laws to problems in areas such as nuclear energy, optics, and aerospace technology.",Originality,3,0
10911,Physicists,"Develop theories and laws on the basis of observation and experiments, and apply these theories and laws to problems in areas such as nuclear energy, optics, and aerospace technology.",Mathematical Reasoning,3,0
10911,Physicists,"Develop theories and laws on the basis of observation and experiments, and apply these theories and laws to problems in areas such as nuclear energy, optics, and aerospace technology.",Problem Sensitivity,2,0
10911,Physicists,"Develop theories and laws on the basis of observation and experiments, and apply these theories and laws to problems in areas such as nuclear energy, optics, and aerospace technology.",Written Comprehension,2,0
10911,Physicists,"Develop theories and laws on the basis of observation and experiments, and apply these theories and laws to problems in areas such as nuclear energy, optics, and aerospace technology.",Visualization,2,0
10911,Physicists,"Develop theories and laws on the basis of observation and experiments, and apply these theories and laws to problems in areas such as nuclear energy, optics, and aerospace technology.",Fluency of Ideas,2,0
10908,Physicists,"Collaborate with other scientists in the design, development, and testing of experimental, industrial, or medical equipment, instrumentation, and procedures.",Oral Comprehension,3,0
10908,Physicists,"Collaborate with other scientists in the design, development, and testing of experimental, industrial, or medical equipment, instrumentation, and procedures.",Oral Expression,3,0
10908,Physicists,"Collaborate with other scientists in the design, development, and testing of experimental, industrial, or medical equipment, instrumentation, and procedures.",Deductive Reasoning,2,0
10908,Physicists,"Collaborate with other scientists in the design, development, and testing of experimental, industrial, or medical equipment, instrumentation, and procedures.",Inductive Reasoning,2,0
10908,Physicists,"Collaborate with other scientists in the design, development, and testing of experimental, industrial, or medical equipment, instrumentation, and procedures.",Written Comprehension,2,0
10908,Physicists,"Collaborate with other scientists in the design, development, and testing of experimental, industrial, or medical equipment, instrumentation, and procedures.",Speech Clarity,2,0
10908,Physicists,"Collaborate with other scientists in the design, development, and testing of experimental, industrial, or medical equipment, instrumentation, and procedures.",Written Expression,2,0
10908,Physicists,"Collaborate with other scientists in the design, development, and testing of experimental, industrial, or medical equipment, instrumentation, and procedures.",Problem Sensitivity,2,0
20208,Atmospheric and Space Scientists,Develop or use mathematical or computer models for weather forecasting.,Mathematical Reasoning,3,0
20208,Atmospheric and Space Scientists,Develop or use mathematical or computer models for weather forecasting.,Deductive Reasoning,3,0
20208,Atmospheric and Space Scientists,Develop or use mathematical or computer models for weather forecasting.,Inductive Reasoning,2,0
20208,Atmospheric and Space Scientists,Develop or use mathematical or computer models for weather forecasting.,Number Facility,2,0
20208,Atmospheric and Space Scientists,Develop or use mathematical or computer models for weather forecasting.,Visualization,2,0
20208,Atmospheric and Space Scientists,Develop or use mathematical or computer models for weather forecasting.,Problem Sensitivity,2,0
20208,Atmospheric and Space Scientists,Develop or use mathematical or computer models for weather forecasting.,Written Comprehension,2,0
20209,Atmospheric and Space Scientists,"Interpret data, reports, maps, photographs, or charts to predict long- or short-range weather conditions, using computer models and knowledge of climate theory, physics, and mathematics.",Inductive Reasoning,3,0
20209,Atmospheric and Space Scientists,"Interpret data, reports, maps, photographs, or charts to predict long- or short-range weather conditions, using computer models and knowledge of climate theory, physics, and mathematics.",Deductive Reasoning,3,0
20209,Atmospheric and Space Scientists,"Interpret data, reports, maps, photographs, or charts to predict long- or short-range weather conditions, using computer models and knowledge of climate theory, physics, and mathematics.",Mathematical Reasoning,2,0
20209,Atmospheric and Space Scientists,"Interpret data, reports, maps, photographs, or charts to predict long- or short-range weather conditions, using computer models and knowledge of climate theory, physics, and mathematics.",Visualization,3,0
20209,Atmospheric and Space Scientists,"Interpret data, reports, maps, photographs, or charts to predict long- or short-range weather conditions, using computer models and knowledge of climate theory, physics, and mathematics.",Spatial Orientation,2,0
20209,Atmospheric and Space Scientists,"Interpret data, reports, maps, photographs, or charts to predict long- or short-range weather conditions, using computer models and knowledge of climate theory, physics, and mathematics.",Written Comprehension,2,0
20209,Atmospheric and Space Scientists,"Interpret data, reports, maps, photographs, or charts to predict long- or short-range weather conditions, using computer models and knowledge of climate theory, physics, and mathematics.",Near Vision,2,0
20209,Atmospheric and Space Scientists,"Interpret data, reports, maps, photographs, or charts to predict long- or short-range weather conditions, using computer models and knowledge of climate theory, physics, and mathematics.",Number Facility,1,0
20210,Atmospheric and Space Scientists,"Conduct meteorological research into the processes or determinants of atmospheric phenomena, weather, or climate.",Inductive Reasoning,3,0
20210,Atmospheric and Space Scientists,"Conduct meteorological research into the processes or determinants of atmospheric phenomena, weather, or climate.",Mathematical Reasoning,3,0
20210,Atmospheric and Space Scientists,"Conduct meteorological research into the processes or determinants of atmospheric phenomena, weather, or climate.",Deductive Reasoning,2,0
20210,Atmospheric and Space Scientists,"Conduct meteorological research into the processes or determinants of atmospheric phenomena, weather, or climate.",Problem Sensitivity,2,0
20210,Atmospheric and Space Scientists,"Conduct meteorological research into the processes or determinants of atmospheric phenomena, weather, or climate.",Written Comprehension,2,0
20210,Atmospheric and Space Scientists,"Conduct meteorological research into the processes or determinants of atmospheric phenomena, weather, or climate.",Written Expression,2,0
20210,Atmospheric and Space Scientists,"Conduct meteorological research into the processes or determinants of atmospheric phenomena, weather, or climate.",Number Facility,1,0
19759,Atmospheric and Space Scientists,"Formulate predictions by interpreting environmental data, such as meteorological, atmospheric, oceanic, paleoclimate, climate, or related information.",Inductive Reasoning,3,0
19759,Atmospheric and Space Scientists,"Formulate predictions by interpreting environmental data, such as meteorological, atmospheric, oceanic, paleoclimate, climate, or related information.",Deductive Reasoning,3,0
19759,Atmospheric and Space Scientists,"Formulate predictions by interpreting environmental data, such as meteorological, atmospheric, oceanic, paleoclimate, climate, or related information.",Mathematical Reasoning,2,0
19759,Atmospheric and Space Scientists,"Formulate predictions by interpreting environmental data, such as meteorological, atmospheric, oceanic, paleoclimate, climate, or related information.",Problem Sensitivity,2,0
19759,Atmospheric and Space Scientists,"Formulate predictions by interpreting environmental data, such as meteorological, atmospheric, oceanic, paleoclimate, climate, or related information.",Visualization,2,0
19759,Atmospheric and Space Scientists,"Formulate predictions by interpreting environmental data, such as meteorological, atmospheric, oceanic, paleoclimate, climate, or related information.",Written Comprehension,2,0
19759,Atmospheric and Space Scientists,"Formulate predictions by interpreting environmental data, such as meteorological, atmospheric, oceanic, paleoclimate, climate, or related information.",Number Facility,2,0
9068,Atmospheric and Space Scientists,"Broadcast weather conditions, forecasts, or severe weather warnings to the public via television, radio, or the Internet or provide this information to the news media.",Oral Expression,3,0
9068,Atmospheric and Space Scientists,"Broadcast weather conditions, forecasts, or severe weather warnings to the public via television, radio, or the Internet or provide this information to the news media.",Speech Clarity,3,0
9068,Atmospheric and Space Scientists,"Broadcast weather conditions, forecasts, or severe weather warnings to the public via television, radio, or the Internet or provide this information to the news media.",Oral Comprehension,2,0
9068,Atmospheric and Space Scientists,"Broadcast weather conditions, forecasts, or severe weather warnings to the public via television, radio, or the Internet or provide this information to the news media.",Written Expression,2,0
9068,Atmospheric and Space Scientists,"Broadcast weather conditions, forecasts, or severe weather warnings to the public via television, radio, or the Internet or provide this information to the news media.",Information Ordering,2,0
9068,Atmospheric and Space Scientists,"Broadcast weather conditions, forecasts, or severe weather warnings to the public via television, radio, or the Internet or provide this information to the news media.",Fluency of Ideas,2,0
9068,Atmospheric and Space Scientists,"Broadcast weather conditions, forecasts, or severe weather warnings to the public via television, radio, or the Internet or provide this information to the news media.",Time Sharing,2,0
9068,Atmospheric and Space Scientists,"Broadcast weather conditions, forecasts, or severe weather warnings to the public via television, radio, or the Internet or provide this information to the news media.",Selective Attention,1,0
9070,Atmospheric and Space Scientists,"Prepare forecasts or briefings to meet the needs of industry, business, government, or other groups.",Inductive Reasoning,3,0
9070,Atmospheric and Space Scientists,"Prepare forecasts or briefings to meet the needs of industry, business, government, or other groups.",Written Expression,3,0
9070,Atmospheric and Space Scientists,"Prepare forecasts or briefings to meet the needs of industry, business, government, or other groups.",Mathematical Reasoning,2,0
9070,Atmospheric and Space Scientists,"Prepare forecasts or briefings to meet the needs of industry, business, government, or other groups.",Deductive Reasoning,2,0
9070,Atmospheric and Space Scientists,"Prepare forecasts or briefings to meet the needs of industry, business, government, or other groups.",Information Ordering,2,0
9070,Atmospheric and Space Scientists,"Prepare forecasts or briefings to meet the needs of industry, business, government, or other groups.",Problem Sensitivity,2,0
9070,Atmospheric and Space Scientists,"Prepare forecasts or briefings to meet the needs of industry, business, government, or other groups.",Oral Expression,1,0
9069,Atmospheric and Space Scientists,"Gather data from sources such as surface or upper air stations, satellites, weather bureaus, or radar for use in meteorological reports or forecasts.",Selective Attention,3,0
9069,Atmospheric and Space Scientists,"Gather data from sources such as surface or upper air stations, satellites, weather bureaus, or radar for use in meteorological reports or forecasts.",Information Ordering,3,0
9069,Atmospheric and Space Scientists,"Gather data from sources such as surface or upper air stations, satellites, weather bureaus, or radar for use in meteorological reports or forecasts.",Deductive Reasoning,2,0
9069,Atmospheric and Space Scientists,"Gather data from sources such as surface or upper air stations, satellites, weather bureaus, or radar for use in meteorological reports or forecasts.",Written Comprehension,2,0
9069,Atmospheric and Space Scientists,"Gather data from sources such as surface or upper air stations, satellites, weather bureaus, or radar for use in meteorological reports or forecasts.",Problem Sensitivity,2,0
9069,Atmospheric and Space Scientists,"Gather data from sources such as surface or upper air stations, satellites, weather bureaus, or radar for use in meteorological reports or forecasts.",Near Vision,2,0
9069,Atmospheric and Space Scientists,"Gather data from sources such as surface or upper air stations, satellites, weather bureaus, or radar for use in meteorological reports or forecasts.",Perceptual Speed,2,0
21104,Atmospheric and Space Scientists,Develop computer programs to collect meteorological data or to present meteorological information.,Mathematical Reasoning,3,0
21104,Atmospheric and Space Scientists,Develop computer programs to collect meteorological data or to present meteorological information.,Deductive Reasoning,3,0
21104,Atmospheric and Space Scientists,Develop computer programs to collect meteorological data or to present meteorological information.,Inductive Reasoning,2,0
21104,Atmospheric and Space Scientists,Develop computer programs to collect meteorological data or to present meteorological information.,Originality,2,0
21104,Atmospheric and Space Scientists,Develop computer programs to collect meteorological data or to present meteorological information.,Written Comprehension,2,0
21104,Atmospheric and Space Scientists,Develop computer programs to collect meteorological data or to present meteorological information.,Visualization,2,0
21104,Atmospheric and Space Scientists,Develop computer programs to collect meteorological data or to present meteorological information.,Problem Sensitivity,2,0
20206,Atmospheric and Space Scientists,"Prepare weather reports or maps for analysis, distribution, or use in weather broadcasts, using computer graphics.",Written Expression,3,0
20206,Atmospheric and Space Scientists,"Prepare weather reports or maps for analysis, distribution, or use in weather broadcasts, using computer graphics.",Visualization,3,0
20206,Atmospheric and Space Scientists,"Prepare weather reports or maps for analysis, distribution, or use in weather broadcasts, using computer graphics.",Spatial Orientation,2,0
20206,Atmospheric and Space Scientists,"Prepare weather reports or maps for analysis, distribution, or use in weather broadcasts, using computer graphics.",Deductive Reasoning,2,0
20206,Atmospheric and Space Scientists,"Prepare weather reports or maps for analysis, distribution, or use in weather broadcasts, using computer graphics.",Information Ordering,2,0
20206,Atmospheric and Space Scientists,"Prepare weather reports or maps for analysis, distribution, or use in weather broadcasts, using computer graphics.",Near Vision,2,0
20206,Atmospheric and Space Scientists,"Prepare weather reports or maps for analysis, distribution, or use in weather broadcasts, using computer graphics.",Perceptual Speed,1,0
21105,Atmospheric and Space Scientists,Develop and deliver training on weather topics.,Oral Expression,3,0
21105,Atmospheric and Space Scientists,Develop and deliver training on weather topics.,Speech Clarity,3,0
21105,Atmospheric and Space Scientists,Develop and deliver training on weather topics.,Written Expression,2,0
21105,Atmospheric and Space Scientists,Develop and deliver training on weather topics.,Written Comprehension,2,0
21105,Atmospheric and Space Scientists,Develop and deliver training on weather topics.,Information Ordering,2,0
21105,Atmospheric and Space Scientists,Develop and deliver training on weather topics.,Oral Comprehension,2,0
21105,Atmospheric and Space Scientists,Develop and deliver training on weather topics.,Fluency of Ideas,1,0
20211,Atmospheric and Space Scientists,"Prepare scientific atmospheric or climate reports, articles, or texts.",Written Expression,3,0
20211,Atmospheric and Space Scientists,"Prepare scientific atmospheric or climate reports, articles, or texts.",Written Comprehension,3,0
20211,Atmospheric and Space Scientists,"Prepare scientific atmospheric or climate reports, articles, or texts.",Fluency of Ideas,2,0
20211,Atmospheric and Space Scientists,"Prepare scientific atmospheric or climate reports, articles, or texts.",Information Ordering,2,0
20211,Atmospheric and Space Scientists,"Prepare scientific atmospheric or climate reports, articles, or texts.",Deductive Reasoning,2,0
20211,Atmospheric and Space Scientists,"Prepare scientific atmospheric or climate reports, articles, or texts.",Near Vision,2,0
20211,Atmospheric and Space Scientists,"Prepare scientific atmospheric or climate reports, articles, or texts.",Mathematical Reasoning,1,0
19755,Atmospheric and Space Scientists,"Analyze climate data sets, using techniques such as geophysical fluid dynamics, data assimilation, or numerical modeling.",Mathematical Reasoning,3,0
19755,Atmospheric and Space Scientists,"Analyze climate data sets, using techniques such as geophysical fluid dynamics, data assimilation, or numerical modeling.",Inductive Reasoning,3,0
19755,Atmospheric and Space Scientists,"Analyze climate data sets, using techniques such as geophysical fluid dynamics, data assimilation, or numerical modeling.",Deductive Reasoning,2,0
19755,Atmospheric and Space Scientists,"Analyze climate data sets, using techniques such as geophysical fluid dynamics, data assimilation, or numerical modeling.",Number Facility,2,0
19755,Atmospheric and Space Scientists,"Analyze climate data sets, using techniques such as geophysical fluid dynamics, data assimilation, or numerical modeling.",Visualization,2,0
19755,Atmospheric and Space Scientists,"Analyze climate data sets, using techniques such as geophysical fluid dynamics, data assimilation, or numerical modeling.",Problem Sensitivity,2,0
19755,Atmospheric and Space Scientists,"Analyze climate data sets, using techniques such as geophysical fluid dynamics, data assimilation, or numerical modeling.",Written Comprehension,2,0
20205,Atmospheric and Space Scientists,"Analyze historical climate information, such as precipitation or temperature records, to help predict future weather or climate trends.",Inductive Reasoning,3,0
20205,Atmospheric and Space Scientists,"Analyze historical climate information, such as precipitation or temperature records, to help predict future weather or climate trends.",Mathematical Reasoning,3,0
20205,Atmospheric and Space Scientists,"Analyze historical climate information, such as precipitation or temperature records, to help predict future weather or climate trends.",Deductive Reasoning,2,0
20205,Atmospheric and Space Scientists,"Analyze historical climate information, such as precipitation or temperature records, to help predict future weather or climate trends.",Number Facility,2,0
20205,Atmospheric and Space Scientists,"Analyze historical climate information, such as precipitation or temperature records, to help predict future weather or climate trends.",Problem Sensitivity,2,0
20205,Atmospheric and Space Scientists,"Analyze historical climate information, such as precipitation or temperature records, to help predict future weather or climate trends.",Written Comprehension,2,0
20205,Atmospheric and Space Scientists,"Analyze historical climate information, such as precipitation or temperature records, to help predict future weather or climate trends.",Visualization,2,0
20203,Atmospheric and Space Scientists,"Consult with other offices, agencies, professionals, or researchers regarding the use and interpretation of climatological information for weather predictions and warnings.",Oral Comprehension,3,0
20203,Atmospheric and Space Scientists,"Consult with other offices, agencies, professionals, or researchers regarding the use and interpretation of climatological information for weather predictions and warnings.",Oral Expression,3,0
20203,Atmospheric and Space Scientists,"Consult with other offices, agencies, professionals, or researchers regarding the use and interpretation of climatological information for weather predictions and warnings.",Written Comprehension,2,0
20203,Atmospheric and Space Scientists,"Consult with other offices, agencies, professionals, or researchers regarding the use and interpretation of climatological information for weather predictions and warnings.",Speech Clarity,2,0
20203,Atmospheric and Space Scientists,"Consult with other offices, agencies, professionals, or researchers regarding the use and interpretation of climatological information for weather predictions and warnings.",Speech Recognition,2,0
20203,Atmospheric and Space Scientists,"Consult with other offices, agencies, professionals, or researchers regarding the use and interpretation of climatological information for weather predictions and warnings.",Deductive Reasoning,2,0
20203,Atmospheric and Space Scientists,"Consult with other offices, agencies, professionals, or researchers regarding the use and interpretation of climatological information for weather predictions and warnings.",Written Expression,1,0
21103,Atmospheric and Space Scientists,Speak to the public to discuss weather topics or answer questions.,Oral Expression,3,0
21103,Atmospheric and Space Scientists,Speak to the public to discuss weather topics or answer questions.,Speech Clarity,3,0
21103,Atmospheric and Space Scientists,Speak to the public to discuss weather topics or answer questions.,Oral Comprehension,2,0
21103,Atmospheric and Space Scientists,Speak to the public to discuss weather topics or answer questions.,Speech Recognition,2,0
21103,Atmospheric and Space Scientists,Speak to the public to discuss weather topics or answer questions.,Fluency of Ideas,2,0
21103,Atmospheric and Space Scientists,Speak to the public to discuss weather topics or answer questions.,Written Comprehension,1,0
20207,Atmospheric and Space Scientists,"Apply meteorological knowledge to issues such as global warming, pollution control, or ozone depletion.",Inductive Reasoning,3,0
20207,Atmospheric and Space Scientists,"Apply meteorological knowledge to issues such as global warming, pollution control, or ozone depletion.",Deductive Reasoning,3,0
20207,Atmospheric and Space Scientists,"Apply meteorological knowledge to issues such as global warming, pollution control, or ozone depletion.",Problem Sensitivity,2,0
20207,Atmospheric and Space Scientists,"Apply meteorological knowledge to issues such as global warming, pollution control, or ozone depletion.",Mathematical Reasoning,2,0
20207,Atmospheric and Space Scientists,"Apply meteorological knowledge to issues such as global warming, pollution control, or ozone depletion.",Written Comprehension,2,0
20207,Atmospheric and Space Scientists,"Apply meteorological knowledge to issues such as global warming, pollution control, or ozone depletion.",Written Expression,2,0
20207,Atmospheric and Space Scientists,"Apply meteorological knowledge to issues such as global warming, pollution control, or ozone depletion.",Visualization,2,0
20202,Atmospheric and Space Scientists,"Perform managerial duties, such as creating work schedules, creating or implementing staff training, matching staff expertise to situations, or analyzing performance of offices.",Deductive Reasoning,3,0
20202,Atmospheric and Space Scientists,"Perform managerial duties, such as creating work schedules, creating or implementing staff training, matching staff expertise to situations, or analyzing performance of offices.",Information Ordering,3,0
20202,Atmospheric and Space Scientists,"Perform managerial duties, such as creating work schedules, creating or implementing staff training, matching staff expertise to situations, or analyzing performance of offices.",Oral Expression,2,0
20202,Atmospheric and Space Scientists,"Perform managerial duties, such as creating work schedules, creating or implementing staff training, matching staff expertise to situations, or analyzing performance of offices.",Written Comprehension,2,0
20202,Atmospheric and Space Scientists,"Perform managerial duties, such as creating work schedules, creating or implementing staff training, matching staff expertise to situations, or analyzing performance of offices.",Problem Sensitivity,2,0
20202,Atmospheric and Space Scientists,"Perform managerial duties, such as creating work schedules, creating or implementing staff training, matching staff expertise to situations, or analyzing performance of offices.",Written Expression,2,0
20202,Atmospheric and Space Scientists,"Perform managerial duties, such as creating work schedules, creating or implementing staff training, matching staff expertise to situations, or analyzing performance of offices.",Mathematical Reasoning,1,0
9074,Atmospheric and Space Scientists,"Measure wind, temperature, and humidity in the upper atmosphere, using weather balloons.",Selective Attention,2,0
9074,Atmospheric and Space Scientists,"Measure wind, temperature, and humidity in the upper atmosphere, using weather balloons.",Problem Sensitivity,2,0
9074,Atmospheric and Space Scientists,"Measure wind, temperature, and humidity in the upper atmosphere, using weather balloons.",Mathematical Reasoning,2,0
9074,Atmospheric and Space Scientists,"Measure wind, temperature, and humidity in the upper atmosphere, using weather balloons.",Deductive Reasoning,2,0
9074,Atmospheric and Space Scientists,"Measure wind, temperature, and humidity in the upper atmosphere, using weather balloons.",Manual Dexterity,2,0
9074,Atmospheric and Space Scientists,"Measure wind, temperature, and humidity in the upper atmosphere, using weather balloons.",Gross Body Equilibrium,1,0
9074,Atmospheric and Space Scientists,"Measure wind, temperature, and humidity in the upper atmosphere, using weather balloons.",Far Vision,2,0
9074,Atmospheric and Space Scientists,"Measure wind, temperature, and humidity in the upper atmosphere, using weather balloons.",Near Vision,1,0
9076,Atmospheric and Space Scientists,Direct forecasting services at weather stations or at radio or television broadcasting facilities.,Oral Expression,3,0
9076,Atmospheric and Space Scientists,Direct forecasting services at weather stations or at radio or television broadcasting facilities.,Information Ordering,3,0
9076,Atmospheric and Space Scientists,Direct forecasting services at weather stations or at radio or television broadcasting facilities.,Deductive Reasoning,2,0
9076,Atmospheric and Space Scientists,Direct forecasting services at weather stations or at radio or television broadcasting facilities.,Oral Comprehension,2,0
9076,Atmospheric and Space Scientists,Direct forecasting services at weather stations or at radio or television broadcasting facilities.,Problem Sensitivity,2,0
9076,Atmospheric and Space Scientists,Direct forecasting services at weather stations or at radio or television broadcasting facilities.,Written Comprehension,2,0
9076,Atmospheric and Space Scientists,Direct forecasting services at weather stations or at radio or television broadcasting facilities.,Speech Clarity,1,0
9078,Atmospheric and Space Scientists,Collect air samples from planes or ships over land or sea to study atmospheric composition.,Manual Dexterity,3,0
9078,Atmospheric and Space Scientists,Collect air samples from planes or ships over land or sea to study atmospheric composition.,Finger Dexterity,2,0
9078,Atmospheric and Space Scientists,Collect air samples from planes or ships over land or sea to study atmospheric composition.,Gross Body Equilibrium,2,0
9078,Atmospheric and Space Scientists,Collect air samples from planes or ships over land or sea to study atmospheric composition.,Selective Attention,2,0
9078,Atmospheric and Space Scientists,Collect air samples from planes or ships over land or sea to study atmospheric composition.,Problem Sensitivity,2,0
9078,Atmospheric and Space Scientists,Collect air samples from planes or ships over land or sea to study atmospheric composition.,Near Vision,2,0
9078,Atmospheric and Space Scientists,Collect air samples from planes or ships over land or sea to study atmospheric composition.,Stamina,1,0
9078,Atmospheric and Space Scientists,Collect air samples from planes or ships over land or sea to study atmospheric composition.,Deductive Reasoning,1,0
20204,Atmospheric and Space Scientists,"Teach college-level courses on topics such as atmospheric and space science, meteorology, or global climate change.",Oral Expression,3,0
20204,Atmospheric and Space Scientists,"Teach college-level courses on topics such as atmospheric and space science, meteorology, or global climate change.",Speech Clarity,3,0
20204,Atmospheric and Space Scientists,"Teach college-level courses on topics such as atmospheric and space science, meteorology, or global climate change.",Written Comprehension,2,0
20204,Atmospheric and Space Scientists,"Teach college-level courses on topics such as atmospheric and space science, meteorology, or global climate change.",Written Expression,2,0
20204,Atmospheric and Space Scientists,"Teach college-level courses on topics such as atmospheric and space science, meteorology, or global climate change.",Oral Comprehension,2,0
20204,Atmospheric and Space Scientists,"Teach college-level courses on topics such as atmospheric and space science, meteorology, or global climate change.",Information Ordering,2,0
20204,Atmospheric and Space Scientists,"Teach college-level courses on topics such as atmospheric and space science, meteorology, or global climate change.",Deductive Reasoning,2,0
20204,Atmospheric and Space Scientists,"Teach college-level courses on topics such as atmospheric and space science, meteorology, or global climate change.",Fluency of Ideas,1,0
9083,Atmospheric and Space Scientists,"Design or develop new equipment or methods for meteorological data collection, remote sensing, or related applications.",Originality,3,0
9083,Atmospheric and Space Scientists,"Design or develop new equipment or methods for meteorological data collection, remote sensing, or related applications.",Inductive Reasoning,3,0
9083,Atmospheric and Space Scientists,"Design or develop new equipment or methods for meteorological data collection, remote sensing, or related applications.",Deductive Reasoning,2,0
9083,Atmospheric and Space Scientists,"Design or develop new equipment or methods for meteorological data collection, remote sensing, or related applications.",Visualization,2,0
9083,Atmospheric and Space Scientists,"Design or develop new equipment or methods for meteorological data collection, remote sensing, or related applications.",Mathematical Reasoning,2,0
9083,Atmospheric and Space Scientists,"Design or develop new equipment or methods for meteorological data collection, remote sensing, or related applications.",Fluency of Ideas,2,0
9083,Atmospheric and Space Scientists,"Design or develop new equipment or methods for meteorological data collection, remote sensing, or related applications.",Written Comprehension,2,0
9083,Atmospheric and Space Scientists,"Design or develop new equipment or methods for meteorological data collection, remote sensing, or related applications.",Problem Sensitivity,2,0
20212,Atmospheric and Space Scientists,"Research the impact of industrial projects or pollution on climate, air quality, or weather phenomena.",Inductive Reasoning,3,0
20212,Atmospheric and Space Scientists,"Research the impact of industrial projects or pollution on climate, air quality, or weather phenomena.",Problem Sensitivity,3,0
20212,Atmospheric and Space Scientists,"Research the impact of industrial projects or pollution on climate, air quality, or weather phenomena.",Mathematical Reasoning,2,0
20212,Atmospheric and Space Scientists,"Research the impact of industrial projects or pollution on climate, air quality, or weather phenomena.",Deductive Reasoning,2,0
20212,Atmospheric and Space Scientists,"Research the impact of industrial projects or pollution on climate, air quality, or weather phenomena.",Written Comprehension,2,0
20212,Atmospheric and Space Scientists,"Research the impact of industrial projects or pollution on climate, air quality, or weather phenomena.",Written Expression,2,0
20212,Atmospheric and Space Scientists,"Research the impact of industrial projects or pollution on climate, air quality, or weather phenomena.",Information Ordering,2,0
19756,Atmospheric and Space Scientists,"Conduct wind assessment, integration, or validation studies.",Mathematical Reasoning,3,0
19756,Atmospheric and Space Scientists,"Conduct wind assessment, integration, or validation studies.",Deductive Reasoning,3,0
19756,Atmospheric and Space Scientists,"Conduct wind assessment, integration, or validation studies.",Inductive Reasoning,2,0
19756,Atmospheric and Space Scientists,"Conduct wind assessment, integration, or validation studies.",Problem Sensitivity,2,0
19756,Atmospheric and Space Scientists,"Conduct wind assessment, integration, or validation studies.",Number Facility,2,0
19756,Atmospheric and Space Scientists,"Conduct wind assessment, integration, or validation studies.",Written Comprehension,2,0
19756,Atmospheric and Space Scientists,"Conduct wind assessment, integration, or validation studies.",Written Expression,2,0
9079,Atmospheric and Space Scientists,Conduct numerical simulations of climate conditions to understand and predict global or regional weather patterns.,Mathematical Reasoning,3,0
9079,Atmospheric and Space Scientists,Conduct numerical simulations of climate conditions to understand and predict global or regional weather patterns.,Deductive Reasoning,3,0
9079,Atmospheric and Space Scientists,Conduct numerical simulations of climate conditions to understand and predict global or regional weather patterns.,Inductive Reasoning,2,0
9079,Atmospheric and Space Scientists,Conduct numerical simulations of climate conditions to understand and predict global or regional weather patterns.,Visualization,3,0
9079,Atmospheric and Space Scientists,Conduct numerical simulations of climate conditions to understand and predict global or regional weather patterns.,Number Facility,2,0
9079,Atmospheric and Space Scientists,Conduct numerical simulations of climate conditions to understand and predict global or regional weather patterns.,Problem Sensitivity,2,0
9079,Atmospheric and Space Scientists,Conduct numerical simulations of climate conditions to understand and predict global or regional weather patterns.,Spatial Orientation,1,0
19758,Atmospheric and Space Scientists,Estimate or predict the effects of global warming over time for specific geographic regions.,Inductive Reasoning,3,0
19758,Atmospheric and Space Scientists,Estimate or predict the effects of global warming over time for specific geographic regions.,Mathematical Reasoning,3,0
19758,Atmospheric and Space Scientists,Estimate or predict the effects of global warming over time for specific geographic regions.,Deductive Reasoning,2,0
19758,Atmospheric and Space Scientists,Estimate or predict the effects of global warming over time for specific geographic regions.,Visualization,2,0
19758,Atmospheric and Space Scientists,Estimate or predict the effects of global warming over time for specific geographic regions.,Spatial Orientation,2,0
19758,Atmospheric and Space Scientists,Estimate or predict the effects of global warming over time for specific geographic regions.,Problem Sensitivity,2,0
19758,Atmospheric and Space Scientists,Estimate or predict the effects of global warming over time for specific geographic regions.,Written Expression,2,0
19758,Atmospheric and Space Scientists,Estimate or predict the effects of global warming over time for specific geographic regions.,Number Facility,1,0
19757,Atmospheric and Space Scientists,"Create visualizations to illustrate historical or future changes in the Earth's climate, using paleoclimate or climate geographic information systems (GIS) databases.",Visualization,3,0
19757,Atmospheric and Space Scientists,"Create visualizations to illustrate historical or future changes in the Earth's climate, using paleoclimate or climate geographic information systems (GIS) databases.",Spatial Orientation,3,0
19757,Atmospheric and Space Scientists,"Create visualizations to illustrate historical or future changes in the Earth's climate, using paleoclimate or climate geographic information systems (GIS) databases.",Originality,2,0
19757,Atmospheric and Space Scientists,"Create visualizations to illustrate historical or future changes in the Earth's climate, using paleoclimate or climate geographic information systems (GIS) databases.",Deductive Reasoning,2,0
19757,Atmospheric and Space Scientists,"Create visualizations to illustrate historical or future changes in the Earth's climate, using paleoclimate or climate geographic information systems (GIS) databases.",Mathematical Reasoning,2,0
19757,Atmospheric and Space Scientists,"Create visualizations to illustrate historical or future changes in the Earth's climate, using paleoclimate or climate geographic information systems (GIS) databases.",Near Vision,2,0
19757,Atmospheric and Space Scientists,"Create visualizations to illustrate historical or future changes in the Earth's climate, using paleoclimate or climate geographic information systems (GIS) databases.",Written Comprehension,2,0
19757,Atmospheric and Space Scientists,"Create visualizations to illustrate historical or future changes in the Earth's climate, using paleoclimate or climate geographic information systems (GIS) databases.",Fluency of Ideas,1,0
1506,Chemists,"Develop, improve, or customize products, equipment, formulas, processes, or analytical methods.",Originality,3,0
1506,Chemists,"Develop, improve, or customize products, equipment, formulas, processes, or analytical methods.",Inductive Reasoning,3,0
1506,Chemists,"Develop, improve, or customize products, equipment, formulas, processes, or analytical methods.",Deductive Reasoning,2,0
1506,Chemists,"Develop, improve, or customize products, equipment, formulas, processes, or analytical methods.",Problem Sensitivity,2,0
1506,Chemists,"Develop, improve, or customize products, equipment, formulas, processes, or analytical methods.",Fluency of Ideas,2,0
1506,Chemists,"Develop, improve, or customize products, equipment, formulas, processes, or analytical methods.",Written Comprehension,2,0
1506,Chemists,"Develop, improve, or customize products, equipment, formulas, processes, or analytical methods.",Visualization,2,0
1506,Chemists,"Develop, improve, or customize products, equipment, formulas, processes, or analytical methods.",Written Expression,1,0
1505,Chemists,"Analyze organic or inorganic compounds to determine chemical or physical properties, composition, structure, relationships, or reactions, using chromatography, spectroscopy, or spectrophotometry techniques.",Inductive Reasoning,3,0
1505,Chemists,"Analyze organic or inorganic compounds to determine chemical or physical properties, composition, structure, relationships, or reactions, using chromatography, spectroscopy, or spectrophotometry techniques.",Deductive Reasoning,2,0
1505,Chemists,"Analyze organic or inorganic compounds to determine chemical or physical properties, composition, structure, relationships, or reactions, using chromatography, spectroscopy, or spectrophotometry techniques.",Problem Sensitivity,2,0
1505,Chemists,"Analyze organic or inorganic compounds to determine chemical or physical properties, composition, structure, relationships, or reactions, using chromatography, spectroscopy, or spectrophotometry techniques.",Near Vision,2,0
1505,Chemists,"Analyze organic or inorganic compounds to determine chemical or physical properties, composition, structure, relationships, or reactions, using chromatography, spectroscopy, or spectrophotometry techniques.",Manual Dexterity,2,0
1505,Chemists,"Analyze organic or inorganic compounds to determine chemical or physical properties, composition, structure, relationships, or reactions, using chromatography, spectroscopy, or spectrophotometry techniques.",Finger Dexterity,2,0
1505,Chemists,"Analyze organic or inorganic compounds to determine chemical or physical properties, composition, structure, relationships, or reactions, using chromatography, spectroscopy, or spectrophotometry techniques.",Mathematical Reasoning,2,0
1505,Chemists,"Analyze organic or inorganic compounds to determine chemical or physical properties, composition, structure, relationships, or reactions, using chromatography, spectroscopy, or spectrophotometry techniques.",Selective Attention,2,0
1505,Chemists,"Analyze organic or inorganic compounds to determine chemical or physical properties, composition, structure, relationships, or reactions, using chromatography, spectroscopy, or spectrophotometry techniques.",Written Comprehension,1,0
1510,Chemists,"Induce changes in composition of substances by introducing heat, light, energy, or chemical catalysts for quantitative or qualitative analysis.",Deductive Reasoning,3,0
1510,Chemists,"Induce changes in composition of substances by introducing heat, light, energy, or chemical catalysts for quantitative or qualitative analysis.",Problem Sensitivity,3,0
1510,Chemists,"Induce changes in composition of substances by introducing heat, light, energy, or chemical catalysts for quantitative or qualitative analysis.",Manual Dexterity,2,0
1510,Chemists,"Induce changes in composition of substances by introducing heat, light, energy, or chemical catalysts for quantitative or qualitative analysis.",Finger Dexterity,2,0
1510,Chemists,"Induce changes in composition of substances by introducing heat, light, energy, or chemical catalysts for quantitative or qualitative analysis.",Arm-Hand Steadiness,2,0
1510,Chemists,"Induce changes in composition of substances by introducing heat, light, energy, or chemical catalysts for quantitative or qualitative analysis.",Near Vision,2,0
1510,Chemists,"Induce changes in composition of substances by introducing heat, light, energy, or chemical catalysts for quantitative or qualitative analysis.",Selective Attention,2,0
1510,Chemists,"Induce changes in composition of substances by introducing heat, light, energy, or chemical catalysts for quantitative or qualitative analysis.",Mathematical Reasoning,2,0
1510,Chemists,"Induce changes in composition of substances by introducing heat, light, energy, or chemical catalysts for quantitative or qualitative analysis.",Written Comprehension,1,0
18475,Chemists,Conduct quality control tests.,Problem Sensitivity,3,0
18475,Chemists,Conduct quality control tests.,Deductive Reasoning,2,0
18475,Chemists,Conduct quality control tests.,Selective Attention,2,0
18475,Chemists,Conduct quality control tests.,Near Vision,2,0
18475,Chemists,Conduct quality control tests.,Written Comprehension,2,0
18475,Chemists,Conduct quality control tests.,Mathematical Reasoning,2,0
18475,Chemists,Conduct quality control tests.,Perceptual Speed,2,0
18475,Chemists,Conduct quality control tests.,Inductive Reasoning,1,0
1511,Chemists,"Write technical papers or reports or prepare standards and specifications for processes, facilities, products, or tests.",Written Expression,3,0
1511,Chemists,"Write technical papers or reports or prepare standards and specifications for processes, facilities, products, or tests.",Written Comprehension,3,0
1511,Chemists,"Write technical papers or reports or prepare standards and specifications for processes, facilities, products, or tests.",Deductive Reasoning,2,0
1511,Chemists,"Write technical papers or reports or prepare standards and specifications for processes, facilities, products, or tests.",Information Ordering,2,0
1511,Chemists,"Write technical papers or reports or prepare standards and specifications for processes, facilities, products, or tests.",Fluency of Ideas,2,0
1511,Chemists,"Write technical papers or reports or prepare standards and specifications for processes, facilities, products, or tests.",Near Vision,2,0
1511,Chemists,"Write technical papers or reports or prepare standards and specifications for processes, facilities, products, or tests.",Mathematical Reasoning,1,0
18474,Chemists,Maintain laboratory instruments to ensure proper working order and troubleshoot malfunctions when needed.,Problem Sensitivity,3,0
18474,Chemists,Maintain laboratory instruments to ensure proper working order and troubleshoot malfunctions when needed.,Deductive Reasoning,2,0
18474,Chemists,Maintain laboratory instruments to ensure proper working order and troubleshoot malfunctions when needed.,Manual Dexterity,2,0
18474,Chemists,Maintain laboratory instruments to ensure proper working order and troubleshoot malfunctions when needed.,Finger Dexterity,2,0
18474,Chemists,Maintain laboratory instruments to ensure proper working order and troubleshoot malfunctions when needed.,Near Vision,2,0
18474,Chemists,Maintain laboratory instruments to ensure proper working order and troubleshoot malfunctions when needed.,Arm-Hand Steadiness,2,0
18474,Chemists,Maintain laboratory instruments to ensure proper working order and troubleshoot malfunctions when needed.,Written Comprehension,2,0
18474,Chemists,Maintain laboratory instruments to ensure proper working order and troubleshoot malfunctions when needed.,Inductive Reasoning,2,0
1513,Chemists,"Prepare test solutions, compounds, or reagents for laboratory personnel to conduct tests.",Finger Dexterity,3,0
1513,Chemists,"Prepare test solutions, compounds, or reagents for laboratory personnel to conduct tests.",Manual Dexterity,3,0
1513,Chemists,"Prepare test solutions, compounds, or reagents for laboratory personnel to conduct tests.",Arm-Hand Steadiness,3,0
1513,Chemists,"Prepare test solutions, compounds, or reagents for laboratory personnel to conduct tests.",Near Vision,2,0
1513,Chemists,"Prepare test solutions, compounds, or reagents for laboratory personnel to conduct tests.",Selective Attention,2,0
1513,Chemists,"Prepare test solutions, compounds, or reagents for laboratory personnel to conduct tests.",Deductive Reasoning,2,0
1513,Chemists,"Prepare test solutions, compounds, or reagents for laboratory personnel to conduct tests.",Mathematical Reasoning,2,0
1513,Chemists,"Prepare test solutions, compounds, or reagents for laboratory personnel to conduct tests.",Visual Color Discrimination,1,0
1507,Chemists,Compile and analyze test information to determine process or equipment operating efficiency or to diagnose malfunctions.,Inductive Reasoning,3,0
1507,Chemists,Compile and analyze test information to determine process or equipment operating efficiency or to diagnose malfunctions.,Deductive Reasoning,3,0
1507,Chemists,Compile and analyze test information to determine process or equipment operating efficiency or to diagnose malfunctions.,Problem Sensitivity,3,0
1507,Chemists,Compile and analyze test information to determine process or equipment operating efficiency or to diagnose malfunctions.,Mathematical Reasoning,2,0
1507,Chemists,Compile and analyze test information to determine process or equipment operating efficiency or to diagnose malfunctions.,Number Facility,2,0
1507,Chemists,Compile and analyze test information to determine process or equipment operating efficiency or to diagnose malfunctions.,Written Comprehension,2,0
1507,Chemists,Compile and analyze test information to determine process or equipment operating efficiency or to diagnose malfunctions.,Written Expression,2,0
1508,Chemists,"Confer with scientists or engineers to conduct analyses of research projects, interpret test results, or develop nonstandard tests.",Oral Comprehension,3,0
1508,Chemists,"Confer with scientists or engineers to conduct analyses of research projects, interpret test results, or develop nonstandard tests.",Oral Expression,3,0
1508,Chemists,"Confer with scientists or engineers to conduct analyses of research projects, interpret test results, or develop nonstandard tests.",Written Comprehension,2,0
1508,Chemists,"Confer with scientists or engineers to conduct analyses of research projects, interpret test results, or develop nonstandard tests.",Deductive Reasoning,2,0
1508,Chemists,"Confer with scientists or engineers to conduct analyses of research projects, interpret test results, or develop nonstandard tests.",Speech Clarity,2,0
1508,Chemists,"Confer with scientists or engineers to conduct analyses of research projects, interpret test results, or develop nonstandard tests.",Speech Recognition,2,0
1508,Chemists,"Confer with scientists or engineers to conduct analyses of research projects, interpret test results, or develop nonstandard tests.",Inductive Reasoning,2,0
1508,Chemists,"Confer with scientists or engineers to conduct analyses of research projects, interpret test results, or develop nonstandard tests.",Problem Sensitivity,2,0
20388,Chemists,Evaluate laboratory safety procedures to ensure compliance with standards or to make improvements as needed.,Deductive Reasoning,3,0
20388,Chemists,Evaluate laboratory safety procedures to ensure compliance with standards or to make improvements as needed.,Problem Sensitivity,3,0
20388,Chemists,Evaluate laboratory safety procedures to ensure compliance with standards or to make improvements as needed.,Written Comprehension,2,0
20388,Chemists,Evaluate laboratory safety procedures to ensure compliance with standards or to make improvements as needed.,Inductive Reasoning,2,0
20388,Chemists,Evaluate laboratory safety procedures to ensure compliance with standards or to make improvements as needed.,Written Expression,2,0
20388,Chemists,Evaluate laboratory safety procedures to ensure compliance with standards or to make improvements as needed.,Selective Attention,2,0
20388,Chemists,Evaluate laboratory safety procedures to ensure compliance with standards or to make improvements as needed.,Information Ordering,2,0
1509,Chemists,"Direct, coordinate, or advise personnel in test procedures for analyzing components or physical properties of materials.",Oral Expression,3,0
1509,Chemists,"Direct, coordinate, or advise personnel in test procedures for analyzing components or physical properties of materials.",Oral Comprehension,2,0
1509,Chemists,"Direct, coordinate, or advise personnel in test procedures for analyzing components or physical properties of materials.",Deductive Reasoning,2,0
1509,Chemists,"Direct, coordinate, or advise personnel in test procedures for analyzing components or physical properties of materials.",Written Comprehension,2,0
1509,Chemists,"Direct, coordinate, or advise personnel in test procedures for analyzing components or physical properties of materials.",Written Expression,2,0
1509,Chemists,"Direct, coordinate, or advise personnel in test procedures for analyzing components or physical properties of materials.",Information Ordering,2,0
1509,Chemists,"Direct, coordinate, or advise personnel in test procedures for analyzing components or physical properties of materials.",Speech Clarity,2,0
1509,Chemists,"Direct, coordinate, or advise personnel in test procedures for analyzing components or physical properties of materials.",Problem Sensitivity,1,0
20389,Chemists,"Purchase laboratory supplies, such as chemicals, when supplies are low or near their expiration date.",Written Comprehension,2,0
20389,Chemists,"Purchase laboratory supplies, such as chemicals, when supplies are low or near their expiration date.",Deductive Reasoning,2,0
20389,Chemists,"Purchase laboratory supplies, such as chemicals, when supplies are low or near their expiration date.",Number Facility,2,0
20389,Chemists,"Purchase laboratory supplies, such as chemicals, when supplies are low or near their expiration date.",Mathematical Reasoning,1,0
20389,Chemists,"Purchase laboratory supplies, such as chemicals, when supplies are low or near their expiration date.",Near Vision,2,0
20389,Chemists,"Purchase laboratory supplies, such as chemicals, when supplies are low or near their expiration date.",Information Ordering,2,0
9087,Materials Scientists,"Conduct research on the structures and properties of materials, such as metals, alloys, polymers, and ceramics, to obtain information that could be used to develop new products or enhance existing ones.",Inductive Reasoning,3,0
9087,Materials Scientists,"Conduct research on the structures and properties of materials, such as metals, alloys, polymers, and ceramics, to obtain information that could be used to develop new products or enhance existing ones.",Deductive Reasoning,2,0
9087,Materials Scientists,"Conduct research on the structures and properties of materials, such as metals, alloys, polymers, and ceramics, to obtain information that could be used to develop new products or enhance existing ones.",Problem Sensitivity,2,0
9087,Materials Scientists,"Conduct research on the structures and properties of materials, such as metals, alloys, polymers, and ceramics, to obtain information that could be used to develop new products or enhance existing ones.",Written Comprehension,2,0
9087,Materials Scientists,"Conduct research on the structures and properties of materials, such as metals, alloys, polymers, and ceramics, to obtain information that could be used to develop new products or enhance existing ones.",Mathematical Reasoning,2,0
9087,Materials Scientists,"Conduct research on the structures and properties of materials, such as metals, alloys, polymers, and ceramics, to obtain information that could be used to develop new products or enhance existing ones.",Visualization,2,0
9087,Materials Scientists,"Conduct research on the structures and properties of materials, such as metals, alloys, polymers, and ceramics, to obtain information that could be used to develop new products or enhance existing ones.",Near Vision,2,0
9087,Materials Scientists,"Conduct research on the structures and properties of materials, such as metals, alloys, polymers, and ceramics, to obtain information that could be used to develop new products or enhance existing ones.",Written Expression,2,0
9098,Materials Scientists,"Test metals to determine conformance to specifications of mechanical strength, strength-weight ratio, ductility, magnetic and electrical properties, and resistance to abrasion, corrosion, heat, and cold.",Problem Sensitivity,3,0
9098,Materials Scientists,"Test metals to determine conformance to specifications of mechanical strength, strength-weight ratio, ductility, magnetic and electrical properties, and resistance to abrasion, corrosion, heat, and cold.",Deductive Reasoning,2,0
9098,Materials Scientists,"Test metals to determine conformance to specifications of mechanical strength, strength-weight ratio, ductility, magnetic and electrical properties, and resistance to abrasion, corrosion, heat, and cold.",Mathematical Reasoning,2,0
9098,Materials Scientists,"Test metals to determine conformance to specifications of mechanical strength, strength-weight ratio, ductility, magnetic and electrical properties, and resistance to abrasion, corrosion, heat, and cold.",Near Vision,2,0
9098,Materials Scientists,"Test metals to determine conformance to specifications of mechanical strength, strength-weight ratio, ductility, magnetic and electrical properties, and resistance to abrasion, corrosion, heat, and cold.",Selective Attention,2,0
9098,Materials Scientists,"Test metals to determine conformance to specifications of mechanical strength, strength-weight ratio, ductility, magnetic and electrical properties, and resistance to abrasion, corrosion, heat, and cold.",Manual Dexterity,2,0
9098,Materials Scientists,"Test metals to determine conformance to specifications of mechanical strength, strength-weight ratio, ductility, magnetic and electrical properties, and resistance to abrasion, corrosion, heat, and cold.",Written Comprehension,2,0
9098,Materials Scientists,"Test metals to determine conformance to specifications of mechanical strength, strength-weight ratio, ductility, magnetic and electrical properties, and resistance to abrasion, corrosion, heat, and cold.",Inductive Reasoning,2,0
9097,Materials Scientists,"Test material samples for tolerance under tension, compression, and shear to determine the cause of metal failures.",Inductive Reasoning,3,0
9097,Materials Scientists,"Test material samples for tolerance under tension, compression, and shear to determine the cause of metal failures.",Problem Sensitivity,3,0
9097,Materials Scientists,"Test material samples for tolerance under tension, compression, and shear to determine the cause of metal failures.",Deductive Reasoning,2,0
9097,Materials Scientists,"Test material samples for tolerance under tension, compression, and shear to determine the cause of metal failures.",Near Vision,2,0
9097,Materials Scientists,"Test material samples for tolerance under tension, compression, and shear to determine the cause of metal failures.",Manual Dexterity,2,0
9097,Materials Scientists,"Test material samples for tolerance under tension, compression, and shear to determine the cause of metal failures.",Mathematical Reasoning,2,0
9097,Materials Scientists,"Test material samples for tolerance under tension, compression, and shear to determine the cause of metal failures.",Selective Attention,2,0
9097,Materials Scientists,"Test material samples for tolerance under tension, compression, and shear to determine the cause of metal failures.",Written Comprehension,1,0
9090,Materials Scientists,Determine ways to strengthen or combine materials or develop new materials with new or specific properties for use in a variety of products and applications.,Originality,3,0
9090,Materials Scientists,Determine ways to strengthen or combine materials or develop new materials with new or specific properties for use in a variety of products and applications.,Inductive Reasoning,3,0
9090,Materials Scientists,Determine ways to strengthen or combine materials or develop new materials with new or specific properties for use in a variety of products and applications.,Deductive Reasoning,2,0
9090,Materials Scientists,Determine ways to strengthen or combine materials or develop new materials with new or specific properties for use in a variety of products and applications.,Problem Sensitivity,2,0
9090,Materials Scientists,Determine ways to strengthen or combine materials or develop new materials with new or specific properties for use in a variety of products and applications.,Visualization,2,0
9090,Materials Scientists,Determine ways to strengthen or combine materials or develop new materials with new or specific properties for use in a variety of products and applications.,Fluency of Ideas,2,0
9090,Materials Scientists,Determine ways to strengthen or combine materials or develop new materials with new or specific properties for use in a variety of products and applications.,Written Comprehension,2,0
9090,Materials Scientists,Determine ways to strengthen or combine materials or develop new materials with new or specific properties for use in a variety of products and applications.,Mathematical Reasoning,1,0
20214,Materials Scientists,"Prepare reports, manuscripts, proposals, and technical manuals for use by other scientists and requestors, such as sponsors and customers.",Written Expression,3,0
20214,Materials Scientists,"Prepare reports, manuscripts, proposals, and technical manuals for use by other scientists and requestors, such as sponsors and customers.",Written Comprehension,3,0
20214,Materials Scientists,"Prepare reports, manuscripts, proposals, and technical manuals for use by other scientists and requestors, such as sponsors and customers.",Fluency of Ideas,2,0
20214,Materials Scientists,"Prepare reports, manuscripts, proposals, and technical manuals for use by other scientists and requestors, such as sponsors and customers.",Information Ordering,2,0
20214,Materials Scientists,"Prepare reports, manuscripts, proposals, and technical manuals for use by other scientists and requestors, such as sponsors and customers.",Deductive Reasoning,2,0
20214,Materials Scientists,"Prepare reports, manuscripts, proposals, and technical manuals for use by other scientists and requestors, such as sponsors and customers.",Near Vision,2,0
20214,Materials Scientists,"Prepare reports, manuscripts, proposals, and technical manuals for use by other scientists and requestors, such as sponsors and customers.",Mathematical Reasoning,1,0
9085,Materials Scientists,Plan laboratory experiments to confirm feasibility of processes and techniques used in the production of materials with special characteristics.,Deductive Reasoning,3,0
9085,Materials Scientists,Plan laboratory experiments to confirm feasibility of processes and techniques used in the production of materials with special characteristics.,Inductive Reasoning,3,0
9085,Materials Scientists,Plan laboratory experiments to confirm feasibility of processes and techniques used in the production of materials with special characteristics.,Information Ordering,3,0
9085,Materials Scientists,Plan laboratory experiments to confirm feasibility of processes and techniques used in the production of materials with special characteristics.,Problem Sensitivity,2,0
9085,Materials Scientists,Plan laboratory experiments to confirm feasibility of processes and techniques used in the production of materials with special characteristics.,Mathematical Reasoning,2,0
9085,Materials Scientists,Plan laboratory experiments to confirm feasibility of processes and techniques used in the production of materials with special characteristics.,Written Comprehension,2,0
9085,Materials Scientists,Plan laboratory experiments to confirm feasibility of processes and techniques used in the production of materials with special characteristics.,Written Expression,1,0
9091,Materials Scientists,Recommend materials for reliable performance in various environments.,Deductive Reasoning,3,0
9091,Materials Scientists,Recommend materials for reliable performance in various environments.,Inductive Reasoning,2,0
9091,Materials Scientists,Recommend materials for reliable performance in various environments.,Problem Sensitivity,2,0
9091,Materials Scientists,Recommend materials for reliable performance in various environments.,Written Comprehension,2,0
9091,Materials Scientists,Recommend materials for reliable performance in various environments.,Written Expression,2,0
9091,Materials Scientists,Recommend materials for reliable performance in various environments.,Oral Expression,2,0
9091,Materials Scientists,Recommend materials for reliable performance in various environments.,Memorization,1,0
20215,Materials Scientists,"Supervise and monitor production processes to ensure efficient use of equipment, timely changes to specifications, and project completion within time frame and budget.",Problem Sensitivity,3,0
20215,Materials Scientists,"Supervise and monitor production processes to ensure efficient use of equipment, timely changes to specifications, and project completion within time frame and budget.",Deductive Reasoning,2,0
20215,Materials Scientists,"Supervise and monitor production processes to ensure efficient use of equipment, timely changes to specifications, and project completion within time frame and budget.",Selective Attention,2,0
20215,Materials Scientists,"Supervise and monitor production processes to ensure efficient use of equipment, timely changes to specifications, and project completion within time frame and budget.",Information Ordering,2,0
20215,Materials Scientists,"Supervise and monitor production processes to ensure efficient use of equipment, timely changes to specifications, and project completion within time frame and budget.",Oral Expression,2,0
20215,Materials Scientists,"Supervise and monitor production processes to ensure efficient use of equipment, timely changes to specifications, and project completion within time frame and budget.",Written Comprehension,2,0
20215,Materials Scientists,"Supervise and monitor production processes to ensure efficient use of equipment, timely changes to specifications, and project completion within time frame and budget.",Time Sharing,2,0
20215,Materials Scientists,"Supervise and monitor production processes to ensure efficient use of equipment, timely changes to specifications, and project completion within time frame and budget.",Mathematical Reasoning,1,0
9094,Materials Scientists,"Research methods of processing, forming, and firing materials to develop such products as ceramic dental fillings, unbreakable dinner plates, and telescope lenses.",Originality,3,0
9094,Materials Scientists,"Research methods of processing, forming, and firing materials to develop such products as ceramic dental fillings, unbreakable dinner plates, and telescope lenses.",Inductive Reasoning,3,0
9094,Materials Scientists,"Research methods of processing, forming, and firing materials to develop such products as ceramic dental fillings, unbreakable dinner plates, and telescope lenses.",Deductive Reasoning,2,0
9094,Materials Scientists,"Research methods of processing, forming, and firing materials to develop such products as ceramic dental fillings, unbreakable dinner plates, and telescope lenses.",Problem Sensitivity,2,0
9094,Materials Scientists,"Research methods of processing, forming, and firing materials to develop such products as ceramic dental fillings, unbreakable dinner plates, and telescope lenses.",Fluency of Ideas,2,0
9094,Materials Scientists,"Research methods of processing, forming, and firing materials to develop such products as ceramic dental fillings, unbreakable dinner plates, and telescope lenses.",Visualization,2,0
9094,Materials Scientists,"Research methods of processing, forming, and firing materials to develop such products as ceramic dental fillings, unbreakable dinner plates, and telescope lenses.",Mathematical Reasoning,2,0
9094,Materials Scientists,"Research methods of processing, forming, and firing materials to develop such products as ceramic dental fillings, unbreakable dinner plates, and telescope lenses.",Written Comprehension,1,0
20213,Materials Scientists,"Perform experiments and computer modeling to study the nature, structure, and physical and chemical properties of metals and their alloys, and their responses to applied forces.",Mathematical Reasoning,3,0
20213,Materials Scientists,"Perform experiments and computer modeling to study the nature, structure, and physical and chemical properties of metals and their alloys, and their responses to applied forces.",Inductive Reasoning,3,0
20213,Materials Scientists,"Perform experiments and computer modeling to study the nature, structure, and physical and chemical properties of metals and their alloys, and their responses to applied forces.",Deductive Reasoning,2,0
20213,Materials Scientists,"Perform experiments and computer modeling to study the nature, structure, and physical and chemical properties of metals and their alloys, and their responses to applied forces.",Problem Sensitivity,2,0
20213,Materials Scientists,"Perform experiments and computer modeling to study the nature, structure, and physical and chemical properties of metals and their alloys, and their responses to applied forces.",Visualization,2,0
20213,Materials Scientists,"Perform experiments and computer modeling to study the nature, structure, and physical and chemical properties of metals and their alloys, and their responses to applied forces.",Near Vision,2,0
20213,Materials Scientists,"Perform experiments and computer modeling to study the nature, structure, and physical and chemical properties of metals and their alloys, and their responses to applied forces.",Written Comprehension,2,0
20213,Materials Scientists,"Perform experiments and computer modeling to study the nature, structure, and physical and chemical properties of metals and their alloys, and their responses to applied forces.",Manual Dexterity,1,0
9089,Materials Scientists,Devise testing methods to evaluate the effects of various conditions on particular materials.,Originality,3,0
9089,Materials Scientists,Devise testing methods to evaluate the effects of various conditions on particular materials.,Deductive Reasoning,3,0
9089,Materials Scientists,Devise testing methods to evaluate the effects of various conditions on particular materials.,Inductive Reasoning,2,0
9089,Materials Scientists,Devise testing methods to evaluate the effects of various conditions on particular materials.,Problem Sensitivity,2,0
9089,Materials Scientists,Devise testing methods to evaluate the effects of various conditions on particular materials.,Fluency of Ideas,2,0
9089,Materials Scientists,Devise testing methods to evaluate the effects of various conditions on particular materials.,Written Comprehension,2,0
9089,Materials Scientists,Devise testing methods to evaluate the effects of various conditions on particular materials.,Mathematical Reasoning,2,0
9089,Materials Scientists,Devise testing methods to evaluate the effects of various conditions on particular materials.,Written Expression,1,0
9092,Materials Scientists,Test individual parts and products to ensure that manufacturer and governmental quality and safety standards are met.,Problem Sensitivity,3,0
9092,Materials Scientists,Test individual parts and products to ensure that manufacturer and governmental quality and safety standards are met.,Deductive Reasoning,2,0
9092,Materials Scientists,Test individual parts and products to ensure that manufacturer and governmental quality and safety standards are met.,Selective Attention,2,0
9092,Materials Scientists,Test individual parts and products to ensure that manufacturer and governmental quality and safety standards are met.,Near Vision,2,0
9092,Materials Scientists,Test individual parts and products to ensure that manufacturer and governmental quality and safety standards are met.,Written Comprehension,2,0
9092,Materials Scientists,Test individual parts and products to ensure that manufacturer and governmental quality and safety standards are met.,Mathematical Reasoning,1,0
9092,Materials Scientists,Test individual parts and products to ensure that manufacturer and governmental quality and safety standards are met.,Inductive Reasoning,1,0
9086,Materials Scientists,Confer with customers to determine how to tailor materials to their needs.,Oral Comprehension,3,0
9086,Materials Scientists,Confer with customers to determine how to tailor materials to their needs.,Oral Expression,3,0
9086,Materials Scientists,Confer with customers to determine how to tailor materials to their needs.,Speech Clarity,2,0
9086,Materials Scientists,Confer with customers to determine how to tailor materials to their needs.,Speech Recognition,2,0
9086,Materials Scientists,Confer with customers to determine how to tailor materials to their needs.,Written Comprehension,2,0
9086,Materials Scientists,Confer with customers to determine how to tailor materials to their needs.,Deductive Reasoning,2,0
9086,Materials Scientists,Confer with customers to determine how to tailor materials to their needs.,Problem Sensitivity,2,0
9086,Materials Scientists,Confer with customers to determine how to tailor materials to their needs.,Inductive Reasoning,1,0
9093,Materials Scientists,Visit suppliers of materials or users of products to gather specific information.,Oral Comprehension,3,0
9093,Materials Scientists,Visit suppliers of materials or users of products to gather specific information.,Oral Expression,2,0
9093,Materials Scientists,Visit suppliers of materials or users of products to gather specific information.,Speech Clarity,2,0
9093,Materials Scientists,Visit suppliers of materials or users of products to gather specific information.,Speech Recognition,2,0
9093,Materials Scientists,Visit suppliers of materials or users of products to gather specific information.,Written Comprehension,2,0
9093,Materials Scientists,Visit suppliers of materials or users of products to gather specific information.,Written Expression,1,0
9093,Materials Scientists,Visit suppliers of materials or users of products to gather specific information.,Deductive Reasoning,1,0
