task_id,occupation,task_text,ability_name,weight,uncertain
15553,Fitness and Wellness Coordinators,"Prepare or implement budgets and strategic, operational, purchasing, or maintenance plans.",Deductive Reasoning,3,0
15553,Fitness and Wellness Coordinators,"Prepare or implement budgets and strategic, operational, purchasing, or maintenance plans.",Mathematical Reasoning,3,0
15553,Fitness and Wellness Coordinators,"Prepare or implement budgets and strategic, operational, purchasing, or maintenance plans.",Number Facility,2,0
15553,Fitness and Wellness Coordinators,"Prepare or implement budgets and strategic, operational, purchasing, or maintenance plans.",Information Ordering,2,0
15553,Fitness and Wellness Coordinators,"Prepare or implement budgets and strategic, operational, purchasing, or maintenance plans.",Written Comprehension,2,0
15553,Fitness and Wellness Coordinators,"Prepare or implement budgets and strategic, operational, purchasing, or maintenance plans.",Written Expression,2,0
15553,Fitness and Wellness Coordinators,"Prepare or implement budgets and strategic, operational, purchasing, or maintenance plans.",Problem Sensitivity,2,0
23945,Fitness and Wellness Coordinators,Evaluate fitness and wellness programs to determine their effectiveness.,Inductive Reasoning,3,0
23945,Fitness and Wellness Coordinators,Evaluate fitness and wellness programs to determine their effectiveness.,Deductive Reasoning,2,0
23945,Fitness and Wellness Coordinators,Evaluate fitness and wellness programs to determine their effectiveness.,Problem Sensitivity,2,0
23945,Fitness and Wellness Coordinators,Evaluate fitness and wellness programs to determine their effectiveness.,Written Comprehension,2,0
23945,Fitness and Wellness Coordinators,Evaluate fitness and wellness programs to determine their effectiveness.,Information Ordering,2,0
23945,Fitness and Wellness Coordinators,Evaluate fitness and wellness programs to determine their effectiveness.,Mathematical Reasoning,1,0
15560,Fitness and Wellness Coordinators,"Develop fitness or wellness classes, such as yoga, aerobics, strength training, or aquatics, ensuring a diversity of class offerings.",Fluency of Ideas,3,0
15560,Fitness and Wellness Coordinators,"Develop fitness or wellness classes, such as yoga, aerobics, strength training, or aquatics, ensuring a diversity of class offerings.",Originality,2,0
15560,Fitness and Wellness Coordinators,"Develop fitness or wellness classes, such as yoga, aerobics, strength training, or aquatics, ensuring a diversity of class offerings.",Category Flexibility,2,0
15560,Fitness and Wellness Coordinators,"Develop fitness or wellness classes, such as yoga, aerobics, strength training, or aquatics, ensuring a diversity of class offerings.",Inductive Reasoning,2,0
15560,Fitness and Wellness Coordinators,"Develop fitness or wellness classes, such as yoga, aerobics, strength training, or aquatics, ensuring a diversity of class offerings.",Written Expression,2,0
15560,Fitness and Wellness Coordinators,"Develop fitness or wellness classes, such as yoga, aerobics, strength training, or aquatics, ensuring a diversity of class offerings.",Oral Expression,1,0
15560,Fitness and Wellness Coordinators,"Develop fitness or wellness classes, such as yoga, aerobics, strength training, or aquatics, ensuring a diversity of class offerings.",Problem Sensitivity,1,0
15556,Fitness and Wellness Coordinators,"Demonstrate proper operation of fitness equipment, such as resistance machines, cardio machines, free weights, or fitness assessment devices.",Oral Expression,3,0
15556,Fitness and Wellness Coordinators,"Demonstrate proper operation of fitness equipment, such as resistance machines, cardio machines, free weights, or fitness assessment devices.",Manual Dexterity,2,0
15556,Fitness and Wellness Coordinators,"Demonstrate proper operation of fitness equipment, such as resistance machines, cardio machines, free weights, or fitness assessment devices.",Gross Body Coordination,2,0
15556,Fitness and Wellness Coordinators,"Demonstrate proper operation of fitness equipment, such as resistance machines, cardio machines, free weights, or fitness assessment devices.",Oral Comprehension,2,0
15556,Fitness and Wellness Coordinators,"Demonstrate proper operation of fitness equipment, such as resistance machines, cardio machines, free weights, or fitness assessment devices.",Near Vision,2,0
15556,Fitness and Wellness Coordinators,"Demonstrate proper operation of fitness equipment, such as resistance machines, cardio machines, free weights, or fitness assessment devices.",Multilimb Coordination,2,0
15556,Fitness and Wellness Coordinators,"Demonstrate proper operation of fitness equipment, such as resistance machines, cardio machines, free weights, or fitness assessment devices.",Stamina,1,0
15548,Fitness and Wellness Coordinators,"Conduct needs assessments or surveys to determine interest in, or satisfaction with, wellness and fitness programs, events, or services.",Inductive Reasoning,3,0
15548,Fitness and Wellness Coordinators,"Conduct needs assessments or surveys to determine interest in, or satisfaction with, wellness and fitness programs, events, or services.",Problem Sensitivity,2,0
15548,Fitness and Wellness Coordinators,"Conduct needs assessments or surveys to determine interest in, or satisfaction with, wellness and fitness programs, events, or services.",Written Comprehension,2,0
15548,Fitness and Wellness Coordinators,"Conduct needs assessments or surveys to determine interest in, or satisfaction with, wellness and fitness programs, events, or services.",Oral Comprehension,2,0
15548,Fitness and Wellness Coordinators,"Conduct needs assessments or surveys to determine interest in, or satisfaction with, wellness and fitness programs, events, or services.",Information Ordering,2,0
15548,Fitness and Wellness Coordinators,"Conduct needs assessments or surveys to determine interest in, or satisfaction with, wellness and fitness programs, events, or services.",Written Expression,1,0
15549,Fitness and Wellness Coordinators,"Teach fitness classes to improve strength, flexibility, cardiovascular conditioning, or general fitness of participants.",Oral Expression,3,0
15549,Fitness and Wellness Coordinators,"Teach fitness classes to improve strength, flexibility, cardiovascular conditioning, or general fitness of participants.",Gross Body Coordination,3,0
15549,Fitness and Wellness Coordinators,"Teach fitness classes to improve strength, flexibility, cardiovascular conditioning, or general fitness of participants.",Stamina,3,0
15549,Fitness and Wellness Coordinators,"Teach fitness classes to improve strength, flexibility, cardiovascular conditioning, or general fitness of participants.",Dynamic Strength,2,0
15549,Fitness and Wellness Coordinators,"Teach fitness classes to improve strength, flexibility, cardiovascular conditioning, or general fitness of participants.",Extent Flexibility,2,0
15549,Fitness and Wellness Coordinators,"Teach fitness classes to improve strength, flexibility, cardiovascular conditioning, or general fitness of participants.",Dynamic Flexibility,2,0
15549,Fitness and Wellness Coordinators,"Teach fitness classes to improve strength, flexibility, cardiovascular conditioning, or general fitness of participants.",Speech Clarity,2,0
15549,Fitness and Wellness Coordinators,"Teach fitness classes to improve strength, flexibility, cardiovascular conditioning, or general fitness of participants.",Multilimb Coordination,2,0
15549,Fitness and Wellness Coordinators,"Teach fitness classes to improve strength, flexibility, cardiovascular conditioning, or general fitness of participants.",Time Sharing,2,0
15547,Fitness and Wellness Coordinators,Develop marketing campaigns to promote a healthy lifestyle or participation in fitness or wellness programs.,Fluency of Ideas,3,0
15547,Fitness and Wellness Coordinators,Develop marketing campaigns to promote a healthy lifestyle or participation in fitness or wellness programs.,Originality,2,0
15547,Fitness and Wellness Coordinators,Develop marketing campaigns to promote a healthy lifestyle or participation in fitness or wellness programs.,Written Expression,3,0
15547,Fitness and Wellness Coordinators,Develop marketing campaigns to promote a healthy lifestyle or participation in fitness or wellness programs.,Inductive Reasoning,2,0
15547,Fitness and Wellness Coordinators,Develop marketing campaigns to promote a healthy lifestyle or participation in fitness or wellness programs.,Oral Expression,2,0
15547,Fitness and Wellness Coordinators,Develop marketing campaigns to promote a healthy lifestyle or participation in fitness or wellness programs.,Written Comprehension,1,0
15550,Fitness and Wellness Coordinators,"Select or supervise contractors, such as event hosts or health, fitness, and wellness practitioners.",Deductive Reasoning,2,0
15550,Fitness and Wellness Coordinators,"Select or supervise contractors, such as event hosts or health, fitness, and wellness practitioners.",Inductive Reasoning,2,0
15550,Fitness and Wellness Coordinators,"Select or supervise contractors, such as event hosts or health, fitness, and wellness practitioners.",Oral Comprehension,2,0
15550,Fitness and Wellness Coordinators,"Select or supervise contractors, such as event hosts or health, fitness, and wellness practitioners.",Oral Expression,2,0
15550,Fitness and Wellness Coordinators,"Select or supervise contractors, such as event hosts or health, fitness, and wellness practitioners.",Problem Sensitivity,2,0
15550,Fitness and Wellness Coordinators,"Select or supervise contractors, such as event hosts or health, fitness, and wellness practitioners.",Information Ordering,1,0
20316,Fitness and Wellness Coordinators,Track cost-containment strategies and programs to evaluate effectiveness.,Inductive Reasoning,3,0
20316,Fitness and Wellness Coordinators,Track cost-containment strategies and programs to evaluate effectiveness.,Mathematical Reasoning,2,0
20316,Fitness and Wellness Coordinators,Track cost-containment strategies and programs to evaluate effectiveness.,Number Facility,2,0
20316,Fitness and Wellness Coordinators,Track cost-containment strategies and programs to evaluate effectiveness.,Problem Sensitivity,2,0
20316,Fitness and Wellness Coordinators,Track cost-containment strategies and programs to evaluate effectiveness.,Written Comprehension,2,0
20316,Fitness and Wellness Coordinators,Track cost-containment strategies and programs to evaluate effectiveness.,Selective Attention,2,0
20316,Fitness and Wellness Coordinators,Track cost-containment strategies and programs to evaluate effectiveness.,Information Ordering,1,0
15545,Fitness and Wellness Coordinators,Provide individual support or counseling in general wellness or nutrition.,Oral Comprehension,3,0
15545,Fitness and Wellness Coordinators,Provide individual support or counseling in general wellness or nutrition.,Oral Expression,3,0
15545,Fitness and Wellness Coordinators,Provide individual support or counseling in general wellness or nutrition.,Speech Clarity,2,0
15545,Fitness and Wellness Coordinators,Provide individual support or counseling in general wellness or nutrition.,Speech Recognition,2,0
15545,Fitness and Wellness Coordinators,Provide individual support or counseling in general wellness or nutrition.,Problem Sensitivity,2,0
15545,Fitness and Wellness Coordinators,Provide individual support or counseling in general wellness or nutrition.,Deductive Reasoning,1,0
20317,Fitness and Wellness Coordinators,"Use computer skills and software to manage Web sites or databases, publish newsletters, or provide webinars.",Written Expression,3,0
20317,Fitness and Wellness Coordinators,"Use computer skills and software to manage Web sites or databases, publish newsletters, or provide webinars.",Finger Dexterity,2,0
20317,Fitness and Wellness Coordinators,"Use computer skills and software to manage Web sites or databases, publish newsletters, or provide webinars.",Near Vision,2,0
20317,Fitness and Wellness Coordinators,"Use computer skills and software to manage Web sites or databases, publish newsletters, or provide webinars.",Information Ordering,2,0
20317,Fitness and Wellness Coordinators,"Use computer skills and software to manage Web sites or databases, publish newsletters, or provide webinars.",Wrist-Finger Speed,2,0
20317,Fitness and Wellness Coordinators,"Use computer skills and software to manage Web sites or databases, publish newsletters, or provide webinars.",Written Comprehension,2,0
20317,Fitness and Wellness Coordinators,"Use computer skills and software to manage Web sites or databases, publish newsletters, or provide webinars.",Selective Attention,1,0
15551,Fitness and Wellness Coordinators,"Respond to customer, public, or media requests for information about wellness programs or services.",Oral Comprehension,3,0
15551,Fitness and Wellness Coordinators,"Respond to customer, public, or media requests for information about wellness programs or services.",Oral Expression,3,0
15551,Fitness and Wellness Coordinators,"Respond to customer, public, or media requests for information about wellness programs or services.",Speech Clarity,2,0
15551,Fitness and Wellness Coordinators,"Respond to customer, public, or media requests for information about wellness programs or services.",Speech Recognition,2,0
15551,Fitness and Wellness Coordinators,"Respond to customer, public, or media requests for information about wellness programs or services.",Written Comprehension,2,0
15551,Fitness and Wellness Coordinators,"Respond to customer, public, or media requests for information about wellness programs or services.",Written Expression,2,0
20315,Fitness and Wellness Coordinators,"Organize and oversee fitness or wellness programs, such as information presentations, blood drives, or training in first aid or cardiopulmonary resuscitation (CPR).",Information Ordering,3,0
20315,Fitness and Wellness Coordinators,"Organize and oversee fitness or wellness programs, such as information presentations, blood drives, or training in first aid or cardiopulmonary resuscitation (CPR).",Deductive Reasoning,2,0
20315,Fitness and Wellness Coordinators,"Organize and oversee fitness or wellness programs, such as information presentations, blood drives, or training in first aid or cardiopulmonary resuscitation (CPR).",Oral Expression,2,0
20315,Fitness and Wellness Coordinators,"Organize and oversee fitness or wellness programs, such as information presentations, blood drives, or training in first aid or cardiopulmonary resuscitation (CPR).",Problem Sensitivity,2,0
20315,Fitness and Wellness Coordinators,"Organize and oversee fitness or wellness programs, such as information presentations, blood drives, or training in first aid or cardiopulmonary resuscitation (CPR).",Time Sharing,2,0
20315,Fitness and Wellness Coordinators,"Organize and oversee fitness or wellness programs, such as information presentations, blood drives, or training in first aid or cardiopulmonary resuscitation (CPR).",Written Expression,1,0
15555,Fitness and Wellness Coordinators,Organize and oversee events such as organized runs or walks.,Information Ordering,3,0
15555,Fitness and Wellness Coordinators,Organize and oversee events such as organized runs or walks.,Deductive Reasoning,2,0
15555,Fitness and Wellness Coordinators,Organize and oversee events such as organized runs or walks.,Time Sharing,2,0
15555,Fitness and Wellness Coordinators,Organize and oversee events such as organized runs or walks.,Problem Sensitivity,2,0
15555,Fitness and Wellness Coordinators,Organize and oversee events such as organized runs or walks.,Oral Expression,2,0
15555,Fitness and Wellness Coordinators,Organize and oversee events such as organized runs or walks.,Selective Attention,1,0
15554,Fitness and Wellness Coordinators,"Organize and oversee health screenings or other preventive measures, such as mammography, blood pressure, or cholesterol screenings or flu vaccinations.",Information Ordering,3,0
15554,Fitness and Wellness Coordinators,"Organize and oversee health screenings or other preventive measures, such as mammography, blood pressure, or cholesterol screenings or flu vaccinations.",Deductive Reasoning,2,0
15554,Fitness and Wellness Coordinators,"Organize and oversee health screenings or other preventive measures, such as mammography, blood pressure, or cholesterol screenings or flu vaccinations.",Time Sharing,2,0
15554,Fitness and Wellness Coordinators,"Organize and oversee health screenings or other preventive measures, such as mammography, blood pressure, or cholesterol screenings or flu vaccinations.",Problem Sensitivity,2,0
15554,Fitness and Wellness Coordinators,"Organize and oversee health screenings or other preventive measures, such as mammography, blood pressure, or cholesterol screenings or flu vaccinations.",Oral Expression,2,0
15554,Fitness and Wellness Coordinators,"Organize and oversee health screenings or other preventive measures, such as mammography, blood pressure, or cholesterol screenings or flu vaccinations.",Written Expression,1,0
20314,Fitness and Wellness Coordinators,Interpret insurance data or Health Reimbursement Account (HRA) data to develop programs that address specific needs of target populations.,Inductive Reasoning,3,0
20314,Fitness and Wellness Coordinators,Interpret insurance data or Health Reimbursement Account (HRA) data to develop programs that address specific needs of target populations.,Mathematical Reasoning,3,0
20314,Fitness and Wellness Coordinators,Interpret insurance data or Health Reimbursement Account (HRA) data to develop programs that address specific needs of target populations.,Number Facility,2,0
20314,Fitness and Wellness Coordinators,Interpret insurance data or Health Reimbursement Account (HRA) data to develop programs that address specific needs of target populations.,Deductive Reasoning,2,0
20314,Fitness and Wellness Coordinators,Interpret insurance data or Health Reimbursement Account (HRA) data to develop programs that address specific needs of target populations.,Written Comprehension,2,0
20314,Fitness and Wellness Coordinators,Interpret insurance data or Health Reimbursement Account (HRA) data to develop programs that address specific needs of target populations.,Problem Sensitivity,2,0
20314,Fitness and Wellness Coordinators,Interpret insurance data or Health Reimbursement Account (HRA) data to develop programs that address specific needs of target populations.,Category Flexibility,1,0
17612,Spa Managers,Respond to customer inquiries or complaints.,Oral Comprehension,3,0
17612,Spa Managers,Respond to customer inquiries or complaints.,Oral Expression,3,0
17612,Spa Managers,Respond to customer inquiries or complaints.,Speech Clarity,2,0
17612,Spa Managers,Respond to customer inquiries or complaints.,Speech Recognition,2,0
17612,Spa Managers,Respond to customer inquiries or complaints.,Problem Sensitivity,2,0
17612,Spa Managers,Respond to customer inquiries or complaints.,Written Comprehension,1,0
17619,Spa Managers,Schedule guest appointments.,Information Ordering,3,0
17619,Spa Managers,Schedule guest appointments.,Number Facility,2,0
17619,Spa Managers,Schedule guest appointments.,Near Vision,2,0
17619,Spa Managers,Schedule guest appointments.,Finger Dexterity,1,0
17619,Spa Managers,Schedule guest appointments.,Selective Attention,1,0
17617,Spa Managers,Maintain client databases.,Information Ordering,3,0
17617,Spa Managers,Maintain client databases.,Near Vision,2,0
17617,Spa Managers,Maintain client databases.,Finger Dexterity,2,0
17617,Spa Managers,Maintain client databases.,Wrist-Finger Speed,2,0
17617,Spa Managers,Maintain client databases.,Selective Attention,2,0
17617,Spa Managers,Maintain client databases.,Written Comprehension,1,0
17605,Spa Managers,Coordinate facility schedules to maximize usage and efficiency.,Information Ordering,3,0
17605,Spa Managers,Coordinate facility schedules to maximize usage and efficiency.,Deductive Reasoning,2,0
17605,Spa Managers,Coordinate facility schedules to maximize usage and efficiency.,Mathematical Reasoning,2,0
17605,Spa Managers,Coordinate facility schedules to maximize usage and efficiency.,Problem Sensitivity,2,0
17605,Spa Managers,Coordinate facility schedules to maximize usage and efficiency.,Time Sharing,2,0
17605,Spa Managers,Coordinate facility schedules to maximize usage and efficiency.,Written Comprehension,1,0
17610,Spa Managers,"Perform accounting duties, such as recording daily cash flow, preparing bank deposits, or generating financial statements.",Mathematical Reasoning,3,0
17610,Spa Managers,"Perform accounting duties, such as recording daily cash flow, preparing bank deposits, or generating financial statements.",Number Facility,3,0
17610,Spa Managers,"Perform accounting duties, such as recording daily cash flow, preparing bank deposits, or generating financial statements.",Deductive Reasoning,2,0
17610,Spa Managers,"Perform accounting duties, such as recording daily cash flow, preparing bank deposits, or generating financial statements.",Written Expression,2,0
17610,Spa Managers,"Perform accounting duties, such as recording daily cash flow, preparing bank deposits, or generating financial statements.",Near Vision,2,0
17610,Spa Managers,"Perform accounting duties, such as recording daily cash flow, preparing bank deposits, or generating financial statements.",Selective Attention,2,0
17610,Spa Managers,"Perform accounting duties, such as recording daily cash flow, preparing bank deposits, or generating financial statements.",Finger Dexterity,1,0
17609,Spa Managers,"Monitor operations to ensure compliance with applicable health, safety, or hygiene standards.",Problem Sensitivity,3,0
17609,Spa Managers,"Monitor operations to ensure compliance with applicable health, safety, or hygiene standards.",Deductive Reasoning,2,0
17609,Spa Managers,"Monitor operations to ensure compliance with applicable health, safety, or hygiene standards.",Written Comprehension,2,0
17609,Spa Managers,"Monitor operations to ensure compliance with applicable health, safety, or hygiene standards.",Selective Attention,2,0
17609,Spa Managers,"Monitor operations to ensure compliance with applicable health, safety, or hygiene standards.",Near Vision,2,0
17609,Spa Managers,"Monitor operations to ensure compliance with applicable health, safety, or hygiene standards.",Information Ordering,1,0
17601,Spa Managers,Plan or direct spa services and programs.,Deductive Reasoning,3,0
17601,Spa Managers,Plan or direct spa services and programs.,Information Ordering,2,0
17601,Spa Managers,Plan or direct spa services and programs.,Fluency of Ideas,2,0
17601,Spa Managers,Plan or direct spa services and programs.,Oral Expression,2,0
17601,Spa Managers,Plan or direct spa services and programs.,Problem Sensitivity,2,0
17601,Spa Managers,Plan or direct spa services and programs.,Written Expression,1,0
17615,Spa Managers,Develop or implement marketing strategies.,Fluency of Ideas,3,0
17615,Spa Managers,Develop or implement marketing strategies.,Originality,2,0
17615,Spa Managers,Develop or implement marketing strategies.,Inductive Reasoning,2,0
17615,Spa Managers,Develop or implement marketing strategies.,Written Expression,2,0
17615,Spa Managers,Develop or implement marketing strategies.,Deductive Reasoning,2,0
17615,Spa Managers,Develop or implement marketing strategies.,Problem Sensitivity,1,0
17620,Spa Managers,"Sell products, services, or memberships.",Oral Comprehension,3,0
17620,Spa Managers,"Sell products, services, or memberships.",Oral Expression,3,0
17620,Spa Managers,"Sell products, services, or memberships.",Speech Clarity,2,0
17620,Spa Managers,"Sell products, services, or memberships.",Speech Recognition,2,0
17620,Spa Managers,"Sell products, services, or memberships.",Fluency of Ideas,2,0
17620,Spa Managers,"Sell products, services, or memberships.",Problem Sensitivity,1,0
17611,Spa Managers,"Recruit, interview, or hire employees.",Oral Comprehension,3,0
17611,Spa Managers,"Recruit, interview, or hire employees.",Oral Expression,3,0
17611,Spa Managers,"Recruit, interview, or hire employees.",Inductive Reasoning,2,0
17611,Spa Managers,"Recruit, interview, or hire employees.",Problem Sensitivity,2,0
17611,Spa Managers,"Recruit, interview, or hire employees.",Speech Recognition,2,0
17611,Spa Managers,"Recruit, interview, or hire employees.",Deductive Reasoning,1,0
17603,Spa Managers,Assess employee performance and suggest ways to improve work.,Inductive Reasoning,3,0
17603,Spa Managers,Assess employee performance and suggest ways to improve work.,Problem Sensitivity,3,0
17603,Spa Managers,Assess employee performance and suggest ways to improve work.,Oral Expression,2,0
17603,Spa Managers,Assess employee performance and suggest ways to improve work.,Deductive Reasoning,2,0
17603,Spa Managers,Assess employee performance and suggest ways to improve work.,Written Expression,2,0
17603,Spa Managers,Assess employee performance and suggest ways to improve work.,Oral Comprehension,1,0
17608,Spa Managers,Inventory products and order new supplies.,Number Facility,3,0
17608,Spa Managers,Inventory products and order new supplies.,Selective Attention,2,0
17608,Spa Managers,Inventory products and order new supplies.,Near Vision,2,0
17608,Spa Managers,Inventory products and order new supplies.,Information Ordering,2,0
17608,Spa Managers,Inventory products and order new supplies.,Mathematical Reasoning,2,0
17608,Spa Managers,Inventory products and order new supplies.,Written Expression,1,0
17607,Spa Managers,Establish spa budgets and financial goals.,Mathematical Reasoning,3,0
17607,Spa Managers,Establish spa budgets and financial goals.,Number Facility,2,0
17607,Spa Managers,Establish spa budgets and financial goals.,Deductive Reasoning,2,0
17607,Spa Managers,Establish spa budgets and financial goals.,Inductive Reasoning,2,0
17607,Spa Managers,Establish spa budgets and financial goals.,Written Expression,2,0
17607,Spa Managers,Establish spa budgets and financial goals.,Problem Sensitivity,1,0
17600,Spa Managers,"Inform staff of job responsibilities, performance expectations, client service standards, or corporate policies and guidelines.",Oral Expression,3,0
17600,Spa Managers,"Inform staff of job responsibilities, performance expectations, client service standards, or corporate policies and guidelines.",Oral Comprehension,2,0
17600,Spa Managers,"Inform staff of job responsibilities, performance expectations, client service standards, or corporate policies and guidelines.",Written Expression,2,0
17600,Spa Managers,"Inform staff of job responsibilities, performance expectations, client service standards, or corporate policies and guidelines.",Speech Clarity,2,0
17600,Spa Managers,"Inform staff of job responsibilities, performance expectations, client service standards, or corporate policies and guidelines.",Information Ordering,2,0
17600,Spa Managers,"Inform staff of job responsibilities, performance expectations, client service standards, or corporate policies and guidelines.",Written Comprehension,1,0
17602,Spa Managers,"Train staff in the use or sale of products, programs, or activities.",Oral Expression,3,0
17602,Spa Managers,"Train staff in the use or sale of products, programs, or activities.",Oral Comprehension,2,0
17602,Spa Managers,"Train staff in the use or sale of products, programs, or activities.",Speech Clarity,2,0
17602,Spa Managers,"Train staff in the use or sale of products, programs, or activities.",Information Ordering,2,0
17602,Spa Managers,"Train staff in the use or sale of products, programs, or activities.",Inductive Reasoning,1,0
17602,Spa Managers,"Train staff in the use or sale of products, programs, or activities.",Written Comprehension,1,0
17618,Spa Managers,Participate in continuing education classes to maintain current knowledge of industry.,Written Comprehension,3,0
17618,Spa Managers,Participate in continuing education classes to maintain current knowledge of industry.,Oral Comprehension,3,0
17618,Spa Managers,Participate in continuing education classes to maintain current knowledge of industry.,Memorization,2,0
17618,Spa Managers,Participate in continuing education classes to maintain current knowledge of industry.,Inductive Reasoning,2,0
17618,Spa Managers,Participate in continuing education classes to maintain current knowledge of industry.,Speech Recognition,2,0
17616,Spa Managers,Direct facility maintenance or repair.,Problem Sensitivity,3,0
17616,Spa Managers,Direct facility maintenance or repair.,Deductive Reasoning,2,0
17616,Spa Managers,Direct facility maintenance or repair.,Oral Expression,2,0
17616,Spa Managers,Direct facility maintenance or repair.,Information Ordering,2,0
17616,Spa Managers,Direct facility maintenance or repair.,Near Vision,1,0
17616,Spa Managers,Direct facility maintenance or repair.,Far Vision,1,0
17614,Spa Managers,"Verify staff credentials, such as educational and certification requirements.",Written Comprehension,3,0
17614,Spa Managers,"Verify staff credentials, such as educational and certification requirements.",Selective Attention,2,0
17614,Spa Managers,"Verify staff credentials, such as educational and certification requirements.",Near Vision,2,0
17614,Spa Managers,"Verify staff credentials, such as educational and certification requirements.",Deductive Reasoning,2,0
17614,Spa Managers,"Verify staff credentials, such as educational and certification requirements.",Information Ordering,1,0
17613,Spa Managers,Schedule staff or supervise scheduling.,Information Ordering,3,0
17613,Spa Managers,Schedule staff or supervise scheduling.,Deductive Reasoning,2,0
17613,Spa Managers,Schedule staff or supervise scheduling.,Mathematical Reasoning,2,0
17613,Spa Managers,Schedule staff or supervise scheduling.,Time Sharing,2,0
17613,Spa Managers,Schedule staff or supervise scheduling.,Problem Sensitivity,1,0
17604,Spa Managers,Check spa equipment to ensure proper functioning.,Problem Sensitivity,3,0
17604,Spa Managers,Check spa equipment to ensure proper functioning.,Near Vision,2,0
17604,Spa Managers,Check spa equipment to ensure proper functioning.,Selective Attention,2,0
17604,Spa Managers,Check spa equipment to ensure proper functioning.,Deductive Reasoning,2,0
17604,Spa Managers,Check spa equipment to ensure proper functioning.,Auditory Attention,1,0
17604,Spa Managers,Check spa equipment to ensure proper functioning.,Hearing Sensitivity,1,0
17606,Spa Managers,Develop staff service or retail goals and guide staff in goal achievement.,Oral Expression,3,0
17606,Spa Managers,Develop staff service or retail goals and guide staff in goal achievement.,Inductive Reasoning,2,0
17606,Spa Managers,Develop staff service or retail goals and guide staff in goal achievement.,Problem Sensitivity,2,0
17606,Spa Managers,Develop staff service or retail goals and guide staff in goal achievement.,Written Expression,2,0
17606,Spa Managers,Develop staff service or retail goals and guide staff in goal achievement.,Deductive Reasoning,2,0
17606,Spa Managers,Develop staff service or retail goals and guide staff in goal achievement.,Fluency of Ideas,1,0
18026,Regulatory Affairs Managers,Develop regulatory strategies and implementation plans for the preparation and submission of new products.,Deductive Reasoning,3,0
18026,Regulatory Affairs Managers,Develop regulatory strategies and implementation plans for the preparation and submission of new products.,Inductive Reasoning,3,0
18026,Regulatory Affairs Managers,Develop regulatory strategies and implementation plans for the preparation and submission of new products.,Written Expression,3,0
18026,Regulatory Affairs Managers,Develop regulatory strategies and implementation plans for the preparation and submission of new products.,Problem Sensitivity,2,0
18026,Regulatory Affairs Managers,Develop regulatory strategies and implementation plans for the preparation and submission of new products.,Information Ordering,2,0
18026,Regulatory Affairs Managers,Develop regulatory strategies and implementation plans for the preparation and submission of new products.,Written Comprehension,2,0
18026,Regulatory Affairs Managers,Develop regulatory strategies and implementation plans for the preparation and submission of new products.,Fluency of Ideas,1,0
18037,Regulatory Affairs Managers,"Review all regulatory agency submission materials to ensure timeliness, accuracy, comprehensiveness, or compliance with regulatory standards.",Written Comprehension,3,0
18037,Regulatory Affairs Managers,"Review all regulatory agency submission materials to ensure timeliness, accuracy, comprehensiveness, or compliance with regulatory standards.",Deductive Reasoning,3,0
18037,Regulatory Affairs Managers,"Review all regulatory agency submission materials to ensure timeliness, accuracy, comprehensiveness, or compliance with regulatory standards.",Problem Sensitivity,3,0
18037,Regulatory Affairs Managers,"Review all regulatory agency submission materials to ensure timeliness, accuracy, comprehensiveness, or compliance with regulatory standards.",Selective Attention,2,0
18037,Regulatory Affairs Managers,"Review all regulatory agency submission materials to ensure timeliness, accuracy, comprehensiveness, or compliance with regulatory standards.",Near Vision,2,0
18037,Regulatory Affairs Managers,"Review all regulatory agency submission materials to ensure timeliness, accuracy, comprehensiveness, or compliance with regulatory standards.",Information Ordering,2,0
18022,Regulatory Affairs Managers,"Direct the preparation and submission of regulatory agency applications, reports, or correspondence.",Deductive Reasoning,3,0
18022,Regulatory Affairs Managers,"Direct the preparation and submission of regulatory agency applications, reports, or correspondence.",Written Expression,3,0
18022,Regulatory Affairs Managers,"Direct the preparation and submission of regulatory agency applications, reports, or correspondence.",Written Comprehension,2,0
18022,Regulatory Affairs Managers,"Direct the preparation and submission of regulatory agency applications, reports, or correspondence.",Information Ordering,2,0
18022,Regulatory Affairs Managers,"Direct the preparation and submission of regulatory agency applications, reports, or correspondence.",Problem Sensitivity,2,0
18022,Regulatory Affairs Managers,"Direct the preparation and submission of regulatory agency applications, reports, or correspondence.",Oral Expression,1,0
18029,Regulatory Affairs Managers,Investigate product complaints and prepare documentation and submissions to appropriate regulatory agencies as necessary.,Problem Sensitivity,3,0
18029,Regulatory Affairs Managers,Investigate product complaints and prepare documentation and submissions to appropriate regulatory agencies as necessary.,Inductive Reasoning,3,0
18029,Regulatory Affairs Managers,Investigate product complaints and prepare documentation and submissions to appropriate regulatory agencies as necessary.,Written Expression,3,0
18029,Regulatory Affairs Managers,Investigate product complaints and prepare documentation and submissions to appropriate regulatory agencies as necessary.,Deductive Reasoning,2,0
18029,Regulatory Affairs Managers,Investigate product complaints and prepare documentation and submissions to appropriate regulatory agencies as necessary.,Written Comprehension,2,0
18029,Regulatory Affairs Managers,Investigate product complaints and prepare documentation and submissions to appropriate regulatory agencies as necessary.,Information Ordering,2,0
18035,Regulatory Affairs Managers,Provide responses to regulatory agencies regarding product information or issues.,Written Expression,3,0
18035,Regulatory Affairs Managers,Provide responses to regulatory agencies regarding product information or issues.,Oral Expression,3,0
18035,Regulatory Affairs Managers,Provide responses to regulatory agencies regarding product information or issues.,Deductive Reasoning,2,0
18035,Regulatory Affairs Managers,Provide responses to regulatory agencies regarding product information or issues.,Written Comprehension,2,0
18035,Regulatory Affairs Managers,Provide responses to regulatory agencies regarding product information or issues.,Oral Comprehension,2,0
18035,Regulatory Affairs Managers,Provide responses to regulatory agencies regarding product information or issues.,Problem Sensitivity,2,0
18035,Regulatory Affairs Managers,Provide responses to regulatory agencies regarding product information or issues.,Speech Clarity,1,0
18036,Regulatory Affairs Managers,Represent organizations before domestic or international regulatory agencies on major policy matters or decisions regarding company products.,Oral Expression,3,0
18036,Regulatory Affairs Managers,Represent organizations before domestic or international regulatory agencies on major policy matters or decisions regarding company products.,Oral Comprehension,3,0
18036,Regulatory Affairs Managers,Represent organizations before domestic or international regulatory agencies on major policy matters or decisions regarding company products.,Deductive Reasoning,3,0
18036,Regulatory Affairs Managers,Represent organizations before domestic or international regulatory agencies on major policy matters or decisions regarding company products.,Speech Clarity,2,0
18036,Regulatory Affairs Managers,Represent organizations before domestic or international regulatory agencies on major policy matters or decisions regarding company products.,Written Comprehension,2,0
18036,Regulatory Affairs Managers,Represent organizations before domestic or international regulatory agencies on major policy matters or decisions regarding company products.,Problem Sensitivity,2,0
18036,Regulatory Affairs Managers,Represent organizations before domestic or international regulatory agencies on major policy matters or decisions regarding company products.,Speech Recognition,2,0
18024,Regulatory Affairs Managers,"Provide regulatory guidance to departments or development project teams regarding design, development, evaluation, or marketing of products.",Oral Expression,3,0
18024,Regulatory Affairs Managers,"Provide regulatory guidance to departments or development project teams regarding design, development, evaluation, or marketing of products.",Deductive Reasoning,3,0
18024,Regulatory Affairs Managers,"Provide regulatory guidance to departments or development project teams regarding design, development, evaluation, or marketing of products.",Written Comprehension,2,0
18024,Regulatory Affairs Managers,"Provide regulatory guidance to departments or development project teams regarding design, development, evaluation, or marketing of products.",Problem Sensitivity,2,0
18024,Regulatory Affairs Managers,"Provide regulatory guidance to departments or development project teams regarding design, development, evaluation, or marketing of products.",Written Expression,2,0
18024,Regulatory Affairs Managers,"Provide regulatory guidance to departments or development project teams regarding design, development, evaluation, or marketing of products.",Inductive Reasoning,2,0
18024,Regulatory Affairs Managers,"Provide regulatory guidance to departments or development project teams regarding design, development, evaluation, or marketing of products.",Oral Comprehension,1,0
18031,Regulatory Affairs Managers,"Manage activities such as audits, regulatory agency inspections, or product recalls.",Deductive Reasoning,3,0
18031,Regulatory Affairs Managers,"Manage activities such as audits, regulatory agency inspections, or product recalls.",Information Ordering,3,0
18031,Regulatory Affairs Managers,"Manage activities such as audits, regulatory agency inspections, or product recalls.",Problem Sensitivity,3,0
18031,Regulatory Affairs Managers,"Manage activities such as audits, regulatory agency inspections, or product recalls.",Written Expression,2,0
18031,Regulatory Affairs Managers,"Manage activities such as audits, regulatory agency inspections, or product recalls.",Time Sharing,2,0
18031,Regulatory Affairs Managers,"Manage activities such as audits, regulatory agency inspections, or product recalls.",Oral Expression,2,0
18025,Regulatory Affairs Managers,Communicate regulatory information to multiple departments and ensure that information is interpreted correctly.,Oral Expression,3,0
18025,Regulatory Affairs Managers,Communicate regulatory information to multiple departments and ensure that information is interpreted correctly.,Written Expression,3,0
18025,Regulatory Affairs Managers,Communicate regulatory information to multiple departments and ensure that information is interpreted correctly.,Oral Comprehension,2,0
18025,Regulatory Affairs Managers,Communicate regulatory information to multiple departments and ensure that information is interpreted correctly.,Written Comprehension,2,0
18025,Regulatory Affairs Managers,Communicate regulatory information to multiple departments and ensure that information is interpreted correctly.,Deductive Reasoning,2,0
18025,Regulatory Affairs Managers,Communicate regulatory information to multiple departments and ensure that information is interpreted correctly.,Speech Clarity,2,0
18025,Regulatory Affairs Managers,Communicate regulatory information to multiple departments and ensure that information is interpreted correctly.,Information Ordering,1,0
18030,Regulatory Affairs Managers,"Maintain current knowledge of relevant regulations, including proposed and final rules.",Written Comprehension,3,0
18030,Regulatory Affairs Managers,"Maintain current knowledge of relevant regulations, including proposed and final rules.",Inductive Reasoning,2,0
18030,Regulatory Affairs Managers,"Maintain current knowledge of relevant regulations, including proposed and final rules.",Memorization,2,0
18030,Regulatory Affairs Managers,"Maintain current knowledge of relevant regulations, including proposed and final rules.",Deductive Reasoning,2,0
18030,Regulatory Affairs Managers,"Maintain current knowledge of relevant regulations, including proposed and final rules.",Selective Attention,2,0
18030,Regulatory Affairs Managers,"Maintain current knowledge of relevant regulations, including proposed and final rules.",Information Ordering,1,0
18023,Regulatory Affairs Managers,Formulate or implement regulatory affairs policies and procedures to ensure that regulatory compliance is maintained or enhanced.,Deductive Reasoning,3,0
18023,Regulatory Affairs Managers,Formulate or implement regulatory affairs policies and procedures to ensure that regulatory compliance is maintained or enhanced.,Inductive Reasoning,2,0
18023,Regulatory Affairs Managers,Formulate or implement regulatory affairs policies and procedures to ensure that regulatory compliance is maintained or enhanced.,Written Expression,3,0
18023,Regulatory Affairs Managers,Formulate or implement regulatory affairs policies and procedures to ensure that regulatory compliance is maintained or enhanced.,Information Ordering,2,0
18023,Regulatory Affairs Managers,Formulate or implement regulatory affairs policies and procedures to ensure that regulatory compliance is maintained or enhanced.,Problem Sensitivity,2,0
18023,Regulatory Affairs Managers,Formulate or implement regulatory affairs policies and procedures to ensure that regulatory compliance is maintained or enhanced.,Written Comprehension,2,0
21087,Regulatory Affairs Managers,Direct documentation efforts to ensure compliance with domestic and international regulations and standards.,Deductive Reasoning,3,0
21087,Regulatory Affairs Managers,Direct documentation efforts to ensure compliance with domestic and international regulations and standards.,Written Comprehension,3,0
21087,Regulatory Affairs Managers,Direct documentation efforts to ensure compliance with domestic and international regulations and standards.,Information Ordering,3,0
21087,Regulatory Affairs Managers,Direct documentation efforts to ensure compliance with domestic and international regulations and standards.,Written Expression,2,0
21087,Regulatory Affairs Managers,Direct documentation efforts to ensure compliance with domestic and international regulations and standards.,Selective Attention,2,0
21087,Regulatory Affairs Managers,Direct documentation efforts to ensure compliance with domestic and international regulations and standards.,Problem Sensitivity,2,0
18038,Regulatory Affairs Managers,Review materials such as marketing literature or user manuals to ensure that regulatory agency requirements are met.,Written Comprehension,3,0
18038,Regulatory Affairs Managers,Review materials such as marketing literature or user manuals to ensure that regulatory agency requirements are met.,Deductive Reasoning,3,0
18038,Regulatory Affairs Managers,Review materials such as marketing literature or user manuals to ensure that regulatory agency requirements are met.,Selective Attention,2,0
18038,Regulatory Affairs Managers,Review materials such as marketing literature or user manuals to ensure that regulatory agency requirements are met.,Near Vision,2,0
18038,Regulatory Affairs Managers,Review materials such as marketing literature or user manuals to ensure that regulatory agency requirements are met.,Problem Sensitivity,2,0
18038,Regulatory Affairs Managers,Review materials such as marketing literature or user manuals to ensure that regulatory agency requirements are met.,Information Ordering,1,0
18034,Regulatory Affairs Managers,Participate in the development or implementation of clinical trial protocols.,Deductive Reasoning,3,0
18034,Regulatory Affairs Managers,Participate in the development or implementation of clinical trial protocols.,Written Comprehension,3,0
18034,Regulatory Affairs Managers,Participate in the development or implementation of clinical trial protocols.,Problem Sensitivity,2,0
18034,Regulatory Affairs Managers,Participate in the development or implementation of clinical trial protocols.,Information Ordering,2,0
18034,Regulatory Affairs Managers,Participate in the development or implementation of clinical trial protocols.,Written Expression,2,0
18034,Regulatory Affairs Managers,Participate in the development or implementation of clinical trial protocols.,Inductive Reasoning,2,0
18028,Regulatory Affairs Managers,Implement or monitor complaint processing systems to ensure effective and timely resolution of all complaint investigations.,Problem Sensitivity,3,0
18028,Regulatory Affairs Managers,Implement or monitor complaint processing systems to ensure effective and timely resolution of all complaint investigations.,Information Ordering,3,0
18028,Regulatory Affairs Managers,Implement or monitor complaint processing systems to ensure effective and timely resolution of all complaint investigations.,Deductive Reasoning,2,0
18028,Regulatory Affairs Managers,Implement or monitor complaint processing systems to ensure effective and timely resolution of all complaint investigations.,Selective Attention,2,0
18028,Regulatory Affairs Managers,Implement or monitor complaint processing systems to ensure effective and timely resolution of all complaint investigations.,Written Comprehension,2,0
18028,Regulatory Affairs Managers,Implement or monitor complaint processing systems to ensure effective and timely resolution of all complaint investigations.,Time Sharing,1,0
18043,Regulatory Affairs Managers,Establish procedures or systems for publishing document submissions in hardcopy or electronic formats.,Deductive Reasoning,3,0
18043,Regulatory Affairs Managers,Establish procedures or systems for publishing document submissions in hardcopy or electronic formats.,Information Ordering,3,0
18043,Regulatory Affairs Managers,Establish procedures or systems for publishing document submissions in hardcopy or electronic formats.,Written Expression,2,0
18043,Regulatory Affairs Managers,Establish procedures or systems for publishing document submissions in hardcopy or electronic formats.,Written Comprehension,2,0
18043,Regulatory Affairs Managers,Establish procedures or systems for publishing document submissions in hardcopy or electronic formats.,Near Vision,2,0
18043,Regulatory Affairs Managers,Establish procedures or systems for publishing document submissions in hardcopy or electronic formats.,Finger Dexterity,1,0
18027,Regulatory Affairs Managers,Establish regulatory priorities or budgets and allocate resources and workloads.,Deductive Reasoning,3,0
18027,Regulatory Affairs Managers,Establish regulatory priorities or budgets and allocate resources and workloads.,Mathematical Reasoning,2,0
18027,Regulatory Affairs Managers,Establish regulatory priorities or budgets and allocate resources and workloads.,Information Ordering,2,0
18027,Regulatory Affairs Managers,Establish regulatory priorities or budgets and allocate resources and workloads.,Problem Sensitivity,2,0
18027,Regulatory Affairs Managers,Establish regulatory priorities or budgets and allocate resources and workloads.,Number Facility,2,0
18027,Regulatory Affairs Managers,Establish regulatory priorities or budgets and allocate resources and workloads.,Time Sharing,2,0
18039,Regulatory Affairs Managers,Train staff in regulatory policies or procedures.,Oral Expression,3,0
18039,Regulatory Affairs Managers,Train staff in regulatory policies or procedures.,Written Comprehension,2,0
18039,Regulatory Affairs Managers,Train staff in regulatory policies or procedures.,Speech Clarity,2,0
18039,Regulatory Affairs Managers,Train staff in regulatory policies or procedures.,Information Ordering,2,0
18039,Regulatory Affairs Managers,Train staff in regulatory policies or procedures.,Oral Comprehension,2,0
18039,Regulatory Affairs Managers,Train staff in regulatory policies or procedures.,Deductive Reasoning,1,0
18042,Regulatory Affairs Managers,Develop and maintain standard operating procedures or local working practices.,Deductive Reasoning,3,0
18042,Regulatory Affairs Managers,Develop and maintain standard operating procedures or local working practices.,Written Expression,3,0
18042,Regulatory Affairs Managers,Develop and maintain standard operating procedures or local working practices.,Information Ordering,2,0
18042,Regulatory Affairs Managers,Develop and maintain standard operating procedures or local working practices.,Written Comprehension,2,0
18042,Regulatory Affairs Managers,Develop and maintain standard operating procedures or local working practices.,Problem Sensitivity,2,0
18042,Regulatory Affairs Managers,Develop and maintain standard operating procedures or local working practices.,Inductive Reasoning,1,0
18040,Regulatory Affairs Managers,Contribute to the development or implementation of business unit strategic and operating plans.,Deductive Reasoning,3,0
18040,Regulatory Affairs Managers,Contribute to the development or implementation of business unit strategic and operating plans.,Inductive Reasoning,2,0
18040,Regulatory Affairs Managers,Contribute to the development or implementation of business unit strategic and operating plans.,Written Expression,2,0
18040,Regulatory Affairs Managers,Contribute to the development or implementation of business unit strategic and operating plans.,Information Ordering,2,0
18040,Regulatory Affairs Managers,Contribute to the development or implementation of business unit strategic and operating plans.,Problem Sensitivity,2,0
18040,Regulatory Affairs Managers,Contribute to the development or implementation of business unit strategic and operating plans.,Written Comprehension,2,0
19531,Regulatory Affairs Managers,Monitor regulatory affairs activities to ensure their alignment with corporate sustainability or green initiatives.,Deductive Reasoning,3,0
19531,Regulatory Affairs Managers,Monitor regulatory affairs activities to ensure their alignment with corporate sustainability or green initiatives.,Problem Sensitivity,2,0
19531,Regulatory Affairs Managers,Monitor regulatory affairs activities to ensure their alignment with corporate sustainability or green initiatives.,Written Comprehension,2,0
19531,Regulatory Affairs Managers,Monitor regulatory affairs activities to ensure their alignment with corporate sustainability or green initiatives.,Selective Attention,2,0
19531,Regulatory Affairs Managers,Monitor regulatory affairs activities to ensure their alignment with corporate sustainability or green initiatives.,Inductive Reasoning,2,0
19531,Regulatory Affairs Managers,Monitor regulatory affairs activities to ensure their alignment with corporate sustainability or green initiatives.,Information Ordering,1,0
18041,Regulatory Affairs Managers,Coordinate internal discoveries and depositions with legal department staff.,Oral Comprehension,3,0
18041,Regulatory Affairs Managers,Coordinate internal discoveries and depositions with legal department staff.,Oral Expression,3,0
18041,Regulatory Affairs Managers,Coordinate internal discoveries and depositions with legal department staff.,Deductive Reasoning,2,0
18041,Regulatory Affairs Managers,Coordinate internal discoveries and depositions with legal department staff.,Written Comprehension,2,0
18041,Regulatory Affairs Managers,Coordinate internal discoveries and depositions with legal department staff.,Information Ordering,2,0
18041,Regulatory Affairs Managers,Coordinate internal discoveries and depositions with legal department staff.,Problem Sensitivity,1,0
18032,Regulatory Affairs Managers,Monitor emerging trends regarding industry regulations to determine potential impacts on organizational processes.,Inductive Reasoning,3,0
18032,Regulatory Affairs Managers,Monitor emerging trends regarding industry regulations to determine potential impacts on organizational processes.,Deductive Reasoning,3,0
18032,Regulatory Affairs Managers,Monitor emerging trends regarding industry regulations to determine potential impacts on organizational processes.,Written Comprehension,3,0
18032,Regulatory Affairs Managers,Monitor emerging trends regarding industry regulations to determine potential impacts on organizational processes.,Problem Sensitivity,2,0
18032,Regulatory Affairs Managers,Monitor emerging trends regarding industry regulations to determine potential impacts on organizational processes.,Information Ordering,2,0
18032,Regulatory Affairs Managers,Monitor emerging trends regarding industry regulations to determine potential impacts on organizational processes.,Selective Attention,1,0
19529,Regulatory Affairs Managers,Develop relationships with state or federal environmental regulatory agencies to learn about and analyze the potential impacts of proposed environmental policy regulations.,Oral Expression,3,0
19529,Regulatory Affairs Managers,Develop relationships with state or federal environmental regulatory agencies to learn about and analyze the potential impacts of proposed environmental policy regulations.,Oral Comprehension,3,0
19529,Regulatory Affairs Managers,Develop relationships with state or federal environmental regulatory agencies to learn about and analyze the potential impacts of proposed environmental policy regulations.,Inductive Reasoning,2,0
19529,Regulatory Affairs Managers,Develop relationships with state or federal environmental regulatory agencies to learn about and analyze the potential impacts of proposed environmental policy regulations.,Deductive Reasoning,2,0
19529,Regulatory Affairs Managers,Develop relationships with state or federal environmental regulatory agencies to learn about and analyze the potential impacts of proposed environmental policy regulations.,Written Comprehension,2,0
19529,Regulatory Affairs Managers,Develop relationships with state or federal environmental regulatory agencies to learn about and analyze the potential impacts of proposed environmental policy regulations.,Problem Sensitivity,2,0
19529,Regulatory Affairs Managers,Develop relationships with state or federal environmental regulatory agencies to learn about and analyze the potential impacts of proposed environmental policy regulations.,Speech Clarity,1,0
19532,Regulatory Affairs Managers,Monitor regulatory affairs trends related to environmental issues.,Inductive Reasoning,3,0
19532,Regulatory Affairs Managers,Monitor regulatory affairs trends related to environmental issues.,Written Comprehension,3,0
19532,Regulatory Affairs Managers,Monitor regulatory affairs trends related to environmental issues.,Problem Sensitivity,2,0
19532,Regulatory Affairs Managers,Monitor regulatory affairs trends related to environmental issues.,Deductive Reasoning,2,0
19532,Regulatory Affairs Managers,Monitor regulatory affairs trends related to environmental issues.,Selective Attention,2,0
19532,Regulatory Affairs Managers,Monitor regulatory affairs trends related to environmental issues.,Information Ordering,1,0
19530,Regulatory Affairs Managers,"Evaluate regulatory affairs aspects that are specifically green, such as the use of toxic substances in packaging, carbon footprinting issues, or green policy implementation.",Inductive Reasoning,3,0
19530,Regulatory Affairs Managers,"Evaluate regulatory affairs aspects that are specifically green, such as the use of toxic substances in packaging, carbon footprinting issues, or green policy implementation.",Deductive Reasoning,3,0
19530,Regulatory Affairs Managers,"Evaluate regulatory affairs aspects that are specifically green, such as the use of toxic substances in packaging, carbon footprinting issues, or green policy implementation.",Written Comprehension,2,0
19530,Regulatory Affairs Managers,"Evaluate regulatory affairs aspects that are specifically green, such as the use of toxic substances in packaging, carbon footprinting issues, or green policy implementation.",Problem Sensitivity,2,0
19530,Regulatory Affairs Managers,"Evaluate regulatory affairs aspects that are specifically green, such as the use of toxic substances in packaging, carbon footprinting issues, or green policy implementation.",Category Flexibility,2,0
19530,Regulatory Affairs Managers,"Evaluate regulatory affairs aspects that are specifically green, such as the use of toxic substances in packaging, carbon footprinting issues, or green policy implementation.",Information Ordering,2,0
18044,Regulatory Affairs Managers,Evaluate new software publishing systems and confer with regulatory agencies concerning news or updates on electronic publishing of submissions.,Inductive Reasoning,3,0
18044,Regulatory Affairs Managers,Evaluate new software publishing systems and confer with regulatory agencies concerning news or updates on electronic publishing of submissions.,Deductive Reasoning,2,0
18044,Regulatory Affairs Managers,Evaluate new software publishing systems and confer with regulatory agencies concerning news or updates on electronic publishing of submissions.,Written Comprehension,2,0
18044,Regulatory Affairs Managers,Evaluate new software publishing systems and confer with regulatory agencies concerning news or updates on electronic publishing of submissions.,Oral Expression,2,0
18044,Regulatory Affairs Managers,Evaluate new software publishing systems and confer with regulatory agencies concerning news or updates on electronic publishing of submissions.,Problem Sensitivity,2,0
18044,Regulatory Affairs Managers,Evaluate new software publishing systems and confer with regulatory agencies concerning news or updates on electronic publishing of submissions.,Near Vision,1,0
15645,Compliance Managers,Report violations of compliance or regulatory standards to duly authorized enforcement agencies as appropriate or required.,Written Expression,3,0
15645,Compliance Managers,Report violations of compliance or regulatory standards to duly authorized enforcement agencies as appropriate or required.,Deductive Reasoning,3,0
15645,Compliance Managers,Report violations of compliance or regulatory standards to duly authorized enforcement agencies as appropriate or required.,Problem Sensitivity,2,0
15645,Compliance Managers,Report violations of compliance or regulatory standards to duly authorized enforcement agencies as appropriate or required.,Written Comprehension,2,0
15645,Compliance Managers,Report violations of compliance or regulatory standards to duly authorized enforcement agencies as appropriate or required.,Oral Expression,2,0
15645,Compliance Managers,Report violations of compliance or regulatory standards to duly authorized enforcement agencies as appropriate or required.,Information Ordering,1,0
15650,Compliance Managers,Identify compliance issues that require follow-up or investigation.,Problem Sensitivity,3,0
15650,Compliance Managers,Identify compliance issues that require follow-up or investigation.,Inductive Reasoning,3,0
15650,Compliance Managers,Identify compliance issues that require follow-up or investigation.,Deductive Reasoning,2,0
15650,Compliance Managers,Identify compliance issues that require follow-up or investigation.,Written Comprehension,2,0
15650,Compliance Managers,Identify compliance issues that require follow-up or investigation.,Selective Attention,2,0
15650,Compliance Managers,Identify compliance issues that require follow-up or investigation.,Information Ordering,1,0
21088,Compliance Managers,"Discuss emerging compliance issues to ensure that management and employees are informed about compliance reporting systems, policies, and practices.",Oral Expression,3,0
21088,Compliance Managers,"Discuss emerging compliance issues to ensure that management and employees are informed about compliance reporting systems, policies, and practices.",Oral Comprehension,3,0
21088,Compliance Managers,"Discuss emerging compliance issues to ensure that management and employees are informed about compliance reporting systems, policies, and practices.",Written Comprehension,2,0
21088,Compliance Managers,"Discuss emerging compliance issues to ensure that management and employees are informed about compliance reporting systems, policies, and practices.",Deductive Reasoning,2,0
21088,Compliance Managers,"Discuss emerging compliance issues to ensure that management and employees are informed about compliance reporting systems, policies, and practices.",Speech Clarity,2,0
21088,Compliance Managers,"Discuss emerging compliance issues to ensure that management and employees are informed about compliance reporting systems, policies, and practices.",Speech Recognition,2,0
21088,Compliance Managers,"Discuss emerging compliance issues to ensure that management and employees are informed about compliance reporting systems, policies, and practices.",Problem Sensitivity,1,0
15653,Compliance Managers,File appropriate compliance reports with regulatory agencies.,Written Expression,3,0
15653,Compliance Managers,File appropriate compliance reports with regulatory agencies.,Deductive Reasoning,2,0
15653,Compliance Managers,File appropriate compliance reports with regulatory agencies.,Information Ordering,2,0
15653,Compliance Managers,File appropriate compliance reports with regulatory agencies.,Written Comprehension,2,0
15653,Compliance Managers,File appropriate compliance reports with regulatory agencies.,Near Vision,2,0
15653,Compliance Managers,File appropriate compliance reports with regulatory agencies.,Selective Attention,1,0
15638,Compliance Managers,"Maintain documentation of compliance activities, such as complaints received or investigation outcomes.",Written Expression,3,0
15638,Compliance Managers,"Maintain documentation of compliance activities, such as complaints received or investigation outcomes.",Information Ordering,3,0
15638,Compliance Managers,"Maintain documentation of compliance activities, such as complaints received or investigation outcomes.",Written Comprehension,2,0
15638,Compliance Managers,"Maintain documentation of compliance activities, such as complaints received or investigation outcomes.",Near Vision,2,0
15638,Compliance Managers,"Maintain documentation of compliance activities, such as complaints received or investigation outcomes.",Selective Attention,2,0
15638,Compliance Managers,"Maintain documentation of compliance activities, such as complaints received or investigation outcomes.",Deductive Reasoning,1,0
15639,Compliance Managers,Consult with corporate attorneys as necessary to address difficult legal compliance issues.,Oral Comprehension,3,0
15639,Compliance Managers,Consult with corporate attorneys as necessary to address difficult legal compliance issues.,Oral Expression,3,0
15639,Compliance Managers,Consult with corporate attorneys as necessary to address difficult legal compliance issues.,Deductive Reasoning,3,0
15639,Compliance Managers,Consult with corporate attorneys as necessary to address difficult legal compliance issues.,Problem Sensitivity,2,0
15639,Compliance Managers,Consult with corporate attorneys as necessary to address difficult legal compliance issues.,Speech Recognition,2,0
15639,Compliance Managers,Consult with corporate attorneys as necessary to address difficult legal compliance issues.,Written Comprehension,2,0
15639,Compliance Managers,Consult with corporate attorneys as necessary to address difficult legal compliance issues.,Speech Clarity,1,0
15656,Compliance Managers,Conduct or direct the internal investigation of compliance issues.,Inductive Reasoning,3,0
15656,Compliance Managers,Conduct or direct the internal investigation of compliance issues.,Problem Sensitivity,3,0
15656,Compliance Managers,Conduct or direct the internal investigation of compliance issues.,Deductive Reasoning,2,0
15656,Compliance Managers,Conduct or direct the internal investigation of compliance issues.,Written Comprehension,2,0
15656,Compliance Managers,Conduct or direct the internal investigation of compliance issues.,Information Ordering,2,0
15656,Compliance Managers,Conduct or direct the internal investigation of compliance issues.,Oral Expression,1,0
15644,Compliance Managers,"Provide employee training on compliance related topics, policies, or procedures.",Oral Expression,3,0
15644,Compliance Managers,"Provide employee training on compliance related topics, policies, or procedures.",Written Comprehension,2,0
15644,Compliance Managers,"Provide employee training on compliance related topics, policies, or procedures.",Speech Clarity,2,0
15644,Compliance Managers,"Provide employee training on compliance related topics, policies, or procedures.",Information Ordering,2,0
15644,Compliance Managers,"Provide employee training on compliance related topics, policies, or procedures.",Oral Comprehension,2,0
15644,Compliance Managers,"Provide employee training on compliance related topics, policies, or procedures.",Written Expression,1,0
15637,Compliance Managers,"Serve as a confidential point of contact for employees to communicate with management, seek clarification on issues or dilemmas, or report irregularities.",Oral Comprehension,3,0
15637,Compliance Managers,"Serve as a confidential point of contact for employees to communicate with management, seek clarification on issues or dilemmas, or report irregularities.",Oral Expression,3,0
15637,Compliance Managers,"Serve as a confidential point of contact for employees to communicate with management, seek clarification on issues or dilemmas, or report irregularities.",Problem Sensitivity,2,0
15637,Compliance Managers,"Serve as a confidential point of contact for employees to communicate with management, seek clarification on issues or dilemmas, or report irregularities.",Speech Recognition,2,0
15637,Compliance Managers,"Serve as a confidential point of contact for employees to communicate with management, seek clarification on issues or dilemmas, or report irregularities.",Speech Clarity,2,0
15637,Compliance Managers,"Serve as a confidential point of contact for employees to communicate with management, seek clarification on issues or dilemmas, or report irregularities.",Deductive Reasoning,2,0
15637,Compliance Managers,"Serve as a confidential point of contact for employees to communicate with management, seek clarification on issues or dilemmas, or report irregularities.",Written Comprehension,1,0
21089,Compliance Managers,"Verify that all regulatory policies and procedures have been documented, implemented, and communicated.",Deductive Reasoning,3,0
21089,Compliance Managers,"Verify that all regulatory policies and procedures have been documented, implemented, and communicated.",Written Comprehension,3,0
21089,Compliance Managers,"Verify that all regulatory policies and procedures have been documented, implemented, and communicated.",Selective Attention,2,0
21089,Compliance Managers,"Verify that all regulatory policies and procedures have been documented, implemented, and communicated.",Information Ordering,2,0
21089,Compliance Managers,"Verify that all regulatory policies and procedures have been documented, implemented, and communicated.",Problem Sensitivity,2,0
21089,Compliance Managers,"Verify that all regulatory policies and procedures have been documented, implemented, and communicated.",Near Vision,1,0
15652,Compliance Managers,Disseminate written policies and procedures related to compliance activities.,Written Expression,3,0
15652,Compliance Managers,Disseminate written policies and procedures related to compliance activities.,Written Comprehension,2,0
15652,Compliance Managers,Disseminate written policies and procedures related to compliance activities.,Information Ordering,2,0
15652,Compliance Managers,Disseminate written policies and procedures related to compliance activities.,Deductive Reasoning,2,0
15652,Compliance Managers,Disseminate written policies and procedures related to compliance activities.,Near Vision,1,0
15652,Compliance Managers,Disseminate written policies and procedures related to compliance activities.,Oral Expression,1,0
15647,Compliance Managers,Prepare management reports regarding compliance operations and progress.,Written Expression,3,0
15647,Compliance Managers,Prepare management reports regarding compliance operations and progress.,Deductive Reasoning,2,0
15647,Compliance Managers,Prepare management reports regarding compliance operations and progress.,Information Ordering,2,0
15647,Compliance Managers,Prepare management reports regarding compliance operations and progress.,Written Comprehension,2,0
15647,Compliance Managers,Prepare management reports regarding compliance operations and progress.,Mathematical Reasoning,2,0
15647,Compliance Managers,Prepare management reports regarding compliance operations and progress.,Number Facility,1,0
15655,Compliance Managers,Conduct periodic internal reviews or audits to ensure that compliance procedures are followed.,Deductive Reasoning,3,0
15655,Compliance Managers,Conduct periodic internal reviews or audits to ensure that compliance procedures are followed.,Problem Sensitivity,3,0
15655,Compliance Managers,Conduct periodic internal reviews or audits to ensure that compliance procedures are followed.,Written Comprehension,2,0
15655,Compliance Managers,Conduct periodic internal reviews or audits to ensure that compliance procedures are followed.,Selective Attention,2,0
15655,Compliance Managers,Conduct periodic internal reviews or audits to ensure that compliance procedures are followed.,Information Ordering,2,0
15655,Compliance Managers,Conduct periodic internal reviews or audits to ensure that compliance procedures are followed.,Near Vision,2,0
21090,Compliance Managers,"Keep informed regarding pending industry changes, trends, or best practices.",Written Comprehension,3,0
21090,Compliance Managers,"Keep informed regarding pending industry changes, trends, or best practices.",Inductive Reasoning,2,0
21090,Compliance Managers,"Keep informed regarding pending industry changes, trends, or best practices.",Memorization,2,0
21090,Compliance Managers,"Keep informed regarding pending industry changes, trends, or best practices.",Selective Attention,2,0
21090,Compliance Managers,"Keep informed regarding pending industry changes, trends, or best practices.",Problem Sensitivity,2,0
21090,Compliance Managers,"Keep informed regarding pending industry changes, trends, or best practices.",Oral Comprehension,1,0
15649,Compliance Managers,Monitor compliance systems to ensure their effectiveness.,Problem Sensitivity,3,0
15649,Compliance Managers,Monitor compliance systems to ensure their effectiveness.,Inductive Reasoning,2,0
15649,Compliance Managers,Monitor compliance systems to ensure their effectiveness.,Deductive Reasoning,2,0
15649,Compliance Managers,Monitor compliance systems to ensure their effectiveness.,Selective Attention,2,0
15649,Compliance Managers,Monitor compliance systems to ensure their effectiveness.,Written Comprehension,2,0
15649,Compliance Managers,Monitor compliance systems to ensure their effectiveness.,Information Ordering,1,0
21091,Compliance Managers,Direct the development or implementation of policies and procedures related to compliance throughout an organization.,Deductive Reasoning,3,0
21091,Compliance Managers,Direct the development or implementation of policies and procedures related to compliance throughout an organization.,Written Expression,3,0
21091,Compliance Managers,Direct the development or implementation of policies and procedures related to compliance throughout an organization.,Information Ordering,2,0
21091,Compliance Managers,Direct the development or implementation of policies and procedures related to compliance throughout an organization.,Problem Sensitivity,2,0
21091,Compliance Managers,Direct the development or implementation of policies and procedures related to compliance throughout an organization.,Oral Expression,2,0
21091,Compliance Managers,Direct the development or implementation of policies and procedures related to compliance throughout an organization.,Written Comprehension,2,0
15642,Compliance Managers,Advise internal management or business partners on the implementation or operation of compliance programs.,Oral Expression,3,0
15642,Compliance Managers,Advise internal management or business partners on the implementation or operation of compliance programs.,Oral Comprehension,2,0
15642,Compliance Managers,Advise internal management or business partners on the implementation or operation of compliance programs.,Deductive Reasoning,2,0
15642,Compliance Managers,Advise internal management or business partners on the implementation or operation of compliance programs.,Written Comprehension,2,0
15642,Compliance Managers,Advise internal management or business partners on the implementation or operation of compliance programs.,Problem Sensitivity,2,0
15642,Compliance Managers,Advise internal management or business partners on the implementation or operation of compliance programs.,Speech Clarity,1,0
15654,Compliance Managers,"Design or implement improvements in communication, monitoring, or enforcement of compliance standards.",Fluency of Ideas,3,0
15654,Compliance Managers,"Design or implement improvements in communication, monitoring, or enforcement of compliance standards.",Originality,2,0
15654,Compliance Managers,"Design or implement improvements in communication, monitoring, or enforcement of compliance standards.",Deductive Reasoning,2,0
15654,Compliance Managers,"Design or implement improvements in communication, monitoring, or enforcement of compliance standards.",Problem Sensitivity,3,0
15654,Compliance Managers,"Design or implement improvements in communication, monitoring, or enforcement of compliance standards.",Written Expression,2,0
15654,Compliance Managers,"Design or implement improvements in communication, monitoring, or enforcement of compliance standards.",Inductive Reasoning,2,0
15646,Compliance Managers,Provide assistance to internal or external auditors in compliance reviews.,Written Comprehension,3,0
15646,Compliance Managers,Provide assistance to internal or external auditors in compliance reviews.,Deductive Reasoning,2,0
15646,Compliance Managers,Provide assistance to internal or external auditors in compliance reviews.,Oral Expression,2,0
15646,Compliance Managers,Provide assistance to internal or external auditors in compliance reviews.,Information Ordering,2,0
15646,Compliance Managers,Provide assistance to internal or external auditors in compliance reviews.,Problem Sensitivity,2,0
15646,Compliance Managers,Provide assistance to internal or external auditors in compliance reviews.,Oral Comprehension,1,0
15641,Compliance Managers,Collaborate with human resources departments to ensure the implementation of consistent disciplinary action strategies in cases of compliance standard violations.,Oral Comprehension,3,0
15641,Compliance Managers,Collaborate with human resources departments to ensure the implementation of consistent disciplinary action strategies in cases of compliance standard violations.,Oral Expression,3,0
15641,Compliance Managers,Collaborate with human resources departments to ensure the implementation of consistent disciplinary action strategies in cases of compliance standard violations.,Deductive Reasoning,2,0
15641,Compliance Managers,Collaborate with human resources departments to ensure the implementation of consistent disciplinary action strategies in cases of compliance standard violations.,Problem Sensitivity,2,0
15641,Compliance Managers,Collaborate with human resources departments to ensure the implementation of consistent disciplinary action strategies in cases of compliance standard violations.,Written Comprehension,2,0
15641,Compliance Managers,Collaborate with human resources departments to ensure the implementation of consistent disciplinary action strategies in cases of compliance standard violations.,Information Ordering,1,0
21092,Compliance Managers,"Develop risk management strategies based on assessment of product, compliance, or operational risks.",Inductive Reasoning,3,0
21092,Compliance Managers,"Develop risk management strategies based on assessment of product, compliance, or operational risks.",Deductive Reasoning,3,0
21092,Compliance Managers,"Develop risk management strategies based on assessment of product, compliance, or operational risks.",Problem Sensitivity,3,0
21092,Compliance Managers,"Develop risk management strategies based on assessment of product, compliance, or operational risks.",Written Expression,2,0
21092,Compliance Managers,"Develop risk management strategies based on assessment of product, compliance, or operational risks.",Information Ordering,2,0
21092,Compliance Managers,"Develop risk management strategies based on assessment of product, compliance, or operational risks.",Mathematical Reasoning,1,0
19533,Compliance Managers,Advise technical professionals on the development or use of environmental compliance or reporting tools.,Oral Expression,3,0
19533,Compliance Managers,Advise technical professionals on the development or use of environmental compliance or reporting tools.,Deductive Reasoning,2,0
19533,Compliance Managers,Advise technical professionals on the development or use of environmental compliance or reporting tools.,Oral Comprehension,2,0
19533,Compliance Managers,Advise technical professionals on the development or use of environmental compliance or reporting tools.,Problem Sensitivity,2,0
19533,Compliance Managers,Advise technical professionals on the development or use of environmental compliance or reporting tools.,Written Comprehension,2,0
19533,Compliance Managers,Advise technical professionals on the development or use of environmental compliance or reporting tools.,Inductive Reasoning,1,0
19534,Compliance Managers,Conduct environmental audits to ensure adherence to environmental standards.,Deductive Reasoning,3,0
19534,Compliance Managers,Conduct environmental audits to ensure adherence to environmental standards.,Problem Sensitivity,3,0
19534,Compliance Managers,Conduct environmental audits to ensure adherence to environmental standards.,Written Comprehension,2,0
19534,Compliance Managers,Conduct environmental audits to ensure adherence to environmental standards.,Selective Attention,2,0
19534,Compliance Managers,Conduct environmental audits to ensure adherence to environmental standards.,Near Vision,2,0
19534,Compliance Managers,Conduct environmental audits to ensure adherence to environmental standards.,Information Ordering,2,0
19534,Compliance Managers,Conduct environmental audits to ensure adherence to environmental standards.,Far Vision,1,0
19537,Compliance Managers,Evaluate testing procedures to meet the specifications of environmental monitoring programs.,Deductive Reasoning,3,0
19537,Compliance Managers,Evaluate testing procedures to meet the specifications of environmental monitoring programs.,Inductive Reasoning,2,0
19537,Compliance Managers,Evaluate testing procedures to meet the specifications of environmental monitoring programs.,Problem Sensitivity,2,0
19537,Compliance Managers,Evaluate testing procedures to meet the specifications of environmental monitoring programs.,Written Comprehension,2,0
19537,Compliance Managers,Evaluate testing procedures to meet the specifications of environmental monitoring programs.,Information Ordering,2,0
19537,Compliance Managers,Evaluate testing procedures to meet the specifications of environmental monitoring programs.,Mathematical Reasoning,1,0
19538,Compliance Managers,Review or modify policies or operating guidelines to comply with changes to environmental standards or regulations.,Written Comprehension,3,0
19538,Compliance Managers,Review or modify policies or operating guidelines to comply with changes to environmental standards or regulations.,Deductive Reasoning,3,0
19538,Compliance Managers,Review or modify policies or operating guidelines to comply with changes to environmental standards or regulations.,Problem Sensitivity,2,0
19538,Compliance Managers,Review or modify policies or operating guidelines to comply with changes to environmental standards or regulations.,Written Expression,2,0
19538,Compliance Managers,Review or modify policies or operating guidelines to comply with changes to environmental standards or regulations.,Information Ordering,2,0
19538,Compliance Managers,Review or modify policies or operating guidelines to comply with changes to environmental standards or regulations.,Inductive Reasoning,1,0
15643,Compliance Managers,Review communications such as securities sales advertising to ensure there are no violations of standards or regulations.,Written Comprehension,3,0
15643,Compliance Managers,Review communications such as securities sales advertising to ensure there are no violations of standards or regulations.,Deductive Reasoning,3,0
15643,Compliance Managers,Review communications such as securities sales advertising to ensure there are no violations of standards or regulations.,Selective Attention,2,0
15643,Compliance Managers,Review communications such as securities sales advertising to ensure there are no violations of standards or regulations.,Near Vision,2,0
15643,Compliance Managers,Review communications such as securities sales advertising to ensure there are no violations of standards or regulations.,Problem Sensitivity,2,0
15643,Compliance Managers,Review communications such as securities sales advertising to ensure there are no violations of standards or regulations.,Information Ordering,1,0
21093,Compliance Managers,"Oversee internal reporting systems, such as corporate compliance hotlines.",Problem Sensitivity,3,0
21093,Compliance Managers,"Oversee internal reporting systems, such as corporate compliance hotlines.",Deductive Reasoning,2,0
21093,Compliance Managers,"Oversee internal reporting systems, such as corporate compliance hotlines.",Information Ordering,2,0
21093,Compliance Managers,"Oversee internal reporting systems, such as corporate compliance hotlines.",Written Comprehension,2,0
21093,Compliance Managers,"Oversee internal reporting systems, such as corporate compliance hotlines.",Selective Attention,2,0
21093,Compliance Managers,"Oversee internal reporting systems, such as corporate compliance hotlines.",Oral Comprehension,1,0
15636,Compliance Managers,Verify that software technology is in place to adequately provide oversight and monitoring in all required areas.,Deductive Reasoning,3,0
15636,Compliance Managers,Verify that software technology is in place to adequately provide oversight and monitoring in all required areas.,Problem Sensitivity,2,0
15636,Compliance Managers,Verify that software technology is in place to adequately provide oversight and monitoring in all required areas.,Written Comprehension,2,0
15636,Compliance Managers,Verify that software technology is in place to adequately provide oversight and monitoring in all required areas.,Selective Attention,2,0
15636,Compliance Managers,Verify that software technology is in place to adequately provide oversight and monitoring in all required areas.,Inductive Reasoning,2,0
15636,Compliance Managers,Verify that software technology is in place to adequately provide oversight and monitoring in all required areas.,Near Vision,1,0
19536,Compliance Managers,"Direct environmental programs, such as air or water compliance, aboveground or underground storage tanks, spill prevention or control, hazardous waste or materials management, solid waste recycling, medical waste management, indoor air quality, integrated pest management, employee training, or disaster preparedness.",Deductive Reasoning,3,0
19536,Compliance Managers,"Direct environmental programs, such as air or water compliance, aboveground or underground storage tanks, spill prevention or control, hazardous waste or materials management, solid waste recycling, medical waste management, indoor air quality, integrated pest management, employee training, or disaster preparedness.",Information Ordering,3,0
19536,Compliance Managers,"Direct environmental programs, such as air or water compliance, aboveground or underground storage tanks, spill prevention or control, hazardous waste or materials management, solid waste recycling, medical waste management, indoor air quality, integrated pest management, employee training, or disaster preparedness.",Problem Sensitivity,3,0
19536,Compliance Managers,"Direct environmental programs, such as air or water compliance, aboveground or underground storage tanks, spill prevention or control, hazardous waste or materials management, solid waste recycling, medical waste management, indoor air quality, integrated pest management, employee training, or disaster preparedness.",Written Comprehension,2,0
19536,Compliance Managers,"Direct environmental programs, such as air or water compliance, aboveground or underground storage tanks, spill prevention or control, hazardous waste or materials management, solid waste recycling, medical waste management, indoor air quality, integrated pest management, employee training, or disaster preparedness.",Time Sharing,2,0
19536,Compliance Managers,"Direct environmental programs, such as air or water compliance, aboveground or underground storage tanks, spill prevention or control, hazardous waste or materials management, solid waste recycling, medical waste management, indoor air quality, integrated pest management, employee training, or disaster preparedness.",Oral Expression,2,0
19536,Compliance Managers,"Direct environmental programs, such as air or water compliance, aboveground or underground storage tanks, spill prevention or control, hazardous waste or materials management, solid waste recycling, medical waste management, indoor air quality, integrated pest management, employee training, or disaster preparedness.",Written Expression,1,0
15800,Loss Prevention Managers,Coordinate or conduct internal investigations of problems such as employee theft and violations of corporate loss prevention policies.,Inductive Reasoning,3,0
15800,Loss Prevention Managers,Coordinate or conduct internal investigations of problems such as employee theft and violations of corporate loss prevention policies.,Problem Sensitivity,3,0
15800,Loss Prevention Managers,Coordinate or conduct internal investigations of problems such as employee theft and violations of corporate loss prevention policies.,Deductive Reasoning,2,0
15800,Loss Prevention Managers,Coordinate or conduct internal investigations of problems such as employee theft and violations of corporate loss prevention policies.,Oral Expression,2,0
15800,Loss Prevention Managers,Coordinate or conduct internal investigations of problems such as employee theft and violations of corporate loss prevention policies.,Written Expression,2,0
15800,Loss Prevention Managers,Coordinate or conduct internal investigations of problems such as employee theft and violations of corporate loss prevention policies.,Oral Comprehension,2,0
15800,Loss Prevention Managers,Coordinate or conduct internal investigations of problems such as employee theft and violations of corporate loss prevention policies.,Information Ordering,1,0
15807,Loss Prevention Managers,"Administer systems and programs to reduce loss, maintain inventory control, or increase safety.",Deductive Reasoning,3,0
15807,Loss Prevention Managers,"Administer systems and programs to reduce loss, maintain inventory control, or increase safety.",Information Ordering,2,0
15807,Loss Prevention Managers,"Administer systems and programs to reduce loss, maintain inventory control, or increase safety.",Problem Sensitivity,2,0
15807,Loss Prevention Managers,"Administer systems and programs to reduce loss, maintain inventory control, or increase safety.",Mathematical Reasoning,2,0
15807,Loss Prevention Managers,"Administer systems and programs to reduce loss, maintain inventory control, or increase safety.",Written Comprehension,2,0
15807,Loss Prevention Managers,"Administer systems and programs to reduce loss, maintain inventory control, or increase safety.",Selective Attention,1,0
15781,Loss Prevention Managers,Review loss prevention exception reports and cash discrepancies to ensure adherence to guidelines.,Written Comprehension,3,0
15781,Loss Prevention Managers,Review loss prevention exception reports and cash discrepancies to ensure adherence to guidelines.,Deductive Reasoning,3,0
15781,Loss Prevention Managers,Review loss prevention exception reports and cash discrepancies to ensure adherence to guidelines.,Mathematical Reasoning,2,0
15781,Loss Prevention Managers,Review loss prevention exception reports and cash discrepancies to ensure adherence to guidelines.,Number Facility,2,0
15781,Loss Prevention Managers,Review loss prevention exception reports and cash discrepancies to ensure adherence to guidelines.,Selective Attention,2,0
15781,Loss Prevention Managers,Review loss prevention exception reports and cash discrepancies to ensure adherence to guidelines.,Near Vision,2,0
15781,Loss Prevention Managers,Review loss prevention exception reports and cash discrepancies to ensure adherence to guidelines.,Problem Sensitivity,1,0
15791,Loss Prevention Managers,"Train loss prevention staff, retail managers, or store employees on loss control and prevention measures.",Oral Expression,3,0
15791,Loss Prevention Managers,"Train loss prevention staff, retail managers, or store employees on loss control and prevention measures.",Oral Comprehension,2,0
15791,Loss Prevention Managers,"Train loss prevention staff, retail managers, or store employees on loss control and prevention measures.",Speech Clarity,2,0
15791,Loss Prevention Managers,"Train loss prevention staff, retail managers, or store employees on loss control and prevention measures.",Information Ordering,2,0
15791,Loss Prevention Managers,"Train loss prevention staff, retail managers, or store employees on loss control and prevention measures.",Written Comprehension,2,0
15791,Loss Prevention Managers,"Train loss prevention staff, retail managers, or store employees on loss control and prevention measures.",Deductive Reasoning,1,0
15786,Loss Prevention Managers,Investigate or interview individuals suspected of shoplifting or internal theft.,Oral Comprehension,3,0
15786,Loss Prevention Managers,Investigate or interview individuals suspected of shoplifting or internal theft.,Oral Expression,3,0
15786,Loss Prevention Managers,Investigate or interview individuals suspected of shoplifting or internal theft.,Inductive Reasoning,3,0
15786,Loss Prevention Managers,Investigate or interview individuals suspected of shoplifting or internal theft.,Problem Sensitivity,2,0
15786,Loss Prevention Managers,Investigate or interview individuals suspected of shoplifting or internal theft.,Speech Recognition,2,0
15786,Loss Prevention Managers,Investigate or interview individuals suspected of shoplifting or internal theft.,Deductive Reasoning,2,0
15786,Loss Prevention Managers,Investigate or interview individuals suspected of shoplifting or internal theft.,Speech Clarity,1,0
15783,Loss Prevention Managers,"Provide recommendations and solutions in crisis situations such as workplace violence, protests, and demonstrations.",Problem Sensitivity,3,0
15783,Loss Prevention Managers,"Provide recommendations and solutions in crisis situations such as workplace violence, protests, and demonstrations.",Deductive Reasoning,3,0
15783,Loss Prevention Managers,"Provide recommendations and solutions in crisis situations such as workplace violence, protests, and demonstrations.",Oral Expression,3,0
15783,Loss Prevention Managers,"Provide recommendations and solutions in crisis situations such as workplace violence, protests, and demonstrations.",Reaction Time,2,0
15783,Loss Prevention Managers,"Provide recommendations and solutions in crisis situations such as workplace violence, protests, and demonstrations.",Inductive Reasoning,2,0
15783,Loss Prevention Managers,"Provide recommendations and solutions in crisis situations such as workplace violence, protests, and demonstrations.",Time Sharing,2,0
15783,Loss Prevention Managers,"Provide recommendations and solutions in crisis situations such as workplace violence, protests, and demonstrations.",Speech Clarity,1,0
15806,Loss Prevention Managers,Identify potential for loss and develop strategies to eliminate it.,Inductive Reasoning,3,0
15806,Loss Prevention Managers,Identify potential for loss and develop strategies to eliminate it.,Problem Sensitivity,3,0
15806,Loss Prevention Managers,Identify potential for loss and develop strategies to eliminate it.,Deductive Reasoning,2,0
15806,Loss Prevention Managers,Identify potential for loss and develop strategies to eliminate it.,Fluency of Ideas,2,0
15806,Loss Prevention Managers,Identify potential for loss and develop strategies to eliminate it.,Written Expression,2,0
15806,Loss Prevention Managers,Identify potential for loss and develop strategies to eliminate it.,Information Ordering,1,0
15795,Loss Prevention Managers,Hire or supervise loss prevention staff.,Oral Comprehension,3,0
15795,Loss Prevention Managers,Hire or supervise loss prevention staff.,Oral Expression,3,0
15795,Loss Prevention Managers,Hire or supervise loss prevention staff.,Problem Sensitivity,2,0
15795,Loss Prevention Managers,Hire or supervise loss prevention staff.,Inductive Reasoning,2,0
15795,Loss Prevention Managers,Hire or supervise loss prevention staff.,Deductive Reasoning,1,0
15795,Loss Prevention Managers,Hire or supervise loss prevention staff.,Speech Recognition,1,0
15804,Loss Prevention Managers,"Advise retail managers on compliance with applicable codes, laws, regulations, or standards.",Oral Expression,3,0
15804,Loss Prevention Managers,"Advise retail managers on compliance with applicable codes, laws, regulations, or standards.",Deductive Reasoning,3,0
15804,Loss Prevention Managers,"Advise retail managers on compliance with applicable codes, laws, regulations, or standards.",Oral Comprehension,2,0
15804,Loss Prevention Managers,"Advise retail managers on compliance with applicable codes, laws, regulations, or standards.",Written Comprehension,2,0
15804,Loss Prevention Managers,"Advise retail managers on compliance with applicable codes, laws, regulations, or standards.",Problem Sensitivity,2,0
15804,Loss Prevention Managers,"Advise retail managers on compliance with applicable codes, laws, regulations, or standards.",Speech Clarity,1,0
15799,Loss Prevention Managers,"Develop and maintain partnerships with federal, state, or local law enforcement agencies or members of the retail loss prevention community.",Oral Comprehension,3,0
15799,Loss Prevention Managers,"Develop and maintain partnerships with federal, state, or local law enforcement agencies or members of the retail loss prevention community.",Oral Expression,3,0
15799,Loss Prevention Managers,"Develop and maintain partnerships with federal, state, or local law enforcement agencies or members of the retail loss prevention community.",Problem Sensitivity,2,0
15799,Loss Prevention Managers,"Develop and maintain partnerships with federal, state, or local law enforcement agencies or members of the retail loss prevention community.",Speech Clarity,2,0
15799,Loss Prevention Managers,"Develop and maintain partnerships with federal, state, or local law enforcement agencies or members of the retail loss prevention community.",Speech Recognition,2,0
15799,Loss Prevention Managers,"Develop and maintain partnerships with federal, state, or local law enforcement agencies or members of the retail loss prevention community.",Inductive Reasoning,1,0
15794,Loss Prevention Managers,Perform or direct inventory investigations in response to shrink results outside of acceptable ranges.,Inductive Reasoning,3,0
15794,Loss Prevention Managers,Perform or direct inventory investigations in response to shrink results outside of acceptable ranges.,Problem Sensitivity,3,0
15794,Loss Prevention Managers,Perform or direct inventory investigations in response to shrink results outside of acceptable ranges.,Mathematical Reasoning,2,0
15794,Loss Prevention Managers,Perform or direct inventory investigations in response to shrink results outside of acceptable ranges.,Number Facility,2,0
15794,Loss Prevention Managers,Perform or direct inventory investigations in response to shrink results outside of acceptable ranges.,Deductive Reasoning,2,0
15794,Loss Prevention Managers,Perform or direct inventory investigations in response to shrink results outside of acceptable ranges.,Selective Attention,2,0
15796,Loss Prevention Managers,Maintain documentation of all loss prevention activity.,Written Expression,3,0
15796,Loss Prevention Managers,Maintain documentation of all loss prevention activity.,Information Ordering,3,0
15796,Loss Prevention Managers,Maintain documentation of all loss prevention activity.,Near Vision,2,0
15796,Loss Prevention Managers,Maintain documentation of all loss prevention activity.,Written Comprehension,2,0
15796,Loss Prevention Managers,Maintain documentation of all loss prevention activity.,Selective Attention,2,0
15796,Loss Prevention Managers,Maintain documentation of all loss prevention activity.,Finger Dexterity,1,0
15802,Loss Prevention Managers,"Assess security needs across locations to ensure proper deployment of loss prevention resources, such as staff and technology.",Inductive Reasoning,3,0
15802,Loss Prevention Managers,"Assess security needs across locations to ensure proper deployment of loss prevention resources, such as staff and technology.",Problem Sensitivity,3,0
15802,Loss Prevention Managers,"Assess security needs across locations to ensure proper deployment of loss prevention resources, such as staff and technology.",Deductive Reasoning,2,0
15802,Loss Prevention Managers,"Assess security needs across locations to ensure proper deployment of loss prevention resources, such as staff and technology.",Mathematical Reasoning,2,0
15802,Loss Prevention Managers,"Assess security needs across locations to ensure proper deployment of loss prevention resources, such as staff and technology.",Information Ordering,2,0
15802,Loss Prevention Managers,"Assess security needs across locations to ensure proper deployment of loss prevention resources, such as staff and technology.",Written Expression,1,0
15805,Loss Prevention Managers,"Monitor compliance to operational, safety, or inventory control procedures, including physical security standards.",Problem Sensitivity,3,0
15805,Loss Prevention Managers,"Monitor compliance to operational, safety, or inventory control procedures, including physical security standards.",Deductive Reasoning,2,0
15805,Loss Prevention Managers,"Monitor compliance to operational, safety, or inventory control procedures, including physical security standards.",Selective Attention,2,0
15805,Loss Prevention Managers,"Monitor compliance to operational, safety, or inventory control procedures, including physical security standards.",Near Vision,2,0
15805,Loss Prevention Managers,"Monitor compliance to operational, safety, or inventory control procedures, including physical security standards.",Written Comprehension,2,0
15805,Loss Prevention Managers,"Monitor compliance to operational, safety, or inventory control procedures, including physical security standards.",Information Ordering,1,0
15790,Loss Prevention Managers,"Verify correct use and maintenance of physical security systems, such as closed-circuit television, merchandise tags, and burglar alarms.",Problem Sensitivity,3,0
15790,Loss Prevention Managers,"Verify correct use and maintenance of physical security systems, such as closed-circuit television, merchandise tags, and burglar alarms.",Near Vision,2,0
15790,Loss Prevention Managers,"Verify correct use and maintenance of physical security systems, such as closed-circuit television, merchandise tags, and burglar alarms.",Selective Attention,2,0
15790,Loss Prevention Managers,"Verify correct use and maintenance of physical security systems, such as closed-circuit television, merchandise tags, and burglar alarms.",Deductive Reasoning,2,0
15790,Loss Prevention Managers,"Verify correct use and maintenance of physical security systems, such as closed-circuit television, merchandise tags, and burglar alarms.",Auditory Attention,2,0
15790,Loss Prevention Managers,"Verify correct use and maintenance of physical security systems, such as closed-circuit television, merchandise tags, and burglar alarms.",Hearing Sensitivity,1,0
15789,Loss Prevention Managers,Visit stores to ensure compliance with company policies and procedures.,Problem Sensitivity,3,0
15789,Loss Prevention Managers,Visit stores to ensure compliance with company policies and procedures.,Deductive Reasoning,2,0
15789,Loss Prevention Managers,Visit stores to ensure compliance with company policies and procedures.,Selective Attention,2,0
15789,Loss Prevention Managers,Visit stores to ensure compliance with company policies and procedures.,Near Vision,2,0
15789,Loss Prevention Managers,Visit stores to ensure compliance with company policies and procedures.,Written Comprehension,2,0
15789,Loss Prevention Managers,Visit stores to ensure compliance with company policies and procedures.,Far Vision,1,0
15803,Loss Prevention Managers,Analyze retail data to identify current or emerging trends in theft or fraud.,Inductive Reasoning,3,0
15803,Loss Prevention Managers,Analyze retail data to identify current or emerging trends in theft or fraud.,Mathematical Reasoning,3,0
15803,Loss Prevention Managers,Analyze retail data to identify current or emerging trends in theft or fraud.,Number Facility,2,0
15803,Loss Prevention Managers,Analyze retail data to identify current or emerging trends in theft or fraud.,Problem Sensitivity,3,0
15803,Loss Prevention Managers,Analyze retail data to identify current or emerging trends in theft or fraud.,Written Comprehension,2,0
15803,Loss Prevention Managers,Analyze retail data to identify current or emerging trends in theft or fraud.,Deductive Reasoning,2,0
15803,Loss Prevention Managers,Analyze retail data to identify current or emerging trends in theft or fraud.,Perceptual Speed,1,0
15798,Loss Prevention Managers,"Direct loss prevention audit programs including target store audits, maintenance audits, safety audits, or electronic article surveillance (EAS) audits.",Deductive Reasoning,3,0
15798,Loss Prevention Managers,"Direct loss prevention audit programs including target store audits, maintenance audits, safety audits, or electronic article surveillance (EAS) audits.",Information Ordering,3,0
15798,Loss Prevention Managers,"Direct loss prevention audit programs including target store audits, maintenance audits, safety audits, or electronic article surveillance (EAS) audits.",Problem Sensitivity,2,0
15798,Loss Prevention Managers,"Direct loss prevention audit programs including target store audits, maintenance audits, safety audits, or electronic article surveillance (EAS) audits.",Written Comprehension,2,0
15798,Loss Prevention Managers,"Direct loss prevention audit programs including target store audits, maintenance audits, safety audits, or electronic article surveillance (EAS) audits.",Selective Attention,2,0
15798,Loss Prevention Managers,"Direct loss prevention audit programs including target store audits, maintenance audits, safety audits, or electronic article surveillance (EAS) audits.",Time Sharing,1,0
15801,Loss Prevention Managers,Collaborate with law enforcement to investigate and solve external theft or fraud cases.,Inductive Reasoning,3,0
15801,Loss Prevention Managers,Collaborate with law enforcement to investigate and solve external theft or fraud cases.,Oral Expression,3,0
15801,Loss Prevention Managers,Collaborate with law enforcement to investigate and solve external theft or fraud cases.,Oral Comprehension,2,0
15801,Loss Prevention Managers,Collaborate with law enforcement to investigate and solve external theft or fraud cases.,Problem Sensitivity,2,0
15801,Loss Prevention Managers,Collaborate with law enforcement to investigate and solve external theft or fraud cases.,Deductive Reasoning,2,0
15801,Loss Prevention Managers,Collaborate with law enforcement to investigate and solve external theft or fraud cases.,Speech Clarity,1,0
15797,Loss Prevention Managers,Coordinate theft and fraud investigations involving career criminals or organized group activities.,Inductive Reasoning,3,0
15797,Loss Prevention Managers,Coordinate theft and fraud investigations involving career criminals or organized group activities.,Problem Sensitivity,3,0
15797,Loss Prevention Managers,Coordinate theft and fraud investigations involving career criminals or organized group activities.,Deductive Reasoning,2,0
15797,Loss Prevention Managers,Coordinate theft and fraud investigations involving career criminals or organized group activities.,Information Ordering,2,0
15797,Loss Prevention Managers,Coordinate theft and fraud investigations involving career criminals or organized group activities.,Oral Expression,2,0
15797,Loss Prevention Managers,Coordinate theft and fraud investigations involving career criminals or organized group activities.,Time Sharing,2,0
15792,Loss Prevention Managers,"Supervise surveillance, detection, or criminal processing related to theft and criminal cases.",Problem Sensitivity,3,0
15792,Loss Prevention Managers,"Supervise surveillance, detection, or criminal processing related to theft and criminal cases.",Selective Attention,3,0
15792,Loss Prevention Managers,"Supervise surveillance, detection, or criminal processing related to theft and criminal cases.",Near Vision,2,0
15792,Loss Prevention Managers,"Supervise surveillance, detection, or criminal processing related to theft and criminal cases.",Deductive Reasoning,2,0
15792,Loss Prevention Managers,"Supervise surveillance, detection, or criminal processing related to theft and criminal cases.",Inductive Reasoning,2,0
15792,Loss Prevention Managers,"Supervise surveillance, detection, or criminal processing related to theft and criminal cases.",Far Vision,2,0
15792,Loss Prevention Managers,"Supervise surveillance, detection, or criminal processing related to theft and criminal cases.",Peripheral Vision,1,0
15782,Loss Prevention Managers,Perform cash audits and deposit investigations to fully account for store cash.,Mathematical Reasoning,3,0
15782,Loss Prevention Managers,Perform cash audits and deposit investigations to fully account for store cash.,Number Facility,3,0
15782,Loss Prevention Managers,Perform cash audits and deposit investigations to fully account for store cash.,Deductive Reasoning,2,0
15782,Loss Prevention Managers,Perform cash audits and deposit investigations to fully account for store cash.,Problem Sensitivity,2,0
15782,Loss Prevention Managers,Perform cash audits and deposit investigations to fully account for store cash.,Selective Attention,2,0
15782,Loss Prevention Managers,Perform cash audits and deposit investigations to fully account for store cash.,Near Vision,2,0
15793,Loss Prevention Managers,"Recommend improvements in loss prevention programs, staffing, scheduling, or training.",Inductive Reasoning,3,0
15793,Loss Prevention Managers,"Recommend improvements in loss prevention programs, staffing, scheduling, or training.",Fluency of Ideas,2,0
15793,Loss Prevention Managers,"Recommend improvements in loss prevention programs, staffing, scheduling, or training.",Oral Expression,2,0
15793,Loss Prevention Managers,"Recommend improvements in loss prevention programs, staffing, scheduling, or training.",Written Expression,2,0
15793,Loss Prevention Managers,"Recommend improvements in loss prevention programs, staffing, scheduling, or training.",Problem Sensitivity,2,0
15793,Loss Prevention Managers,"Recommend improvements in loss prevention programs, staffing, scheduling, or training.",Deductive Reasoning,1,0
15787,Loss Prevention Managers,"Direct installation of covert surveillance equipment, such as security cameras.",Deductive Reasoning,2,0
15787,Loss Prevention Managers,"Direct installation of covert surveillance equipment, such as security cameras.",Spatial Orientation,3,0
15787,Loss Prevention Managers,"Direct installation of covert surveillance equipment, such as security cameras.",Visualization,2,0
15787,Loss Prevention Managers,"Direct installation of covert surveillance equipment, such as security cameras.",Near Vision,2,0
15787,Loss Prevention Managers,"Direct installation of covert surveillance equipment, such as security cameras.",Oral Expression,2,0
15787,Loss Prevention Managers,"Direct installation of covert surveillance equipment, such as security cameras.",Problem Sensitivity,2,0
15787,Loss Prevention Managers,"Direct installation of covert surveillance equipment, such as security cameras.",Far Vision,1,0
15784,Loss Prevention Managers,Monitor and review paperwork procedures and systems to prevent error-related shortages.,Written Comprehension,3,0
15784,Loss Prevention Managers,Monitor and review paperwork procedures and systems to prevent error-related shortages.,Selective Attention,3,0
15784,Loss Prevention Managers,Monitor and review paperwork procedures and systems to prevent error-related shortages.,Deductive Reasoning,2,0
15784,Loss Prevention Managers,Monitor and review paperwork procedures and systems to prevent error-related shortages.,Problem Sensitivity,2,0
15784,Loss Prevention Managers,Monitor and review paperwork procedures and systems to prevent error-related shortages.,Near Vision,2,0
15784,Loss Prevention Managers,Monitor and review paperwork procedures and systems to prevent error-related shortages.,Information Ordering,1,0
15788,Loss Prevention Managers,Advise retail establishments on development of loss-investigation procedures.,Oral Expression,3,0
15788,Loss Prevention Managers,Advise retail establishments on development of loss-investigation procedures.,Inductive Reasoning,2,0
15788,Loss Prevention Managers,Advise retail establishments on development of loss-investigation procedures.,Deductive Reasoning,2,0
15788,Loss Prevention Managers,Advise retail establishments on development of loss-investigation procedures.,Written Expression,2,0
15788,Loss Prevention Managers,Advise retail establishments on development of loss-investigation procedures.,Problem Sensitivity,2,0
15788,Loss Prevention Managers,Advise retail establishments on development of loss-investigation procedures.,Fluency of Ideas,1,0
15785,Loss Prevention Managers,"Maintain databases such as bad check logs, reports on multiple offenders, and alarm activation lists.",Information Ordering,3,0
15785,Loss Prevention Managers,"Maintain databases such as bad check logs, reports on multiple offenders, and alarm activation lists.",Near Vision,2,0
15785,Loss Prevention Managers,"Maintain databases such as bad check logs, reports on multiple offenders, and alarm activation lists.",Finger Dexterity,2,0
15785,Loss Prevention Managers,"Maintain databases such as bad check logs, reports on multiple offenders, and alarm activation lists.",Wrist-Finger Speed,2,0
15785,Loss Prevention Managers,"Maintain databases such as bad check logs, reports on multiple offenders, and alarm activation lists.",Selective Attention,2,0
15785,Loss Prevention Managers,"Maintain databases such as bad check logs, reports on multiple offenders, and alarm activation lists.",Written Comprehension,1,0
15822,Wind Energy Operations Managers,Supervise employees or subcontractors to ensure quality of work or adherence to safety regulations or policies.,Oral Expression,3,0
15822,Wind Energy Operations Managers,Supervise employees or subcontractors to ensure quality of work or adherence to safety regulations or policies.,Problem Sensitivity,3,0
15822,Wind Energy Operations Managers,Supervise employees or subcontractors to ensure quality of work or adherence to safety regulations or policies.,Deductive Reasoning,2,0
15822,Wind Energy Operations Managers,Supervise employees or subcontractors to ensure quality of work or adherence to safety regulations or policies.,Oral Comprehension,2,0
15822,Wind Energy Operations Managers,Supervise employees or subcontractors to ensure quality of work or adherence to safety regulations or policies.,Information Ordering,2,0
15822,Wind Energy Operations Managers,Supervise employees or subcontractors to ensure quality of work or adherence to safety regulations or policies.,Far Vision,1,0
15808,Wind Energy Operations Managers,"Train or coordinate the training of employees in operations, safety, environmental issues, or technical issues.",Oral Expression,3,0
15808,Wind Energy Operations Managers,"Train or coordinate the training of employees in operations, safety, environmental issues, or technical issues.",Information Ordering,2,0
15808,Wind Energy Operations Managers,"Train or coordinate the training of employees in operations, safety, environmental issues, or technical issues.",Written Comprehension,2,0
15808,Wind Energy Operations Managers,"Train or coordinate the training of employees in operations, safety, environmental issues, or technical issues.",Deductive Reasoning,2,0
15808,Wind Energy Operations Managers,"Train or coordinate the training of employees in operations, safety, environmental issues, or technical issues.",Speech Clarity,2,0
15808,Wind Energy Operations Managers,"Train or coordinate the training of employees in operations, safety, environmental issues, or technical issues.",Oral Comprehension,2,0
15809,Wind Energy Operations Managers,"Track and maintain records for wind operations, such as site performance, downtime events, parts usage, or substation events.",Information Ordering,3,0
15809,Wind Energy Operations Managers,"Track and maintain records for wind operations, such as site performance, downtime events, parts usage, or substation events.",Written Expression,2,0
15809,Wind Energy Operations Managers,"Track and maintain records for wind operations, such as site performance, downtime events, parts usage, or substation events.",Mathematical Reasoning,2,0
15809,Wind Energy Operations Managers,"Track and maintain records for wind operations, such as site performance, downtime events, parts usage, or substation events.",Selective Attention,2,0
15809,Wind Energy Operations Managers,"Track and maintain records for wind operations, such as site performance, downtime events, parts usage, or substation events.",Near Vision,2,0
15809,Wind Energy Operations Managers,"Track and maintain records for wind operations, such as site performance, downtime events, parts usage, or substation events.",Number Facility,1,0
15823,Wind Energy Operations Managers,"Oversee the maintenance of wind field equipment or structures, such as towers, transformers, electrical collector systems, roadways, or other site assets.",Problem Sensitivity,3,0
15823,Wind Energy Operations Managers,"Oversee the maintenance of wind field equipment or structures, such as towers, transformers, electrical collector systems, roadways, or other site assets.",Deductive Reasoning,2,0
15823,Wind Energy Operations Managers,"Oversee the maintenance of wind field equipment or structures, such as towers, transformers, electrical collector systems, roadways, or other site assets.",Information Ordering,2,0
15823,Wind Energy Operations Managers,"Oversee the maintenance of wind field equipment or structures, such as towers, transformers, electrical collector systems, roadways, or other site assets.",Near Vision,2,0
15823,Wind Energy Operations Managers,"Oversee the maintenance of wind field equipment or structures, such as towers, transformers, electrical collector systems, roadways, or other site assets.",Far Vision,2,0
15823,Wind Energy Operations Managers,"Oversee the maintenance of wind field equipment or structures, such as towers, transformers, electrical collector systems, roadways, or other site assets.",Oral Expression,2,0
15823,Wind Energy Operations Managers,"Oversee the maintenance of wind field equipment or structures, such as towers, transformers, electrical collector systems, roadways, or other site assets.",Inductive Reasoning,1,0
15821,Wind Energy Operations Managers,Prepare wind field operational budgets.,Mathematical Reasoning,3,0
15821,Wind Energy Operations Managers,Prepare wind field operational budgets.,Number Facility,3,0
15821,Wind Energy Operations Managers,Prepare wind field operational budgets.,Deductive Reasoning,2,0
15821,Wind Energy Operations Managers,Prepare wind field operational budgets.,Written Expression,2,0
15821,Wind Energy Operations Managers,Prepare wind field operational budgets.,Information Ordering,2,0
15821,Wind Energy Operations Managers,Prepare wind field operational budgets.,Near Vision,1,0
15819,Wind Energy Operations Managers,"Develop relationships and communicate with customers, site managers, developers, land owners, authorities, utility representatives, or residents.",Oral Expression,3,0
15819,Wind Energy Operations Managers,"Develop relationships and communicate with customers, site managers, developers, land owners, authorities, utility representatives, or residents.",Oral Comprehension,3,0
15819,Wind Energy Operations Managers,"Develop relationships and communicate with customers, site managers, developers, land owners, authorities, utility representatives, or residents.",Speech Clarity,2,0
15819,Wind Energy Operations Managers,"Develop relationships and communicate with customers, site managers, developers, land owners, authorities, utility representatives, or residents.",Speech Recognition,2,0
15819,Wind Energy Operations Managers,"Develop relationships and communicate with customers, site managers, developers, land owners, authorities, utility representatives, or residents.",Written Expression,2,0
15819,Wind Energy Operations Managers,"Develop relationships and communicate with customers, site managers, developers, land owners, authorities, utility representatives, or residents.",Written Comprehension,1,0
15813,Wind Energy Operations Managers,"Maintain operations records, such as work orders, site inspection forms, or other documentation.",Written Expression,3,0
15813,Wind Energy Operations Managers,"Maintain operations records, such as work orders, site inspection forms, or other documentation.",Information Ordering,3,0
15813,Wind Energy Operations Managers,"Maintain operations records, such as work orders, site inspection forms, or other documentation.",Near Vision,2,0
15813,Wind Energy Operations Managers,"Maintain operations records, such as work orders, site inspection forms, or other documentation.",Selective Attention,2,0
15813,Wind Energy Operations Managers,"Maintain operations records, such as work orders, site inspection forms, or other documentation.",Written Comprehension,2,0
15813,Wind Energy Operations Managers,"Maintain operations records, such as work orders, site inspection forms, or other documentation.",Finger Dexterity,1,0
15815,Wind Energy Operations Managers,"Recruit or select wind operations employees, contractors, or subcontractors.",Oral Comprehension,3,0
15815,Wind Energy Operations Managers,"Recruit or select wind operations employees, contractors, or subcontractors.",Oral Expression,3,0
15815,Wind Energy Operations Managers,"Recruit or select wind operations employees, contractors, or subcontractors.",Inductive Reasoning,2,0
15815,Wind Energy Operations Managers,"Recruit or select wind operations employees, contractors, or subcontractors.",Problem Sensitivity,2,0
15815,Wind Energy Operations Managers,"Recruit or select wind operations employees, contractors, or subcontractors.",Deductive Reasoning,2,0
15815,Wind Energy Operations Managers,"Recruit or select wind operations employees, contractors, or subcontractors.",Written Comprehension,1,0
15810,Wind Energy Operations Managers,"Provide technical support to wind field customers, employees, or subcontractors.",Oral Expression,3,0
15810,Wind Energy Operations Managers,"Provide technical support to wind field customers, employees, or subcontractors.",Oral Comprehension,2,0
15810,Wind Energy Operations Managers,"Provide technical support to wind field customers, employees, or subcontractors.",Deductive Reasoning,2,0
15810,Wind Energy Operations Managers,"Provide technical support to wind field customers, employees, or subcontractors.",Problem Sensitivity,2,0
15810,Wind Energy Operations Managers,"Provide technical support to wind field customers, employees, or subcontractors.",Written Comprehension,2,0
15810,Wind Energy Operations Managers,"Provide technical support to wind field customers, employees, or subcontractors.",Inductive Reasoning,2,0
15810,Wind Energy Operations Managers,"Provide technical support to wind field customers, employees, or subcontractors.",Speech Clarity,1,0
15817,Wind Energy Operations Managers,"Estimate costs associated with operations, including repairs or preventive maintenance.",Mathematical Reasoning,3,0
15817,Wind Energy Operations Managers,"Estimate costs associated with operations, including repairs or preventive maintenance.",Number Facility,3,0
15817,Wind Energy Operations Managers,"Estimate costs associated with operations, including repairs or preventive maintenance.",Deductive Reasoning,2,0
15817,Wind Energy Operations Managers,"Estimate costs associated with operations, including repairs or preventive maintenance.",Inductive Reasoning,2,0
15817,Wind Energy Operations Managers,"Estimate costs associated with operations, including repairs or preventive maintenance.",Written Expression,2,0
15817,Wind Energy Operations Managers,"Estimate costs associated with operations, including repairs or preventive maintenance.",Problem Sensitivity,2,0
