task_id,occupation,task_text,ability_name,weight,uncertain
15198,Computer and Information Systems Managers,Provide users with technical support for computer problems.,Oral Comprehension,3,0
15198,Computer and Information Systems Managers,Provide users with technical support for computer problems.,Oral Expression,3,0
15198,Computer and Information Systems Managers,Provide users with technical support for computer problems.,Problem Sensitivity,3,0
15198,Computer and Information Systems Managers,Provide users with technical support for computer problems.,Deductive Reasoning,3,0
15198,Computer and Information Systems Managers,Provide users with technical support for computer problems.,Written Comprehension,2,0
15198,Computer and Information Systems Managers,Provide users with technical support for computer problems.,Speech Recognition,2,0
15198,Computer and Information Systems Managers,Provide users with technical support for computer problems.,Speech Clarity,2,0
971,Computer and Information Systems Managers,"Develop computer information resources, providing for data security and control, strategic computing, and disaster recovery.",Deductive Reasoning,3,0
971,Computer and Information Systems Managers,"Develop computer information resources, providing for data security and control, strategic computing, and disaster recovery.",Inductive Reasoning,3,0
971,Computer and Information Systems Managers,"Develop computer information resources, providing for data security and control, strategic computing, and disaster recovery.",Problem Sensitivity,3,0
971,Computer and Information Systems Managers,"Develop computer information resources, providing for data security and control, strategic computing, and disaster recovery.",Information Ordering,3,0
971,Computer and Information Systems Managers,"Develop computer information resources, providing for data security and control, strategic computing, and disaster recovery.",Written Expression,2,0
971,Computer and Information Systems Managers,"Develop computer information resources, providing for data security and control, strategic computing, and disaster recovery.",Visualization,2,0
971,Computer and Information Systems Managers,"Develop computer information resources, providing for data security and control, strategic computing, and disaster recovery.",Fluency of Ideas,2,0
971,Computer and Information Systems Managers,"Develop computer information resources, providing for data security and control, strategic computing, and disaster recovery.",Originality,2,0
977,Computer and Information Systems Managers,"Recruit, hire, train and supervise staff, or participate in staffing decisions.",Oral Comprehension,3,0
977,Computer and Information Systems Managers,"Recruit, hire, train and supervise staff, or participate in staffing decisions.",Oral Expression,3,0
977,Computer and Information Systems Managers,"Recruit, hire, train and supervise staff, or participate in staffing decisions.",Deductive Reasoning,2,0
977,Computer and Information Systems Managers,"Recruit, hire, train and supervise staff, or participate in staffing decisions.",Written Comprehension,2,0
977,Computer and Information Systems Managers,"Recruit, hire, train and supervise staff, or participate in staffing decisions.",Speech Recognition,2,0
977,Computer and Information Systems Managers,"Recruit, hire, train and supervise staff, or participate in staffing decisions.",Speech Clarity,2,0
970,Computer and Information Systems Managers,Stay abreast of advances in technology.,Written Comprehension,3,0
970,Computer and Information Systems Managers,Stay abreast of advances in technology.,Inductive Reasoning,2,0
970,Computer and Information Systems Managers,Stay abreast of advances in technology.,Oral Comprehension,2,0
970,Computer and Information Systems Managers,Stay abreast of advances in technology.,Memorization,2,0
970,Computer and Information Systems Managers,Stay abreast of advances in technology.,Category Flexibility,2,0
967,Computer and Information Systems Managers,"Consult with users, management, vendors, and technicians to assess computing needs and system requirements.",Oral Comprehension,3,0
967,Computer and Information Systems Managers,"Consult with users, management, vendors, and technicians to assess computing needs and system requirements.",Oral Expression,3,0
967,Computer and Information Systems Managers,"Consult with users, management, vendors, and technicians to assess computing needs and system requirements.",Problem Sensitivity,3,0
967,Computer and Information Systems Managers,"Consult with users, management, vendors, and technicians to assess computing needs and system requirements.",Deductive Reasoning,2,0
967,Computer and Information Systems Managers,"Consult with users, management, vendors, and technicians to assess computing needs and system requirements.",Inductive Reasoning,2,0
967,Computer and Information Systems Managers,"Consult with users, management, vendors, and technicians to assess computing needs and system requirements.",Speech Recognition,2,0
967,Computer and Information Systems Managers,"Consult with users, management, vendors, and technicians to assess computing needs and system requirements.",Speech Clarity,2,0
967,Computer and Information Systems Managers,"Consult with users, management, vendors, and technicians to assess computing needs and system requirements.",Written Comprehension,2,0
976,Computer and Information Systems Managers,"Develop and interpret organizational goals, policies, and procedures.",Deductive Reasoning,3,0
976,Computer and Information Systems Managers,"Develop and interpret organizational goals, policies, and procedures.",Written Comprehension,3,0
976,Computer and Information Systems Managers,"Develop and interpret organizational goals, policies, and procedures.",Written Expression,3,0
976,Computer and Information Systems Managers,"Develop and interpret organizational goals, policies, and procedures.",Information Ordering,2,0
976,Computer and Information Systems Managers,"Develop and interpret organizational goals, policies, and procedures.",Inductive Reasoning,2,0
976,Computer and Information Systems Managers,"Develop and interpret organizational goals, policies, and procedures.",Fluency of Ideas,2,0
973,Computer and Information Systems Managers,"Evaluate the organization's technology use and needs and recommend improvements, such as hardware and software upgrades.",Inductive Reasoning,3,0
973,Computer and Information Systems Managers,"Evaluate the organization's technology use and needs and recommend improvements, such as hardware and software upgrades.",Deductive Reasoning,3,0
973,Computer and Information Systems Managers,"Evaluate the organization's technology use and needs and recommend improvements, such as hardware and software upgrades.",Problem Sensitivity,3,0
973,Computer and Information Systems Managers,"Evaluate the organization's technology use and needs and recommend improvements, such as hardware and software upgrades.",Written Expression,2,0
973,Computer and Information Systems Managers,"Evaluate the organization's technology use and needs and recommend improvements, such as hardware and software upgrades.",Mathematical Reasoning,2,0
973,Computer and Information Systems Managers,"Evaluate the organization's technology use and needs and recommend improvements, such as hardware and software upgrades.",Category Flexibility,2,0
973,Computer and Information Systems Managers,"Evaluate the organization's technology use and needs and recommend improvements, such as hardware and software upgrades.",Fluency of Ideas,2,0
972,Computer and Information Systems Managers,Review and approve all systems charts and programs prior to their implementation.,Written Comprehension,3,0
972,Computer and Information Systems Managers,Review and approve all systems charts and programs prior to their implementation.,Deductive Reasoning,3,0
972,Computer and Information Systems Managers,Review and approve all systems charts and programs prior to their implementation.,Problem Sensitivity,3,0
972,Computer and Information Systems Managers,Review and approve all systems charts and programs prior to their implementation.,Inductive Reasoning,2,0
972,Computer and Information Systems Managers,Review and approve all systems charts and programs prior to their implementation.,Near Vision,2,0
972,Computer and Information Systems Managers,Review and approve all systems charts and programs prior to their implementation.,Perceptual Speed,2,0
972,Computer and Information Systems Managers,Review and approve all systems charts and programs prior to their implementation.,Selective Attention,2,0
980,Computer and Information Systems Managers,Prepare and review operational reports or project progress reports.,Written Comprehension,3,0
980,Computer and Information Systems Managers,Prepare and review operational reports or project progress reports.,Written Expression,3,0
980,Computer and Information Systems Managers,Prepare and review operational reports or project progress reports.,Information Ordering,2,0
980,Computer and Information Systems Managers,Prepare and review operational reports or project progress reports.,Number Facility,2,0
980,Computer and Information Systems Managers,Prepare and review operational reports or project progress reports.,Near Vision,2,0
980,Computer and Information Systems Managers,Prepare and review operational reports or project progress reports.,Selective Attention,2,0
979,Computer and Information Systems Managers,Evaluate data processing proposals to assess project feasibility and requirements.,Deductive Reasoning,3,0
979,Computer and Information Systems Managers,Evaluate data processing proposals to assess project feasibility and requirements.,Inductive Reasoning,3,0
979,Computer and Information Systems Managers,Evaluate data processing proposals to assess project feasibility and requirements.,Problem Sensitivity,3,0
979,Computer and Information Systems Managers,Evaluate data processing proposals to assess project feasibility and requirements.,Written Comprehension,3,0
979,Computer and Information Systems Managers,Evaluate data processing proposals to assess project feasibility and requirements.,Mathematical Reasoning,2,0
979,Computer and Information Systems Managers,Evaluate data processing proposals to assess project feasibility and requirements.,Number Facility,2,0
979,Computer and Information Systems Managers,Evaluate data processing proposals to assess project feasibility and requirements.,Visualization,2,0
974,Computer and Information Systems Managers,Control operational budget and expenditures.,Mathematical Reasoning,3,0
974,Computer and Information Systems Managers,Control operational budget and expenditures.,Number Facility,3,0
974,Computer and Information Systems Managers,Control operational budget and expenditures.,Deductive Reasoning,2,0
974,Computer and Information Systems Managers,Control operational budget and expenditures.,Written Comprehension,2,0
974,Computer and Information Systems Managers,Control operational budget and expenditures.,Selective Attention,2,0
974,Computer and Information Systems Managers,Control operational budget and expenditures.,Information Ordering,2,0
981,Computer and Information Systems Managers,Purchase necessary equipment.,Deductive Reasoning,2,0
981,Computer and Information Systems Managers,Purchase necessary equipment.,Mathematical Reasoning,2,0
981,Computer and Information Systems Managers,Purchase necessary equipment.,Oral Comprehension,2,0
981,Computer and Information Systems Managers,Purchase necessary equipment.,Oral Expression,2,0
981,Computer and Information Systems Managers,Purchase necessary equipment.,Written Comprehension,2,0
981,Computer and Information Systems Managers,Purchase necessary equipment.,Number Facility,2,0
966,Computer and Information Systems Managers,"Manage backup, security and user help systems.",Deductive Reasoning,3,0
966,Computer and Information Systems Managers,"Manage backup, security and user help systems.",Problem Sensitivity,3,0
966,Computer and Information Systems Managers,"Manage backup, security and user help systems.",Information Ordering,2,0
966,Computer and Information Systems Managers,"Manage backup, security and user help systems.",Written Comprehension,2,0
966,Computer and Information Systems Managers,"Manage backup, security and user help systems.",Inductive Reasoning,2,0
966,Computer and Information Systems Managers,"Manage backup, security and user help systems.",Selective Attention,2,0
21311,Financial Managers,Establish and maintain relationships with individual or business customers or provide assistance with problems these customers may encounter.,Oral Comprehension,3,0
21311,Financial Managers,Establish and maintain relationships with individual or business customers or provide assistance with problems these customers may encounter.,Oral Expression,3,0
21311,Financial Managers,Establish and maintain relationships with individual or business customers or provide assistance with problems these customers may encounter.,Problem Sensitivity,3,0
21311,Financial Managers,Establish and maintain relationships with individual or business customers or provide assistance with problems these customers may encounter.,Deductive Reasoning,2,0
21311,Financial Managers,Establish and maintain relationships with individual or business customers or provide assistance with problems these customers may encounter.,Speech Recognition,2,0
21311,Financial Managers,Establish and maintain relationships with individual or business customers or provide assistance with problems these customers may encounter.,Speech Clarity,2,0
21311,Financial Managers,Establish and maintain relationships with individual or business customers or provide assistance with problems these customers may encounter.,Written Comprehension,2,0
21319,Financial Managers,Oversee the flow of cash or financial instruments.,Mathematical Reasoning,3,0
21319,Financial Managers,Oversee the flow of cash or financial instruments.,Number Facility,3,0
21319,Financial Managers,Oversee the flow of cash or financial instruments.,Deductive Reasoning,2,0
21319,Financial Managers,Oversee the flow of cash or financial instruments.,Selective Attention,2,0
21319,Financial Managers,Oversee the flow of cash or financial instruments.,Information Ordering,2,0
21319,Financial Managers,Oversee the flow of cash or financial instruments.,Written Comprehension,2,0
21312,Financial Managers,"Plan, direct, or coordinate the activities of workers in branches, offices, or departments of establishments, such as branch banks, brokerage firms, risk and insurance departments, or credit departments.",Oral Comprehension,3,0
21312,Financial Managers,"Plan, direct, or coordinate the activities of workers in branches, offices, or departments of establishments, such as branch banks, brokerage firms, risk and insurance departments, or credit departments.",Oral Expression,3,0
21312,Financial Managers,"Plan, direct, or coordinate the activities of workers in branches, offices, or departments of establishments, such as branch banks, brokerage firms, risk and insurance departments, or credit departments.",Information Ordering,3,0
21312,Financial Managers,"Plan, direct, or coordinate the activities of workers in branches, offices, or departments of establishments, such as branch banks, brokerage firms, risk and insurance departments, or credit departments.",Deductive Reasoning,2,0
21312,Financial Managers,"Plan, direct, or coordinate the activities of workers in branches, offices, or departments of establishments, such as branch banks, brokerage firms, risk and insurance departments, or credit departments.",Inductive Reasoning,2,0
21312,Financial Managers,"Plan, direct, or coordinate the activities of workers in branches, offices, or departments of establishments, such as branch banks, brokerage firms, risk and insurance departments, or credit departments.",Time Sharing,2,0
21312,Financial Managers,"Plan, direct, or coordinate the activities of workers in branches, offices, or departments of establishments, such as branch banks, brokerage firms, risk and insurance departments, or credit departments.",Written Comprehension,2,0
21313,Financial Managers,Recruit staff members.,Oral Comprehension,3,0
21313,Financial Managers,Recruit staff members.,Oral Expression,3,0
21313,Financial Managers,Recruit staff members.,Deductive Reasoning,2,0
21313,Financial Managers,Recruit staff members.,Written Comprehension,2,0
21313,Financial Managers,Recruit staff members.,Speech Recognition,2,0
21313,Financial Managers,Recruit staff members.,Speech Clarity,2,0
21315,Financial Managers,Evaluate data pertaining to costs to plan budgets.,Mathematical Reasoning,3,0
21315,Financial Managers,Evaluate data pertaining to costs to plan budgets.,Number Facility,3,0
21315,Financial Managers,Evaluate data pertaining to costs to plan budgets.,Deductive Reasoning,3,0
21315,Financial Managers,Evaluate data pertaining to costs to plan budgets.,Inductive Reasoning,2,0
21315,Financial Managers,Evaluate data pertaining to costs to plan budgets.,Written Comprehension,2,0
21315,Financial Managers,Evaluate data pertaining to costs to plan budgets.,Selective Attention,2,0
21316,Financial Managers,Oversee training programs.,Oral Comprehension,2,0
21316,Financial Managers,Oversee training programs.,Oral Expression,2,0
21316,Financial Managers,Oversee training programs.,Information Ordering,2,0
21316,Financial Managers,Oversee training programs.,Deductive Reasoning,2,0
21316,Financial Managers,Oversee training programs.,Written Comprehension,2,0
21327,Financial Managers,"Establish procedures for custody or control of assets, records, loan collateral, or securities to ensure safekeeping.",Deductive Reasoning,3,0
21327,Financial Managers,"Establish procedures for custody or control of assets, records, loan collateral, or securities to ensure safekeeping.",Information Ordering,3,0
21327,Financial Managers,"Establish procedures for custody or control of assets, records, loan collateral, or securities to ensure safekeeping.",Written Expression,3,0
21327,Financial Managers,"Establish procedures for custody or control of assets, records, loan collateral, or securities to ensure safekeeping.",Written Comprehension,2,0
21327,Financial Managers,"Establish procedures for custody or control of assets, records, loan collateral, or securities to ensure safekeeping.",Problem Sensitivity,2,0
21327,Financial Managers,"Establish procedures for custody or control of assets, records, loan collateral, or securities to ensure safekeeping.",Mathematical Reasoning,2,0
21322,Financial Managers,Communicate with stockholders or other investors to provide information or to raise capital.,Oral Comprehension,3,0
21322,Financial Managers,Communicate with stockholders or other investors to provide information or to raise capital.,Oral Expression,3,0
21322,Financial Managers,Communicate with stockholders or other investors to provide information or to raise capital.,Written Expression,3,0
21322,Financial Managers,Communicate with stockholders or other investors to provide information or to raise capital.,Written Comprehension,2,0
21322,Financial Managers,Communicate with stockholders or other investors to provide information or to raise capital.,Speech Clarity,2,0
21322,Financial Managers,Communicate with stockholders or other investors to provide information or to raise capital.,Speech Recognition,2,0
21322,Financial Managers,Communicate with stockholders or other investors to provide information or to raise capital.,Deductive Reasoning,2,0
21321,Financial Managers,Develop or analyze information to assess the current or future financial status of firms.,Inductive Reasoning,3,0
21321,Financial Managers,Develop or analyze information to assess the current or future financial status of firms.,Deductive Reasoning,3,0
21321,Financial Managers,Develop or analyze information to assess the current or future financial status of firms.,Mathematical Reasoning,3,0
21321,Financial Managers,Develop or analyze information to assess the current or future financial status of firms.,Number Facility,3,0
21321,Financial Managers,Develop or analyze information to assess the current or future financial status of firms.,Written Comprehension,2,0
21321,Financial Managers,Develop or analyze information to assess the current or future financial status of firms.,Problem Sensitivity,2,0
21321,Financial Managers,Develop or analyze information to assess the current or future financial status of firms.,Information Ordering,2,0
21318,Financial Managers,"Approve, reject, or coordinate the approval or rejection of lines of credit or commercial, real estate, or personal loans.",Deductive Reasoning,3,0
21318,Financial Managers,"Approve, reject, or coordinate the approval or rejection of lines of credit or commercial, real estate, or personal loans.",Written Comprehension,3,0
21318,Financial Managers,"Approve, reject, or coordinate the approval or rejection of lines of credit or commercial, real estate, or personal loans.",Problem Sensitivity,3,0
21318,Financial Managers,"Approve, reject, or coordinate the approval or rejection of lines of credit or commercial, real estate, or personal loans.",Mathematical Reasoning,2,0
21318,Financial Managers,"Approve, reject, or coordinate the approval or rejection of lines of credit or commercial, real estate, or personal loans.",Inductive Reasoning,2,0
21318,Financial Managers,"Approve, reject, or coordinate the approval or rejection of lines of credit or commercial, real estate, or personal loans.",Information Ordering,2,0
21320,Financial Managers,"Prepare financial or regulatory reports required by laws, regulations, or boards of directors.",Written Expression,3,0
21320,Financial Managers,"Prepare financial or regulatory reports required by laws, regulations, or boards of directors.",Written Comprehension,3,0
21320,Financial Managers,"Prepare financial or regulatory reports required by laws, regulations, or boards of directors.",Mathematical Reasoning,3,0
21320,Financial Managers,"Prepare financial or regulatory reports required by laws, regulations, or boards of directors.",Number Facility,3,0
21320,Financial Managers,"Prepare financial or regulatory reports required by laws, regulations, or boards of directors.",Deductive Reasoning,2,0
21320,Financial Managers,"Prepare financial or regulatory reports required by laws, regulations, or boards of directors.",Information Ordering,2,0
21320,Financial Managers,"Prepare financial or regulatory reports required by laws, regulations, or boards of directors.",Selective Attention,2,0
21317,Financial Managers,"Examine, evaluate, or process loan applications.",Written Comprehension,3,0
21317,Financial Managers,"Examine, evaluate, or process loan applications.",Deductive Reasoning,3,0
21317,Financial Managers,"Examine, evaluate, or process loan applications.",Mathematical Reasoning,2,0
21317,Financial Managers,"Examine, evaluate, or process loan applications.",Number Facility,2,0
21317,Financial Managers,"Examine, evaluate, or process loan applications.",Problem Sensitivity,2,0
21317,Financial Managers,"Examine, evaluate, or process loan applications.",Near Vision,2,0
21317,Financial Managers,"Examine, evaluate, or process loan applications.",Perceptual Speed,2,0
21323,Financial Managers,"Evaluate financial reporting systems, accounting or collection procedures, or investment activities and make recommendations for changes to procedures, operating systems, budgets, or other financial control functions.",Deductive Reasoning,3,0
21323,Financial Managers,"Evaluate financial reporting systems, accounting or collection procedures, or investment activities and make recommendations for changes to procedures, operating systems, budgets, or other financial control functions.",Inductive Reasoning,3,0
21323,Financial Managers,"Evaluate financial reporting systems, accounting or collection procedures, or investment activities and make recommendations for changes to procedures, operating systems, budgets, or other financial control functions.",Mathematical Reasoning,3,0
21323,Financial Managers,"Evaluate financial reporting systems, accounting or collection procedures, or investment activities and make recommendations for changes to procedures, operating systems, budgets, or other financial control functions.",Problem Sensitivity,3,0
21323,Financial Managers,"Evaluate financial reporting systems, accounting or collection procedures, or investment activities and make recommendations for changes to procedures, operating systems, budgets, or other financial control functions.",Written Comprehension,2,0
21323,Financial Managers,"Evaluate financial reporting systems, accounting or collection procedures, or investment activities and make recommendations for changes to procedures, operating systems, budgets, or other financial control functions.",Number Facility,2,0
21323,Financial Managers,"Evaluate financial reporting systems, accounting or collection procedures, or investment activities and make recommendations for changes to procedures, operating systems, budgets, or other financial control functions.",Information Ordering,2,0
21323,Financial Managers,"Evaluate financial reporting systems, accounting or collection procedures, or investment activities and make recommendations for changes to procedures, operating systems, budgets, or other financial control functions.",Written Expression,2,0
21325,Financial Managers,Network within communities to find and attract new business.,Oral Comprehension,3,0
21325,Financial Managers,Network within communities to find and attract new business.,Oral Expression,3,0
21325,Financial Managers,Network within communities to find and attract new business.,Speech Clarity,2,0
21325,Financial Managers,Network within communities to find and attract new business.,Speech Recognition,2,0
21325,Financial Managers,Network within communities to find and attract new business.,Fluency of Ideas,2,0
21325,Financial Managers,Network within communities to find and attract new business.,Memorization,2,0
21314,Financial Managers,Prepare operational or risk reports for management analysis.,Written Expression,3,0
21314,Financial Managers,Prepare operational or risk reports for management analysis.,Mathematical Reasoning,3,0
21314,Financial Managers,Prepare operational or risk reports for management analysis.,Number Facility,2,0
21314,Financial Managers,Prepare operational or risk reports for management analysis.,Information Ordering,2,0
21314,Financial Managers,Prepare operational or risk reports for management analysis.,Written Comprehension,2,0
21314,Financial Managers,Prepare operational or risk reports for management analysis.,Deductive Reasoning,2,0
21314,Financial Managers,Prepare operational or risk reports for management analysis.,Inductive Reasoning,2,0
21326,Financial Managers,Review collection reports to determine the status of collections and the amounts of outstanding balances.,Written Comprehension,3,0
21326,Financial Managers,Review collection reports to determine the status of collections and the amounts of outstanding balances.,Mathematical Reasoning,3,0
21326,Financial Managers,Review collection reports to determine the status of collections and the amounts of outstanding balances.,Number Facility,3,0
21326,Financial Managers,Review collection reports to determine the status of collections and the amounts of outstanding balances.,Deductive Reasoning,2,0
21326,Financial Managers,Review collection reports to determine the status of collections and the amounts of outstanding balances.,Selective Attention,2,0
21326,Financial Managers,Review collection reports to determine the status of collections and the amounts of outstanding balances.,Near Vision,2,0
21326,Financial Managers,Review collection reports to determine the status of collections and the amounts of outstanding balances.,Perceptual Speed,2,0
21329,Financial Managers,Review reports of securities transactions or price lists to analyze market conditions.,Written Comprehension,3,0
21329,Financial Managers,Review reports of securities transactions or price lists to analyze market conditions.,Inductive Reasoning,3,0
21329,Financial Managers,Review reports of securities transactions or price lists to analyze market conditions.,Mathematical Reasoning,3,0
21329,Financial Managers,Review reports of securities transactions or price lists to analyze market conditions.,Number Facility,2,0
21329,Financial Managers,Review reports of securities transactions or price lists to analyze market conditions.,Deductive Reasoning,2,0
21329,Financial Managers,Review reports of securities transactions or price lists to analyze market conditions.,Near Vision,2,0
21329,Financial Managers,Review reports of securities transactions or price lists to analyze market conditions.,Perceptual Speed,2,0
8870,Treasurers and Controllers,Evaluate needs for procurement of funds and investment of surpluses and make appropriate recommendations.,Deductive Reasoning,3,0
8870,Treasurers and Controllers,Evaluate needs for procurement of funds and investment of surpluses and make appropriate recommendations.,Inductive Reasoning,3,0
8870,Treasurers and Controllers,Evaluate needs for procurement of funds and investment of surpluses and make appropriate recommendations.,Mathematical Reasoning,3,0
8870,Treasurers and Controllers,Evaluate needs for procurement of funds and investment of surpluses and make appropriate recommendations.,Number Facility,3,0
8870,Treasurers and Controllers,Evaluate needs for procurement of funds and investment of surpluses and make appropriate recommendations.,Problem Sensitivity,2,0
8870,Treasurers and Controllers,Evaluate needs for procurement of funds and investment of surpluses and make appropriate recommendations.,Written Comprehension,2,0
8870,Treasurers and Controllers,Evaluate needs for procurement of funds and investment of surpluses and make appropriate recommendations.,Oral Expression,2,0
8858,Treasurers and Controllers,"Delegate authority for the receipt, disbursement, banking, protection, and custody of funds, securities, and financial instruments.",Oral Expression,3,0
8858,Treasurers and Controllers,"Delegate authority for the receipt, disbursement, banking, protection, and custody of funds, securities, and financial instruments.",Information Ordering,3,0
8858,Treasurers and Controllers,"Delegate authority for the receipt, disbursement, banking, protection, and custody of funds, securities, and financial instruments.",Deductive Reasoning,2,0
8858,Treasurers and Controllers,"Delegate authority for the receipt, disbursement, banking, protection, and custody of funds, securities, and financial instruments.",Oral Comprehension,2,0
8858,Treasurers and Controllers,"Delegate authority for the receipt, disbursement, banking, protection, and custody of funds, securities, and financial instruments.",Written Comprehension,2,0
8858,Treasurers and Controllers,"Delegate authority for the receipt, disbursement, banking, protection, and custody of funds, securities, and financial instruments.",Written Expression,2,0
8864,Treasurers and Controllers,"Develop and maintain relationships with banking, insurance, and external accounting personnel to facilitate financial activities.",Oral Comprehension,3,0
8864,Treasurers and Controllers,"Develop and maintain relationships with banking, insurance, and external accounting personnel to facilitate financial activities.",Oral Expression,3,0
8864,Treasurers and Controllers,"Develop and maintain relationships with banking, insurance, and external accounting personnel to facilitate financial activities.",Speech Clarity,2,0
8864,Treasurers and Controllers,"Develop and maintain relationships with banking, insurance, and external accounting personnel to facilitate financial activities.",Speech Recognition,2,0
8864,Treasurers and Controllers,"Develop and maintain relationships with banking, insurance, and external accounting personnel to facilitate financial activities.",Written Comprehension,2,0
8864,Treasurers and Controllers,"Develop and maintain relationships with banking, insurance, and external accounting personnel to facilitate financial activities.",Deductive Reasoning,2,0
20168,Treasurers and Controllers,"Monitor financial activities and details, such as cash flow and reserve levels, to ensure that all legal and regulatory requirements are met.",Mathematical Reasoning,3,0
20168,Treasurers and Controllers,"Monitor financial activities and details, such as cash flow and reserve levels, to ensure that all legal and regulatory requirements are met.",Number Facility,3,0
20168,Treasurers and Controllers,"Monitor financial activities and details, such as cash flow and reserve levels, to ensure that all legal and regulatory requirements are met.",Deductive Reasoning,3,0
20168,Treasurers and Controllers,"Monitor financial activities and details, such as cash flow and reserve levels, to ensure that all legal and regulatory requirements are met.",Selective Attention,3,0
20168,Treasurers and Controllers,"Monitor financial activities and details, such as cash flow and reserve levels, to ensure that all legal and regulatory requirements are met.",Written Comprehension,2,0
20168,Treasurers and Controllers,"Monitor financial activities and details, such as cash flow and reserve levels, to ensure that all legal and regulatory requirements are met.",Inductive Reasoning,2,0
20168,Treasurers and Controllers,"Monitor financial activities and details, such as cash flow and reserve levels, to ensure that all legal and regulatory requirements are met.",Information Ordering,2,0
8861,Treasurers and Controllers,"Receive, record, and authorize requests for disbursements in accordance with company policies and procedures.",Written Comprehension,3,0
8861,Treasurers and Controllers,"Receive, record, and authorize requests for disbursements in accordance with company policies and procedures.",Information Ordering,3,0
8861,Treasurers and Controllers,"Receive, record, and authorize requests for disbursements in accordance with company policies and procedures.",Deductive Reasoning,2,0
8861,Treasurers and Controllers,"Receive, record, and authorize requests for disbursements in accordance with company policies and procedures.",Number Facility,2,0
8861,Treasurers and Controllers,"Receive, record, and authorize requests for disbursements in accordance with company policies and procedures.",Selective Attention,2,0
8861,Treasurers and Controllers,"Receive, record, and authorize requests for disbursements in accordance with company policies and procedures.",Near Vision,2,0
8866,Treasurers and Controllers,"Develop internal control policies, guidelines, and procedures for activities, such as budget administration, cash and credit management, and accounting.",Deductive Reasoning,3,0
8866,Treasurers and Controllers,"Develop internal control policies, guidelines, and procedures for activities, such as budget administration, cash and credit management, and accounting.",Written Expression,3,0
8866,Treasurers and Controllers,"Develop internal control policies, guidelines, and procedures for activities, such as budget administration, cash and credit management, and accounting.",Information Ordering,3,0
8866,Treasurers and Controllers,"Develop internal control policies, guidelines, and procedures for activities, such as budget administration, cash and credit management, and accounting.",Inductive Reasoning,2,0
8866,Treasurers and Controllers,"Develop internal control policies, guidelines, and procedures for activities, such as budget administration, cash and credit management, and accounting.",Mathematical Reasoning,2,0
8866,Treasurers and Controllers,"Develop internal control policies, guidelines, and procedures for activities, such as budget administration, cash and credit management, and accounting.",Problem Sensitivity,2,0
8866,Treasurers and Controllers,"Develop internal control policies, guidelines, and procedures for activities, such as budget administration, cash and credit management, and accounting.",Written Comprehension,2,0
8865,Treasurers and Controllers,"Coordinate and direct the financial planning, budgeting, procurement, or investment activities of all or part of an organization.",Deductive Reasoning,3,0
8865,Treasurers and Controllers,"Coordinate and direct the financial planning, budgeting, procurement, or investment activities of all or part of an organization.",Mathematical Reasoning,3,0
8865,Treasurers and Controllers,"Coordinate and direct the financial planning, budgeting, procurement, or investment activities of all or part of an organization.",Information Ordering,3,0
8865,Treasurers and Controllers,"Coordinate and direct the financial planning, budgeting, procurement, or investment activities of all or part of an organization.",Oral Expression,2,0
8865,Treasurers and Controllers,"Coordinate and direct the financial planning, budgeting, procurement, or investment activities of all or part of an organization.",Written Expression,2,0
8865,Treasurers and Controllers,"Coordinate and direct the financial planning, budgeting, procurement, or investment activities of all or part of an organization.",Inductive Reasoning,2,0
8865,Treasurers and Controllers,"Coordinate and direct the financial planning, budgeting, procurement, or investment activities of all or part of an organization.",Number Facility,2,0
8865,Treasurers and Controllers,"Coordinate and direct the financial planning, budgeting, procurement, or investment activities of all or part of an organization.",Time Sharing,2,0
8872,Treasurers and Controllers,Receive cash and checks and make deposits.,Number Facility,3,0
8872,Treasurers and Controllers,Receive cash and checks and make deposits.,Mathematical Reasoning,2,0
8872,Treasurers and Controllers,Receive cash and checks and make deposits.,Selective Attention,2,0
8872,Treasurers and Controllers,Receive cash and checks and make deposits.,Near Vision,2,0
8872,Treasurers and Controllers,Receive cash and checks and make deposits.,Perceptual Speed,2,0
8872,Treasurers and Controllers,Receive cash and checks and make deposits.,Finger Dexterity,2,0
8856,Treasurers and Controllers,"Prepare or direct preparation of financial statements, business activity reports, financial position forecasts, annual budgets, or reports required by regulatory agencies.",Written Expression,3,0
8856,Treasurers and Controllers,"Prepare or direct preparation of financial statements, business activity reports, financial position forecasts, annual budgets, or reports required by regulatory agencies.",Mathematical Reasoning,3,0
8856,Treasurers and Controllers,"Prepare or direct preparation of financial statements, business activity reports, financial position forecasts, annual budgets, or reports required by regulatory agencies.",Number Facility,3,0
8856,Treasurers and Controllers,"Prepare or direct preparation of financial statements, business activity reports, financial position forecasts, annual budgets, or reports required by regulatory agencies.",Information Ordering,3,0
8856,Treasurers and Controllers,"Prepare or direct preparation of financial statements, business activity reports, financial position forecasts, annual budgets, or reports required by regulatory agencies.",Deductive Reasoning,2,0
8856,Treasurers and Controllers,"Prepare or direct preparation of financial statements, business activity reports, financial position forecasts, annual budgets, or reports required by regulatory agencies.",Written Comprehension,2,0
8856,Treasurers and Controllers,"Prepare or direct preparation of financial statements, business activity reports, financial position forecasts, annual budgets, or reports required by regulatory agencies.",Selective Attention,2,0
8863,Treasurers and Controllers,"Monitor and evaluate the performance of accounting and other financial staff, recommending and implementing personnel actions, such as promotions and dismissals.",Oral Comprehension,3,0
8863,Treasurers and Controllers,"Monitor and evaluate the performance of accounting and other financial staff, recommending and implementing personnel actions, such as promotions and dismissals.",Oral Expression,3,0
8863,Treasurers and Controllers,"Monitor and evaluate the performance of accounting and other financial staff, recommending and implementing personnel actions, such as promotions and dismissals.",Deductive Reasoning,2,0
8863,Treasurers and Controllers,"Monitor and evaluate the performance of accounting and other financial staff, recommending and implementing personnel actions, such as promotions and dismissals.",Written Comprehension,2,0
8863,Treasurers and Controllers,"Monitor and evaluate the performance of accounting and other financial staff, recommending and implementing personnel actions, such as promotions and dismissals.",Inductive Reasoning,2,0
8863,Treasurers and Controllers,"Monitor and evaluate the performance of accounting and other financial staff, recommending and implementing personnel actions, such as promotions and dismissals.",Problem Sensitivity,2,0
8867,Treasurers and Controllers,"Analyze the financial details of past, present, and expected operations to identify development opportunities and areas where improvement is needed.",Inductive Reasoning,3,0
8867,Treasurers and Controllers,"Analyze the financial details of past, present, and expected operations to identify development opportunities and areas where improvement is needed.",Deductive Reasoning,3,0
8867,Treasurers and Controllers,"Analyze the financial details of past, present, and expected operations to identify development opportunities and areas where improvement is needed.",Mathematical Reasoning,3,0
8867,Treasurers and Controllers,"Analyze the financial details of past, present, and expected operations to identify development opportunities and areas where improvement is needed.",Number Facility,3,0
8867,Treasurers and Controllers,"Analyze the financial details of past, present, and expected operations to identify development opportunities and areas where improvement is needed.",Problem Sensitivity,3,0
8867,Treasurers and Controllers,"Analyze the financial details of past, present, and expected operations to identify development opportunities and areas where improvement is needed.",Written Comprehension,2,0
8867,Treasurers and Controllers,"Analyze the financial details of past, present, and expected operations to identify development opportunities and areas where improvement is needed.",Fluency of Ideas,2,0
8867,Treasurers and Controllers,"Analyze the financial details of past, present, and expected operations to identify development opportunities and areas where improvement is needed.",Originality,2,0
8860,Treasurers and Controllers,Conduct or coordinate audits of company accounts and financial transactions to ensure compliance with state and federal requirements and statutes.,Written Comprehension,3,0
8860,Treasurers and Controllers,Conduct or coordinate audits of company accounts and financial transactions to ensure compliance with state and federal requirements and statutes.,Deductive Reasoning,3,0
8860,Treasurers and Controllers,Conduct or coordinate audits of company accounts and financial transactions to ensure compliance with state and federal requirements and statutes.,Mathematical Reasoning,3,0
8860,Treasurers and Controllers,Conduct or coordinate audits of company accounts and financial transactions to ensure compliance with state and federal requirements and statutes.,Number Facility,2,0
8860,Treasurers and Controllers,Conduct or coordinate audits of company accounts and financial transactions to ensure compliance with state and federal requirements and statutes.,Selective Attention,2,0
8860,Treasurers and Controllers,Conduct or coordinate audits of company accounts and financial transactions to ensure compliance with state and federal requirements and statutes.,Inductive Reasoning,2,0
8860,Treasurers and Controllers,Conduct or coordinate audits of company accounts and financial transactions to ensure compliance with state and federal requirements and statutes.,Problem Sensitivity,2,0
8860,Treasurers and Controllers,Conduct or coordinate audits of company accounts and financial transactions to ensure compliance with state and federal requirements and statutes.,Near Vision,2,0
8868,Treasurers and Controllers,"Advise management on short-term and long-term financial objectives, policies, and actions.",Oral Expression,3,0
8868,Treasurers and Controllers,"Advise management on short-term and long-term financial objectives, policies, and actions.",Oral Comprehension,3,0
8868,Treasurers and Controllers,"Advise management on short-term and long-term financial objectives, policies, and actions.",Deductive Reasoning,3,0
8868,Treasurers and Controllers,"Advise management on short-term and long-term financial objectives, policies, and actions.",Inductive Reasoning,2,0
8868,Treasurers and Controllers,"Advise management on short-term and long-term financial objectives, policies, and actions.",Mathematical Reasoning,2,0
8868,Treasurers and Controllers,"Advise management on short-term and long-term financial objectives, policies, and actions.",Fluency of Ideas,2,0
8868,Treasurers and Controllers,"Advise management on short-term and long-term financial objectives, policies, and actions.",Written Expression,2,0
8868,Treasurers and Controllers,"Advise management on short-term and long-term financial objectives, policies, and actions.",Speech Clarity,2,0
8859,Treasurers and Controllers,"Maintain current knowledge of organizational policies and procedures, federal and state policies and directives, and current accounting standards.",Written Comprehension,3,0
8859,Treasurers and Controllers,"Maintain current knowledge of organizational policies and procedures, federal and state policies and directives, and current accounting standards.",Memorization,3,0
8859,Treasurers and Controllers,"Maintain current knowledge of organizational policies and procedures, federal and state policies and directives, and current accounting standards.",Oral Comprehension,2,0
8859,Treasurers and Controllers,"Maintain current knowledge of organizational policies and procedures, federal and state policies and directives, and current accounting standards.",Deductive Reasoning,2,0
8859,Treasurers and Controllers,"Maintain current knowledge of organizational policies and procedures, federal and state policies and directives, and current accounting standards.",Information Ordering,2,0
8869,Treasurers and Controllers,Provide direction and assistance to other organizational units regarding accounting and budgeting policies and procedures and efficient control and utilization of financial resources.,Oral Comprehension,3,0
8869,Treasurers and Controllers,Provide direction and assistance to other organizational units regarding accounting and budgeting policies and procedures and efficient control and utilization of financial resources.,Oral Expression,3,0
8869,Treasurers and Controllers,Provide direction and assistance to other organizational units regarding accounting and budgeting policies and procedures and efficient control and utilization of financial resources.,Written Expression,2,0
8869,Treasurers and Controllers,Provide direction and assistance to other organizational units regarding accounting and budgeting policies and procedures and efficient control and utilization of financial resources.,Deductive Reasoning,2,0
8869,Treasurers and Controllers,Provide direction and assistance to other organizational units regarding accounting and budgeting policies and procedures and efficient control and utilization of financial resources.,Written Comprehension,2,0
8869,Treasurers and Controllers,Provide direction and assistance to other organizational units regarding accounting and budgeting policies and procedures and efficient control and utilization of financial resources.,Speech Clarity,2,0
8869,Treasurers and Controllers,Provide direction and assistance to other organizational units regarding accounting and budgeting policies and procedures and efficient control and utilization of financial resources.,Speech Recognition,2,0
8871,Treasurers and Controllers,Lead staff training and development in budgeting and financial management areas.,Oral Expression,3,0
8871,Treasurers and Controllers,Lead staff training and development in budgeting and financial management areas.,Oral Comprehension,2,0
8871,Treasurers and Controllers,Lead staff training and development in budgeting and financial management areas.,Written Expression,2,0
8871,Treasurers and Controllers,Lead staff training and development in budgeting and financial management areas.,Written Comprehension,2,0
8871,Treasurers and Controllers,Lead staff training and development in budgeting and financial management areas.,Information Ordering,2,0
8871,Treasurers and Controllers,Lead staff training and development in budgeting and financial management areas.,Speech Clarity,2,0
8855,Treasurers and Controllers,Prepare and file annual tax returns or prepare financial information so that outside accountants can complete tax returns.,Mathematical Reasoning,3,0
8855,Treasurers and Controllers,Prepare and file annual tax returns or prepare financial information so that outside accountants can complete tax returns.,Number Facility,3,0
8855,Treasurers and Controllers,Prepare and file annual tax returns or prepare financial information so that outside accountants can complete tax returns.,Deductive Reasoning,3,0
8855,Treasurers and Controllers,Prepare and file annual tax returns or prepare financial information so that outside accountants can complete tax returns.,Written Comprehension,2,0
8855,Treasurers and Controllers,Prepare and file annual tax returns or prepare financial information so that outside accountants can complete tax returns.,Information Ordering,2,0
8855,Treasurers and Controllers,Prepare and file annual tax returns or prepare financial information so that outside accountants can complete tax returns.,Written Expression,2,0
8855,Treasurers and Controllers,Prepare and file annual tax returns or prepare financial information so that outside accountants can complete tax returns.,Selective Attention,2,0
8857,Treasurers and Controllers,"Supervise employees performing financial reporting, accounting, billing, collections, payroll, and budgeting duties.",Oral Comprehension,3,0
8857,Treasurers and Controllers,"Supervise employees performing financial reporting, accounting, billing, collections, payroll, and budgeting duties.",Oral Expression,3,0
8857,Treasurers and Controllers,"Supervise employees performing financial reporting, accounting, billing, collections, payroll, and budgeting duties.",Deductive Reasoning,2,0
8857,Treasurers and Controllers,"Supervise employees performing financial reporting, accounting, billing, collections, payroll, and budgeting duties.",Information Ordering,2,0
8857,Treasurers and Controllers,"Supervise employees performing financial reporting, accounting, billing, collections, payroll, and budgeting duties.",Written Comprehension,2,0
8857,Treasurers and Controllers,"Supervise employees performing financial reporting, accounting, billing, collections, payroll, and budgeting duties.",Problem Sensitivity,2,0
8874,Treasurers and Controllers,Perform tax planning work.,Deductive Reasoning,3,0
8874,Treasurers and Controllers,Perform tax planning work.,Mathematical Reasoning,3,0
8874,Treasurers and Controllers,Perform tax planning work.,Number Facility,3,0
8874,Treasurers and Controllers,Perform tax planning work.,Written Comprehension,2,0
8874,Treasurers and Controllers,Perform tax planning work.,Inductive Reasoning,2,0
8874,Treasurers and Controllers,Perform tax planning work.,Problem Sensitivity,2,0
8874,Treasurers and Controllers,Perform tax planning work.,Fluency of Ideas,2,0
8873,Treasurers and Controllers,"Compute, withhold, and account for all payroll deductions.",Mathematical Reasoning,3,0
8873,Treasurers and Controllers,"Compute, withhold, and account for all payroll deductions.",Number Facility,3,0
8873,Treasurers and Controllers,"Compute, withhold, and account for all payroll deductions.",Deductive Reasoning,2,0
8873,Treasurers and Controllers,"Compute, withhold, and account for all payroll deductions.",Selective Attention,2,0
8873,Treasurers and Controllers,"Compute, withhold, and account for all payroll deductions.",Written Comprehension,2,0
8873,Treasurers and Controllers,"Compute, withhold, and account for all payroll deductions.",Information Ordering,2,0
20169,Treasurers and Controllers,"Handle all aspects of employee insurance, benefits, and casualty programs, including monitoring changes in health insurance regulations and creating budgets for benefits and worker's compensation.",Deductive Reasoning,3,0
20169,Treasurers and Controllers,"Handle all aspects of employee insurance, benefits, and casualty programs, including monitoring changes in health insurance regulations and creating budgets for benefits and worker's compensation.",Written Comprehension,3,0
20169,Treasurers and Controllers,"Handle all aspects of employee insurance, benefits, and casualty programs, including monitoring changes in health insurance regulations and creating budgets for benefits and worker's compensation.",Mathematical Reasoning,2,0
20169,Treasurers and Controllers,"Handle all aspects of employee insurance, benefits, and casualty programs, including monitoring changes in health insurance regulations and creating budgets for benefits and worker's compensation.",Information Ordering,2,0
20169,Treasurers and Controllers,"Handle all aspects of employee insurance, benefits, and casualty programs, including monitoring changes in health insurance regulations and creating budgets for benefits and worker's compensation.",Number Facility,2,0
20169,Treasurers and Controllers,"Handle all aspects of employee insurance, benefits, and casualty programs, including monitoring changes in health insurance regulations and creating budgets for benefits and worker's compensation.",Problem Sensitivity,2,0
20169,Treasurers and Controllers,"Handle all aspects of employee insurance, benefits, and casualty programs, including monitoring changes in health insurance regulations and creating budgets for benefits and worker's compensation.",Oral Expression,2,0
8875,Treasurers and Controllers,"Determine depreciation rates to apply to capitalized items and advise management on actions regarding the purchase, lease, or disposal of such items.",Mathematical Reasoning,3,0
8875,Treasurers and Controllers,"Determine depreciation rates to apply to capitalized items and advise management on actions regarding the purchase, lease, or disposal of such items.",Deductive Reasoning,3,0
8875,Treasurers and Controllers,"Determine depreciation rates to apply to capitalized items and advise management on actions regarding the purchase, lease, or disposal of such items.",Number Facility,3,0
8875,Treasurers and Controllers,"Determine depreciation rates to apply to capitalized items and advise management on actions regarding the purchase, lease, or disposal of such items.",Inductive Reasoning,2,0
8875,Treasurers and Controllers,"Determine depreciation rates to apply to capitalized items and advise management on actions regarding the purchase, lease, or disposal of such items.",Oral Expression,2,0
8875,Treasurers and Controllers,"Determine depreciation rates to apply to capitalized items and advise management on actions regarding the purchase, lease, or disposal of such items.",Written Expression,2,0
8875,Treasurers and Controllers,"Determine depreciation rates to apply to capitalized items and advise management on actions regarding the purchase, lease, or disposal of such items.",Written Comprehension,2,0
15678,Investment Fund Managers,Manage investment funds to maximize return on client investments.,Deductive Reasoning,3,0
15678,Investment Fund Managers,Manage investment funds to maximize return on client investments.,Inductive Reasoning,3,0
15678,Investment Fund Managers,Manage investment funds to maximize return on client investments.,Mathematical Reasoning,3,0
15678,Investment Fund Managers,Manage investment funds to maximize return on client investments.,Number Facility,3,0
15678,Investment Fund Managers,Manage investment funds to maximize return on client investments.,Problem Sensitivity,3,0
15678,Investment Fund Managers,Manage investment funds to maximize return on client investments.,Information Ordering,2,0
15678,Investment Fund Managers,Manage investment funds to maximize return on client investments.,Time Sharing,2,0
15679,Investment Fund Managers,Select specific investments or investment mixes for purchase by an investment fund.,Deductive Reasoning,3,0
15679,Investment Fund Managers,Select specific investments or investment mixes for purchase by an investment fund.,Inductive Reasoning,3,0
15679,Investment Fund Managers,Select specific investments or investment mixes for purchase by an investment fund.,Mathematical Reasoning,3,0
15679,Investment Fund Managers,Select specific investments or investment mixes for purchase by an investment fund.,Number Facility,2,0
15679,Investment Fund Managers,Select specific investments or investment mixes for purchase by an investment fund.,Problem Sensitivity,2,0
15679,Investment Fund Managers,Select specific investments or investment mixes for purchase by an investment fund.,Category Flexibility,2,0
15679,Investment Fund Managers,Select specific investments or investment mixes for purchase by an investment fund.,Fluency of Ideas,2,0
15669,Investment Fund Managers,Monitor financial or operational performance of individual investments to ensure portfolios meet risk goals.,Mathematical Reasoning,3,0
15669,Investment Fund Managers,Monitor financial or operational performance of individual investments to ensure portfolios meet risk goals.,Number Facility,3,0
15669,Investment Fund Managers,Monitor financial or operational performance of individual investments to ensure portfolios meet risk goals.,Deductive Reasoning,3,0
15669,Investment Fund Managers,Monitor financial or operational performance of individual investments to ensure portfolios meet risk goals.,Inductive Reasoning,2,0
15669,Investment Fund Managers,Monitor financial or operational performance of individual investments to ensure portfolios meet risk goals.,Problem Sensitivity,2,0
15669,Investment Fund Managers,Monitor financial or operational performance of individual investments to ensure portfolios meet risk goals.,Selective Attention,2,0
15669,Investment Fund Managers,Monitor financial or operational performance of individual investments to ensure portfolios meet risk goals.,Written Comprehension,2,0
15676,Investment Fund Managers,Select or direct the execution of trades.,Deductive Reasoning,3,0
15676,Investment Fund Managers,Select or direct the execution of trades.,Problem Sensitivity,3,0
15676,Investment Fund Managers,Select or direct the execution of trades.,Reaction Time,2,0
15676,Investment Fund Managers,Select or direct the execution of trades.,Oral Expression,2,0
15676,Investment Fund Managers,Select or direct the execution of trades.,Mathematical Reasoning,2,0
15676,Investment Fund Managers,Select or direct the execution of trades.,Information Ordering,2,0
15675,Investment Fund Managers,Develop or implement fund investment policies or strategies.,Deductive Reasoning,3,0
15675,Investment Fund Managers,Develop or implement fund investment policies or strategies.,Inductive Reasoning,3,0
15675,Investment Fund Managers,Develop or implement fund investment policies or strategies.,Mathematical Reasoning,3,0
15675,Investment Fund Managers,Develop or implement fund investment policies or strategies.,Written Expression,2,0
15675,Investment Fund Managers,Develop or implement fund investment policies or strategies.,Fluency of Ideas,2,0
15675,Investment Fund Managers,Develop or implement fund investment policies or strategies.,Originality,2,0
15675,Investment Fund Managers,Develop or implement fund investment policies or strategies.,Problem Sensitivity,2,0
15667,Investment Fund Managers,"Perform or evaluate research, such as detailed company or industry analyses, to inform financial forecasting, decision making, or valuation.",Inductive Reasoning,3,0
15667,Investment Fund Managers,"Perform or evaluate research, such as detailed company or industry analyses, to inform financial forecasting, decision making, or valuation.",Deductive Reasoning,3,0
15667,Investment Fund Managers,"Perform or evaluate research, such as detailed company or industry analyses, to inform financial forecasting, decision making, or valuation.",Mathematical Reasoning,3,0
15667,Investment Fund Managers,"Perform or evaluate research, such as detailed company or industry analyses, to inform financial forecasting, decision making, or valuation.",Written Comprehension,3,0
15667,Investment Fund Managers,"Perform or evaluate research, such as detailed company or industry analyses, to inform financial forecasting, decision making, or valuation.",Number Facility,2,0
15667,Investment Fund Managers,"Perform or evaluate research, such as detailed company or industry analyses, to inform financial forecasting, decision making, or valuation.",Problem Sensitivity,2,0
15667,Investment Fund Managers,"Perform or evaluate research, such as detailed company or industry analyses, to inform financial forecasting, decision making, or valuation.",Information Ordering,2,0
15668,Investment Fund Managers,"Present investment information, such as product risks, fees, or fund performance statistics.",Oral Expression,3,0
15668,Investment Fund Managers,"Present investment information, such as product risks, fees, or fund performance statistics.",Oral Comprehension,2,0
15668,Investment Fund Managers,"Present investment information, such as product risks, fees, or fund performance statistics.",Written Expression,2,0
15668,Investment Fund Managers,"Present investment information, such as product risks, fees, or fund performance statistics.",Mathematical Reasoning,2,0
15668,Investment Fund Managers,"Present investment information, such as product risks, fees, or fund performance statistics.",Number Facility,2,0
15668,Investment Fund Managers,"Present investment information, such as product risks, fees, or fund performance statistics.",Speech Clarity,2,0
15668,Investment Fund Managers,"Present investment information, such as product risks, fees, or fund performance statistics.",Deductive Reasoning,2,0
15664,Investment Fund Managers,"Develop, implement, or monitor security valuation policies.",Deductive Reasoning,3,0
15664,Investment Fund Managers,"Develop, implement, or monitor security valuation policies.",Mathematical Reasoning,3,0
15664,Investment Fund Managers,"Develop, implement, or monitor security valuation policies.",Information Ordering,3,0
15664,Investment Fund Managers,"Develop, implement, or monitor security valuation policies.",Written Expression,2,0
15664,Investment Fund Managers,"Develop, implement, or monitor security valuation policies.",Problem Sensitivity,2,0
15664,Investment Fund Managers,"Develop, implement, or monitor security valuation policies.",Inductive Reasoning,2,0
15671,Investment Fund Managers,Meet with investors to determine investment goals or to discuss investment strategies.,Oral Comprehension,3,0
15671,Investment Fund Managers,Meet with investors to determine investment goals or to discuss investment strategies.,Oral Expression,3,0
15671,Investment Fund Managers,Meet with investors to determine investment goals or to discuss investment strategies.,Speech Clarity,2,0
15671,Investment Fund Managers,Meet with investors to determine investment goals or to discuss investment strategies.,Speech Recognition,2,0
15671,Investment Fund Managers,Meet with investors to determine investment goals or to discuss investment strategies.,Deductive Reasoning,2,0
15671,Investment Fund Managers,Meet with investors to determine investment goals or to discuss investment strategies.,Written Comprehension,2,0
15671,Investment Fund Managers,Meet with investors to determine investment goals or to discuss investment strategies.,Inductive Reasoning,2,0
15665,Investment Fund Managers,Attend investment briefings or consult financial media to stay abreast of relevant investment markets.,Written Comprehension,3,0
15665,Investment Fund Managers,Attend investment briefings or consult financial media to stay abreast of relevant investment markets.,Oral Comprehension,3,0
15665,Investment Fund Managers,Attend investment briefings or consult financial media to stay abreast of relevant investment markets.,Inductive Reasoning,2,0
15665,Investment Fund Managers,Attend investment briefings or consult financial media to stay abreast of relevant investment markets.,Memorization,2,0
15665,Investment Fund Managers,Attend investment briefings or consult financial media to stay abreast of relevant investment markets.,Category Flexibility,2,0
15665,Investment Fund Managers,Attend investment briefings or consult financial media to stay abreast of relevant investment markets.,Speech Recognition,2,0
15660,Investment Fund Managers,Prepare for and respond to regulatory inquiries.,Written Comprehension,3,0
15660,Investment Fund Managers,Prepare for and respond to regulatory inquiries.,Written Expression,3,0
15660,Investment Fund Managers,Prepare for and respond to regulatory inquiries.,Deductive Reasoning,3,0
15660,Investment Fund Managers,Prepare for and respond to regulatory inquiries.,Oral Expression,2,0
15660,Investment Fund Managers,Prepare for and respond to regulatory inquiries.,Information Ordering,2,0
15660,Investment Fund Managers,Prepare for and respond to regulatory inquiries.,Oral Comprehension,2,0
15674,Investment Fund Managers,"Evaluate the potential of new product developments or market opportunities, according to factors such as business plans, technologies, or market potential.",Inductive Reasoning,3,0
15674,Investment Fund Managers,"Evaluate the potential of new product developments or market opportunities, according to factors such as business plans, technologies, or market potential.",Deductive Reasoning,3,0
15674,Investment Fund Managers,"Evaluate the potential of new product developments or market opportunities, according to factors such as business plans, technologies, or market potential.",Mathematical Reasoning,3,0
15674,Investment Fund Managers,"Evaluate the potential of new product developments or market opportunities, according to factors such as business plans, technologies, or market potential.",Problem Sensitivity,3,0
15674,Investment Fund Managers,"Evaluate the potential of new product developments or market opportunities, according to factors such as business plans, technologies, or market potential.",Written Comprehension,2,0
15674,Investment Fund Managers,"Evaluate the potential of new product developments or market opportunities, according to factors such as business plans, technologies, or market potential.",Fluency of Ideas,2,0
15674,Investment Fund Managers,"Evaluate the potential of new product developments or market opportunities, according to factors such as business plans, technologies, or market potential.",Category Flexibility,2,0
15662,Investment Fund Managers,Hire or evaluate staff.,Oral Comprehension,3,0
15662,Investment Fund Managers,Hire or evaluate staff.,Oral Expression,2,0
15662,Investment Fund Managers,Hire or evaluate staff.,Deductive Reasoning,2,0
15662,Investment Fund Managers,Hire or evaluate staff.,Written Comprehension,2,0
15662,Investment Fund Managers,Hire or evaluate staff.,Speech Recognition,2,0
15670,Investment Fund Managers,Monitor regulatory or tax law changes to ensure fund compliance or to capitalize on development opportunities.,Written Comprehension,3,0
15670,Investment Fund Managers,Monitor regulatory or tax law changes to ensure fund compliance or to capitalize on development opportunities.,Deductive Reasoning,3,0
15670,Investment Fund Managers,Monitor regulatory or tax law changes to ensure fund compliance or to capitalize on development opportunities.,Inductive Reasoning,2,0
15670,Investment Fund Managers,Monitor regulatory or tax law changes to ensure fund compliance or to capitalize on development opportunities.,Memorization,2,0
15670,Investment Fund Managers,Monitor regulatory or tax law changes to ensure fund compliance or to capitalize on development opportunities.,Problem Sensitivity,2,0
15670,Investment Fund Managers,Monitor regulatory or tax law changes to ensure fund compliance or to capitalize on development opportunities.,Information Ordering,2,0
15673,Investment Fund Managers,Develop or direct development of offering documents or marketing materials.,Written Expression,3,0
15673,Investment Fund Managers,Develop or direct development of offering documents or marketing materials.,Written Comprehension,2,0
15673,Investment Fund Managers,Develop or direct development of offering documents or marketing materials.,Deductive Reasoning,2,0
15673,Investment Fund Managers,Develop or direct development of offering documents or marketing materials.,Oral Expression,2,0
15673,Investment Fund Managers,Develop or direct development of offering documents or marketing materials.,Fluency of Ideas,2,0
15673,Investment Fund Managers,Develop or direct development of offering documents or marketing materials.,Originality,2,0
15677,Investment Fund Managers,Analyze acquisitions to ensure conformance with strategic goals or regulatory requirements.,Deductive Reasoning,3,0
15677,Investment Fund Managers,Analyze acquisitions to ensure conformance with strategic goals or regulatory requirements.,Inductive Reasoning,3,0
15677,Investment Fund Managers,Analyze acquisitions to ensure conformance with strategic goals or regulatory requirements.,Written Comprehension,3,0
15677,Investment Fund Managers,Analyze acquisitions to ensure conformance with strategic goals or regulatory requirements.,Mathematical Reasoning,2,0
15677,Investment Fund Managers,Analyze acquisitions to ensure conformance with strategic goals or regulatory requirements.,Problem Sensitivity,2,0
15677,Investment Fund Managers,Analyze acquisitions to ensure conformance with strategic goals or regulatory requirements.,Information Ordering,2,0
15661,Investment Fund Managers,Verify regulatory compliance of transaction reporting.,Written Comprehension,3,0
15661,Investment Fund Managers,Verify regulatory compliance of transaction reporting.,Deductive Reasoning,3,0
15661,Investment Fund Managers,Verify regulatory compliance of transaction reporting.,Selective Attention,3,0
15661,Investment Fund Managers,Verify regulatory compliance of transaction reporting.,Number Facility,2,0
15661,Investment Fund Managers,Verify regulatory compliance of transaction reporting.,Near Vision,2,0
15661,Investment Fund Managers,Verify regulatory compliance of transaction reporting.,Perceptual Speed,2,0
15666,Investment Fund Managers,Review offering documents or marketing materials to ensure regulatory compliance.,Written Comprehension,3,0
15666,Investment Fund Managers,Review offering documents or marketing materials to ensure regulatory compliance.,Deductive Reasoning,3,0
15666,Investment Fund Managers,Review offering documents or marketing materials to ensure regulatory compliance.,Selective Attention,2,0
15666,Investment Fund Managers,Review offering documents or marketing materials to ensure regulatory compliance.,Near Vision,2,0
15666,Investment Fund Managers,Review offering documents or marketing materials to ensure regulatory compliance.,Perceptual Speed,2,0
15666,Investment Fund Managers,Review offering documents or marketing materials to ensure regulatory compliance.,Information Ordering,2,0
15672,Investment Fund Managers,Identify group or individual target investors for a specific fund.,Inductive Reasoning,3,0
15672,Investment Fund Managers,Identify group or individual target investors for a specific fund.,Deductive Reasoning,2,0
15672,Investment Fund Managers,Identify group or individual target investors for a specific fund.,Category Flexibility,2,0
15672,Investment Fund Managers,Identify group or individual target investors for a specific fund.,Oral Comprehension,2,0
15672,Investment Fund Managers,Identify group or individual target investors for a specific fund.,Written Comprehension,2,0
15672,Investment Fund Managers,Identify group or individual target investors for a specific fund.,Fluency of Ideas,2,0
15663,Investment Fund Managers,Direct activities of accounting or operations departments.,Oral Expression,3,0
15663,Investment Fund Managers,Direct activities of accounting or operations departments.,Oral Comprehension,2,0
15663,Investment Fund Managers,Direct activities of accounting or operations departments.,Information Ordering,2,0
15663,Investment Fund Managers,Direct activities of accounting or operations departments.,Deductive Reasoning,2,0
15663,Investment Fund Managers,Direct activities of accounting or operations departments.,Written Comprehension,2,0
15663,Investment Fund Managers,Direct activities of accounting or operations departments.,Time Sharing,2,0
39,Industrial Production Managers,"Set and monitor product standards, examining samples of raw products or directing testing during processing, to ensure finished products are of prescribed quality.",Deductive Reasoning,3,0
39,Industrial Production Managers,"Set and monitor product standards, examining samples of raw products or directing testing during processing, to ensure finished products are of prescribed quality.",Problem Sensitivity,3,0
39,Industrial Production Managers,"Set and monitor product standards, examining samples of raw products or directing testing during processing, to ensure finished products are of prescribed quality.",Written Comprehension,2,0
39,Industrial Production Managers,"Set and monitor product standards, examining samples of raw products or directing testing during processing, to ensure finished products are of prescribed quality.",Near Vision,2,0
39,Industrial Production Managers,"Set and monitor product standards, examining samples of raw products or directing testing during processing, to ensure finished products are of prescribed quality.",Visual Color Discrimination,2,0
39,Industrial Production Managers,"Set and monitor product standards, examining samples of raw products or directing testing during processing, to ensure finished products are of prescribed quality.",Perceptual Speed,2,0
39,Industrial Production Managers,"Set and monitor product standards, examining samples of raw products or directing testing during processing, to ensure finished products are of prescribed quality.",Selective Attention,2,0
32,Industrial Production Managers,"Direct or coordinate production, processing, distribution, or marketing activities of industrial organizations.",Oral Comprehension,3,0
32,Industrial Production Managers,"Direct or coordinate production, processing, distribution, or marketing activities of industrial organizations.",Oral Expression,3,0
32,Industrial Production Managers,"Direct or coordinate production, processing, distribution, or marketing activities of industrial organizations.",Information Ordering,3,0
32,Industrial Production Managers,"Direct or coordinate production, processing, distribution, or marketing activities of industrial organizations.",Deductive Reasoning,2,0
32,Industrial Production Managers,"Direct or coordinate production, processing, distribution, or marketing activities of industrial organizations.",Time Sharing,2,0
32,Industrial Production Managers,"Direct or coordinate production, processing, distribution, or marketing activities of industrial organizations.",Written Comprehension,2,0
32,Industrial Production Managers,"Direct or coordinate production, processing, distribution, or marketing activities of industrial organizations.",Written Expression,2,0
34,Industrial Production Managers,"Review processing schedules or production orders to make decisions concerning inventory requirements, staffing requirements, work procedures, or duty assignments, considering budgetary limitations and time constraints.",Written Comprehension,3,0
34,Industrial Production Managers,"Review processing schedules or production orders to make decisions concerning inventory requirements, staffing requirements, work procedures, or duty assignments, considering budgetary limitations and time constraints.",Deductive Reasoning,3,0
34,Industrial Production Managers,"Review processing schedules or production orders to make decisions concerning inventory requirements, staffing requirements, work procedures, or duty assignments, considering budgetary limitations and time constraints.",Information Ordering,3,0
34,Industrial Production Managers,"Review processing schedules or production orders to make decisions concerning inventory requirements, staffing requirements, work procedures, or duty assignments, considering budgetary limitations and time constraints.",Mathematical Reasoning,2,0
34,Industrial Production Managers,"Review processing schedules or production orders to make decisions concerning inventory requirements, staffing requirements, work procedures, or duty assignments, considering budgetary limitations and time constraints.",Number Facility,2,0
34,Industrial Production Managers,"Review processing schedules or production orders to make decisions concerning inventory requirements, staffing requirements, work procedures, or duty assignments, considering budgetary limitations and time constraints.",Inductive Reasoning,2,0
34,Industrial Production Managers,"Review processing schedules or production orders to make decisions concerning inventory requirements, staffing requirements, work procedures, or duty assignments, considering budgetary limitations and time constraints.",Time Sharing,2,0
35,Industrial Production Managers,Review operations and confer with technical or administrative staff to resolve production or processing problems.,Oral Comprehension,3,0
35,Industrial Production Managers,Review operations and confer with technical or administrative staff to resolve production or processing problems.,Oral Expression,3,0
35,Industrial Production Managers,Review operations and confer with technical or administrative staff to resolve production or processing problems.,Problem Sensitivity,3,0
35,Industrial Production Managers,Review operations and confer with technical or administrative staff to resolve production or processing problems.,Deductive Reasoning,2,0
35,Industrial Production Managers,Review operations and confer with technical or administrative staff to resolve production or processing problems.,Inductive Reasoning,2,0
35,Industrial Production Managers,Review operations and confer with technical or administrative staff to resolve production or processing problems.,Speech Recognition,2,0
35,Industrial Production Managers,Review operations and confer with technical or administrative staff to resolve production or processing problems.,Speech Clarity,2,0
36,Industrial Production Managers,"Hire, train, evaluate, or discharge staff or resolve personnel grievances.",Oral Comprehension,3,0
36,Industrial Production Managers,"Hire, train, evaluate, or discharge staff or resolve personnel grievances.",Oral Expression,3,0
36,Industrial Production Managers,"Hire, train, evaluate, or discharge staff or resolve personnel grievances.",Deductive Reasoning,2,0
36,Industrial Production Managers,"Hire, train, evaluate, or discharge staff or resolve personnel grievances.",Written Comprehension,2,0
36,Industrial Production Managers,"Hire, train, evaluate, or discharge staff or resolve personnel grievances.",Speech Recognition,2,0
36,Industrial Production Managers,"Hire, train, evaluate, or discharge staff or resolve personnel grievances.",Speech Clarity,2,0
40,Industrial Production Managers,"Develop or implement production tracking or quality control systems, analyzing production, quality control, maintenance, or other operational reports to detect production problems.",Inductive Reasoning,3,0
40,Industrial Production Managers,"Develop or implement production tracking or quality control systems, analyzing production, quality control, maintenance, or other operational reports to detect production problems.",Deductive Reasoning,3,0
40,Industrial Production Managers,"Develop or implement production tracking or quality control systems, analyzing production, quality control, maintenance, or other operational reports to detect production problems.",Problem Sensitivity,3,0
40,Industrial Production Managers,"Develop or implement production tracking or quality control systems, analyzing production, quality control, maintenance, or other operational reports to detect production problems.",Written Comprehension,2,0
40,Industrial Production Managers,"Develop or implement production tracking or quality control systems, analyzing production, quality control, maintenance, or other operational reports to detect production problems.",Mathematical Reasoning,2,0
40,Industrial Production Managers,"Develop or implement production tracking or quality control systems, analyzing production, quality control, maintenance, or other operational reports to detect production problems.",Information Ordering,2,0
40,Industrial Production Managers,"Develop or implement production tracking or quality control systems, analyzing production, quality control, maintenance, or other operational reports to detect production problems.",Visualization,2,0
38,Industrial Production Managers,Prepare and maintain production reports or personnel records.,Written Expression,3,0
38,Industrial Production Managers,Prepare and maintain production reports or personnel records.,Information Ordering,3,0
38,Industrial Production Managers,Prepare and maintain production reports or personnel records.,Written Comprehension,2,0
38,Industrial Production Managers,Prepare and maintain production reports or personnel records.,Number Facility,2,0
38,Industrial Production Managers,Prepare and maintain production reports or personnel records.,Selective Attention,2,0
38,Industrial Production Managers,Prepare and maintain production reports or personnel records.,Near Vision,2,0
41,Industrial Production Managers,Review plans and confer with research or support staff to develop new products or processes.,Oral Comprehension,3,0
41,Industrial Production Managers,Review plans and confer with research or support staff to develop new products or processes.,Oral Expression,3,0
41,Industrial Production Managers,Review plans and confer with research or support staff to develop new products or processes.,Deductive Reasoning,2,0
41,Industrial Production Managers,Review plans and confer with research or support staff to develop new products or processes.,Written Comprehension,2,0
41,Industrial Production Managers,Review plans and confer with research or support staff to develop new products or processes.,Fluency of Ideas,2,0
41,Industrial Production Managers,Review plans and confer with research or support staff to develop new products or processes.,Originality,2,0
41,Industrial Production Managers,Review plans and confer with research or support staff to develop new products or processes.,Inductive Reasoning,2,0
33,Industrial Production Managers,"Develop budgets or approve expenditures for supplies, materials, or human resources, ensuring that materials, labor, or equipment are used efficiently to meet production targets.",Mathematical Reasoning,3,0
33,Industrial Production Managers,"Develop budgets or approve expenditures for supplies, materials, or human resources, ensuring that materials, labor, or equipment are used efficiently to meet production targets.",Number Facility,3,0
33,Industrial Production Managers,"Develop budgets or approve expenditures for supplies, materials, or human resources, ensuring that materials, labor, or equipment are used efficiently to meet production targets.",Deductive Reasoning,2,0
33,Industrial Production Managers,"Develop budgets or approve expenditures for supplies, materials, or human resources, ensuring that materials, labor, or equipment are used efficiently to meet production targets.",Information Ordering,2,0
33,Industrial Production Managers,"Develop budgets or approve expenditures for supplies, materials, or human resources, ensuring that materials, labor, or equipment are used efficiently to meet production targets.",Written Comprehension,2,0
33,Industrial Production Managers,"Develop budgets or approve expenditures for supplies, materials, or human resources, ensuring that materials, labor, or equipment are used efficiently to meet production targets.",Inductive Reasoning,2,0
44,Industrial Production Managers,"Maintain current knowledge of the quality control field, relying on current literature pertaining to materials use, technological advances, or statistical studies.",Written Comprehension,3,0
44,Industrial Production Managers,"Maintain current knowledge of the quality control field, relying on current literature pertaining to materials use, technological advances, or statistical studies.",Inductive Reasoning,2,0
44,Industrial Production Managers,"Maintain current knowledge of the quality control field, relying on current literature pertaining to materials use, technological advances, or statistical studies.",Deductive Reasoning,2,0
44,Industrial Production Managers,"Maintain current knowledge of the quality control field, relying on current literature pertaining to materials use, technological advances, or statistical studies.",Memorization,2,0
44,Industrial Production Managers,"Maintain current knowledge of the quality control field, relying on current literature pertaining to materials use, technological advances, or statistical studies.",Mathematical Reasoning,2,0
44,Industrial Production Managers,"Maintain current knowledge of the quality control field, relying on current literature pertaining to materials use, technological advances, or statistical studies.",Category Flexibility,2,0
43,Industrial Production Managers,"Coordinate or recommend procedures for facility or equipment maintenance or modification, including the replacement of machines.",Deductive Reasoning,3,0
43,Industrial Production Managers,"Coordinate or recommend procedures for facility or equipment maintenance or modification, including the replacement of machines.",Oral Expression,2,0
43,Industrial Production Managers,"Coordinate or recommend procedures for facility or equipment maintenance or modification, including the replacement of machines.",Oral Comprehension,2,0
43,Industrial Production Managers,"Coordinate or recommend procedures for facility or equipment maintenance or modification, including the replacement of machines.",Written Expression,2,0
43,Industrial Production Managers,"Coordinate or recommend procedures for facility or equipment maintenance or modification, including the replacement of machines.",Inductive Reasoning,2,0
43,Industrial Production Managers,"Coordinate or recommend procedures for facility or equipment maintenance or modification, including the replacement of machines.",Problem Sensitivity,2,0
43,Industrial Production Managers,"Coordinate or recommend procedures for facility or equipment maintenance or modification, including the replacement of machines.",Visualization,2,0
37,Industrial Production Managers,Initiate or coordinate inventory or cost control programs.,Mathematical Reasoning,3,0
37,Industrial Production Managers,Initiate or coordinate inventory or cost control programs.,Number Facility,2,0
37,Industrial Production Managers,Initiate or coordinate inventory or cost control programs.,Information Ordering,2,0
37,Industrial Production Managers,Initiate or coordinate inventory or cost control programs.,Deductive Reasoning,2,0
37,Industrial Production Managers,Initiate or coordinate inventory or cost control programs.,Written Comprehension,2,0
37,Industrial Production Managers,Initiate or coordinate inventory or cost control programs.,Inductive Reasoning,2,0
45,Industrial Production Managers,Negotiate materials prices with suppliers.,Oral Comprehension,3,0
45,Industrial Production Managers,Negotiate materials prices with suppliers.,Oral Expression,3,0
45,Industrial Production Managers,Negotiate materials prices with suppliers.,Mathematical Reasoning,2,0
45,Industrial Production Managers,Negotiate materials prices with suppliers.,Number Facility,2,0
45,Industrial Production Managers,Negotiate materials prices with suppliers.,Speech Recognition,2,0
45,Industrial Production Managers,Negotiate materials prices with suppliers.,Speech Clarity,2,0
45,Industrial Production Managers,Negotiate materials prices with suppliers.,Deductive Reasoning,2,0
21332,Industrial Production Managers,Conduct site audits to ensure adherence to safety and environmental regulations.,Written Comprehension,3,0
21332,Industrial Production Managers,Conduct site audits to ensure adherence to safety and environmental regulations.,Deductive Reasoning,3,0
21332,Industrial Production Managers,Conduct site audits to ensure adherence to safety and environmental regulations.,Near Vision,2,0
21332,Industrial Production Managers,Conduct site audits to ensure adherence to safety and environmental regulations.,Far Vision,2,0
21332,Industrial Production Managers,Conduct site audits to ensure adherence to safety and environmental regulations.,Problem Sensitivity,2,0
21332,Industrial Production Managers,Conduct site audits to ensure adherence to safety and environmental regulations.,Selective Attention,2,0
21332,Industrial Production Managers,Conduct site audits to ensure adherence to safety and environmental regulations.,Perceptual Speed,2,0
21333,Industrial Production Managers,Develop or enforce procedures for normal operation of manufacturing systems.,Deductive Reasoning,3,0
21333,Industrial Production Managers,Develop or enforce procedures for normal operation of manufacturing systems.,Written Expression,3,0
21333,Industrial Production Managers,Develop or enforce procedures for normal operation of manufacturing systems.,Information Ordering,3,0
21333,Industrial Production Managers,Develop or enforce procedures for normal operation of manufacturing systems.,Inductive Reasoning,2,0
21333,Industrial Production Managers,Develop or enforce procedures for normal operation of manufacturing systems.,Problem Sensitivity,2,0
21333,Industrial Production Managers,Develop or enforce procedures for normal operation of manufacturing systems.,Written Comprehension,2,0
21334,Industrial Production Managers,Implement operational and emergency procedures.,Deductive Reasoning,3,0
21334,Industrial Production Managers,Implement operational and emergency procedures.,Oral Expression,3,0
21334,Industrial Production Managers,Implement operational and emergency procedures.,Information Ordering,2,0
21334,Industrial Production Managers,Implement operational and emergency procedures.,Oral Comprehension,2,0
21334,Industrial Production Managers,Implement operational and emergency procedures.,Problem Sensitivity,2,0
21334,Industrial Production Managers,Implement operational and emergency procedures.,Reaction Time,2,0
21334,Industrial Production Managers,Implement operational and emergency procedures.,Time Sharing,2,0
21335,Industrial Production Managers,"Maintain records to demonstrate compliance with safety and environmental laws, regulations, or policies.",Written Expression,3,0
21335,Industrial Production Managers,"Maintain records to demonstrate compliance with safety and environmental laws, regulations, or policies.",Written Comprehension,3,0
21335,Industrial Production Managers,"Maintain records to demonstrate compliance with safety and environmental laws, regulations, or policies.",Deductive Reasoning,2,0
21335,Industrial Production Managers,"Maintain records to demonstrate compliance with safety and environmental laws, regulations, or policies.",Information Ordering,2,0
21335,Industrial Production Managers,"Maintain records to demonstrate compliance with safety and environmental laws, regulations, or policies.",Selective Attention,2,0
21335,Industrial Production Managers,"Maintain records to demonstrate compliance with safety and environmental laws, regulations, or policies.",Near Vision,2,0
21336,Industrial Production Managers,Monitor permit requirements for updates.,Written Comprehension,3,0
21336,Industrial Production Managers,Monitor permit requirements for updates.,Deductive Reasoning,2,0
21336,Industrial Production Managers,Monitor permit requirements for updates.,Selective Attention,2,0
21336,Industrial Production Managers,Monitor permit requirements for updates.,Near Vision,2,0
21336,Industrial Production Managers,Monitor permit requirements for updates.,Memorization,2,0
21336,Industrial Production Managers,Monitor permit requirements for updates.,Information Ordering,2,0
21337,Industrial Production Managers,Optimize operational costs and productivity consistent with safety and environmental rules and regulations.,Mathematical Reasoning,3,0
21337,Industrial Production Managers,Optimize operational costs and productivity consistent with safety and environmental rules and regulations.,Inductive Reasoning,3,0
21337,Industrial Production Managers,Optimize operational costs and productivity consistent with safety and environmental rules and regulations.,Deductive Reasoning,2,0
21337,Industrial Production Managers,Optimize operational costs and productivity consistent with safety and environmental rules and regulations.,Number Facility,2,0
21337,Industrial Production Managers,Optimize operational costs and productivity consistent with safety and environmental rules and regulations.,Problem Sensitivity,2,0
21337,Industrial Production Managers,Optimize operational costs and productivity consistent with safety and environmental rules and regulations.,Written Comprehension,2,0
21337,Industrial Production Managers,Optimize operational costs and productivity consistent with safety and environmental rules and regulations.,Fluency of Ideas,2,0
21338,Industrial Production Managers,Prepare reports on operations and system productivity or efficiency.,Written Expression,3,0
21338,Industrial Production Managers,Prepare reports on operations and system productivity or efficiency.,Mathematical Reasoning,2,0
21338,Industrial Production Managers,Prepare reports on operations and system productivity or efficiency.,Number Facility,2,0
21338,Industrial Production Managers,Prepare reports on operations and system productivity or efficiency.,Information Ordering,2,0
21338,Industrial Production Managers,Prepare reports on operations and system productivity or efficiency.,Written Comprehension,2,0
21338,Industrial Production Managers,Prepare reports on operations and system productivity or efficiency.,Selective Attention,2,0
21339,Industrial Production Managers,Supervise subordinate employees.,Oral Comprehension,3,0
21339,Industrial Production Managers,Supervise subordinate employees.,Oral Expression,3,0
21339,Industrial Production Managers,Supervise subordinate employees.,Speech Clarity,2,0
21339,Industrial Production Managers,Supervise subordinate employees.,Speech Recognition,2,0
21339,Industrial Production Managers,Supervise subordinate employees.,Problem Sensitivity,2,0
21339,Industrial Production Managers,Supervise subordinate employees.,Deductive Reasoning,2,0
15405,Quality Control Systems Managers,Stop production if serious product defects are present.,Problem Sensitivity,3,0
15405,Quality Control Systems Managers,Stop production if serious product defects are present.,Deductive Reasoning,3,0
15405,Quality Control Systems Managers,Stop production if serious product defects are present.,Near Vision,2,0
15405,Quality Control Systems Managers,Stop production if serious product defects are present.,Visual Color Discrimination,2,0
15405,Quality Control Systems Managers,Stop production if serious product defects are present.,Perceptual Speed,2,0
15405,Quality Control Systems Managers,Stop production if serious product defects are present.,Reaction Time,2,0
15405,Quality Control Systems Managers,Stop production if serious product defects are present.,Selective Attention,2,0
15415,Quality Control Systems Managers,Review and update standard operating procedures or quality assurance manuals.,Written Comprehension,3,0
15415,Quality Control Systems Managers,Review and update standard operating procedures or quality assurance manuals.,Written Expression,3,0
15415,Quality Control Systems Managers,Review and update standard operating procedures or quality assurance manuals.,Deductive Reasoning,2,0
15415,Quality Control Systems Managers,Review and update standard operating procedures or quality assurance manuals.,Information Ordering,2,0
15415,Quality Control Systems Managers,Review and update standard operating procedures or quality assurance manuals.,Inductive Reasoning,2,0
15415,Quality Control Systems Managers,Review and update standard operating procedures or quality assurance manuals.,Near Vision,2,0
15415,Quality Control Systems Managers,Review and update standard operating procedures or quality assurance manuals.,Selective Attention,2,0
15430,Quality Control Systems Managers,Monitor performance of quality control systems to ensure effectiveness and efficiency.,Deductive Reasoning,3,0
15430,Quality Control Systems Managers,Monitor performance of quality control systems to ensure effectiveness and efficiency.,Inductive Reasoning,3,0
15430,Quality Control Systems Managers,Monitor performance of quality control systems to ensure effectiveness and efficiency.,Problem Sensitivity,3,0
15430,Quality Control Systems Managers,Monitor performance of quality control systems to ensure effectiveness and efficiency.,Mathematical Reasoning,2,0
15430,Quality Control Systems Managers,Monitor performance of quality control systems to ensure effectiveness and efficiency.,Written Comprehension,2,0
15430,Quality Control Systems Managers,Monitor performance of quality control systems to ensure effectiveness and efficiency.,Selective Attention,2,0
15430,Quality Control Systems Managers,Monitor performance of quality control systems to ensure effectiveness and efficiency.,Near Vision,2,0
15414,Quality Control Systems Managers,Review quality documentation necessary for regulatory submissions and inspections.,Written Comprehension,3,0
15414,Quality Control Systems Managers,Review quality documentation necessary for regulatory submissions and inspections.,Deductive Reasoning,3,0
15414,Quality Control Systems Managers,Review quality documentation necessary for regulatory submissions and inspections.,Selective Attention,2,0
15414,Quality Control Systems Managers,Review quality documentation necessary for regulatory submissions and inspections.,Near Vision,2,0
15414,Quality Control Systems Managers,Review quality documentation necessary for regulatory submissions and inspections.,Perceptual Speed,2,0
15414,Quality Control Systems Managers,Review quality documentation necessary for regulatory submissions and inspections.,Information Ordering,2,0
15428,Quality Control Systems Managers,Analyze quality control test results and provide feedback and interpretation to production management or staff.,Inductive Reasoning,3,0
15428,Quality Control Systems Managers,Analyze quality control test results and provide feedback and interpretation to production management or staff.,Deductive Reasoning,3,0
15428,Quality Control Systems Managers,Analyze quality control test results and provide feedback and interpretation to production management or staff.,Mathematical Reasoning,2,0
15428,Quality Control Systems Managers,Analyze quality control test results and provide feedback and interpretation to production management or staff.,Number Facility,2,0
15428,Quality Control Systems Managers,Analyze quality control test results and provide feedback and interpretation to production management or staff.,Oral Expression,2,0
15428,Quality Control Systems Managers,Analyze quality control test results and provide feedback and interpretation to production management or staff.,Written Expression,2,0
15428,Quality Control Systems Managers,Analyze quality control test results and provide feedback and interpretation to production management or staff.,Problem Sensitivity,2,0
15413,Quality Control Systems Managers,"Verify that raw materials, purchased parts or components, in-process samples, and finished products meet established testing and inspection standards.",Deductive Reasoning,3,0
15413,Quality Control Systems Managers,"Verify that raw materials, purchased parts or components, in-process samples, and finished products meet established testing and inspection standards.",Written Comprehension,3,0
15413,Quality Control Systems Managers,"Verify that raw materials, purchased parts or components, in-process samples, and finished products meet established testing and inspection standards.",Near Vision,3,0
15413,Quality Control Systems Managers,"Verify that raw materials, purchased parts or components, in-process samples, and finished products meet established testing and inspection standards.",Perceptual Speed,3,0
15413,Quality Control Systems Managers,"Verify that raw materials, purchased parts or components, in-process samples, and finished products meet established testing and inspection standards.",Visual Color Discrimination,2,0
15413,Quality Control Systems Managers,"Verify that raw materials, purchased parts or components, in-process samples, and finished products meet established testing and inspection standards.",Selective Attention,2,0
15413,Quality Control Systems Managers,"Verify that raw materials, purchased parts or components, in-process samples, and finished products meet established testing and inspection standards.",Problem Sensitivity,2,0
15429,Quality Control Systems Managers,"Oversee workers including supervisors, inspectors, or laboratory workers engaged in testing activities.",Oral Comprehension,3,0
15429,Quality Control Systems Managers,"Oversee workers including supervisors, inspectors, or laboratory workers engaged in testing activities.",Oral Expression,3,0
15429,Quality Control Systems Managers,"Oversee workers including supervisors, inspectors, or laboratory workers engaged in testing activities.",Deductive Reasoning,2,0
15429,Quality Control Systems Managers,"Oversee workers including supervisors, inspectors, or laboratory workers engaged in testing activities.",Problem Sensitivity,2,0
15429,Quality Control Systems Managers,"Oversee workers including supervisors, inspectors, or laboratory workers engaged in testing activities.",Written Comprehension,2,0
15429,Quality Control Systems Managers,"Oversee workers including supervisors, inspectors, or laboratory workers engaged in testing activities.",Information Ordering,2,0
15431,Quality Control Systems Managers,Direct product testing activities throughout production cycles.,Oral Expression,3,0
15431,Quality Control Systems Managers,Direct product testing activities throughout production cycles.,Information Ordering,3,0
15431,Quality Control Systems Managers,Direct product testing activities throughout production cycles.,Deductive Reasoning,2,0
15431,Quality Control Systems Managers,Direct product testing activities throughout production cycles.,Oral Comprehension,2,0
15431,Quality Control Systems Managers,Direct product testing activities throughout production cycles.,Problem Sensitivity,2,0
15431,Quality Control Systems Managers,Direct product testing activities throughout production cycles.,Written Comprehension,2,0
15431,Quality Control Systems Managers,Direct product testing activities throughout production cycles.,Time Sharing,2,0
15421,Quality Control Systems Managers,Instruct staff in quality control and analytical procedures.,Oral Expression,3,0
15421,Quality Control Systems Managers,Instruct staff in quality control and analytical procedures.,Oral Comprehension,2,0
15421,Quality Control Systems Managers,Instruct staff in quality control and analytical procedures.,Written Expression,2,0
15421,Quality Control Systems Managers,Instruct staff in quality control and analytical procedures.,Written Comprehension,2,0
15421,Quality Control Systems Managers,Instruct staff in quality control and analytical procedures.,Information Ordering,2,0
15421,Quality Control Systems Managers,Instruct staff in quality control and analytical procedures.,Speech Clarity,2,0
15424,Quality Control Systems Managers,"Direct the tracking of defects, test results, or other regularly reported quality control data.",Information Ordering,3,0
15424,Quality Control Systems Managers,"Direct the tracking of defects, test results, or other regularly reported quality control data.",Deductive Reasoning,2,0
15424,Quality Control Systems Managers,"Direct the tracking of defects, test results, or other regularly reported quality control data.",Written Comprehension,2,0
15424,Quality Control Systems Managers,"Direct the tracking of defects, test results, or other regularly reported quality control data.",Mathematical Reasoning,2,0
15424,Quality Control Systems Managers,"Direct the tracking of defects, test results, or other regularly reported quality control data.",Number Facility,2,0
15424,Quality Control Systems Managers,"Direct the tracking of defects, test results, or other regularly reported quality control data.",Selective Attention,2,0
15424,Quality Control Systems Managers,"Direct the tracking of defects, test results, or other regularly reported quality control data.",Oral Expression,2,0
15417,Quality Control Systems Managers,Participate in the development of product specifications.,Deductive Reasoning,3,0
15417,Quality Control Systems Managers,Participate in the development of product specifications.,Written Expression,2,0
15417,Quality Control Systems Managers,Participate in the development of product specifications.,Inductive Reasoning,2,0
15417,Quality Control Systems Managers,Participate in the development of product specifications.,Oral Expression,2,0
15417,Quality Control Systems Managers,Participate in the development of product specifications.,Oral Comprehension,2,0
15417,Quality Control Systems Managers,Participate in the development of product specifications.,Fluency of Ideas,2,0
15417,Quality Control Systems Managers,Participate in the development of product specifications.,Written Comprehension,2,0
15420,Quality Control Systems Managers,Identify quality problems or areas for improvement and recommend solutions.,Problem Sensitivity,3,0
15420,Quality Control Systems Managers,Identify quality problems or areas for improvement and recommend solutions.,Inductive Reasoning,3,0
15420,Quality Control Systems Managers,Identify quality problems or areas for improvement and recommend solutions.,Deductive Reasoning,2,0
15420,Quality Control Systems Managers,Identify quality problems or areas for improvement and recommend solutions.,Fluency of Ideas,2,0
15420,Quality Control Systems Managers,Identify quality problems or areas for improvement and recommend solutions.,Written Expression,2,0
15420,Quality Control Systems Managers,Identify quality problems or areas for improvement and recommend solutions.,Oral Expression,2,0
15420,Quality Control Systems Managers,Identify quality problems or areas for improvement and recommend solutions.,Category Flexibility,2,0
15411,Quality Control Systems Managers,Collect and analyze production samples to evaluate quality.,Deductive Reasoning,3,0
15411,Quality Control Systems Managers,Collect and analyze production samples to evaluate quality.,Problem Sensitivity,3,0
15411,Quality Control Systems Managers,Collect and analyze production samples to evaluate quality.,Near Vision,3,0
15411,Quality Control Systems Managers,Collect and analyze production samples to evaluate quality.,Perceptual Speed,2,0
15411,Quality Control Systems Managers,Collect and analyze production samples to evaluate quality.,Visual Color Discrimination,2,0
15411,Quality Control Systems Managers,Collect and analyze production samples to evaluate quality.,Mathematical Reasoning,2,0
15411,Quality Control Systems Managers,Collect and analyze production samples to evaluate quality.,Manual Dexterity,2,0
15416,Quality Control Systems Managers,"Produce reports regarding nonconformance of products or processes, daily production quality, root cause analyses, or quality trends.",Written Expression,3,0
15416,Quality Control Systems Managers,"Produce reports regarding nonconformance of products or processes, daily production quality, root cause analyses, or quality trends.",Inductive Reasoning,3,0
15416,Quality Control Systems Managers,"Produce reports regarding nonconformance of products or processes, daily production quality, root cause analyses, or quality trends.",Mathematical Reasoning,2,0
15416,Quality Control Systems Managers,"Produce reports regarding nonconformance of products or processes, daily production quality, root cause analyses, or quality trends.",Number Facility,2,0
15416,Quality Control Systems Managers,"Produce reports regarding nonconformance of products or processes, daily production quality, root cause analyses, or quality trends.",Information Ordering,2,0
15416,Quality Control Systems Managers,"Produce reports regarding nonconformance of products or processes, daily production quality, root cause analyses, or quality trends.",Deductive Reasoning,2,0
15416,Quality Control Systems Managers,"Produce reports regarding nonconformance of products or processes, daily production quality, root cause analyses, or quality trends.",Problem Sensitivity,2,0
15427,Quality Control Systems Managers,"Communicate quality control information to all relevant organizational departments, outside vendors, or contractors.",Oral Expression,3,0
15427,Quality Control Systems Managers,"Communicate quality control information to all relevant organizational departments, outside vendors, or contractors.",Written Expression,3,0
15427,Quality Control Systems Managers,"Communicate quality control information to all relevant organizational departments, outside vendors, or contractors.",Oral Comprehension,2,0
15427,Quality Control Systems Managers,"Communicate quality control information to all relevant organizational departments, outside vendors, or contractors.",Speech Clarity,2,0
15427,Quality Control Systems Managers,"Communicate quality control information to all relevant organizational departments, outside vendors, or contractors.",Information Ordering,2,0
15427,Quality Control Systems Managers,"Communicate quality control information to all relevant organizational departments, outside vendors, or contractors.",Written Comprehension,2,0
15418,Quality Control Systems Managers,Monitor development of new products to help identify possible problems for mass production.,Problem Sensitivity,3,0
15418,Quality Control Systems Managers,Monitor development of new products to help identify possible problems for mass production.,Inductive Reasoning,3,0
15418,Quality Control Systems Managers,Monitor development of new products to help identify possible problems for mass production.,Deductive Reasoning,2,0
15418,Quality Control Systems Managers,Monitor development of new products to help identify possible problems for mass production.,Written Comprehension,2,0
15418,Quality Control Systems Managers,Monitor development of new products to help identify possible problems for mass production.,Near Vision,2,0
15418,Quality Control Systems Managers,Monitor development of new products to help identify possible problems for mass production.,Selective Attention,2,0
15418,Quality Control Systems Managers,Monitor development of new products to help identify possible problems for mass production.,Visualization,2,0
15422,Quality Control Systems Managers,Identify critical points in the manufacturing process and specify sampling procedures to be used at these points.,Inductive Reasoning,3,0
15422,Quality Control Systems Managers,Identify critical points in the manufacturing process and specify sampling procedures to be used at these points.,Deductive Reasoning,3,0
15422,Quality Control Systems Managers,Identify critical points in the manufacturing process and specify sampling procedures to be used at these points.,Problem Sensitivity,3,0
15422,Quality Control Systems Managers,Identify critical points in the manufacturing process and specify sampling procedures to be used at these points.,Mathematical Reasoning,2,0
15422,Quality Control Systems Managers,Identify critical points in the manufacturing process and specify sampling procedures to be used at these points.,Written Expression,2,0
15422,Quality Control Systems Managers,Identify critical points in the manufacturing process and specify sampling procedures to be used at these points.,Information Ordering,2,0
15422,Quality Control Systems Managers,Identify critical points in the manufacturing process and specify sampling procedures to be used at these points.,Visualization,2,0
15425,Quality Control Systems Managers,Create and implement inspection and testing criteria or procedures.,Deductive Reasoning,3,0
15425,Quality Control Systems Managers,Create and implement inspection and testing criteria or procedures.,Inductive Reasoning,3,0
15425,Quality Control Systems Managers,Create and implement inspection and testing criteria or procedures.,Written Expression,3,0
15425,Quality Control Systems Managers,Create and implement inspection and testing criteria or procedures.,Problem Sensitivity,2,0
15425,Quality Control Systems Managers,Create and implement inspection and testing criteria or procedures.,Information Ordering,2,0
15425,Quality Control Systems Managers,Create and implement inspection and testing criteria or procedures.,Written Comprehension,2,0
15425,Quality Control Systems Managers,Create and implement inspection and testing criteria or procedures.,Fluency of Ideas,2,0
15423,Quality Control Systems Managers,"Document testing procedures, methodologies, or criteria.",Written Expression,3,0
15423,Quality Control Systems Managers,"Document testing procedures, methodologies, or criteria.",Information Ordering,3,0
15423,Quality Control Systems Managers,"Document testing procedures, methodologies, or criteria.",Written Comprehension,2,0
15423,Quality Control Systems Managers,"Document testing procedures, methodologies, or criteria.",Deductive Reasoning,2,0
15423,Quality Control Systems Managers,"Document testing procedures, methodologies, or criteria.",Near Vision,2,0
15423,Quality Control Systems Managers,"Document testing procedures, methodologies, or criteria.",Selective Attention,2,0
15407,Quality Control Systems Managers,"Review statistical studies, technological advances, or regulatory standards and trends to stay abreast of issues in the field of quality control.",Written Comprehension,3,0
15407,Quality Control Systems Managers,"Review statistical studies, technological advances, or regulatory standards and trends to stay abreast of issues in the field of quality control.",Mathematical Reasoning,2,0
15407,Quality Control Systems Managers,"Review statistical studies, technological advances, or regulatory standards and trends to stay abreast of issues in the field of quality control.",Inductive Reasoning,2,0
15407,Quality Control Systems Managers,"Review statistical studies, technological advances, or regulatory standards and trends to stay abreast of issues in the field of quality control.",Deductive Reasoning,2,0
15407,Quality Control Systems Managers,"Review statistical studies, technological advances, or regulatory standards and trends to stay abreast of issues in the field of quality control.",Memorization,2,0
15407,Quality Control Systems Managers,"Review statistical studies, technological advances, or regulatory standards and trends to stay abreast of issues in the field of quality control.",Category Flexibility,2,0
15407,Quality Control Systems Managers,"Review statistical studies, technological advances, or regulatory standards and trends to stay abreast of issues in the field of quality control.",Near Vision,2,0
15410,Quality Control Systems Managers,"Coordinate the selection and implementation of quality control equipment, such as inspection gauges.",Deductive Reasoning,3,0
15410,Quality Control Systems Managers,"Coordinate the selection and implementation of quality control equipment, such as inspection gauges.",Inductive Reasoning,2,0
15410,Quality Control Systems Managers,"Coordinate the selection and implementation of quality control equipment, such as inspection gauges.",Oral Expression,2,0
15410,Quality Control Systems Managers,"Coordinate the selection and implementation of quality control equipment, such as inspection gauges.",Oral Comprehension,2,0
15410,Quality Control Systems Managers,"Coordinate the selection and implementation of quality control equipment, such as inspection gauges.",Visualization,2,0
15410,Quality Control Systems Managers,"Coordinate the selection and implementation of quality control equipment, such as inspection gauges.",Problem Sensitivity,2,0
15410,Quality Control Systems Managers,"Coordinate the selection and implementation of quality control equipment, such as inspection gauges.",Written Comprehension,2,0
15408,Quality Control Systems Managers,Generate and maintain quality control operating budgets.,Mathematical Reasoning,3,0
15408,Quality Control Systems Managers,Generate and maintain quality control operating budgets.,Number Facility,3,0
15408,Quality Control Systems Managers,Generate and maintain quality control operating budgets.,Deductive Reasoning,2,0
15408,Quality Control Systems Managers,Generate and maintain quality control operating budgets.,Written Expression,2,0
15408,Quality Control Systems Managers,Generate and maintain quality control operating budgets.,Information Ordering,2,0
15408,Quality Control Systems Managers,Generate and maintain quality control operating budgets.,Selective Attention,2,0
15419,Quality Control Systems Managers,"Instruct vendors or contractors on quality guidelines, testing procedures, or ways to eliminate deficiencies.",Oral Expression,3,0
15419,Quality Control Systems Managers,"Instruct vendors or contractors on quality guidelines, testing procedures, or ways to eliminate deficiencies.",Oral Comprehension,2,0
15419,Quality Control Systems Managers,"Instruct vendors or contractors on quality guidelines, testing procedures, or ways to eliminate deficiencies.",Written Expression,2,0
15419,Quality Control Systems Managers,"Instruct vendors or contractors on quality guidelines, testing procedures, or ways to eliminate deficiencies.",Speech Clarity,2,0
15419,Quality Control Systems Managers,"Instruct vendors or contractors on quality guidelines, testing procedures, or ways to eliminate deficiencies.",Deductive Reasoning,2,0
15419,Quality Control Systems Managers,"Instruct vendors or contractors on quality guidelines, testing procedures, or ways to eliminate deficiencies.",Information Ordering,2,0
15419,Quality Control Systems Managers,"Instruct vendors or contractors on quality guidelines, testing procedures, or ways to eliminate deficiencies.",Written Comprehension,2,0
15426,Quality Control Systems Managers,Confer with marketing and sales departments to define client requirements and expectations.,Oral Comprehension,3,0
15426,Quality Control Systems Managers,Confer with marketing and sales departments to define client requirements and expectations.,Oral Expression,3,0
15426,Quality Control Systems Managers,Confer with marketing and sales departments to define client requirements and expectations.,Speech Recognition,2,0
15426,Quality Control Systems Managers,Confer with marketing and sales departments to define client requirements and expectations.,Speech Clarity,2,0
15426,Quality Control Systems Managers,Confer with marketing and sales departments to define client requirements and expectations.,Deductive Reasoning,2,0
15426,Quality Control Systems Managers,Confer with marketing and sales departments to define client requirements and expectations.,Written Comprehension,2,0
15409,Quality Control Systems Managers,Evaluate new testing and sampling methodologies or technologies to determine usefulness.,Inductive Reasoning,3,0
15409,Quality Control Systems Managers,Evaluate new testing and sampling methodologies or technologies to determine usefulness.,Deductive Reasoning,3,0
15409,Quality Control Systems Managers,Evaluate new testing and sampling methodologies or technologies to determine usefulness.,Problem Sensitivity,2,0
15409,Quality Control Systems Managers,Evaluate new testing and sampling methodologies or technologies to determine usefulness.,Mathematical Reasoning,2,0
15409,Quality Control Systems Managers,Evaluate new testing and sampling methodologies or technologies to determine usefulness.,Written Comprehension,2,0
15409,Quality Control Systems Managers,Evaluate new testing and sampling methodologies or technologies to determine usefulness.,Category Flexibility,2,0
15409,Quality Control Systems Managers,Evaluate new testing and sampling methodologies or technologies to determine usefulness.,Visualization,2,0
15406,Quality Control Systems Managers,Review and approve quality plans submitted by contractors.,Written Comprehension,3,0
15406,Quality Control Systems Managers,Review and approve quality plans submitted by contractors.,Deductive Reasoning,3,0
15406,Quality Control Systems Managers,Review and approve quality plans submitted by contractors.,Problem Sensitivity,2,0
15406,Quality Control Systems Managers,Review and approve quality plans submitted by contractors.,Information Ordering,2,0
15406,Quality Control Systems Managers,Review and approve quality plans submitted by contractors.,Inductive Reasoning,2,0
15406,Quality Control Systems Managers,Review and approve quality plans submitted by contractors.,Near Vision,2,0
15406,Quality Control Systems Managers,Review and approve quality plans submitted by contractors.,Selective Attention,2,0
15412,Quality Control Systems Managers,Audit and inspect subcontractor facilities including external laboratories.,Deductive Reasoning,3,0
15412,Quality Control Systems Managers,Audit and inspect subcontractor facilities including external laboratories.,Problem Sensitivity,3,0
15412,Quality Control Systems Managers,Audit and inspect subcontractor facilities including external laboratories.,Written Comprehension,2,0
15412,Quality Control Systems Managers,Audit and inspect subcontractor facilities including external laboratories.,Far Vision,2,0
15412,Quality Control Systems Managers,Audit and inspect subcontractor facilities including external laboratories.,Near Vision,2,0
15412,Quality Control Systems Managers,Audit and inspect subcontractor facilities including external laboratories.,Selective Attention,2,0
15412,Quality Control Systems Managers,Audit and inspect subcontractor facilities including external laboratories.,Perceptual Speed,2,0
15446,Geothermal Production Managers,Supervise employees in geothermal power plants or well fields.,Oral Comprehension,3,0
15446,Geothermal Production Managers,Supervise employees in geothermal power plants or well fields.,Oral Expression,3,0
15446,Geothermal Production Managers,Supervise employees in geothermal power plants or well fields.,Problem Sensitivity,2,0
15446,Geothermal Production Managers,Supervise employees in geothermal power plants or well fields.,Speech Clarity,2,0
15446,Geothermal Production Managers,Supervise employees in geothermal power plants or well fields.,Far Vision,2,0
15446,Geothermal Production Managers,Supervise employees in geothermal power plants or well fields.,Deductive Reasoning,2,0
15447,Geothermal Production Managers,"Oversee geothermal plant operations, maintenance, and repairs to ensure compliance with applicable standards or regulations.",Deductive Reasoning,3,0
15447,Geothermal Production Managers,"Oversee geothermal plant operations, maintenance, and repairs to ensure compliance with applicable standards or regulations.",Problem Sensitivity,3,0
15447,Geothermal Production Managers,"Oversee geothermal plant operations, maintenance, and repairs to ensure compliance with applicable standards or regulations.",Written Comprehension,2,0
15447,Geothermal Production Managers,"Oversee geothermal plant operations, maintenance, and repairs to ensure compliance with applicable standards or regulations.",Near Vision,2,0
15447,Geothermal Production Managers,"Oversee geothermal plant operations, maintenance, and repairs to ensure compliance with applicable standards or regulations.",Far Vision,2,0
15447,Geothermal Production Managers,"Oversee geothermal plant operations, maintenance, and repairs to ensure compliance with applicable standards or regulations.",Selective Attention,2,0
15447,Geothermal Production Managers,"Oversee geothermal plant operations, maintenance, and repairs to ensure compliance with applicable standards or regulations.",Information Ordering,2,0
15434,Geothermal Production Managers,Communicate geothermal plant conditions to employees.,Oral Expression,3,0
15434,Geothermal Production Managers,Communicate geothermal plant conditions to employees.,Oral Comprehension,2,0
15434,Geothermal Production Managers,Communicate geothermal plant conditions to employees.,Speech Clarity,2,0
15434,Geothermal Production Managers,Communicate geothermal plant conditions to employees.,Written Expression,2,0
15434,Geothermal Production Managers,Communicate geothermal plant conditions to employees.,Information Ordering,2,0
15443,Geothermal Production Managers,"Identify and evaluate equipment, procedural, or conditional inefficiencies involving geothermal plant systems.",Problem Sensitivity,3,0
15443,Geothermal Production Managers,"Identify and evaluate equipment, procedural, or conditional inefficiencies involving geothermal plant systems.",Inductive Reasoning,3,0
15443,Geothermal Production Managers,"Identify and evaluate equipment, procedural, or conditional inefficiencies involving geothermal plant systems.",Deductive Reasoning,3,0
15443,Geothermal Production Managers,"Identify and evaluate equipment, procedural, or conditional inefficiencies involving geothermal plant systems.",Near Vision,2,0
15443,Geothermal Production Managers,"Identify and evaluate equipment, procedural, or conditional inefficiencies involving geothermal plant systems.",Far Vision,2,0
15443,Geothermal Production Managers,"Identify and evaluate equipment, procedural, or conditional inefficiencies involving geothermal plant systems.",Mathematical Reasoning,2,0
15443,Geothermal Production Managers,"Identify and evaluate equipment, procedural, or conditional inefficiencies involving geothermal plant systems.",Visualization,2,0
15439,Geothermal Production Managers,Perform or direct the performance of preventative maintenance on geothermal plant equipment.,Deductive Reasoning,3,0
15439,Geothermal Production Managers,Perform or direct the performance of preventative maintenance on geothermal plant equipment.,Problem Sensitivity,3,0
15439,Geothermal Production Managers,Perform or direct the performance of preventative maintenance on geothermal plant equipment.,Oral Expression,2,0
15439,Geothermal Production Managers,Perform or direct the performance of preventative maintenance on geothermal plant equipment.,Near Vision,2,0
15439,Geothermal Production Managers,Perform or direct the performance of preventative maintenance on geothermal plant equipment.,Visualization,2,0
15439,Geothermal Production Managers,Perform or direct the performance of preventative maintenance on geothermal plant equipment.,Information Ordering,2,0
15439,Geothermal Production Managers,Perform or direct the performance of preventative maintenance on geothermal plant equipment.,Written Comprehension,2,0
15448,Geothermal Production Managers,Inspect geothermal plant or injection well fields to verify proper equipment operations.,Problem Sensitivity,3,0
15448,Geothermal Production Managers,Inspect geothermal plant or injection well fields to verify proper equipment operations.,Near Vision,3,0
15448,Geothermal Production Managers,Inspect geothermal plant or injection well fields to verify proper equipment operations.,Far Vision,2,0
15448,Geothermal Production Managers,Inspect geothermal plant or injection well fields to verify proper equipment operations.,Deductive Reasoning,2,0
15448,Geothermal Production Managers,Inspect geothermal plant or injection well fields to verify proper equipment operations.,Selective Attention,2,0
15448,Geothermal Production Managers,Inspect geothermal plant or injection well fields to verify proper equipment operations.,Perceptual Speed,2,0
15448,Geothermal Production Managers,Inspect geothermal plant or injection well fields to verify proper equipment operations.,Visual Color Discrimination,2,0
15445,Geothermal Production Managers,Develop or manage budgets for geothermal operations.,Mathematical Reasoning,3,0
15445,Geothermal Production Managers,Develop or manage budgets for geothermal operations.,Number Facility,3,0
15445,Geothermal Production Managers,Develop or manage budgets for geothermal operations.,Deductive Reasoning,2,0
15445,Geothermal Production Managers,Develop or manage budgets for geothermal operations.,Written Comprehension,2,0
15445,Geothermal Production Managers,Develop or manage budgets for geothermal operations.,Written Expression,2,0
15445,Geothermal Production Managers,Develop or manage budgets for geothermal operations.,Information Ordering,2,0
15433,Geothermal Production Managers,Select and implement corrosion control or mitigation systems for geothermal plants.,Deductive Reasoning,3,0
15433,Geothermal Production Managers,Select and implement corrosion control or mitigation systems for geothermal plants.,Inductive Reasoning,3,0
15433,Geothermal Production Managers,Select and implement corrosion control or mitigation systems for geothermal plants.,Problem Sensitivity,3,0
15433,Geothermal Production Managers,Select and implement corrosion control or mitigation systems for geothermal plants.,Visualization,2,0
15433,Geothermal Production Managers,Select and implement corrosion control or mitigation systems for geothermal plants.,Written Comprehension,2,0
15433,Geothermal Production Managers,Select and implement corrosion control or mitigation systems for geothermal plants.,Mathematical Reasoning,2,0
15433,Geothermal Production Managers,Select and implement corrosion control or mitigation systems for geothermal plants.,Spatial Orientation,2,0
15444,Geothermal Production Managers,Develop operating plans and schedules for geothermal operations.,Information Ordering,3,0
15444,Geothermal Production Managers,Develop operating plans and schedules for geothermal operations.,Deductive Reasoning,3,0
15444,Geothermal Production Managers,Develop operating plans and schedules for geothermal operations.,Written Expression,2,0
15444,Geothermal Production Managers,Develop operating plans and schedules for geothermal operations.,Mathematical Reasoning,2,0
15444,Geothermal Production Managers,Develop operating plans and schedules for geothermal operations.,Inductive Reasoning,2,0
15444,Geothermal Production Managers,Develop operating plans and schedules for geothermal operations.,Written Comprehension,2,0
15444,Geothermal Production Managers,Develop operating plans and schedules for geothermal operations.,Time Sharing,2,0
15436,Geothermal Production Managers,"Record, review, or maintain daily logs, reports, maintenance, and other records associated with geothermal operations.",Written Expression,3,0
15436,Geothermal Production Managers,"Record, review, or maintain daily logs, reports, maintenance, and other records associated with geothermal operations.",Information Ordering,3,0
15436,Geothermal Production Managers,"Record, review, or maintain daily logs, reports, maintenance, and other records associated with geothermal operations.",Written Comprehension,2,0
15436,Geothermal Production Managers,"Record, review, or maintain daily logs, reports, maintenance, and other records associated with geothermal operations.",Number Facility,2,0
15436,Geothermal Production Managers,"Record, review, or maintain daily logs, reports, maintenance, and other records associated with geothermal operations.",Selective Attention,2,0
15436,Geothermal Production Managers,"Record, review, or maintain daily logs, reports, maintenance, and other records associated with geothermal operations.",Near Vision,2,0
