task_id,occupation,task_text,ability_name,weight,uncertain
957,Marketing Managers,Compile lists describing product or service offerings.,Written Comprehension,2,0
957,Marketing Managers,Compile lists describing product or service offerings.,Written Expression,3,0
957,Marketing Managers,Compile lists describing product or service offerings.,Information Ordering,2,0
957,Marketing Managers,Compile lists describing product or service offerings.,Category Flexibility,2,0
957,Marketing Managers,Compile lists describing product or service offerings.,Near Vision,1,0
954,Marketing Managers,"Direct the hiring, training, or performance evaluations of marketing or sales staff and oversee their daily activities.",Oral Comprehension,3,0
954,Marketing Managers,"Direct the hiring, training, or performance evaluations of marketing or sales staff and oversee their daily activities.",Oral Expression,3,0
954,Marketing Managers,"Direct the hiring, training, or performance evaluations of marketing or sales staff and oversee their daily activities.",Problem Sensitivity,2,0
954,Marketing Managers,"Direct the hiring, training, or performance evaluations of marketing or sales staff and oversee their daily activities.",Deductive Reasoning,2,0
954,Marketing Managers,"Direct the hiring, training, or performance evaluations of marketing or sales staff and oversee their daily activities.",Information Ordering,2,0
954,Marketing Managers,"Direct the hiring, training, or performance evaluations of marketing or sales staff and oversee their daily activities.",Written Comprehension,2,0
956,Marketing Managers,"Consult with product development personnel on product specifications, such as design, color, or packaging.",Oral Comprehension,3,0
956,Marketing Managers,"Consult with product development personnel on product specifications, such as design, color, or packaging.",Oral Expression,3,0
956,Marketing Managers,"Consult with product development personnel on product specifications, such as design, color, or packaging.",Deductive Reasoning,2,0
956,Marketing Managers,"Consult with product development personnel on product specifications, such as design, color, or packaging.",Visualization,2,0
956,Marketing Managers,"Consult with product development personnel on product specifications, such as design, color, or packaging.",Speech Recognition,2,0
956,Marketing Managers,"Consult with product development personnel on product specifications, such as design, color, or packaging.",Speech Clarity,2,0
958,Marketing Managers,"Use sales forecasting or strategic planning to ensure the sale and profitability of products, lines, or services, analyzing business developments and monitoring market trends.",Inductive Reasoning,3,0
958,Marketing Managers,"Use sales forecasting or strategic planning to ensure the sale and profitability of products, lines, or services, analyzing business developments and monitoring market trends.",Deductive Reasoning,3,0
958,Marketing Managers,"Use sales forecasting or strategic planning to ensure the sale and profitability of products, lines, or services, analyzing business developments and monitoring market trends.",Mathematical Reasoning,2,0
958,Marketing Managers,"Use sales forecasting or strategic planning to ensure the sale and profitability of products, lines, or services, analyzing business developments and monitoring market trends.",Number Facility,2,0
958,Marketing Managers,"Use sales forecasting or strategic planning to ensure the sale and profitability of products, lines, or services, analyzing business developments and monitoring market trends.",Problem Sensitivity,2,0
958,Marketing Managers,"Use sales forecasting or strategic planning to ensure the sale and profitability of products, lines, or services, analyzing business developments and monitoring market trends.",Written Comprehension,2,0
958,Marketing Managers,"Use sales forecasting or strategic planning to ensure the sale and profitability of products, lines, or services, analyzing business developments and monitoring market trends.",Information Ordering,2,0
955,Marketing Managers,"Negotiate contracts with vendors or distributors to manage product distribution, establishing distribution networks or developing distribution strategies.",Oral Comprehension,3,0
955,Marketing Managers,"Negotiate contracts with vendors or distributors to manage product distribution, establishing distribution networks or developing distribution strategies.",Oral Expression,3,0
955,Marketing Managers,"Negotiate contracts with vendors or distributors to manage product distribution, establishing distribution networks or developing distribution strategies.",Deductive Reasoning,3,0
955,Marketing Managers,"Negotiate contracts with vendors or distributors to manage product distribution, establishing distribution networks or developing distribution strategies.",Written Comprehension,2,0
955,Marketing Managers,"Negotiate contracts with vendors or distributors to manage product distribution, establishing distribution networks or developing distribution strategies.",Problem Sensitivity,2,0
955,Marketing Managers,"Negotiate contracts with vendors or distributors to manage product distribution, establishing distribution networks or developing distribution strategies.",Speech Clarity,2,0
955,Marketing Managers,"Negotiate contracts with vendors or distributors to manage product distribution, establishing distribution networks or developing distribution strategies.",Speech Recognition,2,0
961,Marketing Managers,"Coordinate or participate in promotional activities or trade shows, working with developers, advertisers, or production managers, to market products or services.",Oral Comprehension,3,0
961,Marketing Managers,"Coordinate or participate in promotional activities or trade shows, working with developers, advertisers, or production managers, to market products or services.",Oral Expression,3,0
961,Marketing Managers,"Coordinate or participate in promotional activities or trade shows, working with developers, advertisers, or production managers, to market products or services.",Information Ordering,2,0
961,Marketing Managers,"Coordinate or participate in promotional activities or trade shows, working with developers, advertisers, or production managers, to market products or services.",Time Sharing,2,0
961,Marketing Managers,"Coordinate or participate in promotional activities or trade shows, working with developers, advertisers, or production managers, to market products or services.",Problem Sensitivity,2,0
961,Marketing Managers,"Coordinate or participate in promotional activities or trade shows, working with developers, advertisers, or production managers, to market products or services.",Speech Clarity,2,0
963,Marketing Managers,"Initiate market research studies, or analyze their findings.",Inductive Reasoning,3,0
963,Marketing Managers,"Initiate market research studies, or analyze their findings.",Deductive Reasoning,2,0
963,Marketing Managers,"Initiate market research studies, or analyze their findings.",Mathematical Reasoning,2,0
963,Marketing Managers,"Initiate market research studies, or analyze their findings.",Number Facility,2,0
963,Marketing Managers,"Initiate market research studies, or analyze their findings.",Written Comprehension,2,0
963,Marketing Managers,"Initiate market research studies, or analyze their findings.",Problem Sensitivity,2,0
960,Marketing Managers,"Confer with legal staff to resolve problems, such as copyright infringement or royalty sharing with outside producers or distributors.",Oral Comprehension,3,0
960,Marketing Managers,"Confer with legal staff to resolve problems, such as copyright infringement or royalty sharing with outside producers or distributors.",Oral Expression,3,0
960,Marketing Managers,"Confer with legal staff to resolve problems, such as copyright infringement or royalty sharing with outside producers or distributors.",Deductive Reasoning,2,0
960,Marketing Managers,"Confer with legal staff to resolve problems, such as copyright infringement or royalty sharing with outside producers or distributors.",Written Comprehension,2,0
960,Marketing Managers,"Confer with legal staff to resolve problems, such as copyright infringement or royalty sharing with outside producers or distributors.",Problem Sensitivity,2,0
960,Marketing Managers,"Confer with legal staff to resolve problems, such as copyright infringement or royalty sharing with outside producers or distributors.",Speech Recognition,2,0
960,Marketing Managers,"Confer with legal staff to resolve problems, such as copyright infringement or royalty sharing with outside producers or distributors.",Speech Clarity,1,0
964,Marketing Managers,Consult with buying personnel to gain advice regarding the types of products or services expected to be in demand.,Oral Comprehension,3,0
964,Marketing Managers,Consult with buying personnel to gain advice regarding the types of products or services expected to be in demand.,Oral Expression,2,0
964,Marketing Managers,Consult with buying personnel to gain advice regarding the types of products or services expected to be in demand.,Written Comprehension,2,0
964,Marketing Managers,Consult with buying personnel to gain advice regarding the types of products or services expected to be in demand.,Deductive Reasoning,2,0
964,Marketing Managers,Consult with buying personnel to gain advice regarding the types of products or services expected to be in demand.,Speech Recognition,2,0
964,Marketing Managers,Consult with buying personnel to gain advice regarding the types of products or services expected to be in demand.,Speech Clarity,2,0
19502,Marketing Managers,Consult with buying personnel to gain advice regarding environmentally sound or sustainable products.,Oral Comprehension,3,0
19502,Marketing Managers,Consult with buying personnel to gain advice regarding environmentally sound or sustainable products.,Oral Expression,2,0
19502,Marketing Managers,Consult with buying personnel to gain advice regarding environmentally sound or sustainable products.,Written Comprehension,2,0
19502,Marketing Managers,Consult with buying personnel to gain advice regarding environmentally sound or sustainable products.,Deductive Reasoning,2,0
19502,Marketing Managers,Consult with buying personnel to gain advice regarding environmentally sound or sustainable products.,Speech Recognition,2,0
19502,Marketing Managers,Consult with buying personnel to gain advice regarding environmentally sound or sustainable products.,Speech Clarity,2,0
965,Marketing Managers,Conduct economic or commercial surveys to identify potential markets for products or services.,Inductive Reasoning,3,0
965,Marketing Managers,Conduct economic or commercial surveys to identify potential markets for products or services.,Mathematical Reasoning,2,0
965,Marketing Managers,Conduct economic or commercial surveys to identify potential markets for products or services.,Number Facility,2,0
965,Marketing Managers,Conduct economic or commercial surveys to identify potential markets for products or services.,Written Comprehension,2,0
965,Marketing Managers,Conduct economic or commercial surveys to identify potential markets for products or services.,Information Ordering,2,0
965,Marketing Managers,Conduct economic or commercial surveys to identify potential markets for products or services.,Deductive Reasoning,2,0
19505,Marketing Managers,"Recommend modifications to products, packaging, production processes, or other characteristics to improve the environmental soundness or sustainability of products.",Inductive Reasoning,3,0
19505,Marketing Managers,"Recommend modifications to products, packaging, production processes, or other characteristics to improve the environmental soundness or sustainability of products.",Oral Expression,3,0
19505,Marketing Managers,"Recommend modifications to products, packaging, production processes, or other characteristics to improve the environmental soundness or sustainability of products.",Deductive Reasoning,2,0
19505,Marketing Managers,"Recommend modifications to products, packaging, production processes, or other characteristics to improve the environmental soundness or sustainability of products.",Problem Sensitivity,2,0
19505,Marketing Managers,"Recommend modifications to products, packaging, production processes, or other characteristics to improve the environmental soundness or sustainability of products.",Fluency of Ideas,2,0
19505,Marketing Managers,"Recommend modifications to products, packaging, production processes, or other characteristics to improve the environmental soundness or sustainability of products.",Written Expression,2,0
962,Marketing Managers,"Advise business or other groups on local, national, or international factors affecting the buying or selling of products or services.",Oral Expression,3,0
962,Marketing Managers,"Advise business or other groups on local, national, or international factors affecting the buying or selling of products or services.",Oral Comprehension,3,0
962,Marketing Managers,"Advise business or other groups on local, national, or international factors affecting the buying or selling of products or services.",Deductive Reasoning,3,0
962,Marketing Managers,"Advise business or other groups on local, national, or international factors affecting the buying or selling of products or services.",Inductive Reasoning,2,0
962,Marketing Managers,"Advise business or other groups on local, national, or international factors affecting the buying or selling of products or services.",Written Comprehension,2,0
962,Marketing Managers,"Advise business or other groups on local, national, or international factors affecting the buying or selling of products or services.",Speech Clarity,2,0
959,Marketing Managers,Select products or accessories to be displayed at trade or special production shows.,Deductive Reasoning,2,0
959,Marketing Managers,Select products or accessories to be displayed at trade or special production shows.,Category Flexibility,2,0
959,Marketing Managers,Select products or accessories to be displayed at trade or special production shows.,Written Comprehension,2,0
959,Marketing Managers,Select products or accessories to be displayed at trade or special production shows.,Near Vision,2,0
959,Marketing Managers,Select products or accessories to be displayed at trade or special production shows.,Visualization,2,0
959,Marketing Managers,Select products or accessories to be displayed at trade or special production shows.,Perceptual Speed,1,0
19503,Marketing Managers,Develop business cases for environmental marketing strategies.,Deductive Reasoning,3,0
19503,Marketing Managers,Develop business cases for environmental marketing strategies.,Inductive Reasoning,2,0
19503,Marketing Managers,Develop business cases for environmental marketing strategies.,Written Expression,3,0
19503,Marketing Managers,Develop business cases for environmental marketing strategies.,Written Comprehension,2,0
19503,Marketing Managers,Develop business cases for environmental marketing strategies.,Fluency of Ideas,2,0
19503,Marketing Managers,Develop business cases for environmental marketing strategies.,Mathematical Reasoning,1,0
19504,Marketing Managers,"Integrate environmental information into product or company marketing strategies, policies, or activities.",Deductive Reasoning,3,0
19504,Marketing Managers,"Integrate environmental information into product or company marketing strategies, policies, or activities.",Inductive Reasoning,2,0
19504,Marketing Managers,"Integrate environmental information into product or company marketing strategies, policies, or activities.",Information Ordering,2,0
19504,Marketing Managers,"Integrate environmental information into product or company marketing strategies, policies, or activities.",Written Comprehension,2,0
19504,Marketing Managers,"Integrate environmental information into product or company marketing strategies, policies, or activities.",Fluency of Ideas,2,0
19504,Marketing Managers,"Integrate environmental information into product or company marketing strategies, policies, or activities.",Category Flexibility,2,0
14,Sales Managers,Oversee regional and local sales managers and their staffs.,Oral Comprehension,3,0
14,Sales Managers,Oversee regional and local sales managers and their staffs.,Oral Expression,3,0
14,Sales Managers,Oversee regional and local sales managers and their staffs.,Deductive Reasoning,2,0
14,Sales Managers,Oversee regional and local sales managers and their staffs.,Problem Sensitivity,2,0
14,Sales Managers,Oversee regional and local sales managers and their staffs.,Information Ordering,2,0
1,Sales Managers,Resolve customer complaints regarding sales and service.,Oral Comprehension,3,0
1,Sales Managers,Resolve customer complaints regarding sales and service.,Oral Expression,3,0
1,Sales Managers,Resolve customer complaints regarding sales and service.,Problem Sensitivity,3,0
1,Sales Managers,Resolve customer complaints regarding sales and service.,Deductive Reasoning,2,0
1,Sales Managers,Resolve customer complaints regarding sales and service.,Speech Recognition,2,0
1,Sales Managers,Resolve customer complaints regarding sales and service.,Speech Clarity,2,0
2,Sales Managers,Monitor customer preferences to determine focus of sales efforts.,Inductive Reasoning,3,0
2,Sales Managers,Monitor customer preferences to determine focus of sales efforts.,Written Comprehension,2,0
2,Sales Managers,Monitor customer preferences to determine focus of sales efforts.,Deductive Reasoning,2,0
2,Sales Managers,Monitor customer preferences to determine focus of sales efforts.,Information Ordering,2,0
2,Sales Managers,Monitor customer preferences to determine focus of sales efforts.,Problem Sensitivity,2,0
2,Sales Managers,Monitor customer preferences to determine focus of sales efforts.,Number Facility,1,0
13,Sales Managers,"Confer with potential customers regarding equipment needs, and advise customers on types of equipment to purchase.",Oral Comprehension,3,0
13,Sales Managers,"Confer with potential customers regarding equipment needs, and advise customers on types of equipment to purchase.",Oral Expression,3,0
13,Sales Managers,"Confer with potential customers regarding equipment needs, and advise customers on types of equipment to purchase.",Deductive Reasoning,2,0
13,Sales Managers,"Confer with potential customers regarding equipment needs, and advise customers on types of equipment to purchase.",Written Comprehension,2,0
13,Sales Managers,"Confer with potential customers regarding equipment needs, and advise customers on types of equipment to purchase.",Speech Recognition,2,0
13,Sales Managers,"Confer with potential customers regarding equipment needs, and advise customers on types of equipment to purchase.",Speech Clarity,2,0
5,Sales Managers,Review operational records and reports to project sales and determine profitability.,Written Comprehension,3,0
5,Sales Managers,Review operational records and reports to project sales and determine profitability.,Mathematical Reasoning,2,0
5,Sales Managers,Review operational records and reports to project sales and determine profitability.,Number Facility,2,0
5,Sales Managers,Review operational records and reports to project sales and determine profitability.,Inductive Reasoning,2,0
5,Sales Managers,Review operational records and reports to project sales and determine profitability.,Deductive Reasoning,2,0
5,Sales Managers,Review operational records and reports to project sales and determine profitability.,Near Vision,2,0
11,Sales Managers,"Plan and direct staffing, training, and performance evaluations to develop and control sales and service programs.",Deductive Reasoning,3,0
11,Sales Managers,"Plan and direct staffing, training, and performance evaluations to develop and control sales and service programs.",Oral Expression,2,0
11,Sales Managers,"Plan and direct staffing, training, and performance evaluations to develop and control sales and service programs.",Information Ordering,2,0
11,Sales Managers,"Plan and direct staffing, training, and performance evaluations to develop and control sales and service programs.",Written Comprehension,2,0
11,Sales Managers,"Plan and direct staffing, training, and performance evaluations to develop and control sales and service programs.",Problem Sensitivity,2,0
3,Sales Managers,"Direct and coordinate activities involving sales of manufactured products, services, commodities, real estate, or other subjects of sale.",Oral Expression,3,0
3,Sales Managers,"Direct and coordinate activities involving sales of manufactured products, services, commodities, real estate, or other subjects of sale.",Deductive Reasoning,2,0
3,Sales Managers,"Direct and coordinate activities involving sales of manufactured products, services, commodities, real estate, or other subjects of sale.",Information Ordering,2,0
3,Sales Managers,"Direct and coordinate activities involving sales of manufactured products, services, commodities, real estate, or other subjects of sale.",Problem Sensitivity,2,0
3,Sales Managers,"Direct and coordinate activities involving sales of manufactured products, services, commodities, real estate, or other subjects of sale.",Time Sharing,2,0
4,Sales Managers,Determine price schedules and discount rates.,Mathematical Reasoning,3,0
4,Sales Managers,Determine price schedules and discount rates.,Number Facility,3,0
4,Sales Managers,Determine price schedules and discount rates.,Deductive Reasoning,2,0
4,Sales Managers,Determine price schedules and discount rates.,Inductive Reasoning,2,0
4,Sales Managers,Determine price schedules and discount rates.,Written Comprehension,1,0
9,Sales Managers,Prepare budgets and approve budget expenditures.,Mathematical Reasoning,3,0
9,Sales Managers,Prepare budgets and approve budget expenditures.,Number Facility,3,0
9,Sales Managers,Prepare budgets and approve budget expenditures.,Deductive Reasoning,2,0
9,Sales Managers,Prepare budgets and approve budget expenditures.,Written Expression,2,0
9,Sales Managers,Prepare budgets and approve budget expenditures.,Information Ordering,2,0
7,Sales Managers,Confer or consult with department heads to plan advertising services and to secure information on equipment and customer specifications.,Oral Comprehension,3,0
7,Sales Managers,Confer or consult with department heads to plan advertising services and to secure information on equipment and customer specifications.,Oral Expression,3,0
7,Sales Managers,Confer or consult with department heads to plan advertising services and to secure information on equipment and customer specifications.,Deductive Reasoning,2,0
7,Sales Managers,Confer or consult with department heads to plan advertising services and to secure information on equipment and customer specifications.,Written Comprehension,2,0
7,Sales Managers,Confer or consult with department heads to plan advertising services and to secure information on equipment and customer specifications.,Speech Recognition,2,0
7,Sales Managers,Confer or consult with department heads to plan advertising services and to secure information on equipment and customer specifications.,Speech Clarity,2,0
12,Sales Managers,Visit franchised dealers to stimulate interest in establishment or expansion of leasing programs.,Oral Expression,3,0
12,Sales Managers,Visit franchised dealers to stimulate interest in establishment or expansion of leasing programs.,Oral Comprehension,2,0
12,Sales Managers,Visit franchised dealers to stimulate interest in establishment or expansion of leasing programs.,Speech Clarity,2,0
12,Sales Managers,Visit franchised dealers to stimulate interest in establishment or expansion of leasing programs.,Speech Recognition,2,0
12,Sales Managers,Visit franchised dealers to stimulate interest in establishment or expansion of leasing programs.,Far Vision,1,0
12,Sales Managers,Visit franchised dealers to stimulate interest in establishment or expansion of leasing programs.,Deductive Reasoning,2,0
10,Sales Managers,Represent company at trade association meetings to promote products.,Oral Expression,3,0
10,Sales Managers,Represent company at trade association meetings to promote products.,Oral Comprehension,2,0
10,Sales Managers,Represent company at trade association meetings to promote products.,Speech Clarity,3,0
10,Sales Managers,Represent company at trade association meetings to promote products.,Speech Recognition,2,0
10,Sales Managers,Represent company at trade association meetings to promote products.,Fluency of Ideas,2,0
8,Sales Managers,Advise dealers and distributors on policies and operating procedures to ensure functional effectiveness of business.,Oral Expression,3,0
8,Sales Managers,Advise dealers and distributors on policies and operating procedures to ensure functional effectiveness of business.,Oral Comprehension,3,0
8,Sales Managers,Advise dealers and distributors on policies and operating procedures to ensure functional effectiveness of business.,Deductive Reasoning,2,0
8,Sales Managers,Advise dealers and distributors on policies and operating procedures to ensure functional effectiveness of business.,Written Comprehension,2,0
8,Sales Managers,Advise dealers and distributors on policies and operating procedures to ensure functional effectiveness of business.,Speech Clarity,2,0
8,Sales Managers,Advise dealers and distributors on policies and operating procedures to ensure functional effectiveness of business.,Speech Recognition,2,0
6,Sales Managers,"Direct, coordinate, and review sales and service accounting and record-keeping, as well as receiving and shipping.",Written Comprehension,3,0
6,Sales Managers,"Direct, coordinate, and review sales and service accounting and record-keeping, as well as receiving and shipping.",Deductive Reasoning,2,0
6,Sales Managers,"Direct, coordinate, and review sales and service accounting and record-keeping, as well as receiving and shipping.",Mathematical Reasoning,2,0
6,Sales Managers,"Direct, coordinate, and review sales and service accounting and record-keeping, as well as receiving and shipping.",Number Facility,2,0
6,Sales Managers,"Direct, coordinate, and review sales and service accounting and record-keeping, as well as receiving and shipping.",Information Ordering,2,0
6,Sales Managers,"Direct, coordinate, and review sales and service accounting and record-keeping, as well as receiving and shipping.",Near Vision,1,0
15,Sales Managers,"Direct clerical staff to keep records of export correspondence, bid requests, and credit collections, and to maintain current information on tariffs, licenses, and restrictions.",Written Comprehension,3,0
15,Sales Managers,"Direct clerical staff to keep records of export correspondence, bid requests, and credit collections, and to maintain current information on tariffs, licenses, and restrictions.",Oral Expression,2,0
15,Sales Managers,"Direct clerical staff to keep records of export correspondence, bid requests, and credit collections, and to maintain current information on tariffs, licenses, and restrictions.",Information Ordering,2,0
15,Sales Managers,"Direct clerical staff to keep records of export correspondence, bid requests, and credit collections, and to maintain current information on tariffs, licenses, and restrictions.",Deductive Reasoning,2,0
15,Sales Managers,"Direct clerical staff to keep records of export correspondence, bid requests, and credit collections, and to maintain current information on tariffs, licenses, and restrictions.",Written Expression,2,0
17,Sales Managers,"Assess marketing potential of new and existing store locations, considering statistics and expenditures.",Inductive Reasoning,3,0
17,Sales Managers,"Assess marketing potential of new and existing store locations, considering statistics and expenditures.",Mathematical Reasoning,2,0
17,Sales Managers,"Assess marketing potential of new and existing store locations, considering statistics and expenditures.",Number Facility,2,0
17,Sales Managers,"Assess marketing potential of new and existing store locations, considering statistics and expenditures.",Deductive Reasoning,2,0
17,Sales Managers,"Assess marketing potential of new and existing store locations, considering statistics and expenditures.",Spatial Orientation,2,0
17,Sales Managers,"Assess marketing potential of new and existing store locations, considering statistics and expenditures.",Written Comprehension,2,0
16,Sales Managers,Direct foreign sales and service outlets of an organization.,Oral Expression,3,0
16,Sales Managers,Direct foreign sales and service outlets of an organization.,Deductive Reasoning,2,0
16,Sales Managers,Direct foreign sales and service outlets of an organization.,Written Comprehension,2,0
16,Sales Managers,Direct foreign sales and service outlets of an organization.,Information Ordering,2,0
16,Sales Managers,Direct foreign sales and service outlets of an organization.,Problem Sensitivity,2,0
21226,Public Relations Managers,"Assign, supervise, and review the activities of public relations staff.",Oral Expression,3,0
21226,Public Relations Managers,"Assign, supervise, and review the activities of public relations staff.",Oral Comprehension,2,0
21226,Public Relations Managers,"Assign, supervise, and review the activities of public relations staff.",Deductive Reasoning,2,0
21226,Public Relations Managers,"Assign, supervise, and review the activities of public relations staff.",Problem Sensitivity,2,0
21226,Public Relations Managers,"Assign, supervise, and review the activities of public relations staff.",Written Comprehension,2,0
21227,Public Relations Managers,Confer with labor relations managers to develop internal communications that keep employees informed of company activities.,Oral Comprehension,3,0
21227,Public Relations Managers,Confer with labor relations managers to develop internal communications that keep employees informed of company activities.,Oral Expression,3,0
21227,Public Relations Managers,Confer with labor relations managers to develop internal communications that keep employees informed of company activities.,Written Comprehension,2,0
21227,Public Relations Managers,Confer with labor relations managers to develop internal communications that keep employees informed of company activities.,Deductive Reasoning,2,0
21227,Public Relations Managers,Confer with labor relations managers to develop internal communications that keep employees informed of company activities.,Fluency of Ideas,2,0
21227,Public Relations Managers,Confer with labor relations managers to develop internal communications that keep employees informed of company activities.,Speech Recognition,2,0
21228,Public Relations Managers,"Design and edit promotional publications, such as brochures.",Written Expression,3,0
21228,Public Relations Managers,"Design and edit promotional publications, such as brochures.",Fluency of Ideas,3,0
21228,Public Relations Managers,"Design and edit promotional publications, such as brochures.",Originality,2,0
21228,Public Relations Managers,"Design and edit promotional publications, such as brochures.",Written Comprehension,2,0
21228,Public Relations Managers,"Design and edit promotional publications, such as brochures.",Near Vision,2,0
21228,Public Relations Managers,"Design and edit promotional publications, such as brochures.",Visualization,2,0
21229,Public Relations Managers,"Develop and maintain the company's corporate image and identity, which includes the use of logos and signage.",Originality,3,0
21229,Public Relations Managers,"Develop and maintain the company's corporate image and identity, which includes the use of logos and signage.",Fluency of Ideas,3,0
21229,Public Relations Managers,"Develop and maintain the company's corporate image and identity, which includes the use of logos and signage.",Visualization,2,0
21229,Public Relations Managers,"Develop and maintain the company's corporate image and identity, which includes the use of logos and signage.",Written Comprehension,2,0
21229,Public Relations Managers,"Develop and maintain the company's corporate image and identity, which includes the use of logos and signage.",Deductive Reasoning,2,0
21229,Public Relations Managers,"Develop and maintain the company's corporate image and identity, which includes the use of logos and signage.",Near Vision,1,0
21230,Public Relations Managers,"Develop, implement, or maintain crisis communication plans.",Deductive Reasoning,3,0
21230,Public Relations Managers,"Develop, implement, or maintain crisis communication plans.",Written Expression,3,0
21230,Public Relations Managers,"Develop, implement, or maintain crisis communication plans.",Problem Sensitivity,3,0
21230,Public Relations Managers,"Develop, implement, or maintain crisis communication plans.",Information Ordering,2,0
21230,Public Relations Managers,"Develop, implement, or maintain crisis communication plans.",Written Comprehension,2,0
21230,Public Relations Managers,"Develop, implement, or maintain crisis communication plans.",Fluency of Ideas,2,0
21231,Public Relations Managers,"Direct activities of external agencies, establishments, or departments that develop and implement communication strategies and information programs.",Oral Expression,3,0
21231,Public Relations Managers,"Direct activities of external agencies, establishments, or departments that develop and implement communication strategies and information programs.",Oral Comprehension,3,0
21231,Public Relations Managers,"Direct activities of external agencies, establishments, or departments that develop and implement communication strategies and information programs.",Deductive Reasoning,2,0
21231,Public Relations Managers,"Direct activities of external agencies, establishments, or departments that develop and implement communication strategies and information programs.",Information Ordering,2,0
21231,Public Relations Managers,"Direct activities of external agencies, establishments, or departments that develop and implement communication strategies and information programs.",Written Comprehension,2,0
21232,Public Relations Managers,Draft speeches for company executives and arrange interviews and other forms of contact for them.,Written Expression,3,0
21232,Public Relations Managers,Draft speeches for company executives and arrange interviews and other forms of contact for them.,Oral Expression,3,0
21232,Public Relations Managers,Draft speeches for company executives and arrange interviews and other forms of contact for them.,Fluency of Ideas,3,0
21232,Public Relations Managers,Draft speeches for company executives and arrange interviews and other forms of contact for them.,Written Comprehension,2,0
21232,Public Relations Managers,Draft speeches for company executives and arrange interviews and other forms of contact for them.,Oral Comprehension,2,0
21232,Public Relations Managers,Draft speeches for company executives and arrange interviews and other forms of contact for them.,Originality,2,0
21233,Public Relations Managers,"Establish and maintain effective working relationships with clients, government officials, and media representatives and use these relationships to develop new business opportunities.",Oral Comprehension,3,0
21233,Public Relations Managers,"Establish and maintain effective working relationships with clients, government officials, and media representatives and use these relationships to develop new business opportunities.",Oral Expression,3,0
21233,Public Relations Managers,"Establish and maintain effective working relationships with clients, government officials, and media representatives and use these relationships to develop new business opportunities.",Speech Clarity,2,0
21233,Public Relations Managers,"Establish and maintain effective working relationships with clients, government officials, and media representatives and use these relationships to develop new business opportunities.",Speech Recognition,2,0
21233,Public Relations Managers,"Establish and maintain effective working relationships with clients, government officials, and media representatives and use these relationships to develop new business opportunities.",Deductive Reasoning,2,0
21233,Public Relations Managers,"Establish and maintain effective working relationships with clients, government officials, and media representatives and use these relationships to develop new business opportunities.",Problem Sensitivity,2,0
21234,Public Relations Managers,Evaluate advertising and promotion programs for compatibility with public relations efforts.,Deductive Reasoning,3,0
21234,Public Relations Managers,Evaluate advertising and promotion programs for compatibility with public relations efforts.,Inductive Reasoning,2,0
21234,Public Relations Managers,Evaluate advertising and promotion programs for compatibility with public relations efforts.,Written Comprehension,2,0
21234,Public Relations Managers,Evaluate advertising and promotion programs for compatibility with public relations efforts.,Category Flexibility,2,0
21234,Public Relations Managers,Evaluate advertising and promotion programs for compatibility with public relations efforts.,Problem Sensitivity,2,0
21235,Public Relations Managers,"Facilitate consumer relations or the relationship between parts of the company, such as the managers and employees, or different branch offices.",Oral Expression,3,0
21235,Public Relations Managers,"Facilitate consumer relations or the relationship between parts of the company, such as the managers and employees, or different branch offices.",Oral Comprehension,3,0
21235,Public Relations Managers,"Facilitate consumer relations or the relationship between parts of the company, such as the managers and employees, or different branch offices.",Problem Sensitivity,2,0
21235,Public Relations Managers,"Facilitate consumer relations or the relationship between parts of the company, such as the managers and employees, or different branch offices.",Deductive Reasoning,2,0
21235,Public Relations Managers,"Facilitate consumer relations or the relationship between parts of the company, such as the managers and employees, or different branch offices.",Speech Clarity,2,0
21235,Public Relations Managers,"Facilitate consumer relations or the relationship between parts of the company, such as the managers and employees, or different branch offices.",Speech Recognition,2,0
21236,Public Relations Managers,"Formulate policies and procedures related to public information programs, working with public relations executives.",Deductive Reasoning,3,0
21236,Public Relations Managers,"Formulate policies and procedures related to public information programs, working with public relations executives.",Written Expression,3,0
21236,Public Relations Managers,"Formulate policies and procedures related to public information programs, working with public relations executives.",Written Comprehension,2,0
21236,Public Relations Managers,"Formulate policies and procedures related to public information programs, working with public relations executives.",Information Ordering,2,0
21236,Public Relations Managers,"Formulate policies and procedures related to public information programs, working with public relations executives.",Fluency of Ideas,2,0
21237,Public Relations Managers,"Identify main client groups and audiences, determine the best way to communicate publicity information to them, and develop and implement a communication plan.",Inductive Reasoning,3,0
21237,Public Relations Managers,"Identify main client groups and audiences, determine the best way to communicate publicity information to them, and develop and implement a communication plan.",Deductive Reasoning,3,0
21237,Public Relations Managers,"Identify main client groups and audiences, determine the best way to communicate publicity information to them, and develop and implement a communication plan.",Written Expression,2,0
21237,Public Relations Managers,"Identify main client groups and audiences, determine the best way to communicate publicity information to them, and develop and implement a communication plan.",Fluency of Ideas,2,0
21237,Public Relations Managers,"Identify main client groups and audiences, determine the best way to communicate publicity information to them, and develop and implement a communication plan.",Category Flexibility,2,0
21237,Public Relations Managers,"Identify main client groups and audiences, determine the best way to communicate publicity information to them, and develop and implement a communication plan.",Problem Sensitivity,2,0
21238,Public Relations Managers,Maintain company archives.,Written Comprehension,2,0
21238,Public Relations Managers,Maintain company archives.,Information Ordering,3,0
21238,Public Relations Managers,Maintain company archives.,Memorization,2,0
21238,Public Relations Managers,Maintain company archives.,Near Vision,2,0
21238,Public Relations Managers,Maintain company archives.,Perceptual Speed,2,0
21239,Public Relations Managers,Manage communications budgets.,Mathematical Reasoning,3,0
21239,Public Relations Managers,Manage communications budgets.,Number Facility,3,0
21239,Public Relations Managers,Manage communications budgets.,Deductive Reasoning,2,0
21239,Public Relations Managers,Manage communications budgets.,Written Comprehension,2,0
21239,Public Relations Managers,Manage communications budgets.,Information Ordering,2,0
21240,Public Relations Managers,Manage in-house communication courses.,Oral Expression,3,0
21240,Public Relations Managers,Manage in-house communication courses.,Oral Comprehension,2,0
21240,Public Relations Managers,Manage in-house communication courses.,Deductive Reasoning,2,0
21240,Public Relations Managers,Manage in-house communication courses.,Information Ordering,2,0
21240,Public Relations Managers,Manage in-house communication courses.,Written Expression,2,0
21241,Public Relations Managers,"Manage special events, such as sponsorship of races, parties introducing new products, or other activities the firm supports, to gain public attention through the media without advertising directly.",Information Ordering,3,0
21241,Public Relations Managers,"Manage special events, such as sponsorship of races, parties introducing new products, or other activities the firm supports, to gain public attention through the media without advertising directly.",Time Sharing,2,0
21241,Public Relations Managers,"Manage special events, such as sponsorship of races, parties introducing new products, or other activities the firm supports, to gain public attention through the media without advertising directly.",Oral Expression,2,0
21241,Public Relations Managers,"Manage special events, such as sponsorship of races, parties introducing new products, or other activities the firm supports, to gain public attention through the media without advertising directly.",Problem Sensitivity,2,0
21241,Public Relations Managers,"Manage special events, such as sponsorship of races, parties introducing new products, or other activities the firm supports, to gain public attention through the media without advertising directly.",Deductive Reasoning,2,0
21241,Public Relations Managers,"Manage special events, such as sponsorship of races, parties introducing new products, or other activities the firm supports, to gain public attention through the media without advertising directly.",Fluency of Ideas,2,0
21242,Public Relations Managers,"Observe and report on social, economic, and political trends that might affect employers.",Inductive Reasoning,3,0
21242,Public Relations Managers,"Observe and report on social, economic, and political trends that might affect employers.",Written Expression,3,0
21242,Public Relations Managers,"Observe and report on social, economic, and political trends that might affect employers.",Written Comprehension,2,0
21242,Public Relations Managers,"Observe and report on social, economic, and political trends that might affect employers.",Deductive Reasoning,2,0
21242,Public Relations Managers,"Observe and report on social, economic, and political trends that might affect employers.",Information Ordering,2,0
21242,Public Relations Managers,"Observe and report on social, economic, and political trends that might affect employers.",Near Vision,1,0
21243,Public Relations Managers,"Produce films and other video products, regulate their distribution, and operate film library.",Information Ordering,2,0
21243,Public Relations Managers,"Produce films and other video products, regulate their distribution, and operate film library.",Deductive Reasoning,2,0
21243,Public Relations Managers,"Produce films and other video products, regulate their distribution, and operate film library.",Written Comprehension,2,0
21243,Public Relations Managers,"Produce films and other video products, regulate their distribution, and operate film library.",Near Vision,2,0
21243,Public Relations Managers,"Produce films and other video products, regulate their distribution, and operate film library.",Manual Dexterity,1,0
21243,Public Relations Managers,"Produce films and other video products, regulate their distribution, and operate film library.",Visualization,2,0
21243,Public Relations Managers,"Produce films and other video products, regulate their distribution, and operate film library.",Finger Dexterity,1,0
21244,Public Relations Managers,Respond to requests for information about employers' activities or status.,Oral Expression,3,0
21244,Public Relations Managers,Respond to requests for information about employers' activities or status.,Oral Comprehension,3,0
21244,Public Relations Managers,Respond to requests for information about employers' activities or status.,Written Expression,2,0
21244,Public Relations Managers,Respond to requests for information about employers' activities or status.,Written Comprehension,2,0
21244,Public Relations Managers,Respond to requests for information about employers' activities or status.,Speech Clarity,2,0
21244,Public Relations Managers,Respond to requests for information about employers' activities or status.,Speech Recognition,2,0
21245,Public Relations Managers,"Write interesting and effective press releases, prepare information for media kits, and develop and maintain company internet or intranet web pages.",Written Expression,3,0
21245,Public Relations Managers,"Write interesting and effective press releases, prepare information for media kits, and develop and maintain company internet or intranet web pages.",Fluency of Ideas,3,0
21245,Public Relations Managers,"Write interesting and effective press releases, prepare information for media kits, and develop and maintain company internet or intranet web pages.",Originality,2,0
21245,Public Relations Managers,"Write interesting and effective press releases, prepare information for media kits, and develop and maintain company internet or intranet web pages.",Written Comprehension,2,0
21245,Public Relations Managers,"Write interesting and effective press releases, prepare information for media kits, and develop and maintain company internet or intranet web pages.",Near Vision,2,0
21245,Public Relations Managers,"Write interesting and effective press releases, prepare information for media kits, and develop and maintain company internet or intranet web pages.",Information Ordering,1,0
21252,Fundraising Managers,Develop strategies to encourage new or increased contributions.,Inductive Reasoning,3,0
21252,Fundraising Managers,Develop strategies to encourage new or increased contributions.,Fluency of Ideas,3,0
21252,Fundraising Managers,Develop strategies to encourage new or increased contributions.,Deductive Reasoning,2,0
21252,Fundraising Managers,Develop strategies to encourage new or increased contributions.,Originality,2,0
21252,Fundraising Managers,Develop strategies to encourage new or increased contributions.,Written Comprehension,2,0
21252,Fundraising Managers,Develop strategies to encourage new or increased contributions.,Problem Sensitivity,2,0
21258,Fundraising Managers,Manage fundraising budgets.,Mathematical Reasoning,3,0
21258,Fundraising Managers,Manage fundraising budgets.,Number Facility,3,0
21258,Fundraising Managers,Manage fundraising budgets.,Deductive Reasoning,2,0
21258,Fundraising Managers,Manage fundraising budgets.,Written Comprehension,2,0
21258,Fundraising Managers,Manage fundraising budgets.,Information Ordering,2,0
21251,Fundraising Managers,Develop fundraising activity plans that maximize participation or contributions and minimize costs.,Deductive Reasoning,3,0
21251,Fundraising Managers,Develop fundraising activity plans that maximize participation or contributions and minimize costs.,Mathematical Reasoning,2,0
21251,Fundraising Managers,Develop fundraising activity plans that maximize participation or contributions and minimize costs.,Information Ordering,2,0
21251,Fundraising Managers,Develop fundraising activity plans that maximize participation or contributions and minimize costs.,Fluency of Ideas,2,0
21251,Fundraising Managers,Develop fundraising activity plans that maximize participation or contributions and minimize costs.,Problem Sensitivity,2,0
21251,Fundraising Managers,Develop fundraising activity plans that maximize participation or contributions and minimize costs.,Number Facility,2,0
21259,Fundraising Managers,"Plan and direct special events for fundraising, such as silent auctions, dances, golf events, or walks.",Information Ordering,3,0
21259,Fundraising Managers,"Plan and direct special events for fundraising, such as silent auctions, dances, golf events, or walks.",Oral Expression,2,0
21259,Fundraising Managers,"Plan and direct special events for fundraising, such as silent auctions, dances, golf events, or walks.",Deductive Reasoning,2,0
21259,Fundraising Managers,"Plan and direct special events for fundraising, such as silent auctions, dances, golf events, or walks.",Time Sharing,2,0
21259,Fundraising Managers,"Plan and direct special events for fundraising, such as silent auctions, dances, golf events, or walks.",Problem Sensitivity,2,0
21259,Fundraising Managers,"Plan and direct special events for fundraising, such as silent auctions, dances, golf events, or walks.",Fluency of Ideas,2,0
21255,Fundraising Managers,"Establish goals for soliciting funds, develop policies for collection and safeguarding of contributions, and coordinate disbursement of funds.",Deductive Reasoning,3,0
21255,Fundraising Managers,"Establish goals for soliciting funds, develop policies for collection and safeguarding of contributions, and coordinate disbursement of funds.",Mathematical Reasoning,2,0
21255,Fundraising Managers,"Establish goals for soliciting funds, develop policies for collection and safeguarding of contributions, and coordinate disbursement of funds.",Information Ordering,2,0
21255,Fundraising Managers,"Establish goals for soliciting funds, develop policies for collection and safeguarding of contributions, and coordinate disbursement of funds.",Written Expression,2,0
21255,Fundraising Managers,"Establish goals for soliciting funds, develop policies for collection and safeguarding of contributions, and coordinate disbursement of funds.",Problem Sensitivity,2,0
21255,Fundraising Managers,"Establish goals for soliciting funds, develop policies for collection and safeguarding of contributions, and coordinate disbursement of funds.",Number Facility,1,0
21254,Fundraising Managers,"Establish and maintain effective working relationships with clients, government officials, and media representatives and use these relationships to develop new fundraising opportunities.",Oral Comprehension,3,0
21254,Fundraising Managers,"Establish and maintain effective working relationships with clients, government officials, and media representatives and use these relationships to develop new fundraising opportunities.",Oral Expression,3,0
21254,Fundraising Managers,"Establish and maintain effective working relationships with clients, government officials, and media representatives and use these relationships to develop new fundraising opportunities.",Speech Clarity,2,0
21254,Fundraising Managers,"Establish and maintain effective working relationships with clients, government officials, and media representatives and use these relationships to develop new fundraising opportunities.",Speech Recognition,2,0
21254,Fundraising Managers,"Establish and maintain effective working relationships with clients, government officials, and media representatives and use these relationships to develop new fundraising opportunities.",Deductive Reasoning,2,0
21254,Fundraising Managers,"Establish and maintain effective working relationships with clients, government officials, and media representatives and use these relationships to develop new fundraising opportunities.",Problem Sensitivity,2,0
21247,Fundraising Managers,Compile or develop materials to submit to granting or other funding organizations.,Written Expression,3,0
21247,Fundraising Managers,Compile or develop materials to submit to granting or other funding organizations.,Written Comprehension,3,0
21247,Fundraising Managers,Compile or develop materials to submit to granting or other funding organizations.,Information Ordering,2,0
21247,Fundraising Managers,Compile or develop materials to submit to granting or other funding organizations.,Deductive Reasoning,2,0
21247,Fundraising Managers,Compile or develop materials to submit to granting or other funding organizations.,Fluency of Ideas,2,0
21247,Fundraising Managers,Compile or develop materials to submit to granting or other funding organizations.,Near Vision,1,0
21249,Fundraising Managers,"Contact corporate representatives, government officials, or community leaders to increase awareness of organizational causes, activities, or needs.",Oral Expression,3,0
21249,Fundraising Managers,"Contact corporate representatives, government officials, or community leaders to increase awareness of organizational causes, activities, or needs.",Oral Comprehension,3,0
21249,Fundraising Managers,"Contact corporate representatives, government officials, or community leaders to increase awareness of organizational causes, activities, or needs.",Speech Clarity,3,0
21249,Fundraising Managers,"Contact corporate representatives, government officials, or community leaders to increase awareness of organizational causes, activities, or needs.",Speech Recognition,2,0
21249,Fundraising Managers,"Contact corporate representatives, government officials, or community leaders to increase awareness of organizational causes, activities, or needs.",Deductive Reasoning,2,0
21249,Fundraising Managers,"Contact corporate representatives, government officials, or community leaders to increase awareness of organizational causes, activities, or needs.",Fluency of Ideas,2,0
21248,Fundraising Managers,"Conduct research to identify the goals, net worth, charitable donation history, or other data related to potential donors, potential investors, or general donor markets.",Inductive Reasoning,3,0
21248,Fundraising Managers,"Conduct research to identify the goals, net worth, charitable donation history, or other data related to potential donors, potential investors, or general donor markets.",Written Comprehension,3,0
21248,Fundraising Managers,"Conduct research to identify the goals, net worth, charitable donation history, or other data related to potential donors, potential investors, or general donor markets.",Mathematical Reasoning,2,0
21248,Fundraising Managers,"Conduct research to identify the goals, net worth, charitable donation history, or other data related to potential donors, potential investors, or general donor markets.",Number Facility,2,0
21248,Fundraising Managers,"Conduct research to identify the goals, net worth, charitable donation history, or other data related to potential donors, potential investors, or general donor markets.",Deductive Reasoning,2,0
21248,Fundraising Managers,"Conduct research to identify the goals, net worth, charitable donation history, or other data related to potential donors, potential investors, or general donor markets.",Near Vision,2,0
21261,Fundraising Managers,"Write interesting and effective press releases, prepare information for media kits, and develop and maintain company internet or intranet Web pages.",Written Expression,3,0
21261,Fundraising Managers,"Write interesting and effective press releases, prepare information for media kits, and develop and maintain company internet or intranet Web pages.",Fluency of Ideas,3,0
21261,Fundraising Managers,"Write interesting and effective press releases, prepare information for media kits, and develop and maintain company internet or intranet Web pages.",Originality,2,0
21261,Fundraising Managers,"Write interesting and effective press releases, prepare information for media kits, and develop and maintain company internet or intranet Web pages.",Written Comprehension,2,0
21261,Fundraising Managers,"Write interesting and effective press releases, prepare information for media kits, and develop and maintain company internet or intranet Web pages.",Near Vision,2,0
21261,Fundraising Managers,"Write interesting and effective press releases, prepare information for media kits, and develop and maintain company internet or intranet Web pages.",Information Ordering,1,0
21257,Fundraising Managers,Formulate policies and procedures related to fundraising programs.,Deductive Reasoning,3,0
21257,Fundraising Managers,Formulate policies and procedures related to fundraising programs.,Written Expression,3,0
21257,Fundraising Managers,Formulate policies and procedures related to fundraising programs.,Written Comprehension,2,0
21257,Fundraising Managers,Formulate policies and procedures related to fundraising programs.,Information Ordering,2,0
21257,Fundraising Managers,Formulate policies and procedures related to fundraising programs.,Fluency of Ideas,2,0
21246,Fundraising Managers,"Assign, supervise, and review the activities of fundraising staff.",Oral Expression,3,0
21246,Fundraising Managers,"Assign, supervise, and review the activities of fundraising staff.",Oral Comprehension,2,0
21246,Fundraising Managers,"Assign, supervise, and review the activities of fundraising staff.",Deductive Reasoning,2,0
21246,Fundraising Managers,"Assign, supervise, and review the activities of fundraising staff.",Problem Sensitivity,2,0
21246,Fundraising Managers,"Assign, supervise, and review the activities of fundraising staff.",Written Comprehension,2,0
21256,Fundraising Managers,Evaluate advertising and promotion programs for compatibility with fundraising efforts.,Deductive Reasoning,3,0
21256,Fundraising Managers,Evaluate advertising and promotion programs for compatibility with fundraising efforts.,Inductive Reasoning,2,0
21256,Fundraising Managers,Evaluate advertising and promotion programs for compatibility with fundraising efforts.,Written Comprehension,2,0
21256,Fundraising Managers,Evaluate advertising and promotion programs for compatibility with fundraising efforts.,Category Flexibility,2,0
21256,Fundraising Managers,Evaluate advertising and promotion programs for compatibility with fundraising efforts.,Problem Sensitivity,2,0
21250,Fundraising Managers,"Design and edit promotional publications, such as brochures.",Written Expression,3,0
21250,Fundraising Managers,"Design and edit promotional publications, such as brochures.",Fluency of Ideas,3,0
21250,Fundraising Managers,"Design and edit promotional publications, such as brochures.",Originality,2,0
21250,Fundraising Managers,"Design and edit promotional publications, such as brochures.",Written Comprehension,2,0
21250,Fundraising Managers,"Design and edit promotional publications, such as brochures.",Near Vision,2,0
21250,Fundraising Managers,"Design and edit promotional publications, such as brochures.",Visualization,2,0
21253,Fundraising Managers,"Direct activities of external agencies, establishments, or departments that develop and implement fundraising strategies and programs.",Oral Expression,3,0
21253,Fundraising Managers,"Direct activities of external agencies, establishments, or departments that develop and implement fundraising strategies and programs.",Oral Comprehension,3,0
21253,Fundraising Managers,"Direct activities of external agencies, establishments, or departments that develop and implement fundraising strategies and programs.",Deductive Reasoning,2,0
21253,Fundraising Managers,"Direct activities of external agencies, establishments, or departments that develop and implement fundraising strategies and programs.",Information Ordering,2,0
21253,Fundraising Managers,"Direct activities of external agencies, establishments, or departments that develop and implement fundraising strategies and programs.",Written Comprehension,2,0
21260,Fundraising Managers,"Produce films and other video products, regulate their distribution, and operate film library.",Information Ordering,2,0
21260,Fundraising Managers,"Produce films and other video products, regulate their distribution, and operate film library.",Deductive Reasoning,2,0
21260,Fundraising Managers,"Produce films and other video products, regulate their distribution, and operate film library.",Written Comprehension,2,0
21260,Fundraising Managers,"Produce films and other video products, regulate their distribution, and operate film library.",Near Vision,2,0
21260,Fundraising Managers,"Produce films and other video products, regulate their distribution, and operate film library.",Manual Dexterity,1,0
21260,Fundraising Managers,"Produce films and other video products, regulate their distribution, and operate film library.",Visualization,2,0
21260,Fundraising Managers,"Produce films and other video products, regulate their distribution, and operate film library.",Finger Dexterity,1,0
21,Administrative Services Managers,Prepare and review operational reports and schedules to ensure accuracy and efficiency.,Written Comprehension,3,0
21,Administrative Services Managers,Prepare and review operational reports and schedules to ensure accuracy and efficiency.,Deductive Reasoning,2,0
21,Administrative Services Managers,Prepare and review operational reports and schedules to ensure accuracy and efficiency.,Information Ordering,2,0
21,Administrative Services Managers,Prepare and review operational reports and schedules to ensure accuracy and efficiency.,Number Facility,2,0
21,Administrative Services Managers,Prepare and review operational reports and schedules to ensure accuracy and efficiency.,Near Vision,2,0
21,Administrative Services Managers,Prepare and review operational reports and schedules to ensure accuracy and efficiency.,Perceptual Speed,2,0
20,Administrative Services Managers,Set goals and deadlines for the department.,Deductive Reasoning,3,0
20,Administrative Services Managers,Set goals and deadlines for the department.,Information Ordering,2,0
20,Administrative Services Managers,Set goals and deadlines for the department.,Oral Expression,2,0
20,Administrative Services Managers,Set goals and deadlines for the department.,Written Expression,2,0
20,Administrative Services Managers,Set goals and deadlines for the department.,Problem Sensitivity,2,0
23,Administrative Services Managers,"Acquire, distribute and store supplies.",Information Ordering,2,0
23,Administrative Services Managers,"Acquire, distribute and store supplies.",Deductive Reasoning,2,0
23,Administrative Services Managers,"Acquire, distribute and store supplies.",Written Comprehension,2,0
23,Administrative Services Managers,"Acquire, distribute and store supplies.",Number Facility,1,0
23,Administrative Services Managers,"Acquire, distribute and store supplies.",Near Vision,1,0
22,Administrative Services Managers,"Analyze internal processes and recommend and implement procedural or policy changes to improve operations, such as supply changes or the disposal of records.",Inductive Reasoning,3,0
22,Administrative Services Managers,"Analyze internal processes and recommend and implement procedural or policy changes to improve operations, such as supply changes or the disposal of records.",Deductive Reasoning,3,0
22,Administrative Services Managers,"Analyze internal processes and recommend and implement procedural or policy changes to improve operations, such as supply changes or the disposal of records.",Problem Sensitivity,3,0
22,Administrative Services Managers,"Analyze internal processes and recommend and implement procedural or policy changes to improve operations, such as supply changes or the disposal of records.",Written Comprehension,2,0
22,Administrative Services Managers,"Analyze internal processes and recommend and implement procedural or policy changes to improve operations, such as supply changes or the disposal of records.",Written Expression,2,0
22,Administrative Services Managers,"Analyze internal processes and recommend and implement procedural or policy changes to improve operations, such as supply changes or the disposal of records.",Information Ordering,2,0
30,Administrative Services Managers,Conduct classes to teach procedures to staff.,Oral Expression,3,0
30,Administrative Services Managers,Conduct classes to teach procedures to staff.,Oral Comprehension,2,0
30,Administrative Services Managers,Conduct classes to teach procedures to staff.,Written Comprehension,2,0
30,Administrative Services Managers,Conduct classes to teach procedures to staff.,Speech Clarity,2,0
30,Administrative Services Managers,Conduct classes to teach procedures to staff.,Information Ordering,2,0
24,Administrative Services Managers,"Plan, administer, and control budgets for contracts, equipment, and supplies.",Mathematical Reasoning,3,0
24,Administrative Services Managers,"Plan, administer, and control budgets for contracts, equipment, and supplies.",Number Facility,3,0
24,Administrative Services Managers,"Plan, administer, and control budgets for contracts, equipment, and supplies.",Deductive Reasoning,2,0
24,Administrative Services Managers,"Plan, administer, and control budgets for contracts, equipment, and supplies.",Written Comprehension,2,0
24,Administrative Services Managers,"Plan, administer, and control budgets for contracts, equipment, and supplies.",Information Ordering,2,0
26,Administrative Services Managers,Hire and terminate clerical and administrative personnel.,Oral Comprehension,3,0
26,Administrative Services Managers,Hire and terminate clerical and administrative personnel.,Oral Expression,2,0
26,Administrative Services Managers,Hire and terminate clerical and administrative personnel.,Deductive Reasoning,2,0
26,Administrative Services Managers,Hire and terminate clerical and administrative personnel.,Written Comprehension,2,0
26,Administrative Services Managers,Hire and terminate clerical and administrative personnel.,Problem Sensitivity,2,0
19,Administrative Services Managers,"Direct or coordinate the supportive services department of a business, agency, or organization.",Oral Expression,3,0
19,Administrative Services Managers,"Direct or coordinate the supportive services department of a business, agency, or organization.",Deductive Reasoning,2,0
19,Administrative Services Managers,"Direct or coordinate the supportive services department of a business, agency, or organization.",Information Ordering,2,0
19,Administrative Services Managers,"Direct or coordinate the supportive services department of a business, agency, or organization.",Problem Sensitivity,2,0
19,Administrative Services Managers,"Direct or coordinate the supportive services department of a business, agency, or organization.",Time Sharing,2,0
21262,Administrative Services Managers,"Communicate with and provide guidance for external vendors and service providers to ensure the organization, department, or work unit's business needs are met.",Oral Comprehension,3,0
21262,Administrative Services Managers,"Communicate with and provide guidance for external vendors and service providers to ensure the organization, department, or work unit's business needs are met.",Oral Expression,3,0
21262,Administrative Services Managers,"Communicate with and provide guidance for external vendors and service providers to ensure the organization, department, or work unit's business needs are met.",Written Comprehension,2,0
21262,Administrative Services Managers,"Communicate with and provide guidance for external vendors and service providers to ensure the organization, department, or work unit's business needs are met.",Deductive Reasoning,2,0
21262,Administrative Services Managers,"Communicate with and provide guidance for external vendors and service providers to ensure the organization, department, or work unit's business needs are met.",Speech Clarity,2,0
21262,Administrative Services Managers,"Communicate with and provide guidance for external vendors and service providers to ensure the organization, department, or work unit's business needs are met.",Speech Recognition,2,0
21263,Administrative Services Managers,Develop operational standards and procedures for the work unit or department.,Deductive Reasoning,3,0
21263,Administrative Services Managers,Develop operational standards and procedures for the work unit or department.,Written Expression,3,0
21263,Administrative Services Managers,Develop operational standards and procedures for the work unit or department.,Information Ordering,2,0
21263,Administrative Services Managers,Develop operational standards and procedures for the work unit or department.,Written Comprehension,2,0
21263,Administrative Services Managers,Develop operational standards and procedures for the work unit or department.,Problem Sensitivity,2,0
21264,Administrative Services Managers,Establish work procedures or schedules to organize the daily work of administrative staff.,Information Ordering,3,0
21264,Administrative Services Managers,Establish work procedures or schedules to organize the daily work of administrative staff.,Deductive Reasoning,2,0
21264,Administrative Services Managers,Establish work procedures or schedules to organize the daily work of administrative staff.,Written Expression,2,0
21264,Administrative Services Managers,Establish work procedures or schedules to organize the daily work of administrative staff.,Time Sharing,2,0
21264,Administrative Services Managers,Establish work procedures or schedules to organize the daily work of administrative staff.,Problem Sensitivity,1,0
21265,Administrative Services Managers,Learn to operate new office technologies as they are developed and implemented.,Written Comprehension,3,0
21265,Administrative Services Managers,Learn to operate new office technologies as they are developed and implemented.,Inductive Reasoning,2,0
21265,Administrative Services Managers,Learn to operate new office technologies as they are developed and implemented.,Memorization,2,0
21265,Administrative Services Managers,Learn to operate new office technologies as they are developed and implemented.,Finger Dexterity,1,0
21265,Administrative Services Managers,Learn to operate new office technologies as they are developed and implemented.,Near Vision,2,0
21265,Administrative Services Managers,Learn to operate new office technologies as they are developed and implemented.,Deductive Reasoning,1,0
21266,Administrative Services Managers,"Manage paper or electronic filing systems by recording information, updating paperwork, or maintaining documents, such as attendance records or correspondence.",Written Comprehension,3,0
21266,Administrative Services Managers,"Manage paper or electronic filing systems by recording information, updating paperwork, or maintaining documents, such as attendance records or correspondence.",Information Ordering,3,0
21266,Administrative Services Managers,"Manage paper or electronic filing systems by recording information, updating paperwork, or maintaining documents, such as attendance records or correspondence.",Perceptual Speed,2,0
21266,Administrative Services Managers,"Manage paper or electronic filing systems by recording information, updating paperwork, or maintaining documents, such as attendance records or correspondence.",Near Vision,2,0
21266,Administrative Services Managers,"Manage paper or electronic filing systems by recording information, updating paperwork, or maintaining documents, such as attendance records or correspondence.",Memorization,1,0
21266,Administrative Services Managers,"Manage paper or electronic filing systems by recording information, updating paperwork, or maintaining documents, such as attendance records or correspondence.",Finger Dexterity,1,0
21267,Administrative Services Managers,"Meet with other departmental leaders to establish organizational goals, strategic plans, and objectives, as well as make decisions about personnel, resources, and space or equipment needs.",Oral Comprehension,3,0
21267,Administrative Services Managers,"Meet with other departmental leaders to establish organizational goals, strategic plans, and objectives, as well as make decisions about personnel, resources, and space or equipment needs.",Oral Expression,3,0
21267,Administrative Services Managers,"Meet with other departmental leaders to establish organizational goals, strategic plans, and objectives, as well as make decisions about personnel, resources, and space or equipment needs.",Deductive Reasoning,3,0
21267,Administrative Services Managers,"Meet with other departmental leaders to establish organizational goals, strategic plans, and objectives, as well as make decisions about personnel, resources, and space or equipment needs.",Problem Sensitivity,2,0
21267,Administrative Services Managers,"Meet with other departmental leaders to establish organizational goals, strategic plans, and objectives, as well as make decisions about personnel, resources, and space or equipment needs.",Speech Clarity,2,0
21267,Administrative Services Managers,"Meet with other departmental leaders to establish organizational goals, strategic plans, and objectives, as well as make decisions about personnel, resources, and space or equipment needs.",Speech Recognition,2,0
21268,Administrative Services Managers,"Oversee payroll functions, such as maintaining timekeeping information and processing and submitting payroll.",Mathematical Reasoning,3,0
21268,Administrative Services Managers,"Oversee payroll functions, such as maintaining timekeeping information and processing and submitting payroll.",Number Facility,3,0
21268,Administrative Services Managers,"Oversee payroll functions, such as maintaining timekeeping information and processing and submitting payroll.",Written Comprehension,2,0
21268,Administrative Services Managers,"Oversee payroll functions, such as maintaining timekeeping information and processing and submitting payroll.",Information Ordering,2,0
21268,Administrative Services Managers,"Oversee payroll functions, such as maintaining timekeeping information and processing and submitting payroll.",Near Vision,2,0
21268,Administrative Services Managers,"Oversee payroll functions, such as maintaining timekeeping information and processing and submitting payroll.",Deductive Reasoning,1,0
21269,Administrative Services Managers,"Read through contracts, regulations, and procedural guidelines to ensure comprehension and compliance.",Written Comprehension,3,0
21269,Administrative Services Managers,"Read through contracts, regulations, and procedural guidelines to ensure comprehension and compliance.",Deductive Reasoning,3,0
21269,Administrative Services Managers,"Read through contracts, regulations, and procedural guidelines to ensure comprehension and compliance.",Near Vision,2,0
21269,Administrative Services Managers,"Read through contracts, regulations, and procedural guidelines to ensure comprehension and compliance.",Problem Sensitivity,2,0
21269,Administrative Services Managers,"Read through contracts, regulations, and procedural guidelines to ensure comprehension and compliance.",Information Ordering,2,0
21270,Administrative Services Managers,Represent work unit at meetings or conferences and serve as liaison for requests or complaints.,Oral Expression,3,0
21270,Administrative Services Managers,Represent work unit at meetings or conferences and serve as liaison for requests or complaints.,Oral Comprehension,3,0
21270,Administrative Services Managers,Represent work unit at meetings or conferences and serve as liaison for requests or complaints.,Speech Clarity,3,0
21270,Administrative Services Managers,Represent work unit at meetings or conferences and serve as liaison for requests or complaints.,Speech Recognition,2,0
21270,Administrative Services Managers,Represent work unit at meetings or conferences and serve as liaison for requests or complaints.,Deductive Reasoning,2,0
21271,Administrative Services Managers,Supervise administrative staff and provide training and orientation to new staff.,Oral Expression,3,0
21271,Administrative Services Managers,Supervise administrative staff and provide training and orientation to new staff.,Oral Comprehension,2,0
21271,Administrative Services Managers,Supervise administrative staff and provide training and orientation to new staff.,Written Comprehension,2,0
21271,Administrative Services Managers,Supervise administrative staff and provide training and orientation to new staff.,Deductive Reasoning,2,0
21271,Administrative Services Managers,Supervise administrative staff and provide training and orientation to new staff.,Information Ordering,2,0
21271,Administrative Services Managers,Supervise administrative staff and provide training and orientation to new staff.,Problem Sensitivity,2,0
21276,Facilities Managers,"Monitor the facility to ensure that it remains safe, secure, and well-maintained.",Deductive Reasoning,3,0
21276,Facilities Managers,"Monitor the facility to ensure that it remains safe, secure, and well-maintained.",Problem Sensitivity,3,0
21276,Facilities Managers,"Monitor the facility to ensure that it remains safe, secure, and well-maintained.",Far Vision,2,0
21276,Facilities Managers,"Monitor the facility to ensure that it remains safe, secure, and well-maintained.",Near Vision,2,0
21276,Facilities Managers,"Monitor the facility to ensure that it remains safe, secure, and well-maintained.",Inductive Reasoning,2,0
21276,Facilities Managers,"Monitor the facility to ensure that it remains safe, secure, and well-maintained.",Selective Attention,2,0
21276,Facilities Managers,"Monitor the facility to ensure that it remains safe, secure, and well-maintained.",Perceptual Speed,1,0
21278,Facilities Managers,"Oversee the maintenance and repair of machinery, equipment, and electrical and mechanical systems.",Deductive Reasoning,3,0
21278,Facilities Managers,"Oversee the maintenance and repair of machinery, equipment, and electrical and mechanical systems.",Problem Sensitivity,3,0
21278,Facilities Managers,"Oversee the maintenance and repair of machinery, equipment, and electrical and mechanical systems.",Inductive Reasoning,2,0
21278,Facilities Managers,"Oversee the maintenance and repair of machinery, equipment, and electrical and mechanical systems.",Written Comprehension,2,0
21278,Facilities Managers,"Oversee the maintenance and repair of machinery, equipment, and electrical and mechanical systems.",Oral Expression,2,0
21278,Facilities Managers,"Oversee the maintenance and repair of machinery, equipment, and electrical and mechanical systems.",Near Vision,1,0
21277,Facilities Managers,"Oversee construction and renovation projects to improve efficiency and to ensure that facilities meet environmental, health, and security standards, and comply with government regulations.",Deductive Reasoning,3,0
21277,Facilities Managers,"Oversee construction and renovation projects to improve efficiency and to ensure that facilities meet environmental, health, and security standards, and comply with government regulations.",Problem Sensitivity,2,0
21277,Facilities Managers,"Oversee construction and renovation projects to improve efficiency and to ensure that facilities meet environmental, health, and security standards, and comply with government regulations.",Inductive Reasoning,2,0
21277,Facilities Managers,"Oversee construction and renovation projects to improve efficiency and to ensure that facilities meet environmental, health, and security standards, and comply with government regulations.",Written Comprehension,2,0
21277,Facilities Managers,"Oversee construction and renovation projects to improve efficiency and to ensure that facilities meet environmental, health, and security standards, and comply with government regulations.",Visualization,2,0
21277,Facilities Managers,"Oversee construction and renovation projects to improve efficiency and to ensure that facilities meet environmental, health, and security standards, and comply with government regulations.",Oral Expression,2,0
21277,Facilities Managers,"Oversee construction and renovation projects to improve efficiency and to ensure that facilities meet environmental, health, and security standards, and comply with government regulations.",Far Vision,1,0
21280,Facilities Managers,"Plan, administer, and control budgets for contracts, equipment, and supplies.",Mathematical Reasoning,3,0
21280,Facilities Managers,"Plan, administer, and control budgets for contracts, equipment, and supplies.",Number Facility,3,0
21280,Facilities Managers,"Plan, administer, and control budgets for contracts, equipment, and supplies.",Deductive Reasoning,2,0
21280,Facilities Managers,"Plan, administer, and control budgets for contracts, equipment, and supplies.",Written Comprehension,2,0
21280,Facilities Managers,"Plan, administer, and control budgets for contracts, equipment, and supplies.",Information Ordering,2,0
21279,Facilities Managers,"Participate in architectural and engineering planning and design, including space and installation management.",Deductive Reasoning,3,0
21279,Facilities Managers,"Participate in architectural and engineering planning and design, including space and installation management.",Visualization,3,0
21279,Facilities Managers,"Participate in architectural and engineering planning and design, including space and installation management.",Spatial Orientation,3,0
21279,Facilities Managers,"Participate in architectural and engineering planning and design, including space and installation management.",Inductive Reasoning,2,0
21279,Facilities Managers,"Participate in architectural and engineering planning and design, including space and installation management.",Written Comprehension,2,0
21279,Facilities Managers,"Participate in architectural and engineering planning and design, including space and installation management.",Near Vision,2,0
21282,Facilities Managers,Set goals and deadlines for the department.,Deductive Reasoning,3,0
21282,Facilities Managers,Set goals and deadlines for the department.,Information Ordering,2,0
21282,Facilities Managers,Set goals and deadlines for the department.,Oral Expression,2,0
21282,Facilities Managers,Set goals and deadlines for the department.,Written Expression,2,0
21282,Facilities Managers,Set goals and deadlines for the department.,Problem Sensitivity,2,0
21273,Facilities Managers,Conduct classes to teach procedures to staff.,Oral Expression,3,0
21273,Facilities Managers,Conduct classes to teach procedures to staff.,Oral Comprehension,2,0
21273,Facilities Managers,Conduct classes to teach procedures to staff.,Written Comprehension,2,0
21273,Facilities Managers,Conduct classes to teach procedures to staff.,Speech Clarity,2,0
21273,Facilities Managers,Conduct classes to teach procedures to staff.,Information Ordering,2,0
21281,Facilities Managers,Prepare and review operational reports and schedules to ensure accuracy and efficiency.,Written Comprehension,3,0
21281,Facilities Managers,Prepare and review operational reports and schedules to ensure accuracy and efficiency.,Deductive Reasoning,2,0
21281,Facilities Managers,Prepare and review operational reports and schedules to ensure accuracy and efficiency.,Information Ordering,2,0
21281,Facilities Managers,Prepare and review operational reports and schedules to ensure accuracy and efficiency.,Number Facility,2,0
21281,Facilities Managers,Prepare and review operational reports and schedules to ensure accuracy and efficiency.,Near Vision,2,0
21281,Facilities Managers,Prepare and review operational reports and schedules to ensure accuracy and efficiency.,Perceptual Speed,2,0
21272,Facilities Managers,"Acquire, distribute and store supplies.",Information Ordering,2,0
21272,Facilities Managers,"Acquire, distribute and store supplies.",Deductive Reasoning,2,0
21272,Facilities Managers,"Acquire, distribute and store supplies.",Written Comprehension,2,0
21272,Facilities Managers,"Acquire, distribute and store supplies.",Number Facility,1,0
21272,Facilities Managers,"Acquire, distribute and store supplies.",Near Vision,1,0
21274,Facilities Managers,"Dispose of, or oversee the disposal of, surplus or unclaimed property.",Written Comprehension,2,0
21274,Facilities Managers,"Dispose of, or oversee the disposal of, surplus or unclaimed property.",Deductive Reasoning,2,0
21274,Facilities Managers,"Dispose of, or oversee the disposal of, surplus or unclaimed property.",Information Ordering,2,0
21274,Facilities Managers,"Dispose of, or oversee the disposal of, surplus or unclaimed property.",Problem Sensitivity,1,0
21274,Facilities Managers,"Dispose of, or oversee the disposal of, surplus or unclaimed property.",Near Vision,1,0
21275,Facilities Managers,Manage leasing of facility space.,Deductive Reasoning,3,0
21275,Facilities Managers,Manage leasing of facility space.,Written Comprehension,2,0
21275,Facilities Managers,Manage leasing of facility space.,Mathematical Reasoning,2,0
21275,Facilities Managers,Manage leasing of facility space.,Oral Expression,2,0
21275,Facilities Managers,Manage leasing of facility space.,Number Facility,1,0
21291,Security Managers,Develop budgets for security operations.,Mathematical Reasoning,3,0
21291,Security Managers,Develop budgets for security operations.,Number Facility,3,0
21291,Security Managers,Develop budgets for security operations.,Deductive Reasoning,2,0
21291,Security Managers,Develop budgets for security operations.,Written Comprehension,2,0
21291,Security Managers,Develop budgets for security operations.,Information Ordering,2,0
21298,Security Managers,"Identify, investigate, or resolve security breaches.",Inductive Reasoning,3,0
21298,Security Managers,"Identify, investigate, or resolve security breaches.",Deductive Reasoning,3,0
21298,Security Managers,"Identify, investigate, or resolve security breaches.",Problem Sensitivity,3,0
21298,Security Managers,"Identify, investigate, or resolve security breaches.",Written Comprehension,2,0
21298,Security Managers,"Identify, investigate, or resolve security breaches.",Information Ordering,2,0
21298,Security Managers,"Identify, investigate, or resolve security breaches.",Near Vision,1,0
21302,Security Managers,"Plan, direct, or coordinate security activities to safeguard company employees, guests, or others on company property.",Deductive Reasoning,3,0
21302,Security Managers,"Plan, direct, or coordinate security activities to safeguard company employees, guests, or others on company property.",Information Ordering,3,0
21302,Security Managers,"Plan, direct, or coordinate security activities to safeguard company employees, guests, or others on company property.",Problem Sensitivity,3,0
21302,Security Managers,"Plan, direct, or coordinate security activities to safeguard company employees, guests, or others on company property.",Oral Expression,2,0
21302,Security Managers,"Plan, direct, or coordinate security activities to safeguard company employees, guests, or others on company property.",Time Sharing,2,0
21297,Security Managers,Direct or participate in emergency management and contingency planning.,Deductive Reasoning,3,0
21297,Security Managers,Direct or participate in emergency management and contingency planning.,Problem Sensitivity,3,0
21297,Security Managers,Direct or participate in emergency management and contingency planning.,Information Ordering,2,0
21297,Security Managers,Direct or participate in emergency management and contingency planning.,Written Expression,2,0
21297,Security Managers,Direct or participate in emergency management and contingency planning.,Oral Expression,2,0
21297,Security Managers,Direct or participate in emergency management and contingency planning.,Time Sharing,2,0
21305,Security Managers,"Respond to medical emergencies, bomb threats, fire alarms, or intrusion alarms, following emergency response procedures.",Reaction Time,3,0
21305,Security Managers,"Respond to medical emergencies, bomb threats, fire alarms, or intrusion alarms, following emergency response procedures.",Problem Sensitivity,3,0
21305,Security Managers,"Respond to medical emergencies, bomb threats, fire alarms, or intrusion alarms, following emergency response procedures.",Response Orientation,3,0
21305,Security Managers,"Respond to medical emergencies, bomb threats, fire alarms, or intrusion alarms, following emergency response procedures.",Oral Expression,2,0
21305,Security Managers,"Respond to medical emergencies, bomb threats, fire alarms, or intrusion alarms, following emergency response procedures.",Deductive Reasoning,2,0
21305,Security Managers,"Respond to medical emergencies, bomb threats, fire alarms, or intrusion alarms, following emergency response procedures.",Hearing Sensitivity,2,0
21305,Security Managers,"Respond to medical emergencies, bomb threats, fire alarms, or intrusion alarms, following emergency response procedures.",Auditory Attention,2,0
21283,Security Managers,"Analyze and evaluate security operations to identify risks or opportunities for improvement through auditing, review, or assessment.",Inductive Reasoning,3,0
21283,Security Managers,"Analyze and evaluate security operations to identify risks or opportunities for improvement through auditing, review, or assessment.",Deductive Reasoning,3,0
21283,Security Managers,"Analyze and evaluate security operations to identify risks or opportunities for improvement through auditing, review, or assessment.",Problem Sensitivity,3,0
21283,Security Managers,"Analyze and evaluate security operations to identify risks or opportunities for improvement through auditing, review, or assessment.",Written Comprehension,2,0
21283,Security Managers,"Analyze and evaluate security operations to identify risks or opportunities for improvement through auditing, review, or assessment.",Information Ordering,2,0
21283,Security Managers,"Analyze and evaluate security operations to identify risks or opportunities for improvement through auditing, review, or assessment.",Category Flexibility,2,0
21290,Security Managers,"Create or implement security standards, policies, and procedures.",Deductive Reasoning,3,0
21290,Security Managers,"Create or implement security standards, policies, and procedures.",Written Expression,3,0
21290,Security Managers,"Create or implement security standards, policies, and procedures.",Information Ordering,2,0
21290,Security Managers,"Create or implement security standards, policies, and procedures.",Problem Sensitivity,2,0
21290,Security Managers,"Create or implement security standards, policies, and procedures.",Written Comprehension,2,0
21284,Security Managers,Assess risks to mitigate potential consequences of incidents and develop a plan to respond to incidents.,Inductive Reasoning,3,0
21284,Security Managers,Assess risks to mitigate potential consequences of incidents and develop a plan to respond to incidents.,Deductive Reasoning,3,0
21284,Security Managers,Assess risks to mitigate potential consequences of incidents and develop a plan to respond to incidents.,Problem Sensitivity,3,0
21284,Security Managers,Assess risks to mitigate potential consequences of incidents and develop a plan to respond to incidents.,Written Expression,2,0
21284,Security Managers,Assess risks to mitigate potential consequences of incidents and develop a plan to respond to incidents.,Information Ordering,2,0
21307,Security Managers,"Supervise or provide leadership to subordinate security professionals, performing activities such as hiring, investigating applicants' backgrounds, training, assigning work, evaluating performance, or disciplining.",Oral Expression,3,0
21307,Security Managers,"Supervise or provide leadership to subordinate security professionals, performing activities such as hiring, investigating applicants' backgrounds, training, assigning work, evaluating performance, or disciplining.",Oral Comprehension,2,0
21307,Security Managers,"Supervise or provide leadership to subordinate security professionals, performing activities such as hiring, investigating applicants' backgrounds, training, assigning work, evaluating performance, or disciplining.",Deductive Reasoning,2,0
21307,Security Managers,"Supervise or provide leadership to subordinate security professionals, performing activities such as hiring, investigating applicants' backgrounds, training, assigning work, evaluating performance, or disciplining.",Problem Sensitivity,2,0
21307,Security Managers,"Supervise or provide leadership to subordinate security professionals, performing activities such as hiring, investigating applicants' backgrounds, training, assigning work, evaluating performance, or disciplining.",Written Comprehension,2,0
21307,Security Managers,"Supervise or provide leadership to subordinate security professionals, performing activities such as hiring, investigating applicants' backgrounds, training, assigning work, evaluating performance, or disciplining.",Information Ordering,2,0
21295,Security Managers,"Develop, implement, manage, or evaluate policies and methods to protect personnel against harassment, threats, or violence.",Deductive Reasoning,3,0
21295,Security Managers,"Develop, implement, manage, or evaluate policies and methods to protect personnel against harassment, threats, or violence.",Problem Sensitivity,3,0
21295,Security Managers,"Develop, implement, manage, or evaluate policies and methods to protect personnel against harassment, threats, or violence.",Written Expression,2,0
21295,Security Managers,"Develop, implement, manage, or evaluate policies and methods to protect personnel against harassment, threats, or violence.",Written Comprehension,2,0
21295,Security Managers,"Develop, implement, manage, or evaluate policies and methods to protect personnel against harassment, threats, or violence.",Information Ordering,2,0
21295,Security Managers,"Develop, implement, manage, or evaluate policies and methods to protect personnel against harassment, threats, or violence.",Inductive Reasoning,2,0
21296,Security Managers,"Develop, recommend, or manage security procedures for operations or processes, such as security call centers, access control, and reporting tools.",Deductive Reasoning,3,0
21296,Security Managers,"Develop, recommend, or manage security procedures for operations or processes, such as security call centers, access control, and reporting tools.",Information Ordering,2,0
21296,Security Managers,"Develop, recommend, or manage security procedures for operations or processes, such as security call centers, access control, and reporting tools.",Written Expression,2,0
21296,Security Managers,"Develop, recommend, or manage security procedures for operations or processes, such as security call centers, access control, and reporting tools.",Problem Sensitivity,2,0
21296,Security Managers,"Develop, recommend, or manage security procedures for operations or processes, such as security call centers, access control, and reporting tools.",Written Comprehension,2,0
21301,Security Managers,Plan security for special and high-risk events.,Deductive Reasoning,3,0
21301,Security Managers,Plan security for special and high-risk events.,Problem Sensitivity,3,0
21301,Security Managers,Plan security for special and high-risk events.,Information Ordering,2,0
21301,Security Managers,Plan security for special and high-risk events.,Inductive Reasoning,2,0
21301,Security Managers,Plan security for special and high-risk events.,Time Sharing,2,0
21301,Security Managers,Plan security for special and high-risk events.,Visualization,1,0
21288,Security Managers,"Conduct threat or vulnerability analyses to determine probable frequency, criticality, consequence, or severity of natural or man-made disasters or criminal activity on the organization's profitability or delivery of products or services.",Inductive Reasoning,3,0
21288,Security Managers,"Conduct threat or vulnerability analyses to determine probable frequency, criticality, consequence, or severity of natural or man-made disasters or criminal activity on the organization's profitability or delivery of products or services.",Deductive Reasoning,3,0
21288,Security Managers,"Conduct threat or vulnerability analyses to determine probable frequency, criticality, consequence, or severity of natural or man-made disasters or criminal activity on the organization's profitability or delivery of products or services.",Mathematical Reasoning,2,0
21288,Security Managers,"Conduct threat or vulnerability analyses to determine probable frequency, criticality, consequence, or severity of natural or man-made disasters or criminal activity on the organization's profitability or delivery of products or services.",Problem Sensitivity,3,0
21288,Security Managers,"Conduct threat or vulnerability analyses to determine probable frequency, criticality, consequence, or severity of natural or man-made disasters or criminal activity on the organization's profitability or delivery of products or services.",Written Expression,2,0
21288,Security Managers,"Conduct threat or vulnerability analyses to determine probable frequency, criticality, consequence, or severity of natural or man-made disasters or criminal activity on the organization's profitability or delivery of products or services.",Written Comprehension,2,0
21287,Security Managers,Conduct physical examinations of property to ensure compliance with security policies and regulations.,Deductive Reasoning,2,0
21287,Security Managers,Conduct physical examinations of property to ensure compliance with security policies and regulations.,Problem Sensitivity,2,0
21287,Security Managers,Conduct physical examinations of property to ensure compliance with security policies and regulations.,Far Vision,2,0
21287,Security Managers,Conduct physical examinations of property to ensure compliance with security policies and regulations.,Near Vision,2,0
21287,Security Managers,Conduct physical examinations of property to ensure compliance with security policies and regulations.,Perceptual Speed,2,0
21287,Security Managers,Conduct physical examinations of property to ensure compliance with security policies and regulations.,Selective Attention,2,0
21287,Security Managers,Conduct physical examinations of property to ensure compliance with security policies and regulations.,Written Comprehension,1,0
21300,Security Managers,"Monitor security policies, programs or procedures to ensure compliance with internal security policies, or applicable government security requirements, policies, and directives.",Deductive Reasoning,3,0
21300,Security Managers,"Monitor security policies, programs or procedures to ensure compliance with internal security policies, or applicable government security requirements, policies, and directives.",Written Comprehension,2,0
21300,Security Managers,"Monitor security policies, programs or procedures to ensure compliance with internal security policies, or applicable government security requirements, policies, and directives.",Information Ordering,2,0
21300,Security Managers,"Monitor security policies, programs or procedures to ensure compliance with internal security policies, or applicable government security requirements, policies, and directives.",Problem Sensitivity,2,0
21300,Security Managers,"Monitor security policies, programs or procedures to ensure compliance with internal security policies, or applicable government security requirements, policies, and directives.",Selective Attention,2,0
21289,Security Managers,"Coordinate security operations or activities with public law enforcement, fire and other agencies.",Oral Expression,3,0
21289,Security Managers,"Coordinate security operations or activities with public law enforcement, fire and other agencies.",Oral Comprehension,3,0
21289,Security Managers,"Coordinate security operations or activities with public law enforcement, fire and other agencies.",Speech Clarity,2,0
21289,Security Managers,"Coordinate security operations or activities with public law enforcement, fire and other agencies.",Speech Recognition,2,0
21289,Security Managers,"Coordinate security operations or activities with public law enforcement, fire and other agencies.",Problem Sensitivity,2,0
21289,Security Managers,"Coordinate security operations or activities with public law enforcement, fire and other agencies.",Information Ordering,2,0
21299,Security Managers,"Monitor and ensure a sound, ethical environment.",Deductive Reasoning,3,0
21299,Security Managers,"Monitor and ensure a sound, ethical environment.",Problem Sensitivity,2,0
21299,Security Managers,"Monitor and ensure a sound, ethical environment.",Inductive Reasoning,2,0
21299,Security Managers,"Monitor and ensure a sound, ethical environment.",Written Comprehension,2,0
21299,Security Managers,"Monitor and ensure a sound, ethical environment.",Selective Attention,2,0
21310,Security Managers,"Write or review security-related documents, such as incident reports, proposals, and tactical or strategic initiatives.",Written Expression,3,0
21310,Security Managers,"Write or review security-related documents, such as incident reports, proposals, and tactical or strategic initiatives.",Written Comprehension,3,0
21310,Security Managers,"Write or review security-related documents, such as incident reports, proposals, and tactical or strategic initiatives.",Deductive Reasoning,2,0
21310,Security Managers,"Write or review security-related documents, such as incident reports, proposals, and tactical or strategic initiatives.",Near Vision,2,0
21310,Security Managers,"Write or review security-related documents, such as incident reports, proposals, and tactical or strategic initiatives.",Information Ordering,2,0
21286,Security Managers,"Communicate security status, updates, and actual or potential problems, using established protocols.",Oral Expression,3,0
21286,Security Managers,"Communicate security status, updates, and actual or potential problems, using established protocols.",Oral Comprehension,2,0
21286,Security Managers,"Communicate security status, updates, and actual or potential problems, using established protocols.",Written Expression,2,0
21286,Security Managers,"Communicate security status, updates, and actual or potential problems, using established protocols.",Speech Clarity,2,0
21286,Security Managers,"Communicate security status, updates, and actual or potential problems, using established protocols.",Information Ordering,2,0
21286,Security Managers,"Communicate security status, updates, and actual or potential problems, using established protocols.",Problem Sensitivity,2,0
21309,Security Managers,Train subordinate security professionals or other organization members in security rules and procedures.,Oral Expression,3,0
21309,Security Managers,Train subordinate security professionals or other organization members in security rules and procedures.,Oral Comprehension,2,0
21309,Security Managers,Train subordinate security professionals or other organization members in security rules and procedures.,Written Comprehension,2,0
21309,Security Managers,Train subordinate security professionals or other organization members in security rules and procedures.,Speech Clarity,2,0
21309,Security Managers,Train subordinate security professionals or other organization members in security rules and procedures.,Information Ordering,2,0
21309,Security Managers,Train subordinate security professionals or other organization members in security rules and procedures.,Deductive Reasoning,2,0
21292,Security Managers,"Develop or manage investigation programs, including collection and preservation of video and notes of surveillance processes or investigative interviews.",Inductive Reasoning,3,0
21292,Security Managers,"Develop or manage investigation programs, including collection and preservation of video and notes of surveillance processes or investigative interviews.",Deductive Reasoning,2,0
21292,Security Managers,"Develop or manage investigation programs, including collection and preservation of video and notes of surveillance processes or investigative interviews.",Problem Sensitivity,2,0
21292,Security Managers,"Develop or manage investigation programs, including collection and preservation of video and notes of surveillance processes or investigative interviews.",Information Ordering,2,0
21292,Security Managers,"Develop or manage investigation programs, including collection and preservation of video and notes of surveillance processes or investigative interviews.",Written Comprehension,2,0
21292,Security Managers,"Develop or manage investigation programs, including collection and preservation of video and notes of surveillance processes or investigative interviews.",Near Vision,1,0
21303,Security Managers,"Prepare reports or make presentations on internal investigations, losses, or violations of regulations, policies and procedures.",Written Expression,3,0
21303,Security Managers,"Prepare reports or make presentations on internal investigations, losses, or violations of regulations, policies and procedures.",Oral Expression,3,0
21303,Security Managers,"Prepare reports or make presentations on internal investigations, losses, or violations of regulations, policies and procedures.",Written Comprehension,2,0
21303,Security Managers,"Prepare reports or make presentations on internal investigations, losses, or violations of regulations, policies and procedures.",Speech Clarity,2,0
21303,Security Managers,"Prepare reports or make presentations on internal investigations, losses, or violations of regulations, policies and procedures.",Information Ordering,2,0
21303,Security Managers,"Prepare reports or make presentations on internal investigations, losses, or violations of regulations, policies and procedures.",Deductive Reasoning,2,0
21285,Security Managers,"Attend meetings, professional seminars, or conferences to keep abreast of changes in executive legislative directives or new technologies impacting security operations.",Oral Comprehension,3,0
21285,Security Managers,"Attend meetings, professional seminars, or conferences to keep abreast of changes in executive legislative directives or new technologies impacting security operations.",Written Comprehension,2,0
21285,Security Managers,"Attend meetings, professional seminars, or conferences to keep abreast of changes in executive legislative directives or new technologies impacting security operations.",Deductive Reasoning,2,0
21285,Security Managers,"Attend meetings, professional seminars, or conferences to keep abreast of changes in executive legislative directives or new technologies impacting security operations.",Speech Recognition,2,0
21285,Security Managers,"Attend meetings, professional seminars, or conferences to keep abreast of changes in executive legislative directives or new technologies impacting security operations.",Memorization,2,0
21304,Security Managers,"Purchase security-related supplies, equipment, or technology.",Deductive Reasoning,2,0
21304,Security Managers,"Purchase security-related supplies, equipment, or technology.",Written Comprehension,2,0
21304,Security Managers,"Purchase security-related supplies, equipment, or technology.",Mathematical Reasoning,2,0
21304,Security Managers,"Purchase security-related supplies, equipment, or technology.",Number Facility,1,0
21304,Security Managers,"Purchase security-related supplies, equipment, or technology.",Inductive Reasoning,2,0
21293,Security Managers,"Develop, arrange for, perform, or assess executive protection activities to reduce security risks.",Deductive Reasoning,3,0
21293,Security Managers,"Develop, arrange for, perform, or assess executive protection activities to reduce security risks.",Problem Sensitivity,3,0
21293,Security Managers,"Develop, arrange for, perform, or assess executive protection activities to reduce security risks.",Inductive Reasoning,2,0
21293,Security Managers,"Develop, arrange for, perform, or assess executive protection activities to reduce security risks.",Information Ordering,2,0
21293,Security Managers,"Develop, arrange for, perform, or assess executive protection activities to reduce security risks.",Oral Expression,2,0
21293,Security Managers,"Develop, arrange for, perform, or assess executive protection activities to reduce security risks.",Reaction Time,1,0
21306,Security Managers,Review financial reports to ensure efficiency and quality of security operations.,Written Comprehension,3,0
21306,Security Managers,Review financial reports to ensure efficiency and quality of security operations.,Mathematical Reasoning,2,0
21306,Security Managers,Review financial reports to ensure efficiency and quality of security operations.,Number Facility,2,0
21306,Security Managers,Review financial reports to ensure efficiency and quality of security operations.,Deductive Reasoning,2,0
21306,Security Managers,Review financial reports to ensure efficiency and quality of security operations.,Near Vision,2,0
21306,Security Managers,Review financial reports to ensure efficiency and quality of security operations.,Inductive Reasoning,1,0
21294,Security Managers,"Develop, conduct, support, or assist in governmental reviews, internal corporate evaluations, or assessments of the overall effectiveness of facility and personnel security processes.",Deductive Reasoning,3,0
21294,Security Managers,"Develop, conduct, support, or assist in governmental reviews, internal corporate evaluations, or assessments of the overall effectiveness of facility and personnel security processes.",Inductive Reasoning,2,0
21294,Security Managers,"Develop, conduct, support, or assist in governmental reviews, internal corporate evaluations, or assessments of the overall effectiveness of facility and personnel security processes.",Written Comprehension,2,0
21294,Security Managers,"Develop, conduct, support, or assist in governmental reviews, internal corporate evaluations, or assessments of the overall effectiveness of facility and personnel security processes.",Written Expression,2,0
21294,Security Managers,"Develop, conduct, support, or assist in governmental reviews, internal corporate evaluations, or assessments of the overall effectiveness of facility and personnel security processes.",Problem Sensitivity,2,0
21294,Security Managers,"Develop, conduct, support, or assist in governmental reviews, internal corporate evaluations, or assessments of the overall effectiveness of facility and personnel security processes.",Information Ordering,2,0
21308,Security Managers,Support efforts to reduce substance abuse or other illegal activities in the workplace.,Problem Sensitivity,3,0
21308,Security Managers,Support efforts to reduce substance abuse or other illegal activities in the workplace.,Oral Expression,2,0
21308,Security Managers,Support efforts to reduce substance abuse or other illegal activities in the workplace.,Oral Comprehension,2,0
21308,Security Managers,Support efforts to reduce substance abuse or other illegal activities in the workplace.,Deductive Reasoning,2,0
21308,Security Managers,Support efforts to reduce substance abuse or other illegal activities in the workplace.,Written Comprehension,1,0
968,Computer and Information Systems Managers,"Direct daily operations of department, analyzing workflow, establishing priorities, developing standards and setting deadlines.",Deductive Reasoning,3,0
968,Computer and Information Systems Managers,"Direct daily operations of department, analyzing workflow, establishing priorities, developing standards and setting deadlines.",Inductive Reasoning,2,0
968,Computer and Information Systems Managers,"Direct daily operations of department, analyzing workflow, establishing priorities, developing standards and setting deadlines.",Information Ordering,3,0
968,Computer and Information Systems Managers,"Direct daily operations of department, analyzing workflow, establishing priorities, developing standards and setting deadlines.",Problem Sensitivity,2,0
968,Computer and Information Systems Managers,"Direct daily operations of department, analyzing workflow, establishing priorities, developing standards and setting deadlines.",Time Sharing,2,0
968,Computer and Information Systems Managers,"Direct daily operations of department, analyzing workflow, establishing priorities, developing standards and setting deadlines.",Oral Expression,2,0
975,Computer and Information Systems Managers,"Meet with department heads, managers, supervisors, vendors, and others, to solicit cooperation and resolve problems.",Oral Comprehension,3,0
975,Computer and Information Systems Managers,"Meet with department heads, managers, supervisors, vendors, and others, to solicit cooperation and resolve problems.",Oral Expression,3,0
975,Computer and Information Systems Managers,"Meet with department heads, managers, supervisors, vendors, and others, to solicit cooperation and resolve problems.",Speech Clarity,2,0
975,Computer and Information Systems Managers,"Meet with department heads, managers, supervisors, vendors, and others, to solicit cooperation and resolve problems.",Speech Recognition,2,0
975,Computer and Information Systems Managers,"Meet with department heads, managers, supervisors, vendors, and others, to solicit cooperation and resolve problems.",Deductive Reasoning,2,0
975,Computer and Information Systems Managers,"Meet with department heads, managers, supervisors, vendors, and others, to solicit cooperation and resolve problems.",Problem Sensitivity,2,0
978,Computer and Information Systems Managers,Review project plans to plan and coordinate project activity.,Written Comprehension,3,0
978,Computer and Information Systems Managers,Review project plans to plan and coordinate project activity.,Deductive Reasoning,2,0
978,Computer and Information Systems Managers,Review project plans to plan and coordinate project activity.,Information Ordering,2,0
978,Computer and Information Systems Managers,Review project plans to plan and coordinate project activity.,Inductive Reasoning,2,0
978,Computer and Information Systems Managers,Review project plans to plan and coordinate project activity.,Near Vision,2,0
978,Computer and Information Systems Managers,Review project plans to plan and coordinate project activity.,Problem Sensitivity,2,0
969,Computer and Information Systems Managers,"Assign and review the work of systems analysts, programmers, and other computer-related workers.",Oral Expression,3,0
969,Computer and Information Systems Managers,"Assign and review the work of systems analysts, programmers, and other computer-related workers.",Deductive Reasoning,2,0
969,Computer and Information Systems Managers,"Assign and review the work of systems analysts, programmers, and other computer-related workers.",Written Comprehension,2,0
969,Computer and Information Systems Managers,"Assign and review the work of systems analysts, programmers, and other computer-related workers.",Problem Sensitivity,2,0
969,Computer and Information Systems Managers,"Assign and review the work of systems analysts, programmers, and other computer-related workers.",Information Ordering,2,0
