task_id,occupation,task_text,ability_name,weight,uncertain
8823,Chief Executives,"Direct or coordinate an organization's financial or budget activities to fund operations, maximize investments, or increase efficiency.",Deductive Reasoning,3,0
8823,Chief Executives,"Direct or coordinate an organization's financial or budget activities to fund operations, maximize investments, or increase efficiency.",Mathematical Reasoning,3,0
8823,Chief Executives,"Direct or coordinate an organization's financial or budget activities to fund operations, maximize investments, or increase efficiency.",Inductive Reasoning,2,0
8823,Chief Executives,"Direct or coordinate an organization's financial or budget activities to fund operations, maximize investments, or increase efficiency.",Problem Sensitivity,2,0
8823,Chief Executives,"Direct or coordinate an organization's financial or budget activities to fund operations, maximize investments, or increase efficiency.",Number Facility,2,0
8823,Chief Executives,"Direct or coordinate an organization's financial or budget activities to fund operations, maximize investments, or increase efficiency.",Information Ordering,2,0
8823,Chief Executives,"Direct or coordinate an organization's financial or budget activities to fund operations, maximize investments, or increase efficiency.",Written Comprehension,1,0
8824,Chief Executives,"Confer with board members, organization officials, or staff members to discuss issues, coordinate activities, or resolve problems.",Oral Comprehension,3,0
8824,Chief Executives,"Confer with board members, organization officials, or staff members to discuss issues, coordinate activities, or resolve problems.",Oral Expression,3,0
8824,Chief Executives,"Confer with board members, organization officials, or staff members to discuss issues, coordinate activities, or resolve problems.",Speech Recognition,2,0
8824,Chief Executives,"Confer with board members, organization officials, or staff members to discuss issues, coordinate activities, or resolve problems.",Speech Clarity,2,0
8824,Chief Executives,"Confer with board members, organization officials, or staff members to discuss issues, coordinate activities, or resolve problems.",Deductive Reasoning,2,0
8824,Chief Executives,"Confer with board members, organization officials, or staff members to discuss issues, coordinate activities, or resolve problems.",Problem Sensitivity,2,0
8827,Chief Executives,"Prepare budgets for approval, including those for funding or implementation of programs.",Mathematical Reasoning,3,0
8827,Chief Executives,"Prepare budgets for approval, including those for funding or implementation of programs.",Number Facility,3,0
8827,Chief Executives,"Prepare budgets for approval, including those for funding or implementation of programs.",Written Expression,2,0
8827,Chief Executives,"Prepare budgets for approval, including those for funding or implementation of programs.",Deductive Reasoning,2,0
8827,Chief Executives,"Prepare budgets for approval, including those for funding or implementation of programs.",Information Ordering,2,0
8827,Chief Executives,"Prepare budgets for approval, including those for funding or implementation of programs.",Written Comprehension,1,0
8826,Chief Executives,"Direct, plan, or implement policies, objectives, or activities of organizations or businesses to ensure continuing operations, to maximize returns on investments, or to increase productivity.",Deductive Reasoning,3,0
8826,Chief Executives,"Direct, plan, or implement policies, objectives, or activities of organizations or businesses to ensure continuing operations, to maximize returns on investments, or to increase productivity.",Inductive Reasoning,3,0
8826,Chief Executives,"Direct, plan, or implement policies, objectives, or activities of organizations or businesses to ensure continuing operations, to maximize returns on investments, or to increase productivity.",Problem Sensitivity,2,0
8826,Chief Executives,"Direct, plan, or implement policies, objectives, or activities of organizations or businesses to ensure continuing operations, to maximize returns on investments, or to increase productivity.",Information Ordering,2,0
8826,Chief Executives,"Direct, plan, or implement policies, objectives, or activities of organizations or businesses to ensure continuing operations, to maximize returns on investments, or to increase productivity.",Oral Expression,2,0
8826,Chief Executives,"Direct, plan, or implement policies, objectives, or activities of organizations or businesses to ensure continuing operations, to maximize returns on investments, or to increase productivity.",Written Comprehension,2,0
8826,Chief Executives,"Direct, plan, or implement policies, objectives, or activities of organizations or businesses to ensure continuing operations, to maximize returns on investments, or to increase productivity.",Fluency of Ideas,1,0
8834,Chief Executives,"Prepare or present reports concerning activities, expenses, budgets, government statutes or rulings, or other items affecting businesses or program services.",Written Expression,3,0
8834,Chief Executives,"Prepare or present reports concerning activities, expenses, budgets, government statutes or rulings, or other items affecting businesses or program services.",Number Facility,2,0
8834,Chief Executives,"Prepare or present reports concerning activities, expenses, budgets, government statutes or rulings, or other items affecting businesses or program services.",Mathematical Reasoning,2,0
8834,Chief Executives,"Prepare or present reports concerning activities, expenses, budgets, government statutes or rulings, or other items affecting businesses or program services.",Oral Expression,2,0
8834,Chief Executives,"Prepare or present reports concerning activities, expenses, budgets, government statutes or rulings, or other items affecting businesses or program services.",Written Comprehension,2,0
8834,Chief Executives,"Prepare or present reports concerning activities, expenses, budgets, government statutes or rulings, or other items affecting businesses or program services.",Information Ordering,2,0
8836,Chief Executives,Implement corrective action plans to solve organizational or departmental problems.,Problem Sensitivity,3,0
8836,Chief Executives,Implement corrective action plans to solve organizational or departmental problems.,Deductive Reasoning,3,0
8836,Chief Executives,Implement corrective action plans to solve organizational or departmental problems.,Inductive Reasoning,2,0
8836,Chief Executives,Implement corrective action plans to solve organizational or departmental problems.,Information Ordering,2,0
8836,Chief Executives,Implement corrective action plans to solve organizational or departmental problems.,Oral Expression,2,0
8836,Chief Executives,Implement corrective action plans to solve organizational or departmental problems.,Written Expression,1,0
8825,Chief Executives,"Analyze operations to evaluate performance of a company or its staff in meeting objectives or to determine areas of potential cost reduction, program improvement, or policy change.",Inductive Reasoning,3,0
8825,Chief Executives,"Analyze operations to evaluate performance of a company or its staff in meeting objectives or to determine areas of potential cost reduction, program improvement, or policy change.",Deductive Reasoning,3,0
8825,Chief Executives,"Analyze operations to evaluate performance of a company or its staff in meeting objectives or to determine areas of potential cost reduction, program improvement, or policy change.",Mathematical Reasoning,2,0
8825,Chief Executives,"Analyze operations to evaluate performance of a company or its staff in meeting objectives or to determine areas of potential cost reduction, program improvement, or policy change.",Number Facility,2,0
8825,Chief Executives,"Analyze operations to evaluate performance of a company or its staff in meeting objectives or to determine areas of potential cost reduction, program improvement, or policy change.",Problem Sensitivity,2,0
8825,Chief Executives,"Analyze operations to evaluate performance of a company or its staff in meeting objectives or to determine areas of potential cost reduction, program improvement, or policy change.",Written Comprehension,2,0
8825,Chief Executives,"Analyze operations to evaluate performance of a company or its staff in meeting objectives or to determine areas of potential cost reduction, program improvement, or policy change.",Perceptual Speed,1,0
8828,Chief Executives,"Direct or coordinate activities of businesses or departments concerned with production, pricing, sales, or distribution of products.",Oral Expression,3,0
8828,Chief Executives,"Direct or coordinate activities of businesses or departments concerned with production, pricing, sales, or distribution of products.",Deductive Reasoning,2,0
8828,Chief Executives,"Direct or coordinate activities of businesses or departments concerned with production, pricing, sales, or distribution of products.",Information Ordering,2,0
8828,Chief Executives,"Direct or coordinate activities of businesses or departments concerned with production, pricing, sales, or distribution of products.",Problem Sensitivity,2,0
8828,Chief Executives,"Direct or coordinate activities of businesses or departments concerned with production, pricing, sales, or distribution of products.",Mathematical Reasoning,2,0
8828,Chief Executives,"Direct or coordinate activities of businesses or departments concerned with production, pricing, sales, or distribution of products.",Written Comprehension,1,0
8832,Chief Executives,"Direct human resources activities, including the approval of human resource plans or activities, the selection of directors or other high-level staff, or establishment or organization of major departments.",Deductive Reasoning,3,0
8832,Chief Executives,"Direct human resources activities, including the approval of human resource plans or activities, the selection of directors or other high-level staff, or establishment or organization of major departments.",Oral Expression,2,0
8832,Chief Executives,"Direct human resources activities, including the approval of human resource plans or activities, the selection of directors or other high-level staff, or establishment or organization of major departments.",Problem Sensitivity,2,0
8832,Chief Executives,"Direct human resources activities, including the approval of human resource plans or activities, the selection of directors or other high-level staff, or establishment or organization of major departments.",Information Ordering,2,0
8832,Chief Executives,"Direct human resources activities, including the approval of human resource plans or activities, the selection of directors or other high-level staff, or establishment or organization of major departments.",Written Comprehension,2,0
8832,Chief Executives,"Direct human resources activities, including the approval of human resource plans or activities, the selection of directors or other high-level staff, or establishment or organization of major departments.",Written Expression,2,0
8831,Chief Executives,Appoint department heads or managers and assign or delegate responsibilities to them.,Deductive Reasoning,3,0
8831,Chief Executives,Appoint department heads or managers and assign or delegate responsibilities to them.,Problem Sensitivity,2,0
8831,Chief Executives,Appoint department heads or managers and assign or delegate responsibilities to them.,Oral Expression,2,0
8831,Chief Executives,Appoint department heads or managers and assign or delegate responsibilities to them.,Information Ordering,2,0
8831,Chief Executives,Appoint department heads or managers and assign or delegate responsibilities to them.,Written Comprehension,1,0
8843,Chief Executives,"Interpret and explain policies, rules, regulations, or laws to organizations, government or corporate officials, or individuals.",Oral Comprehension,3,0
8843,Chief Executives,"Interpret and explain policies, rules, regulations, or laws to organizations, government or corporate officials, or individuals.",Oral Expression,3,0
8843,Chief Executives,"Interpret and explain policies, rules, regulations, or laws to organizations, government or corporate officials, or individuals.",Deductive Reasoning,3,0
8843,Chief Executives,"Interpret and explain policies, rules, regulations, or laws to organizations, government or corporate officials, or individuals.",Written Comprehension,2,0
8843,Chief Executives,"Interpret and explain policies, rules, regulations, or laws to organizations, government or corporate officials, or individuals.",Speech Clarity,2,0
8843,Chief Executives,"Interpret and explain policies, rules, regulations, or laws to organizations, government or corporate officials, or individuals.",Speech Recognition,1,0
8830,Chief Executives,Review reports submitted by staff members to recommend approval or to suggest changes.,Written Comprehension,3,0
8830,Chief Executives,Review reports submitted by staff members to recommend approval or to suggest changes.,Deductive Reasoning,2,0
8830,Chief Executives,Review reports submitted by staff members to recommend approval or to suggest changes.,Inductive Reasoning,2,0
8830,Chief Executives,Review reports submitted by staff members to recommend approval or to suggest changes.,Problem Sensitivity,2,0
8830,Chief Executives,Review reports submitted by staff members to recommend approval or to suggest changes.,Written Expression,2,0
8830,Chief Executives,Review reports submitted by staff members to recommend approval or to suggest changes.,Near Vision,1,0
8829,Chief Executives,"Negotiate or approve contracts or agreements with suppliers, distributors, federal or state agencies, or other organizational entities.",Oral Comprehension,3,0
8829,Chief Executives,"Negotiate or approve contracts or agreements with suppliers, distributors, federal or state agencies, or other organizational entities.",Oral Expression,3,0
8829,Chief Executives,"Negotiate or approve contracts or agreements with suppliers, distributors, federal or state agencies, or other organizational entities.",Deductive Reasoning,2,0
8829,Chief Executives,"Negotiate or approve contracts or agreements with suppliers, distributors, federal or state agencies, or other organizational entities.",Written Comprehension,2,0
8829,Chief Executives,"Negotiate or approve contracts or agreements with suppliers, distributors, federal or state agencies, or other organizational entities.",Problem Sensitivity,2,0
8829,Chief Executives,"Negotiate or approve contracts or agreements with suppliers, distributors, federal or state agencies, or other organizational entities.",Speech Clarity,2,0
8835,Chief Executives,Establish departmental responsibilities and coordinate functions among departments and sites.,Deductive Reasoning,3,0
8835,Chief Executives,Establish departmental responsibilities and coordinate functions among departments and sites.,Information Ordering,3,0
8835,Chief Executives,Establish departmental responsibilities and coordinate functions among departments and sites.,Oral Expression,2,0
8835,Chief Executives,Establish departmental responsibilities and coordinate functions among departments and sites.,Problem Sensitivity,2,0
8835,Chief Executives,Establish departmental responsibilities and coordinate functions among departments and sites.,Written Expression,2,0
8839,Chief Executives,"Deliver speeches, write articles, or present information at meetings or conventions to promote services, exchange ideas, or accomplish objectives.",Oral Expression,3,0
8839,Chief Executives,"Deliver speeches, write articles, or present information at meetings or conventions to promote services, exchange ideas, or accomplish objectives.",Written Expression,3,0
8839,Chief Executives,"Deliver speeches, write articles, or present information at meetings or conventions to promote services, exchange ideas, or accomplish objectives.",Speech Clarity,3,0
8839,Chief Executives,"Deliver speeches, write articles, or present information at meetings or conventions to promote services, exchange ideas, or accomplish objectives.",Fluency of Ideas,2,0
8839,Chief Executives,"Deliver speeches, write articles, or present information at meetings or conventions to promote services, exchange ideas, or accomplish objectives.",Oral Comprehension,2,0
8839,Chief Executives,"Deliver speeches, write articles, or present information at meetings or conventions to promote services, exchange ideas, or accomplish objectives.",Originality,2,0
8840,Chief Executives,"Serve as liaisons between organizations, shareholders, and outside organizations.",Oral Comprehension,3,0
8840,Chief Executives,"Serve as liaisons between organizations, shareholders, and outside organizations.",Oral Expression,3,0
8840,Chief Executives,"Serve as liaisons between organizations, shareholders, and outside organizations.",Speech Clarity,2,0
8840,Chief Executives,"Serve as liaisons between organizations, shareholders, and outside organizations.",Speech Recognition,2,0
8840,Chief Executives,"Serve as liaisons between organizations, shareholders, and outside organizations.",Written Comprehension,2,0
8840,Chief Executives,"Serve as liaisons between organizations, shareholders, and outside organizations.",Deductive Reasoning,1,0
8837,Chief Executives,"Coordinate the development or implementation of budgetary control systems, recordkeeping systems, or other administrative control processes.",Deductive Reasoning,3,0
8837,Chief Executives,"Coordinate the development or implementation of budgetary control systems, recordkeeping systems, or other administrative control processes.",Information Ordering,3,0
8837,Chief Executives,"Coordinate the development or implementation of budgetary control systems, recordkeeping systems, or other administrative control processes.",Mathematical Reasoning,2,0
8837,Chief Executives,"Coordinate the development or implementation of budgetary control systems, recordkeeping systems, or other administrative control processes.",Written Comprehension,2,0
8837,Chief Executives,"Coordinate the development or implementation of budgetary control systems, recordkeeping systems, or other administrative control processes.",Written Expression,2,0
8837,Chief Executives,"Coordinate the development or implementation of budgetary control systems, recordkeeping systems, or other administrative control processes.",Problem Sensitivity,2,0
8833,Chief Executives,"Preside over, or serve on, boards of directors, management committees, or other governing boards.",Oral Comprehension,3,0
8833,Chief Executives,"Preside over, or serve on, boards of directors, management committees, or other governing boards.",Oral Expression,3,0
8833,Chief Executives,"Preside over, or serve on, boards of directors, management committees, or other governing boards.",Speech Clarity,2,0
8833,Chief Executives,"Preside over, or serve on, boards of directors, management committees, or other governing boards.",Deductive Reasoning,2,0
8833,Chief Executives,"Preside over, or serve on, boards of directors, management committees, or other governing boards.",Information Ordering,2,0
8833,Chief Executives,"Preside over, or serve on, boards of directors, management committees, or other governing boards.",Problem Sensitivity,1,0
8849,Chief Executives,Attend and participate in meetings of municipal councils or council committees.,Oral Comprehension,3,0
8849,Chief Executives,Attend and participate in meetings of municipal councils or council committees.,Oral Expression,2,0
8849,Chief Executives,Attend and participate in meetings of municipal councils or council committees.,Speech Recognition,2,0
8849,Chief Executives,Attend and participate in meetings of municipal councils or council committees.,Speech Clarity,2,0
8849,Chief Executives,Attend and participate in meetings of municipal councils or council committees.,Deductive Reasoning,2,0
8849,Chief Executives,Attend and participate in meetings of municipal councils or council committees.,Written Comprehension,1,0
8850,Chief Executives,Organize or approve promotional campaigns.,Deductive Reasoning,2,0
8850,Chief Executives,Organize or approve promotional campaigns.,Information Ordering,2,0
8850,Chief Executives,Organize or approve promotional campaigns.,Inductive Reasoning,2,0
8850,Chief Executives,Organize or approve promotional campaigns.,Oral Expression,2,0
8850,Chief Executives,Organize or approve promotional campaigns.,Problem Sensitivity,2,0
8850,Chief Executives,Organize or approve promotional campaigns.,Written Comprehension,1,0
8842,Chief Executives,Nominate citizens to boards or commissions.,Deductive Reasoning,2,0
8842,Chief Executives,Nominate citizens to boards or commissions.,Oral Expression,2,0
8842,Chief Executives,Nominate citizens to boards or commissions.,Problem Sensitivity,2,0
8842,Chief Executives,Nominate citizens to boards or commissions.,Written Comprehension,1,0
8842,Chief Executives,Nominate citizens to boards or commissions.,Written Expression,1,0
8851,Chief Executives,"Conduct or direct investigations or hearings to resolve complaints or violations of laws, or testify at such hearings.",Oral Comprehension,3,0
8851,Chief Executives,"Conduct or direct investigations or hearings to resolve complaints or violations of laws, or testify at such hearings.",Oral Expression,2,0
8851,Chief Executives,"Conduct or direct investigations or hearings to resolve complaints or violations of laws, or testify at such hearings.",Deductive Reasoning,3,0
8851,Chief Executives,"Conduct or direct investigations or hearings to resolve complaints or violations of laws, or testify at such hearings.",Inductive Reasoning,2,0
8851,Chief Executives,"Conduct or direct investigations or hearings to resolve complaints or violations of laws, or testify at such hearings.",Written Comprehension,2,0
8851,Chief Executives,"Conduct or direct investigations or hearings to resolve complaints or violations of laws, or testify at such hearings.",Problem Sensitivity,2,0
8851,Chief Executives,"Conduct or direct investigations or hearings to resolve complaints or violations of laws, or testify at such hearings.",Speech Recognition,2,0
8847,Chief Executives,Direct or coordinate activities of businesses involved with buying or selling investment products or financial services.,Deductive Reasoning,3,0
8847,Chief Executives,Direct or coordinate activities of businesses involved with buying or selling investment products or financial services.,Mathematical Reasoning,2,0
8847,Chief Executives,Direct or coordinate activities of businesses involved with buying or selling investment products or financial services.,Number Facility,2,0
8847,Chief Executives,Direct or coordinate activities of businesses involved with buying or selling investment products or financial services.,Problem Sensitivity,2,0
8847,Chief Executives,Direct or coordinate activities of businesses involved with buying or selling investment products or financial services.,Information Ordering,2,0
8847,Chief Executives,Direct or coordinate activities of businesses involved with buying or selling investment products or financial services.,Oral Expression,2,0
8847,Chief Executives,Direct or coordinate activities of businesses involved with buying or selling investment products or financial services.,Written Comprehension,1,0
8853,Chief Executives,"Prepare bylaws approved by elected officials, and ensure that bylaws are enforced.",Written Expression,3,0
8853,Chief Executives,"Prepare bylaws approved by elected officials, and ensure that bylaws are enforced.",Deductive Reasoning,3,0
8853,Chief Executives,"Prepare bylaws approved by elected officials, and ensure that bylaws are enforced.",Written Comprehension,2,0
8853,Chief Executives,"Prepare bylaws approved by elected officials, and ensure that bylaws are enforced.",Information Ordering,2,0
8853,Chief Executives,"Prepare bylaws approved by elected officials, and ensure that bylaws are enforced.",Near Vision,1,0
8844,Chief Executives,"Make presentations to legislative or other government committees regarding policies, programs, or budgets.",Oral Expression,3,0
8844,Chief Executives,"Make presentations to legislative or other government committees regarding policies, programs, or budgets.",Speech Clarity,3,0
8844,Chief Executives,"Make presentations to legislative or other government committees regarding policies, programs, or budgets.",Written Comprehension,2,0
8844,Chief Executives,"Make presentations to legislative or other government committees regarding policies, programs, or budgets.",Deductive Reasoning,2,0
8844,Chief Executives,"Make presentations to legislative or other government committees regarding policies, programs, or budgets.",Oral Comprehension,2,0
8844,Chief Executives,"Make presentations to legislative or other government committees regarding policies, programs, or budgets.",Fluency of Ideas,1,0
20461,Chief Executives,"Review and analyze legislation, laws, or public policy and recommend changes to promote or support interests of the general population or special groups.",Written Comprehension,3,0
20461,Chief Executives,"Review and analyze legislation, laws, or public policy and recommend changes to promote or support interests of the general population or special groups.",Deductive Reasoning,3,0
20461,Chief Executives,"Review and analyze legislation, laws, or public policy and recommend changes to promote or support interests of the general population or special groups.",Inductive Reasoning,3,0
20461,Chief Executives,"Review and analyze legislation, laws, or public policy and recommend changes to promote or support interests of the general population or special groups.",Problem Sensitivity,2,0
20461,Chief Executives,"Review and analyze legislation, laws, or public policy and recommend changes to promote or support interests of the general population or special groups.",Written Expression,2,0
20461,Chief Executives,"Review and analyze legislation, laws, or public policy and recommend changes to promote or support interests of the general population or special groups.",Information Ordering,2,0
8838,Chief Executives,"Direct non-merchandising departments, such as advertising, purchasing, credit, or accounting.",Deductive Reasoning,2,0
8838,Chief Executives,"Direct non-merchandising departments, such as advertising, purchasing, credit, or accounting.",Information Ordering,2,0
8838,Chief Executives,"Direct non-merchandising departments, such as advertising, purchasing, credit, or accounting.",Oral Expression,2,0
8838,Chief Executives,"Direct non-merchandising departments, such as advertising, purchasing, credit, or accounting.",Problem Sensitivity,2,0
8838,Chief Executives,"Direct non-merchandising departments, such as advertising, purchasing, credit, or accounting.",Written Comprehension,1,0
8845,Chief Executives,Refer major policy matters to elected representatives for final decisions.,Deductive Reasoning,3,0
8845,Chief Executives,Refer major policy matters to elected representatives for final decisions.,Oral Expression,2,0
8845,Chief Executives,Refer major policy matters to elected representatives for final decisions.,Written Comprehension,2,0
8845,Chief Executives,Refer major policy matters to elected representatives for final decisions.,Problem Sensitivity,2,0
8845,Chief Executives,Refer major policy matters to elected representatives for final decisions.,Written Expression,1,0
8848,Chief Executives,Direct or conduct studies or research on issues affecting areas of responsibility.,Deductive Reasoning,3,0
8848,Chief Executives,Direct or conduct studies or research on issues affecting areas of responsibility.,Inductive Reasoning,3,0
8848,Chief Executives,Direct or conduct studies or research on issues affecting areas of responsibility.,Written Comprehension,2,0
8848,Chief Executives,Direct or conduct studies or research on issues affecting areas of responsibility.,Problem Sensitivity,2,0
8848,Chief Executives,Direct or conduct studies or research on issues affecting areas of responsibility.,Mathematical Reasoning,2,0
8848,Chief Executives,Direct or conduct studies or research on issues affecting areas of responsibility.,Written Expression,2,0
8846,Chief Executives,"Administer programs for selection of sites, construction of buildings, or provision of equipment or supplies.",Deductive Reasoning,3,0
8846,Chief Executives,"Administer programs for selection of sites, construction of buildings, or provision of equipment or supplies.",Problem Sensitivity,2,0
8846,Chief Executives,"Administer programs for selection of sites, construction of buildings, or provision of equipment or supplies.",Information Ordering,2,0
8846,Chief Executives,"Administer programs for selection of sites, construction of buildings, or provision of equipment or supplies.",Oral Expression,2,0
8846,Chief Executives,"Administer programs for selection of sites, construction of buildings, or provision of equipment or supplies.",Written Comprehension,2,0
8846,Chief Executives,"Administer programs for selection of sites, construction of buildings, or provision of equipment or supplies.",Visualization,1,0
8852,Chief Executives,"Represent organizations or promote their objectives at official functions, or delegate representatives to do so.",Oral Expression,3,0
8852,Chief Executives,"Represent organizations or promote their objectives at official functions, or delegate representatives to do so.",Speech Clarity,2,0
8852,Chief Executives,"Represent organizations or promote their objectives at official functions, or delegate representatives to do so.",Oral Comprehension,2,0
8852,Chief Executives,"Represent organizations or promote their objectives at official functions, or delegate representatives to do so.",Speech Recognition,2,0
8852,Chief Executives,"Represent organizations or promote their objectives at official functions, or delegate representatives to do so.",Deductive Reasoning,1,0
8852,Chief Executives,"Represent organizations or promote their objectives at official functions, or delegate representatives to do so.",Written Comprehension,1,0
15382,Chief Sustainability Officers,Monitor and evaluate effectiveness of sustainability programs.,Inductive Reasoning,3,0
15382,Chief Sustainability Officers,Monitor and evaluate effectiveness of sustainability programs.,Problem Sensitivity,2,0
15382,Chief Sustainability Officers,Monitor and evaluate effectiveness of sustainability programs.,Deductive Reasoning,2,0
15382,Chief Sustainability Officers,Monitor and evaluate effectiveness of sustainability programs.,Mathematical Reasoning,2,0
15382,Chief Sustainability Officers,Monitor and evaluate effectiveness of sustainability programs.,Written Comprehension,2,0
15382,Chief Sustainability Officers,Monitor and evaluate effectiveness of sustainability programs.,Number Facility,1,0
15384,Chief Sustainability Officers,"Develop or execute strategies to address issues such as energy use, resource conservation, recycling, pollution reduction, waste elimination, transportation, education, and building design.",Inductive Reasoning,3,0
15384,Chief Sustainability Officers,"Develop or execute strategies to address issues such as energy use, resource conservation, recycling, pollution reduction, waste elimination, transportation, education, and building design.",Deductive Reasoning,3,0
15384,Chief Sustainability Officers,"Develop or execute strategies to address issues such as energy use, resource conservation, recycling, pollution reduction, waste elimination, transportation, education, and building design.",Fluency of Ideas,2,0
15384,Chief Sustainability Officers,"Develop or execute strategies to address issues such as energy use, resource conservation, recycling, pollution reduction, waste elimination, transportation, education, and building design.",Problem Sensitivity,2,0
15384,Chief Sustainability Officers,"Develop or execute strategies to address issues such as energy use, resource conservation, recycling, pollution reduction, waste elimination, transportation, education, and building design.",Written Expression,2,0
15384,Chief Sustainability Officers,"Develop or execute strategies to address issues such as energy use, resource conservation, recycling, pollution reduction, waste elimination, transportation, education, and building design.",Information Ordering,2,0
15384,Chief Sustainability Officers,"Develop or execute strategies to address issues such as energy use, resource conservation, recycling, pollution reduction, waste elimination, transportation, education, and building design.",Originality,1,0
15379,Chief Sustainability Officers,"Develop, or oversee the development of, sustainability evaluation or monitoring systems.",Inductive Reasoning,3,0
15379,Chief Sustainability Officers,"Develop, or oversee the development of, sustainability evaluation or monitoring systems.",Deductive Reasoning,2,0
15379,Chief Sustainability Officers,"Develop, or oversee the development of, sustainability evaluation or monitoring systems.",Problem Sensitivity,2,0
15379,Chief Sustainability Officers,"Develop, or oversee the development of, sustainability evaluation or monitoring systems.",Information Ordering,2,0
15379,Chief Sustainability Officers,"Develop, or oversee the development of, sustainability evaluation or monitoring systems.",Written Expression,2,0
15379,Chief Sustainability Officers,"Develop, or oversee the development of, sustainability evaluation or monitoring systems.",Fluency of Ideas,1,0
15372,Chief Sustainability Officers,Supervise employees or volunteers working on sustainability projects.,Oral Expression,3,0
15372,Chief Sustainability Officers,Supervise employees or volunteers working on sustainability projects.,Oral Comprehension,2,0
15372,Chief Sustainability Officers,Supervise employees or volunteers working on sustainability projects.,Problem Sensitivity,2,0
15372,Chief Sustainability Officers,Supervise employees or volunteers working on sustainability projects.,Deductive Reasoning,2,0
15372,Chief Sustainability Officers,Supervise employees or volunteers working on sustainability projects.,Information Ordering,2,0
15372,Chief Sustainability Officers,Supervise employees or volunteers working on sustainability projects.,Speech Clarity,1,0
15378,Chief Sustainability Officers,"Develop sustainability reports, presentations, or proposals for supplier, employee, academia, media, government, public interest, or other groups.",Written Expression,3,0
15378,Chief Sustainability Officers,"Develop sustainability reports, presentations, or proposals for supplier, employee, academia, media, government, public interest, or other groups.",Oral Expression,2,0
15378,Chief Sustainability Officers,"Develop sustainability reports, presentations, or proposals for supplier, employee, academia, media, government, public interest, or other groups.",Written Comprehension,2,0
15378,Chief Sustainability Officers,"Develop sustainability reports, presentations, or proposals for supplier, employee, academia, media, government, public interest, or other groups.",Fluency of Ideas,2,0
15378,Chief Sustainability Officers,"Develop sustainability reports, presentations, or proposals for supplier, employee, academia, media, government, public interest, or other groups.",Information Ordering,2,0
15378,Chief Sustainability Officers,"Develop sustainability reports, presentations, or proposals for supplier, employee, academia, media, government, public interest, or other groups.",Deductive Reasoning,2,0
15380,Chief Sustainability Officers,"Develop, or oversee the development of, marketing or outreach media for sustainability projects or events.",Fluency of Ideas,3,0
15380,Chief Sustainability Officers,"Develop, or oversee the development of, marketing or outreach media for sustainability projects or events.",Written Expression,2,0
15380,Chief Sustainability Officers,"Develop, or oversee the development of, marketing or outreach media for sustainability projects or events.",Originality,2,0
15380,Chief Sustainability Officers,"Develop, or oversee the development of, marketing or outreach media for sustainability projects or events.",Oral Expression,2,0
15380,Chief Sustainability Officers,"Develop, or oversee the development of, marketing or outreach media for sustainability projects or events.",Inductive Reasoning,2,0
15380,Chief Sustainability Officers,"Develop, or oversee the development of, marketing or outreach media for sustainability projects or events.",Written Comprehension,1,0
15368,Chief Sustainability Officers,Identify and evaluate pilot projects or programs to enhance the sustainability research agenda.,Inductive Reasoning,3,0
15368,Chief Sustainability Officers,Identify and evaluate pilot projects or programs to enhance the sustainability research agenda.,Deductive Reasoning,2,0
15368,Chief Sustainability Officers,Identify and evaluate pilot projects or programs to enhance the sustainability research agenda.,Problem Sensitivity,2,0
15368,Chief Sustainability Officers,Identify and evaluate pilot projects or programs to enhance the sustainability research agenda.,Fluency of Ideas,2,0
15368,Chief Sustainability Officers,Identify and evaluate pilot projects or programs to enhance the sustainability research agenda.,Written Comprehension,2,0
15368,Chief Sustainability Officers,Identify and evaluate pilot projects or programs to enhance the sustainability research agenda.,Mathematical Reasoning,1,0
15370,Chief Sustainability Officers,"Create and maintain sustainability program documents, such as schedules and budgets.",Written Expression,3,0
15370,Chief Sustainability Officers,"Create and maintain sustainability program documents, such as schedules and budgets.",Information Ordering,2,0
15370,Chief Sustainability Officers,"Create and maintain sustainability program documents, such as schedules and budgets.",Mathematical Reasoning,2,0
15370,Chief Sustainability Officers,"Create and maintain sustainability program documents, such as schedules and budgets.",Number Facility,2,0
15370,Chief Sustainability Officers,"Create and maintain sustainability program documents, such as schedules and budgets.",Written Comprehension,2,0
15370,Chief Sustainability Officers,"Create and maintain sustainability program documents, such as schedules and budgets.",Near Vision,1,0
15375,Chief Sustainability Officers,Formulate or implement sustainability campaign or marketing strategies.,Deductive Reasoning,3,0
15375,Chief Sustainability Officers,Formulate or implement sustainability campaign or marketing strategies.,Inductive Reasoning,2,0
15375,Chief Sustainability Officers,Formulate or implement sustainability campaign or marketing strategies.,Fluency of Ideas,2,0
15375,Chief Sustainability Officers,Formulate or implement sustainability campaign or marketing strategies.,Written Expression,2,0
15375,Chief Sustainability Officers,Formulate or implement sustainability campaign or marketing strategies.,Oral Expression,2,0
15375,Chief Sustainability Officers,Formulate or implement sustainability campaign or marketing strategies.,Originality,2,0
15376,Chief Sustainability Officers,"Research environmental sustainability issues, concerns, or stakeholder interests.",Written Comprehension,3,0
15376,Chief Sustainability Officers,"Research environmental sustainability issues, concerns, or stakeholder interests.",Inductive Reasoning,3,0
15376,Chief Sustainability Officers,"Research environmental sustainability issues, concerns, or stakeholder interests.",Deductive Reasoning,2,0
15376,Chief Sustainability Officers,"Research environmental sustainability issues, concerns, or stakeholder interests.",Problem Sensitivity,2,0
15376,Chief Sustainability Officers,"Research environmental sustainability issues, concerns, or stakeholder interests.",Information Ordering,2,0
15376,Chief Sustainability Officers,"Research environmental sustainability issues, concerns, or stakeholder interests.",Written Expression,1,0
15383,Chief Sustainability Officers,Direct sustainability program operations to ensure compliance with environmental or governmental regulations.,Deductive Reasoning,3,0
15383,Chief Sustainability Officers,Direct sustainability program operations to ensure compliance with environmental or governmental regulations.,Written Comprehension,2,0
15383,Chief Sustainability Officers,Direct sustainability program operations to ensure compliance with environmental or governmental regulations.,Problem Sensitivity,2,0
15383,Chief Sustainability Officers,Direct sustainability program operations to ensure compliance with environmental or governmental regulations.,Oral Expression,2,0
15383,Chief Sustainability Officers,Direct sustainability program operations to ensure compliance with environmental or governmental regulations.,Information Ordering,2,0
15383,Chief Sustainability Officers,Direct sustainability program operations to ensure compliance with environmental or governmental regulations.,Written Expression,1,0
15377,Chief Sustainability Officers,"Evaluate and approve proposals for sustainability projects, considering factors such as cost effectiveness, technical feasibility, and integration with other initiatives.",Deductive Reasoning,3,0
15377,Chief Sustainability Officers,"Evaluate and approve proposals for sustainability projects, considering factors such as cost effectiveness, technical feasibility, and integration with other initiatives.",Problem Sensitivity,3,0
15377,Chief Sustainability Officers,"Evaluate and approve proposals for sustainability projects, considering factors such as cost effectiveness, technical feasibility, and integration with other initiatives.",Inductive Reasoning,2,0
15377,Chief Sustainability Officers,"Evaluate and approve proposals for sustainability projects, considering factors such as cost effectiveness, technical feasibility, and integration with other initiatives.",Mathematical Reasoning,2,0
15377,Chief Sustainability Officers,"Evaluate and approve proposals for sustainability projects, considering factors such as cost effectiveness, technical feasibility, and integration with other initiatives.",Written Comprehension,2,0
15377,Chief Sustainability Officers,"Evaluate and approve proposals for sustainability projects, considering factors such as cost effectiveness, technical feasibility, and integration with other initiatives.",Number Facility,1,0
15381,Chief Sustainability Officers,Develop methodologies to assess the viability or success of sustainability initiatives.,Inductive Reasoning,3,0
15381,Chief Sustainability Officers,Develop methodologies to assess the viability or success of sustainability initiatives.,Deductive Reasoning,3,0
15381,Chief Sustainability Officers,Develop methodologies to assess the viability or success of sustainability initiatives.,Mathematical Reasoning,2,0
15381,Chief Sustainability Officers,Develop methodologies to assess the viability or success of sustainability initiatives.,Problem Sensitivity,2,0
15381,Chief Sustainability Officers,Develop methodologies to assess the viability or success of sustainability initiatives.,Written Expression,2,0
15381,Chief Sustainability Officers,Develop methodologies to assess the viability or success of sustainability initiatives.,Fluency of Ideas,2,0
15374,Chief Sustainability Officers,"Review sustainability program objectives, progress, or status to ensure compliance with policies, standards, regulations, or laws.",Written Comprehension,3,0
15374,Chief Sustainability Officers,"Review sustainability program objectives, progress, or status to ensure compliance with policies, standards, regulations, or laws.",Deductive Reasoning,2,0
15374,Chief Sustainability Officers,"Review sustainability program objectives, progress, or status to ensure compliance with policies, standards, regulations, or laws.",Problem Sensitivity,2,0
15374,Chief Sustainability Officers,"Review sustainability program objectives, progress, or status to ensure compliance with policies, standards, regulations, or laws.",Information Ordering,2,0
15374,Chief Sustainability Officers,"Review sustainability program objectives, progress, or status to ensure compliance with policies, standards, regulations, or laws.",Written Expression,1,0
15374,Chief Sustainability Officers,"Review sustainability program objectives, progress, or status to ensure compliance with policies, standards, regulations, or laws.",Near Vision,1,0
15373,Chief Sustainability Officers,Write and distribute financial or environmental impact reports.,Written Expression,3,0
15373,Chief Sustainability Officers,Write and distribute financial or environmental impact reports.,Number Facility,2,0
15373,Chief Sustainability Officers,Write and distribute financial or environmental impact reports.,Mathematical Reasoning,2,0
15373,Chief Sustainability Officers,Write and distribute financial or environmental impact reports.,Written Comprehension,2,0
15373,Chief Sustainability Officers,Write and distribute financial or environmental impact reports.,Information Ordering,2,0
15373,Chief Sustainability Officers,Write and distribute financial or environmental impact reports.,Deductive Reasoning,1,0
15371,Chief Sustainability Officers,"Write project proposals, grant applications, or other documents to pursue funding for environmental initiatives.",Written Expression,3,0
15371,Chief Sustainability Officers,"Write project proposals, grant applications, or other documents to pursue funding for environmental initiatives.",Fluency of Ideas,3,0
15371,Chief Sustainability Officers,"Write project proposals, grant applications, or other documents to pursue funding for environmental initiatives.",Written Comprehension,2,0
15371,Chief Sustainability Officers,"Write project proposals, grant applications, or other documents to pursue funding for environmental initiatives.",Deductive Reasoning,2,0
15371,Chief Sustainability Officers,"Write project proposals, grant applications, or other documents to pursue funding for environmental initiatives.",Mathematical Reasoning,2,0
15371,Chief Sustainability Officers,"Write project proposals, grant applications, or other documents to pursue funding for environmental initiatives.",Originality,1,0
15367,Chief Sustainability Officers,"Identify educational, training, or other development opportunities for sustainability employees or volunteers.",Oral Expression,2,0
15367,Chief Sustainability Officers,"Identify educational, training, or other development opportunities for sustainability employees or volunteers.",Deductive Reasoning,2,0
15367,Chief Sustainability Officers,"Identify educational, training, or other development opportunities for sustainability employees or volunteers.",Problem Sensitivity,2,0
15367,Chief Sustainability Officers,"Identify educational, training, or other development opportunities for sustainability employees or volunteers.",Inductive Reasoning,2,0
15367,Chief Sustainability Officers,"Identify educational, training, or other development opportunities for sustainability employees or volunteers.",Written Comprehension,2,0
15367,Chief Sustainability Officers,"Identify educational, training, or other development opportunities for sustainability employees or volunteers.",Written Expression,1,0
15369,Chief Sustainability Officers,Conduct risk assessments related to sustainability and the environment.,Inductive Reasoning,3,0
15369,Chief Sustainability Officers,Conduct risk assessments related to sustainability and the environment.,Deductive Reasoning,3,0
15369,Chief Sustainability Officers,Conduct risk assessments related to sustainability and the environment.,Mathematical Reasoning,2,0
15369,Chief Sustainability Officers,Conduct risk assessments related to sustainability and the environment.,Problem Sensitivity,2,0
15369,Chief Sustainability Officers,Conduct risk assessments related to sustainability and the environment.,Written Comprehension,2,0
15369,Chief Sustainability Officers,Conduct risk assessments related to sustainability and the environment.,Written Expression,2,0
20699,General and Operations Managers,"Review financial statements, sales or activity reports, or other performance data to measure productivity or goal achievement or to identify areas needing cost reduction or program improvement.",Written Comprehension,3,0
20699,General and Operations Managers,"Review financial statements, sales or activity reports, or other performance data to measure productivity or goal achievement or to identify areas needing cost reduction or program improvement.",Number Facility,3,0
20699,General and Operations Managers,"Review financial statements, sales or activity reports, or other performance data to measure productivity or goal achievement or to identify areas needing cost reduction or program improvement.",Mathematical Reasoning,2,0
20699,General and Operations Managers,"Review financial statements, sales or activity reports, or other performance data to measure productivity or goal achievement or to identify areas needing cost reduction or program improvement.",Inductive Reasoning,2,0
20699,General and Operations Managers,"Review financial statements, sales or activity reports, or other performance data to measure productivity or goal achievement or to identify areas needing cost reduction or program improvement.",Deductive Reasoning,2,0
20699,General and Operations Managers,"Review financial statements, sales or activity reports, or other performance data to measure productivity or goal achievement or to identify areas needing cost reduction or program improvement.",Problem Sensitivity,2,0
20699,General and Operations Managers,"Review financial statements, sales or activity reports, or other performance data to measure productivity or goal achievement or to identify areas needing cost reduction or program improvement.",Near Vision,1,0
933,General and Operations Managers,"Direct and coordinate activities of businesses or departments concerned with the production, pricing, sales, or distribution of products.",Deductive Reasoning,3,0
933,General and Operations Managers,"Direct and coordinate activities of businesses or departments concerned with the production, pricing, sales, or distribution of products.",Oral Expression,2,0
933,General and Operations Managers,"Direct and coordinate activities of businesses or departments concerned with the production, pricing, sales, or distribution of products.",Information Ordering,2,0
933,General and Operations Managers,"Direct and coordinate activities of businesses or departments concerned with the production, pricing, sales, or distribution of products.",Problem Sensitivity,2,0
933,General and Operations Managers,"Direct and coordinate activities of businesses or departments concerned with the production, pricing, sales, or distribution of products.",Mathematical Reasoning,2,0
933,General and Operations Managers,"Direct and coordinate activities of businesses or departments concerned with the production, pricing, sales, or distribution of products.",Written Comprehension,1,0
20700,General and Operations Managers,Direct administrative activities directly related to making products or providing services.,Deductive Reasoning,2,0
20700,General and Operations Managers,Direct administrative activities directly related to making products or providing services.,Information Ordering,2,0
20700,General and Operations Managers,Direct administrative activities directly related to making products or providing services.,Oral Expression,2,0
20700,General and Operations Managers,Direct administrative activities directly related to making products or providing services.,Problem Sensitivity,2,0
20700,General and Operations Managers,Direct administrative activities directly related to making products or providing services.,Written Comprehension,2,0
20700,General and Operations Managers,Direct administrative activities directly related to making products or providing services.,Written Expression,1,0
20701,General and Operations Managers,Prepare staff work schedules and assign specific duties.,Information Ordering,3,0
20701,General and Operations Managers,Prepare staff work schedules and assign specific duties.,Deductive Reasoning,2,0
20701,General and Operations Managers,Prepare staff work schedules and assign specific duties.,Written Expression,2,0
20701,General and Operations Managers,Prepare staff work schedules and assign specific duties.,Problem Sensitivity,2,0
20701,General and Operations Managers,Prepare staff work schedules and assign specific duties.,Oral Expression,1,0
20701,General and Operations Managers,Prepare staff work schedules and assign specific duties.,Time Sharing,1,0
20703,General and Operations Managers,"Direct or coordinate financial or budget activities to fund operations, maximize investments, or increase efficiency.",Mathematical Reasoning,3,0
20703,General and Operations Managers,"Direct or coordinate financial or budget activities to fund operations, maximize investments, or increase efficiency.",Number Facility,3,0
20703,General and Operations Managers,"Direct or coordinate financial or budget activities to fund operations, maximize investments, or increase efficiency.",Deductive Reasoning,2,0
20703,General and Operations Managers,"Direct or coordinate financial or budget activities to fund operations, maximize investments, or increase efficiency.",Problem Sensitivity,2,0
20703,General and Operations Managers,"Direct or coordinate financial or budget activities to fund operations, maximize investments, or increase efficiency.",Inductive Reasoning,2,0
20703,General and Operations Managers,"Direct or coordinate financial or budget activities to fund operations, maximize investments, or increase efficiency.",Information Ordering,2,0
20706,General and Operations Managers,"Plan or direct activities, such as sales promotions, that require coordination with other department managers.",Oral Expression,3,0
20706,General and Operations Managers,"Plan or direct activities, such as sales promotions, that require coordination with other department managers.",Deductive Reasoning,2,0
20706,General and Operations Managers,"Plan or direct activities, such as sales promotions, that require coordination with other department managers.",Information Ordering,2,0
20706,General and Operations Managers,"Plan or direct activities, such as sales promotions, that require coordination with other department managers.",Problem Sensitivity,2,0
20706,General and Operations Managers,"Plan or direct activities, such as sales promotions, that require coordination with other department managers.",Fluency of Ideas,2,0
20706,General and Operations Managers,"Plan or direct activities, such as sales promotions, that require coordination with other department managers.",Time Sharing,2,0
20705,General and Operations Managers,"Perform personnel functions, such as selection, training, or evaluation.",Deductive Reasoning,3,0
20705,General and Operations Managers,"Perform personnel functions, such as selection, training, or evaluation.",Oral Expression,2,0
20705,General and Operations Managers,"Perform personnel functions, such as selection, training, or evaluation.",Oral Comprehension,2,0
20705,General and Operations Managers,"Perform personnel functions, such as selection, training, or evaluation.",Written Comprehension,2,0
20705,General and Operations Managers,"Perform personnel functions, such as selection, training, or evaluation.",Problem Sensitivity,2,0
20705,General and Operations Managers,"Perform personnel functions, such as selection, training, or evaluation.",Inductive Reasoning,2,0
20704,General and Operations Managers,"Establish or implement departmental policies, goals, objectives, or procedures in conjunction with board members, organization officials, or staff members.",Deductive Reasoning,3,0
20704,General and Operations Managers,"Establish or implement departmental policies, goals, objectives, or procedures in conjunction with board members, organization officials, or staff members.",Written Expression,2,0
20704,General and Operations Managers,"Establish or implement departmental policies, goals, objectives, or procedures in conjunction with board members, organization officials, or staff members.",Information Ordering,2,0
20704,General and Operations Managers,"Establish or implement departmental policies, goals, objectives, or procedures in conjunction with board members, organization officials, or staff members.",Problem Sensitivity,2,0
20704,General and Operations Managers,"Establish or implement departmental policies, goals, objectives, or procedures in conjunction with board members, organization officials, or staff members.",Oral Expression,2,0
20704,General and Operations Managers,"Establish or implement departmental policies, goals, objectives, or procedures in conjunction with board members, organization officials, or staff members.",Written Comprehension,2,0
20702,General and Operations Managers,Monitor suppliers to ensure that they efficiently and effectively provide needed goods or services within budgetary limits.,Deductive Reasoning,2,0
20702,General and Operations Managers,Monitor suppliers to ensure that they efficiently and effectively provide needed goods or services within budgetary limits.,Problem Sensitivity,2,0
20702,General and Operations Managers,Monitor suppliers to ensure that they efficiently and effectively provide needed goods or services within budgetary limits.,Inductive Reasoning,2,0
20702,General and Operations Managers,Monitor suppliers to ensure that they efficiently and effectively provide needed goods or services within budgetary limits.,Written Comprehension,2,0
20702,General and Operations Managers,Monitor suppliers to ensure that they efficiently and effectively provide needed goods or services within budgetary limits.,Oral Expression,2,0
20702,General and Operations Managers,Monitor suppliers to ensure that they efficiently and effectively provide needed goods or services within budgetary limits.,Number Facility,1,0
20708,General and Operations Managers,"Manage the movement of goods into and out of production facilities to ensure efficiency, effectiveness, or sustainability of operations.",Information Ordering,3,0
20708,General and Operations Managers,"Manage the movement of goods into and out of production facilities to ensure efficiency, effectiveness, or sustainability of operations.",Deductive Reasoning,2,0
20708,General and Operations Managers,"Manage the movement of goods into and out of production facilities to ensure efficiency, effectiveness, or sustainability of operations.",Problem Sensitivity,2,0
20708,General and Operations Managers,"Manage the movement of goods into and out of production facilities to ensure efficiency, effectiveness, or sustainability of operations.",Mathematical Reasoning,2,0
20708,General and Operations Managers,"Manage the movement of goods into and out of production facilities to ensure efficiency, effectiveness, or sustainability of operations.",Inductive Reasoning,2,0
20708,General and Operations Managers,"Manage the movement of goods into and out of production facilities to ensure efficiency, effectiveness, or sustainability of operations.",Oral Expression,1,0
20707,General and Operations Managers,"Set prices or credit terms for goods or services, based on forecasts of customer demand.",Mathematical Reasoning,3,0
20707,General and Operations Managers,"Set prices or credit terms for goods or services, based on forecasts of customer demand.",Number Facility,3,0
20707,General and Operations Managers,"Set prices or credit terms for goods or services, based on forecasts of customer demand.",Inductive Reasoning,2,0
20707,General and Operations Managers,"Set prices or credit terms for goods or services, based on forecasts of customer demand.",Deductive Reasoning,2,0
20707,General and Operations Managers,"Set prices or credit terms for goods or services, based on forecasts of customer demand.",Written Comprehension,2,0
20707,General and Operations Managers,"Set prices or credit terms for goods or services, based on forecasts of customer demand.",Problem Sensitivity,2,0
944,General and Operations Managers,"Perform sales floor work, such as greeting or assisting customers, stocking shelves, or taking inventory.",Oral Comprehension,2,0
944,General and Operations Managers,"Perform sales floor work, such as greeting or assisting customers, stocking shelves, or taking inventory.",Oral Expression,2,0
944,General and Operations Managers,"Perform sales floor work, such as greeting or assisting customers, stocking shelves, or taking inventory.",Speech Clarity,2,0
944,General and Operations Managers,"Perform sales floor work, such as greeting or assisting customers, stocking shelves, or taking inventory.",Near Vision,2,0
944,General and Operations Managers,"Perform sales floor work, such as greeting or assisting customers, stocking shelves, or taking inventory.",Manual Dexterity,2,0
944,General and Operations Managers,"Perform sales floor work, such as greeting or assisting customers, stocking shelves, or taking inventory.",Number Facility,2,0
944,General and Operations Managers,"Perform sales floor work, such as greeting or assisting customers, stocking shelves, or taking inventory.",Problem Sensitivity,1,0
945,General and Operations Managers,"Develop or implement product-marketing strategies, including advertising campaigns or sales promotions.",Inductive Reasoning,3,0
945,General and Operations Managers,"Develop or implement product-marketing strategies, including advertising campaigns or sales promotions.",Deductive Reasoning,2,0
945,General and Operations Managers,"Develop or implement product-marketing strategies, including advertising campaigns or sales promotions.",Fluency of Ideas,2,0
945,General and Operations Managers,"Develop or implement product-marketing strategies, including advertising campaigns or sales promotions.",Written Expression,2,0
945,General and Operations Managers,"Develop or implement product-marketing strategies, including advertising campaigns or sales promotions.",Oral Expression,2,0
945,General and Operations Managers,"Develop or implement product-marketing strategies, including advertising campaigns or sales promotions.",Originality,2,0
947,General and Operations Managers,"Direct non-merchandising departments of businesses, such as advertising or purchasing.",Deductive Reasoning,2,0
947,General and Operations Managers,"Direct non-merchandising departments of businesses, such as advertising or purchasing.",Information Ordering,2,0
947,General and Operations Managers,"Direct non-merchandising departments of businesses, such as advertising or purchasing.",Oral Expression,2,0
947,General and Operations Managers,"Direct non-merchandising departments of businesses, such as advertising or purchasing.",Problem Sensitivity,2,0
947,General and Operations Managers,"Direct non-merchandising departments of businesses, such as advertising or purchasing.",Written Comprehension,1,0
19501,General and Operations Managers,"Implement or oversee environmental management or sustainability programs addressing issues such as recycling, conservation, or waste management.",Deductive Reasoning,3,0
19501,General and Operations Managers,"Implement or oversee environmental management or sustainability programs addressing issues such as recycling, conservation, or waste management.",Information Ordering,2,0
19501,General and Operations Managers,"Implement or oversee environmental management or sustainability programs addressing issues such as recycling, conservation, or waste management.",Problem Sensitivity,2,0
19501,General and Operations Managers,"Implement or oversee environmental management or sustainability programs addressing issues such as recycling, conservation, or waste management.",Written Comprehension,2,0
19501,General and Operations Managers,"Implement or oversee environmental management or sustainability programs addressing issues such as recycling, conservation, or waste management.",Oral Expression,2,0
19501,General and Operations Managers,"Implement or oversee environmental management or sustainability programs addressing issues such as recycling, conservation, or waste management.",Inductive Reasoning,2,0
949,General and Operations Managers,Plan store layouts or design displays.,Visualization,3,0
949,General and Operations Managers,Plan store layouts or design displays.,Spatial Orientation,2,0
949,General and Operations Managers,Plan store layouts or design displays.,Inductive Reasoning,2,0
949,General and Operations Managers,Plan store layouts or design displays.,Fluency of Ideas,2,0
949,General and Operations Managers,Plan store layouts or design displays.,Written Expression,1,0
949,General and Operations Managers,Plan store layouts or design displays.,Near Vision,2,0
948,General and Operations Managers,"Recommend locations for new facilities, or oversee the remodeling or renovating of current facilities.",Deductive Reasoning,3,0
948,General and Operations Managers,"Recommend locations for new facilities, or oversee the remodeling or renovating of current facilities.",Visualization,2,0
948,General and Operations Managers,"Recommend locations for new facilities, or oversee the remodeling or renovating of current facilities.",Inductive Reasoning,2,0
948,General and Operations Managers,"Recommend locations for new facilities, or oversee the remodeling or renovating of current facilities.",Problem Sensitivity,2,0
948,General and Operations Managers,"Recommend locations for new facilities, or oversee the remodeling or renovating of current facilities.",Oral Expression,2,0
948,General and Operations Managers,"Recommend locations for new facilities, or oversee the remodeling or renovating of current facilities.",Written Comprehension,1,0
15267,Legislators,Analyze and understand the local and national implications of proposed legislation.,Inductive Reasoning,3,0
15267,Legislators,Analyze and understand the local and national implications of proposed legislation.,Deductive Reasoning,3,0
15267,Legislators,Analyze and understand the local and national implications of proposed legislation.,Written Comprehension,2,0
15267,Legislators,Analyze and understand the local and national implications of proposed legislation.,Problem Sensitivity,2,0
15267,Legislators,Analyze and understand the local and national implications of proposed legislation.,Information Ordering,2,0
15267,Legislators,Analyze and understand the local and national implications of proposed legislation.,Mathematical Reasoning,1,0
15268,Legislators,"Appoint nominees to leadership posts, or approve such appointments.",Deductive Reasoning,3,0
15268,Legislators,"Appoint nominees to leadership posts, or approve such appointments.",Oral Expression,2,0
15268,Legislators,"Appoint nominees to leadership posts, or approve such appointments.",Problem Sensitivity,2,0
15268,Legislators,"Appoint nominees to leadership posts, or approve such appointments.",Written Comprehension,2,0
15268,Legislators,"Appoint nominees to leadership posts, or approve such appointments.",Written Expression,1,0
15269,Legislators,Confer with colleagues to formulate positions and strategies pertaining to pending issues.,Oral Comprehension,3,0
15269,Legislators,Confer with colleagues to formulate positions and strategies pertaining to pending issues.,Oral Expression,3,0
15269,Legislators,Confer with colleagues to formulate positions and strategies pertaining to pending issues.,Deductive Reasoning,2,0
15269,Legislators,Confer with colleagues to formulate positions and strategies pertaining to pending issues.,Problem Sensitivity,2,0
15269,Legislators,Confer with colleagues to formulate positions and strategies pertaining to pending issues.,Speech Clarity,2,0
15269,Legislators,Confer with colleagues to formulate positions and strategies pertaining to pending issues.,Speech Recognition,2,0
15270,Legislators,"Debate the merits of proposals and bill amendments during floor sessions, following the appropriate rules of procedure.",Oral Expression,3,0
15270,Legislators,"Debate the merits of proposals and bill amendments during floor sessions, following the appropriate rules of procedure.",Oral Comprehension,3,0
15270,Legislators,"Debate the merits of proposals and bill amendments during floor sessions, following the appropriate rules of procedure.",Deductive Reasoning,3,0
15270,Legislators,"Debate the merits of proposals and bill amendments during floor sessions, following the appropriate rules of procedure.",Speech Clarity,2,0
15270,Legislators,"Debate the merits of proposals and bill amendments during floor sessions, following the appropriate rules of procedure.",Fluency of Ideas,2,0
15270,Legislators,"Debate the merits of proposals and bill amendments during floor sessions, following the appropriate rules of procedure.",Problem Sensitivity,2,0
15271,Legislators,Develop expertise in subject matters related to committee assignments.,Written Comprehension,3,0
15271,Legislators,Develop expertise in subject matters related to committee assignments.,Inductive Reasoning,3,0
15271,Legislators,Develop expertise in subject matters related to committee assignments.,Deductive Reasoning,2,0
15271,Legislators,Develop expertise in subject matters related to committee assignments.,Memorization,2,0
15271,Legislators,Develop expertise in subject matters related to committee assignments.,Information Ordering,2,0
15272,Legislators,"Hear testimony from constituents, representatives of interest groups, board and commission members, and others with an interest in bills or issues under consideration.",Oral Comprehension,3,0
15272,Legislators,"Hear testimony from constituents, representatives of interest groups, board and commission members, and others with an interest in bills or issues under consideration.",Speech Recognition,3,0
15272,Legislators,"Hear testimony from constituents, representatives of interest groups, board and commission members, and others with an interest in bills or issues under consideration.",Auditory Attention,2,0
15272,Legislators,"Hear testimony from constituents, representatives of interest groups, board and commission members, and others with an interest in bills or issues under consideration.",Deductive Reasoning,2,0
15272,Legislators,"Hear testimony from constituents, representatives of interest groups, board and commission members, and others with an interest in bills or issues under consideration.",Problem Sensitivity,2,0
15272,Legislators,"Hear testimony from constituents, representatives of interest groups, board and commission members, and others with an interest in bills or issues under consideration.",Written Comprehension,1,0
15273,Legislators,"Keep abreast of the issues affecting constituents by making personal visits and phone calls, reading local newspapers, and viewing or listening to local broadcasts.",Written Comprehension,3,0
15273,Legislators,"Keep abreast of the issues affecting constituents by making personal visits and phone calls, reading local newspapers, and viewing or listening to local broadcasts.",Oral Comprehension,2,0
15273,Legislators,"Keep abreast of the issues affecting constituents by making personal visits and phone calls, reading local newspapers, and viewing or listening to local broadcasts.",Inductive Reasoning,2,0
15273,Legislators,"Keep abreast of the issues affecting constituents by making personal visits and phone calls, reading local newspapers, and viewing or listening to local broadcasts.",Information Ordering,2,0
15273,Legislators,"Keep abreast of the issues affecting constituents by making personal visits and phone calls, reading local newspapers, and viewing or listening to local broadcasts.",Auditory Attention,2,0
15273,Legislators,"Keep abreast of the issues affecting constituents by making personal visits and phone calls, reading local newspapers, and viewing or listening to local broadcasts.",Near Vision,1,0
15274,Legislators,Maintain knowledge of relevant national and international current events.,Written Comprehension,3,0
15274,Legislators,Maintain knowledge of relevant national and international current events.,Oral Comprehension,2,0
15274,Legislators,Maintain knowledge of relevant national and international current events.,Inductive Reasoning,2,0
15274,Legislators,Maintain knowledge of relevant national and international current events.,Information Ordering,2,0
15274,Legislators,Maintain knowledge of relevant national and international current events.,Memorization,2,0
15275,Legislators,"Make decisions that balance the perspectives of private citizens, public officials, and party leaders.",Deductive Reasoning,3,0
15275,Legislators,"Make decisions that balance the perspectives of private citizens, public officials, and party leaders.",Inductive Reasoning,3,0
15275,Legislators,"Make decisions that balance the perspectives of private citizens, public officials, and party leaders.",Problem Sensitivity,2,0
15275,Legislators,"Make decisions that balance the perspectives of private citizens, public officials, and party leaders.",Oral Comprehension,2,0
15275,Legislators,"Make decisions that balance the perspectives of private citizens, public officials, and party leaders.",Category Flexibility,2,0
15275,Legislators,"Make decisions that balance the perspectives of private citizens, public officials, and party leaders.",Fluency of Ideas,1,0
15276,Legislators,"Negotiate with colleagues or members of other political parties in order to reconcile differing interests, and to create policies and agreements.",Oral Comprehension,3,0
15276,Legislators,"Negotiate with colleagues or members of other political parties in order to reconcile differing interests, and to create policies and agreements.",Oral Expression,3,0
15276,Legislators,"Negotiate with colleagues or members of other political parties in order to reconcile differing interests, and to create policies and agreements.",Deductive Reasoning,2,0
15276,Legislators,"Negotiate with colleagues or members of other political parties in order to reconcile differing interests, and to create policies and agreements.",Problem Sensitivity,2,0
15276,Legislators,"Negotiate with colleagues or members of other political parties in order to reconcile differing interests, and to create policies and agreements.",Speech Clarity,2,0
15276,Legislators,"Negotiate with colleagues or members of other political parties in order to reconcile differing interests, and to create policies and agreements.",Speech Recognition,2,0
15277,Legislators,"Prepare drafts of amendments, government policies, laws, rules, regulations, budgets, programs and procedures.",Written Expression,3,0
15277,Legislators,"Prepare drafts of amendments, government policies, laws, rules, regulations, budgets, programs and procedures.",Deductive Reasoning,3,0
15277,Legislators,"Prepare drafts of amendments, government policies, laws, rules, regulations, budgets, programs and procedures.",Information Ordering,2,0
15277,Legislators,"Prepare drafts of amendments, government policies, laws, rules, regulations, budgets, programs and procedures.",Written Comprehension,2,0
15277,Legislators,"Prepare drafts of amendments, government policies, laws, rules, regulations, budgets, programs and procedures.",Mathematical Reasoning,2,0
15277,Legislators,"Prepare drafts of amendments, government policies, laws, rules, regulations, budgets, programs and procedures.",Fluency of Ideas,1,0
15278,Legislators,Read and review concerns of constituents or the general public and determine if governmental action is necessary.,Written Comprehension,3,0
15278,Legislators,Read and review concerns of constituents or the general public and determine if governmental action is necessary.,Inductive Reasoning,2,0
15278,Legislators,Read and review concerns of constituents or the general public and determine if governmental action is necessary.,Deductive Reasoning,2,0
15278,Legislators,Read and review concerns of constituents or the general public and determine if governmental action is necessary.,Problem Sensitivity,2,0
15278,Legislators,Read and review concerns of constituents or the general public and determine if governmental action is necessary.,Near Vision,2,0
15278,Legislators,Read and review concerns of constituents or the general public and determine if governmental action is necessary.,Information Ordering,1,0
15279,Legislators,"Represent their parties in negotiations with political executives or members of other parties, and when speaking with the media.",Oral Expression,3,0
15279,Legislators,"Represent their parties in negotiations with political executives or members of other parties, and when speaking with the media.",Speech Clarity,3,0
15279,Legislators,"Represent their parties in negotiations with political executives or members of other parties, and when speaking with the media.",Oral Comprehension,2,0
15279,Legislators,"Represent their parties in negotiations with political executives or members of other parties, and when speaking with the media.",Deductive Reasoning,2,0
15279,Legislators,"Represent their parties in negotiations with political executives or members of other parties, and when speaking with the media.",Speech Recognition,2,0
15279,Legislators,"Represent their parties in negotiations with political executives or members of other parties, and when speaking with the media.",Fluency of Ideas,1,0
15280,Legislators,"Review bills in committee, and make recommendations about their future.",Written Comprehension,3,0
15280,Legislators,"Review bills in committee, and make recommendations about their future.",Deductive Reasoning,3,0
15280,Legislators,"Review bills in committee, and make recommendations about their future.",Inductive Reasoning,2,0
15280,Legislators,"Review bills in committee, and make recommendations about their future.",Problem Sensitivity,2,0
15280,Legislators,"Review bills in committee, and make recommendations about their future.",Written Expression,2,0
15280,Legislators,"Review bills in committee, and make recommendations about their future.",Near Vision,1,0
15281,Legislators,Seek federal funding for local projects and programs.,Oral Expression,2,0
15281,Legislators,Seek federal funding for local projects and programs.,Deductive Reasoning,2,0
15281,Legislators,Seek federal funding for local projects and programs.,Written Expression,2,0
15281,Legislators,Seek federal funding for local projects and programs.,Mathematical Reasoning,2,0
15281,Legislators,Seek federal funding for local projects and programs.,Problem Sensitivity,2,0
15281,Legislators,Seek federal funding for local projects and programs.,Fluency of Ideas,1,0
15282,Legislators,"Serve on commissions, investigative panels, study groups, and committees in order to examine specialized areas and recommend action.",Written Comprehension,3,0
15282,Legislators,"Serve on commissions, investigative panels, study groups, and committees in order to examine specialized areas and recommend action.",Deductive Reasoning,2,0
15282,Legislators,"Serve on commissions, investigative panels, study groups, and committees in order to examine specialized areas and recommend action.",Inductive Reasoning,2,0
15282,Legislators,"Serve on commissions, investigative panels, study groups, and committees in order to examine specialized areas and recommend action.",Oral Comprehension,2,0
15282,Legislators,"Serve on commissions, investigative panels, study groups, and committees in order to examine specialized areas and recommend action.",Problem Sensitivity,2,0
15282,Legislators,"Serve on commissions, investigative panels, study groups, and committees in order to examine specialized areas and recommend action.",Oral Expression,1,0
15283,Legislators,"Vote on motions, amendments, and decisions on whether or not to report a bill out from committee to the assembly floor.",Deductive Reasoning,3,0
15283,Legislators,"Vote on motions, amendments, and decisions on whether or not to report a bill out from committee to the assembly floor.",Written Comprehension,2,0
15283,Legislators,"Vote on motions, amendments, and decisions on whether or not to report a bill out from committee to the assembly floor.",Oral Comprehension,2,0
15283,Legislators,"Vote on motions, amendments, and decisions on whether or not to report a bill out from committee to the assembly floor.",Problem Sensitivity,2,0
15283,Legislators,"Vote on motions, amendments, and decisions on whether or not to report a bill out from committee to the assembly floor.",Information Ordering,1,0
15284,Legislators,"Write, prepare, and deliver statements for the Congressional Record.",Written Expression,3,0
15284,Legislators,"Write, prepare, and deliver statements for the Congressional Record.",Oral Expression,3,0
15284,Legislators,"Write, prepare, and deliver statements for the Congressional Record.",Speech Clarity,2,0
15284,Legislators,"Write, prepare, and deliver statements for the Congressional Record.",Fluency of Ideas,2,0
15284,Legislators,"Write, prepare, and deliver statements for the Congressional Record.",Written Comprehension,2,0
15284,Legislators,"Write, prepare, and deliver statements for the Congressional Record.",Deductive Reasoning,2,0
15285,Legislators,"Alert constituents of government actions and programs by way of newsletters, personal appearances at town meetings, phone calls, and individual meetings.",Written Expression,2,0
15285,Legislators,"Alert constituents of government actions and programs by way of newsletters, personal appearances at town meetings, phone calls, and individual meetings.",Oral Expression,2,0
15285,Legislators,"Alert constituents of government actions and programs by way of newsletters, personal appearances at town meetings, phone calls, and individual meetings.",Speech Clarity,2,0
15285,Legislators,"Alert constituents of government actions and programs by way of newsletters, personal appearances at town meetings, phone calls, and individual meetings.",Oral Comprehension,2,0
15285,Legislators,"Alert constituents of government actions and programs by way of newsletters, personal appearances at town meetings, phone calls, and individual meetings.",Written Comprehension,2,0
15285,Legislators,"Alert constituents of government actions and programs by way of newsletters, personal appearances at town meetings, phone calls, and individual meetings.",Fluency of Ideas,1,0
15286,Legislators,"Attend receptions, dinners, and conferences to meet people, exchange views and information, and develop working relationships.",Oral Comprehension,3,0
15286,Legislators,"Attend receptions, dinners, and conferences to meet people, exchange views and information, and develop working relationships.",Oral Expression,2,0
15286,Legislators,"Attend receptions, dinners, and conferences to meet people, exchange views and information, and develop working relationships.",Speech Recognition,2,0
15286,Legislators,"Attend receptions, dinners, and conferences to meet people, exchange views and information, and develop working relationships.",Speech Clarity,2,0
15286,Legislators,"Attend receptions, dinners, and conferences to meet people, exchange views and information, and develop working relationships.",Memorization,1,0
15287,Legislators,"Conduct ""head counts"" to help predict the outcome of upcoming votes.",Inductive Reasoning,3,0
15287,Legislators,"Conduct ""head counts"" to help predict the outcome of upcoming votes.",Deductive Reasoning,2,0
15287,Legislators,"Conduct ""head counts"" to help predict the outcome of upcoming votes.",Number Facility,2,0
15287,Legislators,"Conduct ""head counts"" to help predict the outcome of upcoming votes.",Mathematical Reasoning,2,0
15287,Legislators,"Conduct ""head counts"" to help predict the outcome of upcoming votes.",Problem Sensitivity,2,0
15287,Legislators,"Conduct ""head counts"" to help predict the outcome of upcoming votes.",Oral Expression,1,0
15288,Legislators,"Determine campaign strategies for media advertising, positions on issues, and public appearances.",Deductive Reasoning,3,0
15288,Legislators,"Determine campaign strategies for media advertising, positions on issues, and public appearances.",Inductive Reasoning,2,0
15288,Legislators,"Determine campaign strategies for media advertising, positions on issues, and public appearances.",Fluency of Ideas,2,0
15288,Legislators,"Determine campaign strategies for media advertising, positions on issues, and public appearances.",Oral Expression,2,0
15288,Legislators,"Determine campaign strategies for media advertising, positions on issues, and public appearances.",Written Expression,2,0
15288,Legislators,"Determine campaign strategies for media advertising, positions on issues, and public appearances.",Originality,2,0
15289,Legislators,Encourage and support party candidates for political office.,Oral Expression,3,0
15289,Legislators,Encourage and support party candidates for political office.,Speech Clarity,2,0
15289,Legislators,Encourage and support party candidates for political office.,Oral Comprehension,2,0
15289,Legislators,Encourage and support party candidates for political office.,Fluency of Ideas,2,0
15289,Legislators,Encourage and support party candidates for political office.,Written Comprehension,1,0
15290,Legislators,"Establish personal offices in local districts or states, and manage office staff.",Information Ordering,3,0
15290,Legislators,"Establish personal offices in local districts or states, and manage office staff.",Deductive Reasoning,2,0
15290,Legislators,"Establish personal offices in local districts or states, and manage office staff.",Oral Expression,2,0
15290,Legislators,"Establish personal offices in local districts or states, and manage office staff.",Problem Sensitivity,2,0
15290,Legislators,"Establish personal offices in local districts or states, and manage office staff.",Written Expression,1,0
15290,Legislators,"Establish personal offices in local districts or states, and manage office staff.",Written Comprehension,1,0
15291,Legislators,"Evaluate the structure, efficiency, activities, and performance of government agencies.",Inductive Reasoning,3,0
15291,Legislators,"Evaluate the structure, efficiency, activities, and performance of government agencies.",Deductive Reasoning,3,0
15291,Legislators,"Evaluate the structure, efficiency, activities, and performance of government agencies.",Written Comprehension,2,0
15291,Legislators,"Evaluate the structure, efficiency, activities, and performance of government agencies.",Problem Sensitivity,2,0
15291,Legislators,"Evaluate the structure, efficiency, activities, and performance of government agencies.",Mathematical Reasoning,2,0
15291,Legislators,"Evaluate the structure, efficiency, activities, and performance of government agencies.",Written Expression,2,0
15292,Legislators,"Organize and maintain campaign organizations and fundraisers, in order to raise money for election or re-election.",Information Ordering,3,0
15292,Legislators,"Organize and maintain campaign organizations and fundraisers, in order to raise money for election or re-election.",Oral Expression,2,0
15292,Legislators,"Organize and maintain campaign organizations and fundraisers, in order to raise money for election or re-election.",Deductive Reasoning,2,0
15292,Legislators,"Organize and maintain campaign organizations and fundraisers, in order to raise money for election or re-election.",Problem Sensitivity,2,0
15292,Legislators,"Organize and maintain campaign organizations and fundraisers, in order to raise money for election or re-election.",Mathematical Reasoning,2,0
15292,Legislators,"Organize and maintain campaign organizations and fundraisers, in order to raise money for election or re-election.",Fluency of Ideas,1,0
15293,Legislators,"Oversee expense allowances, ensuring that accounts are balanced at the end of each fiscal year.",Number Facility,3,0
15293,Legislators,"Oversee expense allowances, ensuring that accounts are balanced at the end of each fiscal year.",Mathematical Reasoning,3,0
15293,Legislators,"Oversee expense allowances, ensuring that accounts are balanced at the end of each fiscal year.",Deductive Reasoning,2,0
15293,Legislators,"Oversee expense allowances, ensuring that accounts are balanced at the end of each fiscal year.",Written Comprehension,2,0
15293,Legislators,"Oversee expense allowances, ensuring that accounts are balanced at the end of each fiscal year.",Written Expression,1,0
15293,Legislators,"Oversee expense allowances, ensuring that accounts are balanced at the end of each fiscal year.",Near Vision,1,0
15294,Legislators,Promote the industries and products of their electoral districts.,Oral Expression,3,0
15294,Legislators,Promote the industries and products of their electoral districts.,Speech Clarity,2,0
15294,Legislators,Promote the industries and products of their electoral districts.,Fluency of Ideas,2,0
15294,Legislators,Promote the industries and products of their electoral districts.,Written Expression,2,0
15294,Legislators,Promote the industries and products of their electoral districts.,Oral Comprehension,2,0
15294,Legislators,Promote the industries and products of their electoral districts.,Originality,1,0
15295,Legislators,"Represent their government at local, national, and international meetings and conferences.",Oral Comprehension,3,0
15295,Legislators,"Represent their government at local, national, and international meetings and conferences.",Oral Expression,3,0
15295,Legislators,"Represent their government at local, national, and international meetings and conferences.",Speech Clarity,2,0
15295,Legislators,"Represent their government at local, national, and international meetings and conferences.",Speech Recognition,2,0
15295,Legislators,"Represent their government at local, national, and international meetings and conferences.",Deductive Reasoning,2,0
15295,Legislators,"Represent their government at local, national, and international meetings and conferences.",Written Comprehension,1,0
15296,Legislators,Speak to students to encourage and support the development of future political leaders.,Oral Expression,3,0
15296,Legislators,Speak to students to encourage and support the development of future political leaders.,Speech Clarity,3,0
15296,Legislators,Speak to students to encourage and support the development of future political leaders.,Fluency of Ideas,2,0
15296,Legislators,Speak to students to encourage and support the development of future political leaders.,Oral Comprehension,2,0
15296,Legislators,Speak to students to encourage and support the development of future political leaders.,Originality,1,0
3224,Advertising and Promotions Managers,"Plan and prepare advertising and promotional material to increase sales of products or services, working with customers, company officials, sales departments, and advertising agencies.",Inductive Reasoning,3,0
3224,Advertising and Promotions Managers,"Plan and prepare advertising and promotional material to increase sales of products or services, working with customers, company officials, sales departments, and advertising agencies.",Oral Expression,2,0
3224,Advertising and Promotions Managers,"Plan and prepare advertising and promotional material to increase sales of products or services, working with customers, company officials, sales departments, and advertising agencies.",Written Expression,2,0
3224,Advertising and Promotions Managers,"Plan and prepare advertising and promotional material to increase sales of products or services, working with customers, company officials, sales departments, and advertising agencies.",Fluency of Ideas,2,0
3224,Advertising and Promotions Managers,"Plan and prepare advertising and promotional material to increase sales of products or services, working with customers, company officials, sales departments, and advertising agencies.",Deductive Reasoning,2,0
3224,Advertising and Promotions Managers,"Plan and prepare advertising and promotional material to increase sales of products or services, working with customers, company officials, sales departments, and advertising agencies.",Originality,2,0
3226,Advertising and Promotions Managers,"Inspect layouts and advertising copy, and edit scripts, audio, video, and other promotional material for adherence to specifications.",Written Comprehension,3,0
3226,Advertising and Promotions Managers,"Inspect layouts and advertising copy, and edit scripts, audio, video, and other promotional material for adherence to specifications.",Deductive Reasoning,2,0
3226,Advertising and Promotions Managers,"Inspect layouts and advertising copy, and edit scripts, audio, video, and other promotional material for adherence to specifications.",Near Vision,2,0
3226,Advertising and Promotions Managers,"Inspect layouts and advertising copy, and edit scripts, audio, video, and other promotional material for adherence to specifications.",Perceptual Speed,2,0
3226,Advertising and Promotions Managers,"Inspect layouts and advertising copy, and edit scripts, audio, video, and other promotional material for adherence to specifications.",Speed of Closure,2,0
3226,Advertising and Promotions Managers,"Inspect layouts and advertising copy, and edit scripts, audio, video, and other promotional material for adherence to specifications.",Auditory Attention,1,0
3226,Advertising and Promotions Managers,"Inspect layouts and advertising copy, and edit scripts, audio, video, and other promotional material for adherence to specifications.",Visual Color Discrimination,1,0
3231,Advertising and Promotions Managers,"Confer with department heads or staff to discuss topics such as contracts, selection of advertising media, or product to be advertised.",Oral Comprehension,3,0
3231,Advertising and Promotions Managers,"Confer with department heads or staff to discuss topics such as contracts, selection of advertising media, or product to be advertised.",Oral Expression,3,0
3231,Advertising and Promotions Managers,"Confer with department heads or staff to discuss topics such as contracts, selection of advertising media, or product to be advertised.",Speech Recognition,2,0
3231,Advertising and Promotions Managers,"Confer with department heads or staff to discuss topics such as contracts, selection of advertising media, or product to be advertised.",Speech Clarity,2,0
3231,Advertising and Promotions Managers,"Confer with department heads or staff to discuss topics such as contracts, selection of advertising media, or product to be advertised.",Deductive Reasoning,2,0
3231,Advertising and Promotions Managers,"Confer with department heads or staff to discuss topics such as contracts, selection of advertising media, or product to be advertised.",Written Comprehension,1,0
3242,Advertising and Promotions Managers,Coordinate with the media to disseminate advertising.,Oral Expression,2,0
3242,Advertising and Promotions Managers,Coordinate with the media to disseminate advertising.,Oral Comprehension,2,0
3242,Advertising and Promotions Managers,Coordinate with the media to disseminate advertising.,Written Expression,2,0
3242,Advertising and Promotions Managers,Coordinate with the media to disseminate advertising.,Deductive Reasoning,2,0
3242,Advertising and Promotions Managers,Coordinate with the media to disseminate advertising.,Information Ordering,2,0
3242,Advertising and Promotions Managers,Coordinate with the media to disseminate advertising.,Speech Clarity,1,0
3227,Advertising and Promotions Managers,"Coordinate activities of departments, such as sales, graphic arts, media, finance, and research.",Information Ordering,3,0
3227,Advertising and Promotions Managers,"Coordinate activities of departments, such as sales, graphic arts, media, finance, and research.",Oral Expression,2,0
3227,Advertising and Promotions Managers,"Coordinate activities of departments, such as sales, graphic arts, media, finance, and research.",Deductive Reasoning,2,0
3227,Advertising and Promotions Managers,"Coordinate activities of departments, such as sales, graphic arts, media, finance, and research.",Problem Sensitivity,2,0
3227,Advertising and Promotions Managers,"Coordinate activities of departments, such as sales, graphic arts, media, finance, and research.",Written Comprehension,2,0
3227,Advertising and Promotions Managers,"Coordinate activities of departments, such as sales, graphic arts, media, finance, and research.",Time Sharing,2,0
3238,Advertising and Promotions Managers,Plan and execute advertising policies and strategies for organizations.,Deductive Reasoning,3,0
3238,Advertising and Promotions Managers,Plan and execute advertising policies and strategies for organizations.,Inductive Reasoning,2,0
3238,Advertising and Promotions Managers,Plan and execute advertising policies and strategies for organizations.,Fluency of Ideas,2,0
3238,Advertising and Promotions Managers,Plan and execute advertising policies and strategies for organizations.,Written Expression,2,0
3238,Advertising and Promotions Managers,Plan and execute advertising policies and strategies for organizations.,Oral Expression,2,0
3238,Advertising and Promotions Managers,Plan and execute advertising policies and strategies for organizations.,Originality,2,0
3237,Advertising and Promotions Managers,"Direct, motivate, and monitor the mobilization of a campaign team to advance campaign goals.",Oral Expression,3,0
3237,Advertising and Promotions Managers,"Direct, motivate, and monitor the mobilization of a campaign team to advance campaign goals.",Deductive Reasoning,2,0
3237,Advertising and Promotions Managers,"Direct, motivate, and monitor the mobilization of a campaign team to advance campaign goals.",Problem Sensitivity,2,0
3237,Advertising and Promotions Managers,"Direct, motivate, and monitor the mobilization of a campaign team to advance campaign goals.",Oral Comprehension,2,0
3237,Advertising and Promotions Managers,"Direct, motivate, and monitor the mobilization of a campaign team to advance campaign goals.",Speech Clarity,2,0
3237,Advertising and Promotions Managers,"Direct, motivate, and monitor the mobilization of a campaign team to advance campaign goals.",Information Ordering,2,0
3223,Advertising and Promotions Managers,Prepare budgets and submit estimates for program costs as part of campaign plan development.,Mathematical Reasoning,3,0
3223,Advertising and Promotions Managers,Prepare budgets and submit estimates for program costs as part of campaign plan development.,Number Facility,3,0
3223,Advertising and Promotions Managers,Prepare budgets and submit estimates for program costs as part of campaign plan development.,Written Expression,2,0
3223,Advertising and Promotions Managers,Prepare budgets and submit estimates for program costs as part of campaign plan development.,Deductive Reasoning,2,0
3223,Advertising and Promotions Managers,Prepare budgets and submit estimates for program costs as part of campaign plan development.,Information Ordering,2,0
3243,Advertising and Promotions Managers,Contact organizations to explain services and facilities offered.,Oral Expression,3,0
3243,Advertising and Promotions Managers,Contact organizations to explain services and facilities offered.,Speech Clarity,2,0
3243,Advertising and Promotions Managers,Contact organizations to explain services and facilities offered.,Oral Comprehension,2,0
3243,Advertising and Promotions Managers,Contact organizations to explain services and facilities offered.,Speech Recognition,2,0
3243,Advertising and Promotions Managers,Contact organizations to explain services and facilities offered.,Written Comprehension,1,0
3243,Advertising and Promotions Managers,Contact organizations to explain services and facilities offered.,Fluency of Ideas,1,0
3233,Advertising and Promotions Managers,Monitor and analyze sales promotion results to determine cost effectiveness of promotion campaigns.,Mathematical Reasoning,3,0
3233,Advertising and Promotions Managers,Monitor and analyze sales promotion results to determine cost effectiveness of promotion campaigns.,Number Facility,2,0
3233,Advertising and Promotions Managers,Monitor and analyze sales promotion results to determine cost effectiveness of promotion campaigns.,Inductive Reasoning,2,0
3233,Advertising and Promotions Managers,Monitor and analyze sales promotion results to determine cost effectiveness of promotion campaigns.,Deductive Reasoning,2,0
3233,Advertising and Promotions Managers,Monitor and analyze sales promotion results to determine cost effectiveness of promotion campaigns.,Problem Sensitivity,2,0
3233,Advertising and Promotions Managers,Monitor and analyze sales promotion results to determine cost effectiveness of promotion campaigns.,Written Comprehension,2,0
3229,Advertising and Promotions Managers,"Identify and develop contacts for promotional campaigns and industry programs that meet identified buyer targets, such as dealers, distributors, or consumers.",Inductive Reasoning,3,0
3229,Advertising and Promotions Managers,"Identify and develop contacts for promotional campaigns and industry programs that meet identified buyer targets, such as dealers, distributors, or consumers.",Oral Expression,2,0
3229,Advertising and Promotions Managers,"Identify and develop contacts for promotional campaigns and industry programs that meet identified buyer targets, such as dealers, distributors, or consumers.",Deductive Reasoning,2,0
3229,Advertising and Promotions Managers,"Identify and develop contacts for promotional campaigns and industry programs that meet identified buyer targets, such as dealers, distributors, or consumers.",Problem Sensitivity,2,0
3229,Advertising and Promotions Managers,"Identify and develop contacts for promotional campaigns and industry programs that meet identified buyer targets, such as dealers, distributors, or consumers.",Written Comprehension,2,0
3229,Advertising and Promotions Managers,"Identify and develop contacts for promotional campaigns and industry programs that meet identified buyer targets, such as dealers, distributors, or consumers.",Fluency of Ideas,1,0
3239,Advertising and Promotions Managers,"Track program budgets, expenses, and campaign response rates to evaluate each campaign, based on program objectives and industry norms.",Number Facility,3,0
3239,Advertising and Promotions Managers,"Track program budgets, expenses, and campaign response rates to evaluate each campaign, based on program objectives and industry norms.",Mathematical Reasoning,3,0
3239,Advertising and Promotions Managers,"Track program budgets, expenses, and campaign response rates to evaluate each campaign, based on program objectives and industry norms.",Written Comprehension,2,0
3239,Advertising and Promotions Managers,"Track program budgets, expenses, and campaign response rates to evaluate each campaign, based on program objectives and industry norms.",Inductive Reasoning,2,0
3239,Advertising and Promotions Managers,"Track program budgets, expenses, and campaign response rates to evaluate each campaign, based on program objectives and industry norms.",Deductive Reasoning,2,0
3239,Advertising and Promotions Managers,"Track program budgets, expenses, and campaign response rates to evaluate each campaign, based on program objectives and industry norms.",Problem Sensitivity,1,0
3234,Advertising and Promotions Managers,"Read trade journals and professional literature to stay informed on trends, innovations, and changes that affect media planning.",Written Comprehension,3,0
3234,Advertising and Promotions Managers,"Read trade journals and professional literature to stay informed on trends, innovations, and changes that affect media planning.",Inductive Reasoning,2,0
3234,Advertising and Promotions Managers,"Read trade journals and professional literature to stay informed on trends, innovations, and changes that affect media planning.",Information Ordering,2,0
3234,Advertising and Promotions Managers,"Read trade journals and professional literature to stay informed on trends, innovations, and changes that affect media planning.",Deductive Reasoning,2,0
3234,Advertising and Promotions Managers,"Read trade journals and professional literature to stay informed on trends, innovations, and changes that affect media planning.",Near Vision,2,0
18586,Advertising and Promotions Managers,"Manage sales team, including setting goals, providing incentives, and evaluating employee performance.",Deductive Reasoning,3,0
18586,Advertising and Promotions Managers,"Manage sales team, including setting goals, providing incentives, and evaluating employee performance.",Oral Expression,2,0
18586,Advertising and Promotions Managers,"Manage sales team, including setting goals, providing incentives, and evaluating employee performance.",Problem Sensitivity,2,0
18586,Advertising and Promotions Managers,"Manage sales team, including setting goals, providing incentives, and evaluating employee performance.",Inductive Reasoning,2,0
18586,Advertising and Promotions Managers,"Manage sales team, including setting goals, providing incentives, and evaluating employee performance.",Mathematical Reasoning,2,0
18586,Advertising and Promotions Managers,"Manage sales team, including setting goals, providing incentives, and evaluating employee performance.",Written Expression,2,0
3228,Advertising and Promotions Managers,Prepare and negotiate advertising and sales contracts.,Deductive Reasoning,3,0
3228,Advertising and Promotions Managers,Prepare and negotiate advertising and sales contracts.,Written Comprehension,2,0
3228,Advertising and Promotions Managers,Prepare and negotiate advertising and sales contracts.,Written Expression,2,0
3228,Advertising and Promotions Managers,Prepare and negotiate advertising and sales contracts.,Oral Expression,2,0
3228,Advertising and Promotions Managers,Prepare and negotiate advertising and sales contracts.,Oral Comprehension,2,0
3228,Advertising and Promotions Managers,Prepare and negotiate advertising and sales contracts.,Problem Sensitivity,1,0
3235,Advertising and Promotions Managers,Formulate plans to extend business with established accounts and to transact business as agent for advertising accounts.,Deductive Reasoning,3,0
3235,Advertising and Promotions Managers,Formulate plans to extend business with established accounts and to transact business as agent for advertising accounts.,Inductive Reasoning,2,0
3235,Advertising and Promotions Managers,Formulate plans to extend business with established accounts and to transact business as agent for advertising accounts.,Oral Expression,2,0
3235,Advertising and Promotions Managers,Formulate plans to extend business with established accounts and to transact business as agent for advertising accounts.,Fluency of Ideas,2,0
3235,Advertising and Promotions Managers,Formulate plans to extend business with established accounts and to transact business as agent for advertising accounts.,Written Expression,2,0
3235,Advertising and Promotions Managers,Formulate plans to extend business with established accounts and to transact business as agent for advertising accounts.,Mathematical Reasoning,1,0
3241,Advertising and Promotions Managers,Train and direct workers engaged in developing and producing advertisements.,Oral Expression,3,0
3241,Advertising and Promotions Managers,Train and direct workers engaged in developing and producing advertisements.,Oral Comprehension,2,0
3241,Advertising and Promotions Managers,Train and direct workers engaged in developing and producing advertisements.,Deductive Reasoning,2,0
3241,Advertising and Promotions Managers,Train and direct workers engaged in developing and producing advertisements.,Written Comprehension,2,0
3241,Advertising and Promotions Managers,Train and direct workers engaged in developing and producing advertisements.,Problem Sensitivity,2,0
3241,Advertising and Promotions Managers,Train and direct workers engaged in developing and producing advertisements.,Speech Clarity,1,0
3240,Advertising and Promotions Managers,"Assemble and communicate with a strong, diverse coalition of organizations or public figures, securing their cooperation, support, and action, to further campaign goals.",Oral Comprehension,3,0
3240,Advertising and Promotions Managers,"Assemble and communicate with a strong, diverse coalition of organizations or public figures, securing their cooperation, support, and action, to further campaign goals.",Oral Expression,3,0
3240,Advertising and Promotions Managers,"Assemble and communicate with a strong, diverse coalition of organizations or public figures, securing their cooperation, support, and action, to further campaign goals.",Speech Clarity,2,0
3240,Advertising and Promotions Managers,"Assemble and communicate with a strong, diverse coalition of organizations or public figures, securing their cooperation, support, and action, to further campaign goals.",Deductive Reasoning,2,0
3240,Advertising and Promotions Managers,"Assemble and communicate with a strong, diverse coalition of organizations or public figures, securing their cooperation, support, and action, to further campaign goals.",Problem Sensitivity,2,0
3240,Advertising and Promotions Managers,"Assemble and communicate with a strong, diverse coalition of organizations or public figures, securing their cooperation, support, and action, to further campaign goals.",Fluency of Ideas,2,0
3236,Advertising and Promotions Managers,Provide presentation and product demonstration support during the introduction of new products and services to field staff and customers.,Oral Expression,3,0
3236,Advertising and Promotions Managers,Provide presentation and product demonstration support during the introduction of new products and services to field staff and customers.,Speech Clarity,2,0
3236,Advertising and Promotions Managers,Provide presentation and product demonstration support during the introduction of new products and services to field staff and customers.,Fluency of Ideas,2,0
3236,Advertising and Promotions Managers,Provide presentation and product demonstration support during the introduction of new products and services to field staff and customers.,Visualization,2,0
3236,Advertising and Promotions Managers,Provide presentation and product demonstration support during the introduction of new products and services to field staff and customers.,Near Vision,2,0
3236,Advertising and Promotions Managers,Provide presentation and product demonstration support during the introduction of new products and services to field staff and customers.,Written Comprehension,1,0
3245,Advertising and Promotions Managers,Represent company at trade association meetings to promote products.,Oral Expression,3,0
3245,Advertising and Promotions Managers,Represent company at trade association meetings to promote products.,Speech Clarity,2,0
3245,Advertising and Promotions Managers,Represent company at trade association meetings to promote products.,Oral Comprehension,2,0
3245,Advertising and Promotions Managers,Represent company at trade association meetings to promote products.,Speech Recognition,2,0
3245,Advertising and Promotions Managers,Represent company at trade association meetings to promote products.,Fluency of Ideas,1,0
3244,Advertising and Promotions Managers,Direct and coordinate product research and development.,Deductive Reasoning,3,0
3244,Advertising and Promotions Managers,Direct and coordinate product research and development.,Inductive Reasoning,3,0
3244,Advertising and Promotions Managers,Direct and coordinate product research and development.,Problem Sensitivity,2,0
3244,Advertising and Promotions Managers,Direct and coordinate product research and development.,Fluency of Ideas,2,0
3244,Advertising and Promotions Managers,Direct and coordinate product research and development.,Oral Expression,2,0
3244,Advertising and Promotions Managers,Direct and coordinate product research and development.,Written Comprehension,2,0
21217,Advertising and Promotions Managers,Analyze marketing or sales trends to forecast future conditions.,Inductive Reasoning,3,0
21217,Advertising and Promotions Managers,Analyze marketing or sales trends to forecast future conditions.,Mathematical Reasoning,3,0
21217,Advertising and Promotions Managers,Analyze marketing or sales trends to forecast future conditions.,Number Facility,2,0
21217,Advertising and Promotions Managers,Analyze marketing or sales trends to forecast future conditions.,Deductive Reasoning,2,0
21217,Advertising and Promotions Managers,Analyze marketing or sales trends to forecast future conditions.,Problem Sensitivity,2,0
21217,Advertising and Promotions Managers,Analyze marketing or sales trends to forecast future conditions.,Written Comprehension,2,0
21218,Advertising and Promotions Managers,Analyze the effectiveness of marketing tactics or channels.,Inductive Reasoning,3,0
21218,Advertising and Promotions Managers,Analyze the effectiveness of marketing tactics or channels.,Deductive Reasoning,2,0
21218,Advertising and Promotions Managers,Analyze the effectiveness of marketing tactics or channels.,Mathematical Reasoning,2,0
21218,Advertising and Promotions Managers,Analyze the effectiveness of marketing tactics or channels.,Problem Sensitivity,2,0
21218,Advertising and Promotions Managers,Analyze the effectiveness of marketing tactics or channels.,Number Facility,2,0
21218,Advertising and Promotions Managers,Analyze the effectiveness of marketing tactics or channels.,Written Comprehension,2,0
21219,Advertising and Promotions Managers,"Attend or participate in conferences, community events, and promotional events related to products or technologies.",Oral Comprehension,2,0
21219,Advertising and Promotions Managers,"Attend or participate in conferences, community events, and promotional events related to products or technologies.",Oral Expression,2,0
21219,Advertising and Promotions Managers,"Attend or participate in conferences, community events, and promotional events related to products or technologies.",Speech Recognition,2,0
21219,Advertising and Promotions Managers,"Attend or participate in conferences, community events, and promotional events related to products or technologies.",Speech Clarity,2,0
21219,Advertising and Promotions Managers,"Attend or participate in conferences, community events, and promotional events related to products or technologies.",Written Comprehension,1,0
21220,Advertising and Promotions Managers,"Conduct research on consumer opinions and buying habits, and identify target audiences for products, services, or technologies.",Inductive Reasoning,3,0
21220,Advertising and Promotions Managers,"Conduct research on consumer opinions and buying habits, and identify target audiences for products, services, or technologies.",Written Comprehension,2,0
21220,Advertising and Promotions Managers,"Conduct research on consumer opinions and buying habits, and identify target audiences for products, services, or technologies.",Mathematical Reasoning,2,0
21220,Advertising and Promotions Managers,"Conduct research on consumer opinions and buying habits, and identify target audiences for products, services, or technologies.",Deductive Reasoning,2,0
21220,Advertising and Promotions Managers,"Conduct research on consumer opinions and buying habits, and identify target audiences for products, services, or technologies.",Number Facility,2,0
21220,Advertising and Promotions Managers,"Conduct research on consumer opinions and buying habits, and identify target audiences for products, services, or technologies.",Problem Sensitivity,2,0
21221,Advertising and Promotions Managers,"Coordinate with marketing team members, graphic artists, and other workers to develop and implement marketing programs.",Oral Expression,2,0
21221,Advertising and Promotions Managers,"Coordinate with marketing team members, graphic artists, and other workers to develop and implement marketing programs.",Oral Comprehension,2,0
21221,Advertising and Promotions Managers,"Coordinate with marketing team members, graphic artists, and other workers to develop and implement marketing programs.",Information Ordering,2,0
21221,Advertising and Promotions Managers,"Coordinate with marketing team members, graphic artists, and other workers to develop and implement marketing programs.",Deductive Reasoning,2,0
21221,Advertising and Promotions Managers,"Coordinate with marketing team members, graphic artists, and other workers to develop and implement marketing programs.",Problem Sensitivity,2,0
21221,Advertising and Promotions Managers,"Coordinate with marketing team members, graphic artists, and other workers to develop and implement marketing programs.",Written Comprehension,1,0
21222,Advertising and Promotions Managers,"Develop communications materials, advertisements, presentations, or public relations initiatives to promote awareness of products and services.",Written Expression,3,0
21222,Advertising and Promotions Managers,"Develop communications materials, advertisements, presentations, or public relations initiatives to promote awareness of products and services.",Oral Expression,2,0
21222,Advertising and Promotions Managers,"Develop communications materials, advertisements, presentations, or public relations initiatives to promote awareness of products and services.",Fluency of Ideas,2,0
21222,Advertising and Promotions Managers,"Develop communications materials, advertisements, presentations, or public relations initiatives to promote awareness of products and services.",Originality,2,0
21222,Advertising and Promotions Managers,"Develop communications materials, advertisements, presentations, or public relations initiatives to promote awareness of products and services.",Written Comprehension,2,0
21222,Advertising and Promotions Managers,"Develop communications materials, advertisements, presentations, or public relations initiatives to promote awareness of products and services.",Speech Clarity,1,0
21223,Advertising and Promotions Managers,"Develop comprehensive marketing strategies, using knowledge of products and technologies, markets, and regulations.",Deductive Reasoning,3,0
21223,Advertising and Promotions Managers,"Develop comprehensive marketing strategies, using knowledge of products and technologies, markets, and regulations.",Inductive Reasoning,3,0
21223,Advertising and Promotions Managers,"Develop comprehensive marketing strategies, using knowledge of products and technologies, markets, and regulations.",Fluency of Ideas,2,0
21223,Advertising and Promotions Managers,"Develop comprehensive marketing strategies, using knowledge of products and technologies, markets, and regulations.",Originality,2,0
21223,Advertising and Promotions Managers,"Develop comprehensive marketing strategies, using knowledge of products and technologies, markets, and regulations.",Written Expression,2,0
21223,Advertising and Promotions Managers,"Develop comprehensive marketing strategies, using knowledge of products and technologies, markets, and regulations.",Problem Sensitivity,2,0
21224,Advertising and Promotions Managers,"Devise or evaluate methods and procedures for collecting data, such as surveys, opinion polls, and questionnaires.",Inductive Reasoning,3,0
21224,Advertising and Promotions Managers,"Devise or evaluate methods and procedures for collecting data, such as surveys, opinion polls, and questionnaires.",Deductive Reasoning,2,0
21224,Advertising and Promotions Managers,"Devise or evaluate methods and procedures for collecting data, such as surveys, opinion polls, and questionnaires.",Fluency of Ideas,2,0
21224,Advertising and Promotions Managers,"Devise or evaluate methods and procedures for collecting data, such as surveys, opinion polls, and questionnaires.",Written Comprehension,2,0
21224,Advertising and Promotions Managers,"Devise or evaluate methods and procedures for collecting data, such as surveys, opinion polls, and questionnaires.",Mathematical Reasoning,2,0
21224,Advertising and Promotions Managers,"Devise or evaluate methods and procedures for collecting data, such as surveys, opinion polls, and questionnaires.",Originality,1,0
21225,Advertising and Promotions Managers,"Maintain portfolios of marketing campaigns, strategies, and other marketing products or ideas.",Information Ordering,3,0
21225,Advertising and Promotions Managers,"Maintain portfolios of marketing campaigns, strategies, and other marketing products or ideas.",Written Comprehension,2,0
21225,Advertising and Promotions Managers,"Maintain portfolios of marketing campaigns, strategies, and other marketing products or ideas.",Written Expression,2,0
21225,Advertising and Promotions Managers,"Maintain portfolios of marketing campaigns, strategies, and other marketing products or ideas.",Deductive Reasoning,2,0
21225,Advertising and Promotions Managers,"Maintain portfolios of marketing campaigns, strategies, and other marketing products or ideas.",Near Vision,1,0
951,Marketing Managers,"Identify, develop, or evaluate marketing strategy, based on knowledge of establishment objectives, market characteristics, and cost and markup factors.",Inductive Reasoning,3,0
951,Marketing Managers,"Identify, develop, or evaluate marketing strategy, based on knowledge of establishment objectives, market characteristics, and cost and markup factors.",Deductive Reasoning,3,0
951,Marketing Managers,"Identify, develop, or evaluate marketing strategy, based on knowledge of establishment objectives, market characteristics, and cost and markup factors.",Mathematical Reasoning,2,0
951,Marketing Managers,"Identify, develop, or evaluate marketing strategy, based on knowledge of establishment objectives, market characteristics, and cost and markup factors.",Problem Sensitivity,2,0
951,Marketing Managers,"Identify, develop, or evaluate marketing strategy, based on knowledge of establishment objectives, market characteristics, and cost and markup factors.",Written Comprehension,2,0
951,Marketing Managers,"Identify, develop, or evaluate marketing strategy, based on knowledge of establishment objectives, market characteristics, and cost and markup factors.",Fluency of Ideas,2,0
951,Marketing Managers,"Identify, develop, or evaluate marketing strategy, based on knowledge of establishment objectives, market characteristics, and cost and markup factors.",Number Facility,1,0
20709,Marketing Managers,"Formulate, direct, or coordinate marketing activities or policies to promote products or services, working with advertising or promotion managers.",Deductive Reasoning,3,0
20709,Marketing Managers,"Formulate, direct, or coordinate marketing activities or policies to promote products or services, working with advertising or promotion managers.",Inductive Reasoning,2,0
20709,Marketing Managers,"Formulate, direct, or coordinate marketing activities or policies to promote products or services, working with advertising or promotion managers.",Oral Expression,2,0
20709,Marketing Managers,"Formulate, direct, or coordinate marketing activities or policies to promote products or services, working with advertising or promotion managers.",Information Ordering,2,0
20709,Marketing Managers,"Formulate, direct, or coordinate marketing activities or policies to promote products or services, working with advertising or promotion managers.",Written Expression,2,0
20709,Marketing Managers,"Formulate, direct, or coordinate marketing activities or policies to promote products or services, working with advertising or promotion managers.",Problem Sensitivity,2,0
952,Marketing Managers,"Evaluate the financial aspects of product development, such as budgets, expenditures, research and development appropriations, or return-on-investment and profit-loss projections.",Mathematical Reasoning,3,0
952,Marketing Managers,"Evaluate the financial aspects of product development, such as budgets, expenditures, research and development appropriations, or return-on-investment and profit-loss projections.",Number Facility,3,0
952,Marketing Managers,"Evaluate the financial aspects of product development, such as budgets, expenditures, research and development appropriations, or return-on-investment and profit-loss projections.",Deductive Reasoning,2,0
952,Marketing Managers,"Evaluate the financial aspects of product development, such as budgets, expenditures, research and development appropriations, or return-on-investment and profit-loss projections.",Inductive Reasoning,2,0
952,Marketing Managers,"Evaluate the financial aspects of product development, such as budgets, expenditures, research and development appropriations, or return-on-investment and profit-loss projections.",Problem Sensitivity,2,0
952,Marketing Managers,"Evaluate the financial aspects of product development, such as budgets, expenditures, research and development appropriations, or return-on-investment and profit-loss projections.",Written Comprehension,2,0
950,Marketing Managers,"Develop pricing strategies, balancing firm objectives and customer satisfaction.",Mathematical Reasoning,3,0
950,Marketing Managers,"Develop pricing strategies, balancing firm objectives and customer satisfaction.",Inductive Reasoning,3,0
950,Marketing Managers,"Develop pricing strategies, balancing firm objectives and customer satisfaction.",Deductive Reasoning,2,0
950,Marketing Managers,"Develop pricing strategies, balancing firm objectives and customer satisfaction.",Number Facility,2,0
950,Marketing Managers,"Develop pricing strategies, balancing firm objectives and customer satisfaction.",Problem Sensitivity,2,0
950,Marketing Managers,"Develop pricing strategies, balancing firm objectives and customer satisfaction.",Written Comprehension,1,0
