task_id,occupation,task_text,ability_name,weight,uncertain
14435,Aircraft Cargo Handling Supervisors,"Determine the quantity and orientation of cargo, and compute an aircraft's center of gravity.",Mathematical Reasoning,3,0
14435,Aircraft Cargo Handling Supervisors,"Determine the quantity and orientation of cargo, and compute an aircraft's center of gravity.",Number Facility,2,0
14435,Aircraft Cargo Handling Supervisors,"Determine the quantity and orientation of cargo, and compute an aircraft's center of gravity.",Spatial Orientation,2,0
14435,Aircraft Cargo Handling Supervisors,"Determine the quantity and orientation of cargo, and compute an aircraft's center of gravity.",Visualization,2,0
14435,Aircraft Cargo Handling Supervisors,"Determine the quantity and orientation of cargo, and compute an aircraft's center of gravity.",Deductive Reasoning,2,0
14434,Aircraft Cargo Handling Supervisors,"Direct ground crews in the loading, unloading, securing, or staging of aircraft cargo or baggage.",Oral Expression,3,0
14434,Aircraft Cargo Handling Supervisors,"Direct ground crews in the loading, unloading, securing, or staging of aircraft cargo or baggage.",Oral Comprehension,2,0
14434,Aircraft Cargo Handling Supervisors,"Direct ground crews in the loading, unloading, securing, or staging of aircraft cargo or baggage.",Information Ordering,2,0
14434,Aircraft Cargo Handling Supervisors,"Direct ground crews in the loading, unloading, securing, or staging of aircraft cargo or baggage.",Selective Attention,2,0
14434,Aircraft Cargo Handling Supervisors,"Direct ground crews in the loading, unloading, securing, or staging of aircraft cargo or baggage.",Problem Sensitivity,1,0
20933,Aircraft Cargo Handling Supervisors,Train new employees in areas such as safety procedures or equipment operation.,Oral Expression,3,0
20933,Aircraft Cargo Handling Supervisors,Train new employees in areas such as safety procedures or equipment operation.,Oral Comprehension,2,0
20933,Aircraft Cargo Handling Supervisors,Train new employees in areas such as safety procedures or equipment operation.,Written Comprehension,1,0
20933,Aircraft Cargo Handling Supervisors,Train new employees in areas such as safety procedures or equipment operation.,Information Ordering,2,0
20933,Aircraft Cargo Handling Supervisors,Train new employees in areas such as safety procedures or equipment operation.,Deductive Reasoning,1,0
14432,Aircraft Cargo Handling Supervisors,Distribute cargo to maximize use of space.,Spatial Orientation,3,0
14432,Aircraft Cargo Handling Supervisors,Distribute cargo to maximize use of space.,Visualization,3,0
14432,Aircraft Cargo Handling Supervisors,Distribute cargo to maximize use of space.,Deductive Reasoning,2,0
14432,Aircraft Cargo Handling Supervisors,Distribute cargo to maximize use of space.,Mathematical Reasoning,1,0
14432,Aircraft Cargo Handling Supervisors,Distribute cargo to maximize use of space.,Information Ordering,1,0
14433,Aircraft Cargo Handling Supervisors,"Calculate load weights for different aircraft compartments, using charts and computers.",Mathematical Reasoning,3,0
14433,Aircraft Cargo Handling Supervisors,"Calculate load weights for different aircraft compartments, using charts and computers.",Number Facility,3,0
14433,Aircraft Cargo Handling Supervisors,"Calculate load weights for different aircraft compartments, using charts and computers.",Information Ordering,2,0
14433,Aircraft Cargo Handling Supervisors,"Calculate load weights for different aircraft compartments, using charts and computers.",Near Vision,1,0
14433,Aircraft Cargo Handling Supervisors,"Calculate load weights for different aircraft compartments, using charts and computers.",Deductive Reasoning,1,0
14436,Aircraft Cargo Handling Supervisors,Accompany aircraft as a member of the flight crew to monitor and handle cargo in flight.,Selective Attention,2,0
14436,Aircraft Cargo Handling Supervisors,Accompany aircraft as a member of the flight crew to monitor and handle cargo in flight.,Near Vision,2,0
14436,Aircraft Cargo Handling Supervisors,Accompany aircraft as a member of the flight crew to monitor and handle cargo in flight.,Static Strength,1,0
14436,Aircraft Cargo Handling Supervisors,Accompany aircraft as a member of the flight crew to monitor and handle cargo in flight.,Manual Dexterity,1,0
14436,Aircraft Cargo Handling Supervisors,Accompany aircraft as a member of the flight crew to monitor and handle cargo in flight.,Problem Sensitivity,2,0
20830,"First-Line Supervisors of Helpers, Laborers, and Material Movers, Hand",Maintain a safe working environment by monitoring safety procedures and equipment.,Selective Attention,3,0
20830,"First-Line Supervisors of Helpers, Laborers, and Material Movers, Hand",Maintain a safe working environment by monitoring safety procedures and equipment.,Problem Sensitivity,2,0
20830,"First-Line Supervisors of Helpers, Laborers, and Material Movers, Hand",Maintain a safe working environment by monitoring safety procedures and equipment.,Near Vision,1,0
20830,"First-Line Supervisors of Helpers, Laborers, and Material Movers, Hand",Maintain a safe working environment by monitoring safety procedures and equipment.,Far Vision,1,0
20830,"First-Line Supervisors of Helpers, Laborers, and Material Movers, Hand",Maintain a safe working environment by monitoring safety procedures and equipment.,Deductive Reasoning,1,0
8562,"First-Line Supervisors of Helpers, Laborers, and Material Movers, Hand",Collaborate with workers and managers to solve work-related problems.,Oral Comprehension,2,0
8562,"First-Line Supervisors of Helpers, Laborers, and Material Movers, Hand",Collaborate with workers and managers to solve work-related problems.,Oral Expression,2,0
8562,"First-Line Supervisors of Helpers, Laborers, and Material Movers, Hand",Collaborate with workers and managers to solve work-related problems.,Deductive Reasoning,2,0
8562,"First-Line Supervisors of Helpers, Laborers, and Material Movers, Hand",Collaborate with workers and managers to solve work-related problems.,Problem Sensitivity,2,0
8562,"First-Line Supervisors of Helpers, Laborers, and Material Movers, Hand",Collaborate with workers and managers to solve work-related problems.,Fluency of Ideas,1,0
8563,"First-Line Supervisors of Helpers, Laborers, and Material Movers, Hand",Review work throughout the work process and at completion to ensure that it has been performed properly.,Selective Attention,2,0
8563,"First-Line Supervisors of Helpers, Laborers, and Material Movers, Hand",Review work throughout the work process and at completion to ensure that it has been performed properly.,Near Vision,2,0
8563,"First-Line Supervisors of Helpers, Laborers, and Material Movers, Hand",Review work throughout the work process and at completion to ensure that it has been performed properly.,Problem Sensitivity,2,0
8563,"First-Line Supervisors of Helpers, Laborers, and Material Movers, Hand",Review work throughout the work process and at completion to ensure that it has been performed properly.,Information Ordering,1,0
8563,"First-Line Supervisors of Helpers, Laborers, and Material Movers, Hand",Review work throughout the work process and at completion to ensure that it has been performed properly.,Deductive Reasoning,1,0
8566,"First-Line Supervisors of Helpers, Laborers, and Material Movers, Hand",Inform designated employees or departments of items loaded or problems encountered.,Oral Expression,3,0
8566,"First-Line Supervisors of Helpers, Laborers, and Material Movers, Hand",Inform designated employees or departments of items loaded or problems encountered.,Oral Comprehension,2,0
8566,"First-Line Supervisors of Helpers, Laborers, and Material Movers, Hand",Inform designated employees or departments of items loaded or problems encountered.,Written Expression,1,0
8566,"First-Line Supervisors of Helpers, Laborers, and Material Movers, Hand",Inform designated employees or departments of items loaded or problems encountered.,Information Ordering,1,0
8566,"First-Line Supervisors of Helpers, Laborers, and Material Movers, Hand",Inform designated employees or departments of items loaded or problems encountered.,Problem Sensitivity,1,0
8573,"First-Line Supervisors of Helpers, Laborers, and Material Movers, Hand",Inspect equipment for wear and for conformance to specifications.,Near Vision,3,0
8573,"First-Line Supervisors of Helpers, Laborers, and Material Movers, Hand",Inspect equipment for wear and for conformance to specifications.,Problem Sensitivity,2,0
8573,"First-Line Supervisors of Helpers, Laborers, and Material Movers, Hand",Inspect equipment for wear and for conformance to specifications.,Selective Attention,2,0
8573,"First-Line Supervisors of Helpers, Laborers, and Material Movers, Hand",Inspect equipment for wear and for conformance to specifications.,Visual Color Discrimination,1,0
8573,"First-Line Supervisors of Helpers, Laborers, and Material Movers, Hand",Inspect equipment for wear and for conformance to specifications.,Deductive Reasoning,1,0
8570,"First-Line Supervisors of Helpers, Laborers, and Material Movers, Hand","Prepare and maintain work records and reports of information such as employee time and wages, daily receipts, or inspection results.",Written Expression,2,0
8570,"First-Line Supervisors of Helpers, Laborers, and Material Movers, Hand","Prepare and maintain work records and reports of information such as employee time and wages, daily receipts, or inspection results.",Information Ordering,2,0
8570,"First-Line Supervisors of Helpers, Laborers, and Material Movers, Hand","Prepare and maintain work records and reports of information such as employee time and wages, daily receipts, or inspection results.",Number Facility,2,0
8570,"First-Line Supervisors of Helpers, Laborers, and Material Movers, Hand","Prepare and maintain work records and reports of information such as employee time and wages, daily receipts, or inspection results.",Near Vision,1,0
8570,"First-Line Supervisors of Helpers, Laborers, and Material Movers, Hand","Prepare and maintain work records and reports of information such as employee time and wages, daily receipts, or inspection results.",Written Comprehension,1,0
8564,"First-Line Supervisors of Helpers, Laborers, and Material Movers, Hand",Transmit and explain work orders to laborers.,Oral Expression,3,0
8564,"First-Line Supervisors of Helpers, Laborers, and Material Movers, Hand",Transmit and explain work orders to laborers.,Oral Comprehension,2,0
8564,"First-Line Supervisors of Helpers, Laborers, and Material Movers, Hand",Transmit and explain work orders to laborers.,Information Ordering,1,0
8564,"First-Line Supervisors of Helpers, Laborers, and Material Movers, Hand",Transmit and explain work orders to laborers.,Written Comprehension,1,0
8564,"First-Line Supervisors of Helpers, Laborers, and Material Movers, Hand",Transmit and explain work orders to laborers.,Deductive Reasoning,1,0
8561,"First-Line Supervisors of Helpers, Laborers, and Material Movers, Hand",Plan work schedules and assign duties to maintain adequate staff for effective performance of activities and response to fluctuating workloads.,Information Ordering,3,0
8561,"First-Line Supervisors of Helpers, Laborers, and Material Movers, Hand",Plan work schedules and assign duties to maintain adequate staff for effective performance of activities and response to fluctuating workloads.,Deductive Reasoning,2,0
8561,"First-Line Supervisors of Helpers, Laborers, and Material Movers, Hand",Plan work schedules and assign duties to maintain adequate staff for effective performance of activities and response to fluctuating workloads.,Time Sharing,1,0
8561,"First-Line Supervisors of Helpers, Laborers, and Material Movers, Hand",Plan work schedules and assign duties to maintain adequate staff for effective performance of activities and response to fluctuating workloads.,Written Comprehension,1,0
8561,"First-Line Supervisors of Helpers, Laborers, and Material Movers, Hand",Plan work schedules and assign duties to maintain adequate staff for effective performance of activities and response to fluctuating workloads.,Oral Expression,1,0
8582,"First-Line Supervisors of Helpers, Laborers, and Material Movers, Hand","Participate in the hiring process by reviewing credentials, conducting interviews, or making hiring decisions or recommendations.",Oral Comprehension,2,0
8582,"First-Line Supervisors of Helpers, Laborers, and Material Movers, Hand","Participate in the hiring process by reviewing credentials, conducting interviews, or making hiring decisions or recommendations.",Written Comprehension,2,0
8582,"First-Line Supervisors of Helpers, Laborers, and Material Movers, Hand","Participate in the hiring process by reviewing credentials, conducting interviews, or making hiring decisions or recommendations.",Deductive Reasoning,2,0
8582,"First-Line Supervisors of Helpers, Laborers, and Material Movers, Hand","Participate in the hiring process by reviewing credentials, conducting interviews, or making hiring decisions or recommendations.",Oral Expression,2,0
8582,"First-Line Supervisors of Helpers, Laborers, and Material Movers, Hand","Participate in the hiring process by reviewing credentials, conducting interviews, or making hiring decisions or recommendations.",Problem Sensitivity,1,0
8579,"First-Line Supervisors of Helpers, Laborers, and Material Movers, Hand","Estimate material, time, and staffing requirements for a given project, based on work orders, job specifications, and experience.",Mathematical Reasoning,2,0
8579,"First-Line Supervisors of Helpers, Laborers, and Material Movers, Hand","Estimate material, time, and staffing requirements for a given project, based on work orders, job specifications, and experience.",Deductive Reasoning,2,0
8579,"First-Line Supervisors of Helpers, Laborers, and Material Movers, Hand","Estimate material, time, and staffing requirements for a given project, based on work orders, job specifications, and experience.",Number Facility,2,0
8579,"First-Line Supervisors of Helpers, Laborers, and Material Movers, Hand","Estimate material, time, and staffing requirements for a given project, based on work orders, job specifications, and experience.",Written Comprehension,1,0
8579,"First-Line Supervisors of Helpers, Laborers, and Material Movers, Hand","Estimate material, time, and staffing requirements for a given project, based on work orders, job specifications, and experience.",Information Ordering,1,0
8572,"First-Line Supervisors of Helpers, Laborers, and Material Movers, Hand","Counsel employees in work-related activities, personal growth, or career development.",Oral Expression,3,0
8572,"First-Line Supervisors of Helpers, Laborers, and Material Movers, Hand","Counsel employees in work-related activities, personal growth, or career development.",Oral Comprehension,2,0
8572,"First-Line Supervisors of Helpers, Laborers, and Material Movers, Hand","Counsel employees in work-related activities, personal growth, or career development.",Deductive Reasoning,1,0
8572,"First-Line Supervisors of Helpers, Laborers, and Material Movers, Hand","Counsel employees in work-related activities, personal growth, or career development.",Problem Sensitivity,1,0
8572,"First-Line Supervisors of Helpers, Laborers, and Material Movers, Hand","Counsel employees in work-related activities, personal growth, or career development.",Fluency of Ideas,1,0
8576,"First-Line Supervisors of Helpers, Laborers, and Material Movers, Hand",Assess training needs of staff and arrange for or provide appropriate instruction.,Deductive Reasoning,2,0
8576,"First-Line Supervisors of Helpers, Laborers, and Material Movers, Hand",Assess training needs of staff and arrange for or provide appropriate instruction.,Oral Expression,2,0
8576,"First-Line Supervisors of Helpers, Laborers, and Material Movers, Hand",Assess training needs of staff and arrange for or provide appropriate instruction.,Oral Comprehension,2,0
8576,"First-Line Supervisors of Helpers, Laborers, and Material Movers, Hand",Assess training needs of staff and arrange for or provide appropriate instruction.,Problem Sensitivity,1,0
8576,"First-Line Supervisors of Helpers, Laborers, and Material Movers, Hand",Assess training needs of staff and arrange for or provide appropriate instruction.,Information Ordering,1,0
8571,"First-Line Supervisors of Helpers, Laborers, and Material Movers, Hand","Conduct staff meetings to relay general information or to address specific topics, such as safety.",Oral Expression,3,0
8571,"First-Line Supervisors of Helpers, Laborers, and Material Movers, Hand","Conduct staff meetings to relay general information or to address specific topics, such as safety.",Oral Comprehension,2,0
8571,"First-Line Supervisors of Helpers, Laborers, and Material Movers, Hand","Conduct staff meetings to relay general information or to address specific topics, such as safety.",Information Ordering,1,0
8571,"First-Line Supervisors of Helpers, Laborers, and Material Movers, Hand","Conduct staff meetings to relay general information or to address specific topics, such as safety.",Speech Clarity,1,0
8571,"First-Line Supervisors of Helpers, Laborers, and Material Movers, Hand","Conduct staff meetings to relay general information or to address specific topics, such as safety.",Problem Sensitivity,1,0
8565,"First-Line Supervisors of Helpers, Laborers, and Material Movers, Hand",Check specifications of materials loaded or unloaded against information contained in work orders.,Near Vision,2,0
8565,"First-Line Supervisors of Helpers, Laborers, and Material Movers, Hand",Check specifications of materials loaded or unloaded against information contained in work orders.,Selective Attention,2,0
8565,"First-Line Supervisors of Helpers, Laborers, and Material Movers, Hand",Check specifications of materials loaded or unloaded against information contained in work orders.,Information Ordering,2,0
8565,"First-Line Supervisors of Helpers, Laborers, and Material Movers, Hand",Check specifications of materials loaded or unloaded against information contained in work orders.,Written Comprehension,1,0
8565,"First-Line Supervisors of Helpers, Laborers, and Material Movers, Hand",Check specifications of materials loaded or unloaded against information contained in work orders.,Deductive Reasoning,1,0
8569,"First-Line Supervisors of Helpers, Laborers, and Material Movers, Hand","Perform the same work duties as those supervised, or perform more difficult or skilled tasks or assist in their performance.",Static Strength,2,0
8569,"First-Line Supervisors of Helpers, Laborers, and Material Movers, Hand","Perform the same work duties as those supervised, or perform more difficult or skilled tasks or assist in their performance.",Dynamic Strength,2,0
8569,"First-Line Supervisors of Helpers, Laborers, and Material Movers, Hand","Perform the same work duties as those supervised, or perform more difficult or skilled tasks or assist in their performance.",Trunk Strength,2,0
8569,"First-Line Supervisors of Helpers, Laborers, and Material Movers, Hand","Perform the same work duties as those supervised, or perform more difficult or skilled tasks or assist in their performance.",Stamina,1,0
8569,"First-Line Supervisors of Helpers, Laborers, and Material Movers, Hand","Perform the same work duties as those supervised, or perform more difficult or skilled tasks or assist in their performance.",Manual Dexterity,1,0
8569,"First-Line Supervisors of Helpers, Laborers, and Material Movers, Hand","Perform the same work duties as those supervised, or perform more difficult or skilled tasks or assist in their performance.",Multilimb Coordination,1,0
8574,"First-Line Supervisors of Helpers, Laborers, and Material Movers, Hand","Resolve personnel problems, complaints, or formal grievances when possible, or refer them to higher-level supervisors for resolution.",Oral Comprehension,2,0
8574,"First-Line Supervisors of Helpers, Laborers, and Material Movers, Hand","Resolve personnel problems, complaints, or formal grievances when possible, or refer them to higher-level supervisors for resolution.",Oral Expression,2,0
8574,"First-Line Supervisors of Helpers, Laborers, and Material Movers, Hand","Resolve personnel problems, complaints, or formal grievances when possible, or refer them to higher-level supervisors for resolution.",Deductive Reasoning,2,0
8574,"First-Line Supervisors of Helpers, Laborers, and Material Movers, Hand","Resolve personnel problems, complaints, or formal grievances when possible, or refer them to higher-level supervisors for resolution.",Problem Sensitivity,2,0
8574,"First-Line Supervisors of Helpers, Laborers, and Material Movers, Hand","Resolve personnel problems, complaints, or formal grievances when possible, or refer them to higher-level supervisors for resolution.",Written Comprehension,1,0
8575,"First-Line Supervisors of Helpers, Laborers, and Material Movers, Hand","Recommend or initiate personnel actions, such as promotions, transfers, or disciplinary measures.",Deductive Reasoning,2,0
8575,"First-Line Supervisors of Helpers, Laborers, and Material Movers, Hand","Recommend or initiate personnel actions, such as promotions, transfers, or disciplinary measures.",Written Expression,1,0
8575,"First-Line Supervisors of Helpers, Laborers, and Material Movers, Hand","Recommend or initiate personnel actions, such as promotions, transfers, or disciplinary measures.",Oral Expression,1,0
8575,"First-Line Supervisors of Helpers, Laborers, and Material Movers, Hand","Recommend or initiate personnel actions, such as promotions, transfers, or disciplinary measures.",Oral Comprehension,1,0
8575,"First-Line Supervisors of Helpers, Laborers, and Material Movers, Hand","Recommend or initiate personnel actions, such as promotions, transfers, or disciplinary measures.",Problem Sensitivity,1,0
8568,"First-Line Supervisors of Helpers, Laborers, and Material Movers, Hand",Evaluate employee performance and prepare performance appraisals.,Deductive Reasoning,2,0
8568,"First-Line Supervisors of Helpers, Laborers, and Material Movers, Hand",Evaluate employee performance and prepare performance appraisals.,Written Expression,2,0
8568,"First-Line Supervisors of Helpers, Laborers, and Material Movers, Hand",Evaluate employee performance and prepare performance appraisals.,Selective Attention,1,0
8568,"First-Line Supervisors of Helpers, Laborers, and Material Movers, Hand",Evaluate employee performance and prepare performance appraisals.,Information Ordering,1,0
8568,"First-Line Supervisors of Helpers, Laborers, and Material Movers, Hand",Evaluate employee performance and prepare performance appraisals.,Problem Sensitivity,1,0
8567,"First-Line Supervisors of Helpers, Laborers, and Material Movers, Hand",Examine freight to determine loading sequences.,Spatial Orientation,2,0
8567,"First-Line Supervisors of Helpers, Laborers, and Material Movers, Hand",Examine freight to determine loading sequences.,Visualization,2,0
8567,"First-Line Supervisors of Helpers, Laborers, and Material Movers, Hand",Examine freight to determine loading sequences.,Near Vision,2,0
8567,"First-Line Supervisors of Helpers, Laborers, and Material Movers, Hand",Examine freight to determine loading sequences.,Deductive Reasoning,2,0
8567,"First-Line Supervisors of Helpers, Laborers, and Material Movers, Hand",Examine freight to determine loading sequences.,Information Ordering,1,0
8577,"First-Line Supervisors of Helpers, Laborers, and Material Movers, Hand",Schedule times of shipment and modes of transportation for materials.,Information Ordering,3,0
8577,"First-Line Supervisors of Helpers, Laborers, and Material Movers, Hand",Schedule times of shipment and modes of transportation for materials.,Deductive Reasoning,2,0
8577,"First-Line Supervisors of Helpers, Laborers, and Material Movers, Hand",Schedule times of shipment and modes of transportation for materials.,Time Sharing,1,0
8577,"First-Line Supervisors of Helpers, Laborers, and Material Movers, Hand",Schedule times of shipment and modes of transportation for materials.,Mathematical Reasoning,1,0
8577,"First-Line Supervisors of Helpers, Laborers, and Material Movers, Hand",Schedule times of shipment and modes of transportation for materials.,Written Comprehension,1,0
8583,"First-Line Supervisors of Helpers, Laborers, and Material Movers, Hand","Inventory supplies and requisition or purchase additional items, as necessary.",Number Facility,2,0
8583,"First-Line Supervisors of Helpers, Laborers, and Material Movers, Hand","Inventory supplies and requisition or purchase additional items, as necessary.",Information Ordering,2,0
8583,"First-Line Supervisors of Helpers, Laborers, and Material Movers, Hand","Inventory supplies and requisition or purchase additional items, as necessary.",Near Vision,1,0
8583,"First-Line Supervisors of Helpers, Laborers, and Material Movers, Hand","Inventory supplies and requisition or purchase additional items, as necessary.",Written Expression,1,0
8583,"First-Line Supervisors of Helpers, Laborers, and Material Movers, Hand","Inventory supplies and requisition or purchase additional items, as necessary.",Deductive Reasoning,1,0
8578,"First-Line Supervisors of Helpers, Laborers, and Material Movers, Hand",Quote prices to customers.,Number Facility,2,0
8578,"First-Line Supervisors of Helpers, Laborers, and Material Movers, Hand",Quote prices to customers.,Oral Expression,2,0
8578,"First-Line Supervisors of Helpers, Laborers, and Material Movers, Hand",Quote prices to customers.,Oral Comprehension,1,0
8578,"First-Line Supervisors of Helpers, Laborers, and Material Movers, Hand",Quote prices to customers.,Mathematical Reasoning,1,0
8578,"First-Line Supervisors of Helpers, Laborers, and Material Movers, Hand",Quote prices to customers.,Deductive Reasoning,1,0
8580,"First-Line Supervisors of Helpers, Laborers, and Material Movers, Hand","Provide assistance in balancing books, tracking, monitoring, or projecting a unit's budget needs, and in developing unit policies and procedures.",Number Facility,3,0
8580,"First-Line Supervisors of Helpers, Laborers, and Material Movers, Hand","Provide assistance in balancing books, tracking, monitoring, or projecting a unit's budget needs, and in developing unit policies and procedures.",Mathematical Reasoning,2,0
8580,"First-Line Supervisors of Helpers, Laborers, and Material Movers, Hand","Provide assistance in balancing books, tracking, monitoring, or projecting a unit's budget needs, and in developing unit policies and procedures.",Written Comprehension,1,0
8580,"First-Line Supervisors of Helpers, Laborers, and Material Movers, Hand","Provide assistance in balancing books, tracking, monitoring, or projecting a unit's budget needs, and in developing unit policies and procedures.",Deductive Reasoning,1,0
8580,"First-Line Supervisors of Helpers, Laborers, and Material Movers, Hand","Provide assistance in balancing books, tracking, monitoring, or projecting a unit's budget needs, and in developing unit policies and procedures.",Information Ordering,1,0
8581,"First-Line Supervisors of Helpers, Laborers, and Material Movers, Hand",Inspect job sites to determine the extent of maintenance or repairs needed.,Near Vision,2,0
8581,"First-Line Supervisors of Helpers, Laborers, and Material Movers, Hand",Inspect job sites to determine the extent of maintenance or repairs needed.,Problem Sensitivity,3,0
8581,"First-Line Supervisors of Helpers, Laborers, and Material Movers, Hand",Inspect job sites to determine the extent of maintenance or repairs needed.,Far Vision,1,0
8581,"First-Line Supervisors of Helpers, Laborers, and Material Movers, Hand",Inspect job sites to determine the extent of maintenance or repairs needed.,Deductive Reasoning,1,0
8581,"First-Line Supervisors of Helpers, Laborers, and Material Movers, Hand",Inspect job sites to determine the extent of maintenance or repairs needed.,Selective Attention,1,0
17888,Recycling Coordinators,Oversee recycling pick-up or drop-off programs to ensure compliance with community ordinances.,Written Comprehension,2,0
17888,Recycling Coordinators,Oversee recycling pick-up or drop-off programs to ensure compliance with community ordinances.,Deductive Reasoning,2,0
17888,Recycling Coordinators,Oversee recycling pick-up or drop-off programs to ensure compliance with community ordinances.,Information Ordering,2,0
17888,Recycling Coordinators,Oversee recycling pick-up or drop-off programs to ensure compliance with community ordinances.,Problem Sensitivity,1,0
17888,Recycling Coordinators,Oversee recycling pick-up or drop-off programs to ensure compliance with community ordinances.,Oral Comprehension,1,0
17907,Recycling Coordinators,Maintain logs of recycling materials received or shipped to processing companies.,Written Expression,2,0
17907,Recycling Coordinators,Maintain logs of recycling materials received or shipped to processing companies.,Information Ordering,2,0
17907,Recycling Coordinators,Maintain logs of recycling materials received or shipped to processing companies.,Number Facility,1,0
17907,Recycling Coordinators,Maintain logs of recycling materials received or shipped to processing companies.,Written Comprehension,1,0
17907,Recycling Coordinators,Maintain logs of recycling materials received or shipped to processing companies.,Near Vision,1,0
17889,Recycling Coordinators,"Supervise recycling technicians, community service workers, or other recycling operations employees or volunteers.",Oral Expression,2,0
17889,Recycling Coordinators,"Supervise recycling technicians, community service workers, or other recycling operations employees or volunteers.",Oral Comprehension,2,0
17889,Recycling Coordinators,"Supervise recycling technicians, community service workers, or other recycling operations employees or volunteers.",Deductive Reasoning,1,0
17889,Recycling Coordinators,"Supervise recycling technicians, community service workers, or other recycling operations employees or volunteers.",Information Ordering,1,0
17889,Recycling Coordinators,"Supervise recycling technicians, community service workers, or other recycling operations employees or volunteers.",Selective Attention,1,0
17910,Recycling Coordinators,Review customer requests for service to determine service needs and deploy appropriate resources to provide service.,Oral Comprehension,2,0
17910,Recycling Coordinators,Review customer requests for service to determine service needs and deploy appropriate resources to provide service.,Deductive Reasoning,2,0
17910,Recycling Coordinators,Review customer requests for service to determine service needs and deploy appropriate resources to provide service.,Written Comprehension,1,0
17910,Recycling Coordinators,Review customer requests for service to determine service needs and deploy appropriate resources to provide service.,Information Ordering,1,0
17910,Recycling Coordinators,Review customer requests for service to determine service needs and deploy appropriate resources to provide service.,Problem Sensitivity,1,0
17909,Recycling Coordinators,"Provide training to recycling technicians or community service workers on topics such as safety, solid waste processing, or general recycling operations.",Oral Expression,3,0
17909,Recycling Coordinators,"Provide training to recycling technicians or community service workers on topics such as safety, solid waste processing, or general recycling operations.",Oral Comprehension,2,0
17909,Recycling Coordinators,"Provide training to recycling technicians or community service workers on topics such as safety, solid waste processing, or general recycling operations.",Information Ordering,1,0
17909,Recycling Coordinators,"Provide training to recycling technicians or community service workers on topics such as safety, solid waste processing, or general recycling operations.",Written Comprehension,1,0
17909,Recycling Coordinators,"Provide training to recycling technicians or community service workers on topics such as safety, solid waste processing, or general recycling operations.",Memorization,1,0
17905,Recycling Coordinators,Identify or investigate new opportunities for materials to be collected and recycled.,Inductive Reasoning,2,0
17905,Recycling Coordinators,Identify or investigate new opportunities for materials to be collected and recycled.,Fluency of Ideas,2,0
17905,Recycling Coordinators,Identify or investigate new opportunities for materials to be collected and recycled.,Deductive Reasoning,1,0
17905,Recycling Coordinators,Identify or investigate new opportunities for materials to be collected and recycled.,Written Comprehension,1,0
17905,Recycling Coordinators,Identify or investigate new opportunities for materials to be collected and recycled.,Originality,1,0
17890,Recycling Coordinators,Assign truck drivers or recycling technicians to routes.,Information Ordering,2,0
17890,Recycling Coordinators,Assign truck drivers or recycling technicians to routes.,Spatial Orientation,2,0
17890,Recycling Coordinators,Assign truck drivers or recycling technicians to routes.,Deductive Reasoning,1,0
17890,Recycling Coordinators,Assign truck drivers or recycling technicians to routes.,Oral Expression,1,0
17890,Recycling Coordinators,Assign truck drivers or recycling technicians to routes.,Visualization,1,0
17893,Recycling Coordinators,Create or manage recycling operations budgets.,Number Facility,3,0
17893,Recycling Coordinators,Create or manage recycling operations budgets.,Mathematical Reasoning,2,0
17893,Recycling Coordinators,Create or manage recycling operations budgets.,Written Expression,1,0
17893,Recycling Coordinators,Create or manage recycling operations budgets.,Deductive Reasoning,1,0
17893,Recycling Coordinators,Create or manage recycling operations budgets.,Information Ordering,1,0
17908,Recycling Coordinators,"Prepare bills of lading, statements of shipping records, or customer receipts related to recycling or hazardous material services.",Written Expression,2,0
17908,Recycling Coordinators,"Prepare bills of lading, statements of shipping records, or customer receipts related to recycling or hazardous material services.",Information Ordering,2,0
17908,Recycling Coordinators,"Prepare bills of lading, statements of shipping records, or customer receipts related to recycling or hazardous material services.",Number Facility,1,0
17908,Recycling Coordinators,"Prepare bills of lading, statements of shipping records, or customer receipts related to recycling or hazardous material services.",Written Comprehension,1,0
17908,Recycling Coordinators,"Prepare bills of lading, statements of shipping records, or customer receipts related to recycling or hazardous material services.",Near Vision,1,0
17906,Recycling Coordinators,"Inspect physical condition of recycling or hazardous waste facility for compliance with safety, quality, and service standards.",Near Vision,2,0
17906,Recycling Coordinators,"Inspect physical condition of recycling or hazardous waste facility for compliance with safety, quality, and service standards.",Problem Sensitivity,3,0
17906,Recycling Coordinators,"Inspect physical condition of recycling or hazardous waste facility for compliance with safety, quality, and service standards.",Far Vision,1,0
17906,Recycling Coordinators,"Inspect physical condition of recycling or hazardous waste facility for compliance with safety, quality, and service standards.",Selective Attention,1,0
17906,Recycling Coordinators,"Inspect physical condition of recycling or hazardous waste facility for compliance with safety, quality, and service standards.",Deductive Reasoning,1,0
17899,Recycling Coordinators,Negotiate contracts with waste management or other firms.,Oral Expression,3,0
17899,Recycling Coordinators,Negotiate contracts with waste management or other firms.,Oral Comprehension,2,0
17899,Recycling Coordinators,Negotiate contracts with waste management or other firms.,Deductive Reasoning,2,0
17899,Recycling Coordinators,Negotiate contracts with waste management or other firms.,Written Comprehension,1,0
17899,Recycling Coordinators,Negotiate contracts with waste management or other firms.,Problem Sensitivity,1,0
17892,Recycling Coordinators,Coordinate shipments of recycling materials with shipping brokers or processing companies.,Oral Comprehension,2,0
17892,Recycling Coordinators,Coordinate shipments of recycling materials with shipping brokers or processing companies.,Information Ordering,2,0
17892,Recycling Coordinators,Coordinate shipments of recycling materials with shipping brokers or processing companies.,Oral Expression,2,0
17892,Recycling Coordinators,Coordinate shipments of recycling materials with shipping brokers or processing companies.,Time Sharing,1,0
17892,Recycling Coordinators,Coordinate shipments of recycling materials with shipping brokers or processing companies.,Deductive Reasoning,1,0
17901,Recycling Coordinators,"Operate recycling processing equipment, such as sorters, balers, crushers, and granulators to sort and process materials.",Control Precision,2,0
17901,Recycling Coordinators,"Operate recycling processing equipment, such as sorters, balers, crushers, and granulators to sort and process materials.",Multilimb Coordination,2,0
17901,Recycling Coordinators,"Operate recycling processing equipment, such as sorters, balers, crushers, and granulators to sort and process materials.",Near Vision,2,0
17901,Recycling Coordinators,"Operate recycling processing equipment, such as sorters, balers, crushers, and granulators to sort and process materials.",Reaction Time,2,0
17901,Recycling Coordinators,"Operate recycling processing equipment, such as sorters, balers, crushers, and granulators to sort and process materials.",Selective Attention,2,0
17901,Recycling Coordinators,"Operate recycling processing equipment, such as sorters, balers, crushers, and granulators to sort and process materials.",Manual Dexterity,1,0
17900,Recycling Coordinators,"Operate fork lifts, skid loaders, or trucks to move or store recyclable materials.",Control Precision,3,0
17900,Recycling Coordinators,"Operate fork lifts, skid loaders, or trucks to move or store recyclable materials.",Multilimb Coordination,2,0
17900,Recycling Coordinators,"Operate fork lifts, skid loaders, or trucks to move or store recyclable materials.",Depth Perception,2,0
17900,Recycling Coordinators,"Operate fork lifts, skid loaders, or trucks to move or store recyclable materials.",Reaction Time,2,0
17900,Recycling Coordinators,"Operate fork lifts, skid loaders, or trucks to move or store recyclable materials.",Near Vision,1,0
17900,Recycling Coordinators,"Operate fork lifts, skid loaders, or trucks to move or store recyclable materials.",Spatial Orientation,1,0
17904,Recycling Coordinators,Schedule movement of recycling materials into and out of storage areas.,Information Ordering,2,0
17904,Recycling Coordinators,Schedule movement of recycling materials into and out of storage areas.,Spatial Orientation,1,0
17904,Recycling Coordinators,Schedule movement of recycling materials into and out of storage areas.,Deductive Reasoning,1,0
17904,Recycling Coordinators,Schedule movement of recycling materials into and out of storage areas.,Visualization,1,0
17904,Recycling Coordinators,Schedule movement of recycling materials into and out of storage areas.,Time Sharing,1,0
17902,Recycling Coordinators,Oversee campaigns to promote recycling or waste reduction programs in communities or private companies.,Oral Expression,2,0
17902,Recycling Coordinators,Oversee campaigns to promote recycling or waste reduction programs in communities or private companies.,Written Expression,2,0
17902,Recycling Coordinators,Oversee campaigns to promote recycling or waste reduction programs in communities or private companies.,Fluency of Ideas,1,0
17902,Recycling Coordinators,Oversee campaigns to promote recycling or waste reduction programs in communities or private companies.,Deductive Reasoning,1,0
17902,Recycling Coordinators,Oversee campaigns to promote recycling or waste reduction programs in communities or private companies.,Oral Comprehension,1,0
17891,Recycling Coordinators,Coordinate recycling collection schedules to optimize service and efficiency.,Information Ordering,3,0
17891,Recycling Coordinators,Coordinate recycling collection schedules to optimize service and efficiency.,Deductive Reasoning,2,0
17891,Recycling Coordinators,Coordinate recycling collection schedules to optimize service and efficiency.,Time Sharing,1,0
17891,Recycling Coordinators,Coordinate recycling collection schedules to optimize service and efficiency.,Mathematical Reasoning,1,0
17891,Recycling Coordinators,Coordinate recycling collection schedules to optimize service and efficiency.,Spatial Orientation,1,0
17895,Recycling Coordinators,Develop community or corporate recycling plans and goals to minimize waste and conform to resource constraints.,Deductive Reasoning,2,0
17895,Recycling Coordinators,Develop community or corporate recycling plans and goals to minimize waste and conform to resource constraints.,Fluency of Ideas,2,0
17895,Recycling Coordinators,Develop community or corporate recycling plans and goals to minimize waste and conform to resource constraints.,Written Comprehension,1,0
17895,Recycling Coordinators,Develop community or corporate recycling plans and goals to minimize waste and conform to resource constraints.,Written Expression,1,0
17895,Recycling Coordinators,Develop community or corporate recycling plans and goals to minimize waste and conform to resource constraints.,Inductive Reasoning,1,0
17903,Recycling Coordinators,Prepare grant applications to fund recycling programs or program enhancements.,Written Expression,3,0
17903,Recycling Coordinators,Prepare grant applications to fund recycling programs or program enhancements.,Written Comprehension,2,0
17903,Recycling Coordinators,Prepare grant applications to fund recycling programs or program enhancements.,Deductive Reasoning,1,0
17903,Recycling Coordinators,Prepare grant applications to fund recycling programs or program enhancements.,Information Ordering,1,0
17903,Recycling Coordinators,Prepare grant applications to fund recycling programs or program enhancements.,Mathematical Reasoning,1,0
17897,Recycling Coordinators,Investigate violations of solid waste or recycling ordinances.,Problem Sensitivity,2,0
17897,Recycling Coordinators,Investigate violations of solid waste or recycling ordinances.,Deductive Reasoning,2,0
17897,Recycling Coordinators,Investigate violations of solid waste or recycling ordinances.,Written Comprehension,1,0
17897,Recycling Coordinators,Investigate violations of solid waste or recycling ordinances.,Inductive Reasoning,1,0
17897,Recycling Coordinators,Investigate violations of solid waste or recycling ordinances.,Oral Comprehension,1,0
17896,Recycling Coordinators,"Implement grant-funded projects, monitoring and reporting progress in accordance with sponsoring agency requirements.",Written Expression,2,0
17896,Recycling Coordinators,"Implement grant-funded projects, monitoring and reporting progress in accordance with sponsoring agency requirements.",Information Ordering,2,0
17896,Recycling Coordinators,"Implement grant-funded projects, monitoring and reporting progress in accordance with sponsoring agency requirements.",Deductive Reasoning,1,0
17896,Recycling Coordinators,"Implement grant-funded projects, monitoring and reporting progress in accordance with sponsoring agency requirements.",Written Comprehension,1,0
17896,Recycling Coordinators,"Implement grant-funded projects, monitoring and reporting progress in accordance with sponsoring agency requirements.",Selective Attention,1,0
17898,Recycling Coordinators,Make presentations to educate the public on how to recycle or on the environmental advantages of recycling.,Oral Expression,3,0
17898,Recycling Coordinators,Make presentations to educate the public on how to recycle or on the environmental advantages of recycling.,Fluency of Ideas,1,0
17898,Recycling Coordinators,Make presentations to educate the public on how to recycle or on the environmental advantages of recycling.,Oral Comprehension,1,0
17898,Recycling Coordinators,Make presentations to educate the public on how to recycle or on the environmental advantages of recycling.,Speech Clarity,1,0
17898,Recycling Coordinators,Make presentations to educate the public on how to recycle or on the environmental advantages of recycling.,Written Comprehension,1,0
17894,Recycling Coordinators,Design community solid and hazardous waste management programs.,Deductive Reasoning,2,0
17894,Recycling Coordinators,Design community solid and hazardous waste management programs.,Fluency of Ideas,2,0
17894,Recycling Coordinators,Design community solid and hazardous waste management programs.,Written Comprehension,1,0
17894,Recycling Coordinators,Design community solid and hazardous waste management programs.,Originality,1,0
17894,Recycling Coordinators,Design community solid and hazardous waste management programs.,Inductive Reasoning,1,0
8584,First-Line Supervisors of Material-Moving Machine and Vehicle Operators,Enforce safety rules and regulations.,Selective Attention,2,0
8584,First-Line Supervisors of Material-Moving Machine and Vehicle Operators,Enforce safety rules and regulations.,Oral Expression,1,0
8584,First-Line Supervisors of Material-Moving Machine and Vehicle Operators,Enforce safety rules and regulations.,Deductive Reasoning,1,0
8584,First-Line Supervisors of Material-Moving Machine and Vehicle Operators,Enforce safety rules and regulations.,Written Comprehension,1,0
8584,First-Line Supervisors of Material-Moving Machine and Vehicle Operators,Enforce safety rules and regulations.,Problem Sensitivity,1,0
8593,First-Line Supervisors of Material-Moving Machine and Vehicle Operators,"Interpret transportation or tariff regulations, shipping orders, safety regulations, or company policies and procedures for workers.",Written Comprehension,3,0
8593,First-Line Supervisors of Material-Moving Machine and Vehicle Operators,"Interpret transportation or tariff regulations, shipping orders, safety regulations, or company policies and procedures for workers.",Deductive Reasoning,2,0
8593,First-Line Supervisors of Material-Moving Machine and Vehicle Operators,"Interpret transportation or tariff regulations, shipping orders, safety regulations, or company policies and procedures for workers.",Oral Expression,1,0
8593,First-Line Supervisors of Material-Moving Machine and Vehicle Operators,"Interpret transportation or tariff regulations, shipping orders, safety regulations, or company policies and procedures for workers.",Oral Comprehension,1,0
8593,First-Line Supervisors of Material-Moving Machine and Vehicle Operators,"Interpret transportation or tariff regulations, shipping orders, safety regulations, or company policies and procedures for workers.",Information Ordering,1,0
8588,First-Line Supervisors of Material-Moving Machine and Vehicle Operators,Resolve worker problems or collaborate with employees to assist in problem resolution.,Oral Comprehension,2,0
8588,First-Line Supervisors of Material-Moving Machine and Vehicle Operators,Resolve worker problems or collaborate with employees to assist in problem resolution.,Oral Expression,2,0
8588,First-Line Supervisors of Material-Moving Machine and Vehicle Operators,Resolve worker problems or collaborate with employees to assist in problem resolution.,Deductive Reasoning,2,0
8588,First-Line Supervisors of Material-Moving Machine and Vehicle Operators,Resolve worker problems or collaborate with employees to assist in problem resolution.,Problem Sensitivity,1,0
8588,First-Line Supervisors of Material-Moving Machine and Vehicle Operators,Resolve worker problems or collaborate with employees to assist in problem resolution.,Written Comprehension,1,0
8586,First-Line Supervisors of Material-Moving Machine and Vehicle Operators,"Confer with customers, supervisors, contractors, or other personnel to exchange information or to resolve problems.",Oral Comprehension,2,0
8586,First-Line Supervisors of Material-Moving Machine and Vehicle Operators,"Confer with customers, supervisors, contractors, or other personnel to exchange information or to resolve problems.",Oral Expression,2,0
8586,First-Line Supervisors of Material-Moving Machine and Vehicle Operators,"Confer with customers, supervisors, contractors, or other personnel to exchange information or to resolve problems.",Deductive Reasoning,1,0
8586,First-Line Supervisors of Material-Moving Machine and Vehicle Operators,"Confer with customers, supervisors, contractors, or other personnel to exchange information or to resolve problems.",Problem Sensitivity,1,0
8586,First-Line Supervisors of Material-Moving Machine and Vehicle Operators,"Confer with customers, supervisors, contractors, or other personnel to exchange information or to resolve problems.",Speech Recognition,1,0
8585,First-Line Supervisors of Material-Moving Machine and Vehicle Operators,"Plan work assignments and equipment allocations to meet transportation, operations or production goals.",Information Ordering,3,0
8585,First-Line Supervisors of Material-Moving Machine and Vehicle Operators,"Plan work assignments and equipment allocations to meet transportation, operations or production goals.",Deductive Reasoning,2,0
8585,First-Line Supervisors of Material-Moving Machine and Vehicle Operators,"Plan work assignments and equipment allocations to meet transportation, operations or production goals.",Time Sharing,1,0
8585,First-Line Supervisors of Material-Moving Machine and Vehicle Operators,"Plan work assignments and equipment allocations to meet transportation, operations or production goals.",Written Comprehension,1,0
8585,First-Line Supervisors of Material-Moving Machine and Vehicle Operators,"Plan work assignments and equipment allocations to meet transportation, operations or production goals.",Mathematical Reasoning,1,0
8603,First-Line Supervisors of Material-Moving Machine and Vehicle Operators,"Examine, measure, or weigh cargo or materials to determine specific handling requirements.",Near Vision,2,0
8603,First-Line Supervisors of Material-Moving Machine and Vehicle Operators,"Examine, measure, or weigh cargo or materials to determine specific handling requirements.",Number Facility,2,0
8603,First-Line Supervisors of Material-Moving Machine and Vehicle Operators,"Examine, measure, or weigh cargo or materials to determine specific handling requirements.",Mathematical Reasoning,1,0
8603,First-Line Supervisors of Material-Moving Machine and Vehicle Operators,"Examine, measure, or weigh cargo or materials to determine specific handling requirements.",Selective Attention,1,0
8603,First-Line Supervisors of Material-Moving Machine and Vehicle Operators,"Examine, measure, or weigh cargo or materials to determine specific handling requirements.",Deductive Reasoning,1,0
8594,First-Line Supervisors of Material-Moving Machine and Vehicle Operators,Explain and demonstrate work tasks to new workers or assign training tasks to experienced workers.,Oral Expression,3,0
8594,First-Line Supervisors of Material-Moving Machine and Vehicle Operators,Explain and demonstrate work tasks to new workers or assign training tasks to experienced workers.,Oral Comprehension,2,0
8594,First-Line Supervisors of Material-Moving Machine and Vehicle Operators,Explain and demonstrate work tasks to new workers or assign training tasks to experienced workers.,Information Ordering,1,0
8594,First-Line Supervisors of Material-Moving Machine and Vehicle Operators,Explain and demonstrate work tasks to new workers or assign training tasks to experienced workers.,Manual Dexterity,1,0
8594,First-Line Supervisors of Material-Moving Machine and Vehicle Operators,Explain and demonstrate work tasks to new workers or assign training tasks to experienced workers.,Written Comprehension,1,0
8589,First-Line Supervisors of Material-Moving Machine and Vehicle Operators,"Review orders, production schedules, blueprints, or shipping or receiving notices to determine work sequences and material shipping dates, types, volumes, or destinations.",Written Comprehension,3,0
8589,First-Line Supervisors of Material-Moving Machine and Vehicle Operators,"Review orders, production schedules, blueprints, or shipping or receiving notices to determine work sequences and material shipping dates, types, volumes, or destinations.",Information Ordering,2,0
8589,First-Line Supervisors of Material-Moving Machine and Vehicle Operators,"Review orders, production schedules, blueprints, or shipping or receiving notices to determine work sequences and material shipping dates, types, volumes, or destinations.",Visualization,1,0
8589,First-Line Supervisors of Material-Moving Machine and Vehicle Operators,"Review orders, production schedules, blueprints, or shipping or receiving notices to determine work sequences and material shipping dates, types, volumes, or destinations.",Deductive Reasoning,1,0
8589,First-Line Supervisors of Material-Moving Machine and Vehicle Operators,"Review orders, production schedules, blueprints, or shipping or receiving notices to determine work sequences and material shipping dates, types, volumes, or destinations.",Near Vision,1,0
8605,First-Line Supervisors of Material-Moving Machine and Vehicle Operators,Drive vehicles or operate machines or equipment to complete work assignments or to assist workers.,Control Precision,3,0
8605,First-Line Supervisors of Material-Moving Machine and Vehicle Operators,Drive vehicles or operate machines or equipment to complete work assignments or to assist workers.,Multilimb Coordination,2,0
8605,First-Line Supervisors of Material-Moving Machine and Vehicle Operators,Drive vehicles or operate machines or equipment to complete work assignments or to assist workers.,Reaction Time,2,0
8605,First-Line Supervisors of Material-Moving Machine and Vehicle Operators,Drive vehicles or operate machines or equipment to complete work assignments or to assist workers.,Near Vision,2,0
8605,First-Line Supervisors of Material-Moving Machine and Vehicle Operators,Drive vehicles or operate machines or equipment to complete work assignments or to assist workers.,Far Vision,1,0
8605,First-Line Supervisors of Material-Moving Machine and Vehicle Operators,Drive vehicles or operate machines or equipment to complete work assignments or to assist workers.,Spatial Orientation,1,0
8599,First-Line Supervisors of Material-Moving Machine and Vehicle Operators,"Inspect or test materials, stock, vehicles, equipment, or facilities to ensure that they are safe, free of defects, and consistent with specifications.",Near Vision,3,0
8599,First-Line Supervisors of Material-Moving Machine and Vehicle Operators,"Inspect or test materials, stock, vehicles, equipment, or facilities to ensure that they are safe, free of defects, and consistent with specifications.",Problem Sensitivity,2,0
8599,First-Line Supervisors of Material-Moving Machine and Vehicle Operators,"Inspect or test materials, stock, vehicles, equipment, or facilities to ensure that they are safe, free of defects, and consistent with specifications.",Far Vision,1,0
8599,First-Line Supervisors of Material-Moving Machine and Vehicle Operators,"Inspect or test materials, stock, vehicles, equipment, or facilities to ensure that they are safe, free of defects, and consistent with specifications.",Selective Attention,1,0
8599,First-Line Supervisors of Material-Moving Machine and Vehicle Operators,"Inspect or test materials, stock, vehicles, equipment, or facilities to ensure that they are safe, free of defects, and consistent with specifications.",Deductive Reasoning,1,0
8592,First-Line Supervisors of Material-Moving Machine and Vehicle Operators,"Maintain or verify records of time, materials, expenditures, or crew activities.",Written Expression,2,0
8592,First-Line Supervisors of Material-Moving Machine and Vehicle Operators,"Maintain or verify records of time, materials, expenditures, or crew activities.",Information Ordering,2,0
8592,First-Line Supervisors of Material-Moving Machine and Vehicle Operators,"Maintain or verify records of time, materials, expenditures, or crew activities.",Number Facility,1,0
8592,First-Line Supervisors of Material-Moving Machine and Vehicle Operators,"Maintain or verify records of time, materials, expenditures, or crew activities.",Written Comprehension,1,0
8592,First-Line Supervisors of Material-Moving Machine and Vehicle Operators,"Maintain or verify records of time, materials, expenditures, or crew activities.",Near Vision,1,0
8597,First-Line Supervisors of Material-Moving Machine and Vehicle Operators,"Requisition needed personnel, supplies, equipment, parts, or repair services.",Written Expression,1,0
8597,First-Line Supervisors of Material-Moving Machine and Vehicle Operators,"Requisition needed personnel, supplies, equipment, parts, or repair services.",Information Ordering,2,0
8597,First-Line Supervisors of Material-Moving Machine and Vehicle Operators,"Requisition needed personnel, supplies, equipment, parts, or repair services.",Oral Expression,1,0
8597,First-Line Supervisors of Material-Moving Machine and Vehicle Operators,"Requisition needed personnel, supplies, equipment, parts, or repair services.",Deductive Reasoning,1,0
8597,First-Line Supervisors of Material-Moving Machine and Vehicle Operators,"Requisition needed personnel, supplies, equipment, parts, or repair services.",Number Facility,1,0
8591,First-Line Supervisors of Material-Moving Machine and Vehicle Operators,"Recommend and implement measures to improve worker motivation, equipment performance, work methods, or customer services.",Deductive Reasoning,2,0
8591,First-Line Supervisors of Material-Moving Machine and Vehicle Operators,"Recommend and implement measures to improve worker motivation, equipment performance, work methods, or customer services.",Oral Expression,2,0
8591,First-Line Supervisors of Material-Moving Machine and Vehicle Operators,"Recommend and implement measures to improve worker motivation, equipment performance, work methods, or customer services.",Fluency of Ideas,1,0
8591,First-Line Supervisors of Material-Moving Machine and Vehicle Operators,"Recommend and implement measures to improve worker motivation, equipment performance, work methods, or customer services.",Written Expression,1,0
8591,First-Line Supervisors of Material-Moving Machine and Vehicle Operators,"Recommend and implement measures to improve worker motivation, equipment performance, work methods, or customer services.",Problem Sensitivity,1,0
8595,First-Line Supervisors of Material-Moving Machine and Vehicle Operators,"Prepare, compile, and submit reports on work activities, operations, production, or work-related accidents.",Written Expression,3,0
8595,First-Line Supervisors of Material-Moving Machine and Vehicle Operators,"Prepare, compile, and submit reports on work activities, operations, production, or work-related accidents.",Information Ordering,2,0
8595,First-Line Supervisors of Material-Moving Machine and Vehicle Operators,"Prepare, compile, and submit reports on work activities, operations, production, or work-related accidents.",Written Comprehension,1,0
8595,First-Line Supervisors of Material-Moving Machine and Vehicle Operators,"Prepare, compile, and submit reports on work activities, operations, production, or work-related accidents.",Number Facility,1,0
8595,First-Line Supervisors of Material-Moving Machine and Vehicle Operators,"Prepare, compile, and submit reports on work activities, operations, production, or work-related accidents.",Deductive Reasoning,1,0
8601,First-Line Supervisors of Material-Moving Machine and Vehicle Operators,Dispatch personnel and vehicles in response to telephone or radio reports of emergencies.,Oral Comprehension,3,0
8601,First-Line Supervisors of Material-Moving Machine and Vehicle Operators,Dispatch personnel and vehicles in response to telephone or radio reports of emergencies.,Time Sharing,2,0
8601,First-Line Supervisors of Material-Moving Machine and Vehicle Operators,Dispatch personnel and vehicles in response to telephone or radio reports of emergencies.,Selective Attention,2,0
8601,First-Line Supervisors of Material-Moving Machine and Vehicle Operators,Dispatch personnel and vehicles in response to telephone or radio reports of emergencies.,Oral Expression,2,0
8601,First-Line Supervisors of Material-Moving Machine and Vehicle Operators,Dispatch personnel and vehicles in response to telephone or radio reports of emergencies.,Problem Sensitivity,1,0
20455,First-Line Supervisors of Material-Moving Machine and Vehicle Operators,Monitor field work to ensure proper performance and use of materials.,Selective Attention,2,0
20455,First-Line Supervisors of Material-Moving Machine and Vehicle Operators,Monitor field work to ensure proper performance and use of materials.,Near Vision,1,0
20455,First-Line Supervisors of Material-Moving Machine and Vehicle Operators,Monitor field work to ensure proper performance and use of materials.,Problem Sensitivity,2,0
20455,First-Line Supervisors of Material-Moving Machine and Vehicle Operators,Monitor field work to ensure proper performance and use of materials.,Deductive Reasoning,1,0
20455,First-Line Supervisors of Material-Moving Machine and Vehicle Operators,Monitor field work to ensure proper performance and use of materials.,Far Vision,1,0
8596,First-Line Supervisors of Material-Moving Machine and Vehicle Operators,"Recommend or implement personnel actions, such as employee selection, evaluation, rewards, or disciplinary actions.",Deductive Reasoning,2,0
8596,First-Line Supervisors of Material-Moving Machine and Vehicle Operators,"Recommend or implement personnel actions, such as employee selection, evaluation, rewards, or disciplinary actions.",Written Expression,1,0
8596,First-Line Supervisors of Material-Moving Machine and Vehicle Operators,"Recommend or implement personnel actions, such as employee selection, evaluation, rewards, or disciplinary actions.",Oral Expression,1,0
8596,First-Line Supervisors of Material-Moving Machine and Vehicle Operators,"Recommend or implement personnel actions, such as employee selection, evaluation, rewards, or disciplinary actions.",Problem Sensitivity,1,0
8596,First-Line Supervisors of Material-Moving Machine and Vehicle Operators,"Recommend or implement personnel actions, such as employee selection, evaluation, rewards, or disciplinary actions.",Oral Comprehension,1,0
8602,First-Line Supervisors of Material-Moving Machine and Vehicle Operators,Perform or schedule repairs or preventive maintenance of vehicles or other equipment.,Manual Dexterity,2,1
8602,First-Line Supervisors of Material-Moving Machine and Vehicle Operators,Perform or schedule repairs or preventive maintenance of vehicles or other equipment.,Near Vision,2,0
8602,First-Line Supervisors of Material-Moving Machine and Vehicle Operators,Perform or schedule repairs or preventive maintenance of vehicles or other equipment.,Information Ordering,1,0
8602,First-Line Supervisors of Material-Moving Machine and Vehicle Operators,Perform or schedule repairs or preventive maintenance of vehicles or other equipment.,Problem Sensitivity,2,0
8602,First-Line Supervisors of Material-Moving Machine and Vehicle Operators,Perform or schedule repairs or preventive maintenance of vehicles or other equipment.,Finger Dexterity,1,1
8600,First-Line Supervisors of Material-Moving Machine and Vehicle Operators,"Compute or estimate cash, payroll, transportation, personnel, or storage requirements.",Number Facility,3,0
8600,First-Line Supervisors of Material-Moving Machine and Vehicle Operators,"Compute or estimate cash, payroll, transportation, personnel, or storage requirements.",Mathematical Reasoning,2,0
8600,First-Line Supervisors of Material-Moving Machine and Vehicle Operators,"Compute or estimate cash, payroll, transportation, personnel, or storage requirements.",Deductive Reasoning,1,0
8600,First-Line Supervisors of Material-Moving Machine and Vehicle Operators,"Compute or estimate cash, payroll, transportation, personnel, or storage requirements.",Information Ordering,1,0
8600,First-Line Supervisors of Material-Moving Machine and Vehicle Operators,"Compute or estimate cash, payroll, transportation, personnel, or storage requirements.",Time Sharing,1,0
23693,First-Line Supervisors of Material-Moving Machine and Vehicle Operators,"Assist workers in tasks, such as loading vehicles.",Static Strength,2,0
23693,First-Line Supervisors of Material-Moving Machine and Vehicle Operators,"Assist workers in tasks, such as loading vehicles.",Dynamic Strength,2,0
23693,First-Line Supervisors of Material-Moving Machine and Vehicle Operators,"Assist workers in tasks, such as loading vehicles.",Trunk Strength,2,0
23693,First-Line Supervisors of Material-Moving Machine and Vehicle Operators,"Assist workers in tasks, such as loading vehicles.",Stamina,1,0
23693,First-Line Supervisors of Material-Moving Machine and Vehicle Operators,"Assist workers in tasks, such as loading vehicles.",Multilimb Coordination,1,0
23693,First-Line Supervisors of Material-Moving Machine and Vehicle Operators,"Assist workers in tasks, such as loading vehicles.",Manual Dexterity,1,0
23694,First-Line Supervisors of Material-Moving Machine and Vehicle Operators,"Direct workers in transportation or related services, such as pumping, moving, storing, or loading or unloading of materials.",Oral Expression,2,0
23694,First-Line Supervisors of Material-Moving Machine and Vehicle Operators,"Direct workers in transportation or related services, such as pumping, moving, storing, or loading or unloading of materials.",Information Ordering,2,0
23694,First-Line Supervisors of Material-Moving Machine and Vehicle Operators,"Direct workers in transportation or related services, such as pumping, moving, storing, or loading or unloading of materials.",Oral Comprehension,1,0
23694,First-Line Supervisors of Material-Moving Machine and Vehicle Operators,"Direct workers in transportation or related services, such as pumping, moving, storing, or loading or unloading of materials.",Deductive Reasoning,1,0
23694,First-Line Supervisors of Material-Moving Machine and Vehicle Operators,"Direct workers in transportation or related services, such as pumping, moving, storing, or loading or unloading of materials.",Selective Attention,1,0
23695,First-Line Supervisors of Material-Moving Machine and Vehicle Operators,Plan and establish schedules.,Information Ordering,3,0
23695,First-Line Supervisors of Material-Moving Machine and Vehicle Operators,Plan and establish schedules.,Deductive Reasoning,2,0
23695,First-Line Supervisors of Material-Moving Machine and Vehicle Operators,Plan and establish schedules.,Time Sharing,1,0
23695,First-Line Supervisors of Material-Moving Machine and Vehicle Operators,Plan and establish schedules.,Written Comprehension,1,0
23695,First-Line Supervisors of Material-Moving Machine and Vehicle Operators,Plan and establish schedules.,Mathematical Reasoning,1,0
23696,First-Line Supervisors of Passenger Attendants,Analyze and record personnel or operational data and write related activity reports.,Written Expression,2,0
23696,First-Line Supervisors of Passenger Attendants,Analyze and record personnel or operational data and write related activity reports.,Information Ordering,2,0
23696,First-Line Supervisors of Passenger Attendants,Analyze and record personnel or operational data and write related activity reports.,Number Facility,1,0
23696,First-Line Supervisors of Passenger Attendants,Analyze and record personnel or operational data and write related activity reports.,Written Comprehension,1,0
23696,First-Line Supervisors of Passenger Attendants,Analyze and record personnel or operational data and write related activity reports.,Deductive Reasoning,1,0
23697,First-Line Supervisors of Passenger Attendants,Apply customer feedback to service improvement efforts.,Oral Comprehension,2,0
23697,First-Line Supervisors of Passenger Attendants,Apply customer feedback to service improvement efforts.,Deductive Reasoning,2,0
23697,First-Line Supervisors of Passenger Attendants,Apply customer feedback to service improvement efforts.,Written Comprehension,1,0
23697,First-Line Supervisors of Passenger Attendants,Apply customer feedback to service improvement efforts.,Fluency of Ideas,1,0
23697,First-Line Supervisors of Passenger Attendants,Apply customer feedback to service improvement efforts.,Inductive Reasoning,1,0
23698,First-Line Supervisors of Passenger Attendants,"Compute or estimate cash, payroll, transportation, or personnel requirements.",Number Facility,3,0
23698,First-Line Supervisors of Passenger Attendants,"Compute or estimate cash, payroll, transportation, or personnel requirements.",Mathematical Reasoning,2,0
23698,First-Line Supervisors of Passenger Attendants,"Compute or estimate cash, payroll, transportation, or personnel requirements.",Deductive Reasoning,1,0
23698,First-Line Supervisors of Passenger Attendants,"Compute or estimate cash, payroll, transportation, or personnel requirements.",Information Ordering,1,0
23698,First-Line Supervisors of Passenger Attendants,"Compute or estimate cash, payroll, transportation, or personnel requirements.",Written Comprehension,1,0
23699,First-Line Supervisors of Passenger Attendants,"Confer with customers, supervisors, contractors, or other personnel to exchange information or to resolve problems.",Oral Comprehension,2,0
23699,First-Line Supervisors of Passenger Attendants,"Confer with customers, supervisors, contractors, or other personnel to exchange information or to resolve problems.",Oral Expression,2,0
23699,First-Line Supervisors of Passenger Attendants,"Confer with customers, supervisors, contractors, or other personnel to exchange information or to resolve problems.",Deductive Reasoning,1,0
23699,First-Line Supervisors of Passenger Attendants,"Confer with customers, supervisors, contractors, or other personnel to exchange information or to resolve problems.",Problem Sensitivity,1,0
23699,First-Line Supervisors of Passenger Attendants,"Confer with customers, supervisors, contractors, or other personnel to exchange information or to resolve problems.",Speech Recognition,1,0
23700,First-Line Supervisors of Passenger Attendants,"Direct or coordinate the activities of workers, such as flight or car attendants.",Oral Expression,2,0
23700,First-Line Supervisors of Passenger Attendants,"Direct or coordinate the activities of workers, such as flight or car attendants.",Information Ordering,2,0
23700,First-Line Supervisors of Passenger Attendants,"Direct or coordinate the activities of workers, such as flight or car attendants.",Oral Comprehension,1,0
23700,First-Line Supervisors of Passenger Attendants,"Direct or coordinate the activities of workers, such as flight or car attendants.",Deductive Reasoning,1,0
23700,First-Line Supervisors of Passenger Attendants,"Direct or coordinate the activities of workers, such as flight or car attendants.",Time Sharing,1,0
23701,First-Line Supervisors of Passenger Attendants,Enforce safety rules and regulations.,Selective Attention,2,0
23701,First-Line Supervisors of Passenger Attendants,Enforce safety rules and regulations.,Deductive Reasoning,1,0
23701,First-Line Supervisors of Passenger Attendants,Enforce safety rules and regulations.,Oral Expression,1,0
23701,First-Line Supervisors of Passenger Attendants,Enforce safety rules and regulations.,Written Comprehension,1,0
23701,First-Line Supervisors of Passenger Attendants,Enforce safety rules and regulations.,Problem Sensitivity,1,0
23702,First-Line Supervisors of Passenger Attendants,Explain and demonstrate work tasks to new workers or assign training tasks to experienced workers.,Oral Expression,3,0
23702,First-Line Supervisors of Passenger Attendants,Explain and demonstrate work tasks to new workers or assign training tasks to experienced workers.,Oral Comprehension,2,0
23702,First-Line Supervisors of Passenger Attendants,Explain and demonstrate work tasks to new workers or assign training tasks to experienced workers.,Information Ordering,1,0
23702,First-Line Supervisors of Passenger Attendants,Explain and demonstrate work tasks to new workers or assign training tasks to experienced workers.,Written Comprehension,1,0
23702,First-Line Supervisors of Passenger Attendants,Explain and demonstrate work tasks to new workers or assign training tasks to experienced workers.,Memorization,1,0
23703,First-Line Supervisors of Passenger Attendants,Inform workers about interests or special needs of specific groups.,Oral Expression,2,0
23703,First-Line Supervisors of Passenger Attendants,Inform workers about interests or special needs of specific groups.,Oral Comprehension,2,0
23703,First-Line Supervisors of Passenger Attendants,Inform workers about interests or special needs of specific groups.,Written Comprehension,1,0
23703,First-Line Supervisors of Passenger Attendants,Inform workers about interests or special needs of specific groups.,Problem Sensitivity,1,0
23703,First-Line Supervisors of Passenger Attendants,Inform workers about interests or special needs of specific groups.,Deductive Reasoning,1,0
23704,First-Line Supervisors of Passenger Attendants,"Inspect materials, stock, vehicles, equipment, or facilities to ensure that they are safe, free of defects, and consistent with specifications.",Near Vision,3,0
23704,First-Line Supervisors of Passenger Attendants,"Inspect materials, stock, vehicles, equipment, or facilities to ensure that they are safe, free of defects, and consistent with specifications.",Problem Sensitivity,2,0
23704,First-Line Supervisors of Passenger Attendants,"Inspect materials, stock, vehicles, equipment, or facilities to ensure that they are safe, free of defects, and consistent with specifications.",Far Vision,1,0
23704,First-Line Supervisors of Passenger Attendants,"Inspect materials, stock, vehicles, equipment, or facilities to ensure that they are safe, free of defects, and consistent with specifications.",Selective Attention,1,0
23704,First-Line Supervisors of Passenger Attendants,"Inspect materials, stock, vehicles, equipment, or facilities to ensure that they are safe, free of defects, and consistent with specifications.",Deductive Reasoning,1,0
23705,First-Line Supervisors of Passenger Attendants,Inspect work areas or operating equipment to ensure conformance to established standards in areas such as cleanliness or maintenance.,Near Vision,2,0
23705,First-Line Supervisors of Passenger Attendants,Inspect work areas or operating equipment to ensure conformance to established standards in areas such as cleanliness or maintenance.,Selective Attention,2,0
23705,First-Line Supervisors of Passenger Attendants,Inspect work areas or operating equipment to ensure conformance to established standards in areas such as cleanliness or maintenance.,Problem Sensitivity,1,0
23705,First-Line Supervisors of Passenger Attendants,Inspect work areas or operating equipment to ensure conformance to established standards in areas such as cleanliness or maintenance.,Far Vision,1,0
23705,First-Line Supervisors of Passenger Attendants,Inspect work areas or operating equipment to ensure conformance to established standards in areas such as cleanliness or maintenance.,Deductive Reasoning,1,0
23706,First-Line Supervisors of Passenger Attendants,Meet with managers or other supervisors to stay informed of changes affecting operations.,Oral Comprehension,3,0
23706,First-Line Supervisors of Passenger Attendants,Meet with managers or other supervisors to stay informed of changes affecting operations.,Oral Expression,1,0
23706,First-Line Supervisors of Passenger Attendants,Meet with managers or other supervisors to stay informed of changes affecting operations.,Written Comprehension,1,0
23706,First-Line Supervisors of Passenger Attendants,Meet with managers or other supervisors to stay informed of changes affecting operations.,Memorization,1,0
23706,First-Line Supervisors of Passenger Attendants,Meet with managers or other supervisors to stay informed of changes affecting operations.,Information Ordering,1,0
23707,First-Line Supervisors of Passenger Attendants,Observe and evaluate workers' appearance and performance to ensure quality service and compliance with specifications.,Near Vision,2,0
23707,First-Line Supervisors of Passenger Attendants,Observe and evaluate workers' appearance and performance to ensure quality service and compliance with specifications.,Selective Attention,2,0
23707,First-Line Supervisors of Passenger Attendants,Observe and evaluate workers' appearance and performance to ensure quality service and compliance with specifications.,Deductive Reasoning,1,0
23707,First-Line Supervisors of Passenger Attendants,Observe and evaluate workers' appearance and performance to ensure quality service and compliance with specifications.,Problem Sensitivity,1,0
23707,First-Line Supervisors of Passenger Attendants,Observe and evaluate workers' appearance and performance to ensure quality service and compliance with specifications.,Information Ordering,1,0
23708,First-Line Supervisors of Passenger Attendants,Participate in continuing education to stay abreast of industry trends and developments.,Written Comprehension,2,0
23708,First-Line Supervisors of Passenger Attendants,Participate in continuing education to stay abreast of industry trends and developments.,Oral Comprehension,1,0
23708,First-Line Supervisors of Passenger Attendants,Participate in continuing education to stay abreast of industry trends and developments.,Memorization,1,0
23708,First-Line Supervisors of Passenger Attendants,Participate in continuing education to stay abreast of industry trends and developments.,Inductive Reasoning,1,0
23709,First-Line Supervisors of Passenger Attendants,"Recommend and implement measures to improve worker motivation, work methods, or customer services.",Deductive Reasoning,2,0
23709,First-Line Supervisors of Passenger Attendants,"Recommend and implement measures to improve worker motivation, work methods, or customer services.",Oral Expression,2,0
23709,First-Line Supervisors of Passenger Attendants,"Recommend and implement measures to improve worker motivation, work methods, or customer services.",Fluency of Ideas,1,0
23709,First-Line Supervisors of Passenger Attendants,"Recommend and implement measures to improve worker motivation, work methods, or customer services.",Written Expression,1,0
23709,First-Line Supervisors of Passenger Attendants,"Recommend and implement measures to improve worker motivation, work methods, or customer services.",Problem Sensitivity,1,0
23710,First-Line Supervisors of Passenger Attendants,Recruit and hire staff members.,Oral Comprehension,2,0
23710,First-Line Supervisors of Passenger Attendants,Recruit and hire staff members.,Deductive Reasoning,2,0
23710,First-Line Supervisors of Passenger Attendants,Recruit and hire staff members.,Oral Expression,1,0
23710,First-Line Supervisors of Passenger Attendants,Recruit and hire staff members.,Written Comprehension,1,0
23710,First-Line Supervisors of Passenger Attendants,Recruit and hire staff members.,Problem Sensitivity,1,0
23711,First-Line Supervisors of Passenger Attendants,"Requisition necessary supplies, equipment, or services.",Written Expression,1,0
23711,First-Line Supervisors of Passenger Attendants,"Requisition necessary supplies, equipment, or services.",Information Ordering,2,0
23711,First-Line Supervisors of Passenger Attendants,"Requisition necessary supplies, equipment, or services.",Deductive Reasoning,1,0
23711,First-Line Supervisors of Passenger Attendants,"Requisition necessary supplies, equipment, or services.",Number Facility,1,0
23711,First-Line Supervisors of Passenger Attendants,"Requisition necessary supplies, equipment, or services.",Written Comprehension,1,0
23712,First-Line Supervisors of Passenger Attendants,Resolve customer complaints regarding worker performance or services rendered.,Oral Comprehension,3,0
23712,First-Line Supervisors of Passenger Attendants,Resolve customer complaints regarding worker performance or services rendered.,Oral Expression,2,0
23712,First-Line Supervisors of Passenger Attendants,Resolve customer complaints regarding worker performance or services rendered.,Deductive Reasoning,1,0
23712,First-Line Supervisors of Passenger Attendants,Resolve customer complaints regarding worker performance or services rendered.,Problem Sensitivity,1,0
23712,First-Line Supervisors of Passenger Attendants,Resolve customer complaints regarding worker performance or services rendered.,Speech Recognition,1,0
23713,First-Line Supervisors of Passenger Attendants,Take disciplinary action to address performance problems.,Deductive Reasoning,2,0
23713,First-Line Supervisors of Passenger Attendants,Take disciplinary action to address performance problems.,Oral Expression,2,0
23713,First-Line Supervisors of Passenger Attendants,Take disciplinary action to address performance problems.,Written Expression,1,0
23713,First-Line Supervisors of Passenger Attendants,Take disciplinary action to address performance problems.,Problem Sensitivity,1,0
23713,First-Line Supervisors of Passenger Attendants,Take disciplinary action to address performance problems.,Oral Comprehension,1,0
23714,First-Line Supervisors of Passenger Attendants,Train workers in proper operational procedures and functions and explain company policies.,Oral Expression,3,0
23714,First-Line Supervisors of Passenger Attendants,Train workers in proper operational procedures and functions and explain company policies.,Oral Comprehension,2,0
23714,First-Line Supervisors of Passenger Attendants,Train workers in proper operational procedures and functions and explain company policies.,Information Ordering,1,0
23714,First-Line Supervisors of Passenger Attendants,Train workers in proper operational procedures and functions and explain company policies.,Written Comprehension,1,0
23714,First-Line Supervisors of Passenger Attendants,Train workers in proper operational procedures and functions and explain company policies.,Memorization,1,0
10562,"Airline Pilots, Copilots, and Flight Engineers",Use instrumentation to guide flights when visibility is poor.,Control Precision,3,0
10562,"Airline Pilots, Copilots, and Flight Engineers",Use instrumentation to guide flights when visibility is poor.,Near Vision,3,0
10562,"Airline Pilots, Copilots, and Flight Engineers",Use instrumentation to guide flights when visibility is poor.,Spatial Orientation,3,0
10562,"Airline Pilots, Copilots, and Flight Engineers",Use instrumentation to guide flights when visibility is poor.,Selective Attention,2,0
10562,"Airline Pilots, Copilots, and Flight Engineers",Use instrumentation to guide flights when visibility is poor.,Reaction Time,2,0
10562,"Airline Pilots, Copilots, and Flight Engineers",Use instrumentation to guide flights when visibility is poor.,Multilimb Coordination,2,0
10568,"Airline Pilots, Copilots, and Flight Engineers","Start engines, operate controls, and pilot airplanes to transport passengers, mail, or freight, adhering to flight plans, regulations, and procedures.",Control Precision,3,0
10568,"Airline Pilots, Copilots, and Flight Engineers","Start engines, operate controls, and pilot airplanes to transport passengers, mail, or freight, adhering to flight plans, regulations, and procedures.",Multilimb Coordination,3,0
10568,"Airline Pilots, Copilots, and Flight Engineers","Start engines, operate controls, and pilot airplanes to transport passengers, mail, or freight, adhering to flight plans, regulations, and procedures.",Reaction Time,2,0
10568,"Airline Pilots, Copilots, and Flight Engineers","Start engines, operate controls, and pilot airplanes to transport passengers, mail, or freight, adhering to flight plans, regulations, and procedures.",Near Vision,2,0
10568,"Airline Pilots, Copilots, and Flight Engineers","Start engines, operate controls, and pilot airplanes to transport passengers, mail, or freight, adhering to flight plans, regulations, and procedures.",Rate Control,2,0
10568,"Airline Pilots, Copilots, and Flight Engineers","Start engines, operate controls, and pilot airplanes to transport passengers, mail, or freight, adhering to flight plans, regulations, and procedures.",Response Orientation,1,0
10564,"Airline Pilots, Copilots, and Flight Engineers","Work as part of a flight team with other crew members, especially during takeoffs and landings.",Oral Comprehension,2,0
10564,"Airline Pilots, Copilots, and Flight Engineers","Work as part of a flight team with other crew members, especially during takeoffs and landings.",Time Sharing,2,0
10564,"Airline Pilots, Copilots, and Flight Engineers","Work as part of a flight team with other crew members, especially during takeoffs and landings.",Oral Expression,2,0
10564,"Airline Pilots, Copilots, and Flight Engineers","Work as part of a flight team with other crew members, especially during takeoffs and landings.",Selective Attention,2,0
10564,"Airline Pilots, Copilots, and Flight Engineers","Work as part of a flight team with other crew members, especially during takeoffs and landings.",Reaction Time,1,0
10563,"Airline Pilots, Copilots, and Flight Engineers",Respond to and report in-flight emergencies and malfunctions.,Reaction Time,3,0
10563,"Airline Pilots, Copilots, and Flight Engineers",Respond to and report in-flight emergencies and malfunctions.,Problem Sensitivity,3,0
10563,"Airline Pilots, Copilots, and Flight Engineers",Respond to and report in-flight emergencies and malfunctions.,Oral Expression,2,0
10563,"Airline Pilots, Copilots, and Flight Engineers",Respond to and report in-flight emergencies and malfunctions.,Deductive Reasoning,2,0
10563,"Airline Pilots, Copilots, and Flight Engineers",Respond to and report in-flight emergencies and malfunctions.,Selective Attention,1,0
10569,"Airline Pilots, Copilots, and Flight Engineers","Inspect aircraft for defects and malfunctions, according to pre-flight checklists.",Near Vision,3,0
10569,"Airline Pilots, Copilots, and Flight Engineers","Inspect aircraft for defects and malfunctions, according to pre-flight checklists.",Problem Sensitivity,2,0
10569,"Airline Pilots, Copilots, and Flight Engineers","Inspect aircraft for defects and malfunctions, according to pre-flight checklists.",Information Ordering,2,0
10569,"Airline Pilots, Copilots, and Flight Engineers","Inspect aircraft for defects and malfunctions, according to pre-flight checklists.",Selective Attention,1,0
10569,"Airline Pilots, Copilots, and Flight Engineers","Inspect aircraft for defects and malfunctions, according to pre-flight checklists.",Deductive Reasoning,1,0
10565,"Airline Pilots, Copilots, and Flight Engineers","Contact control towers for takeoff clearances, arrival instructions, and other information, using radio equipment.",Oral Comprehension,3,0
10565,"Airline Pilots, Copilots, and Flight Engineers","Contact control towers for takeoff clearances, arrival instructions, and other information, using radio equipment.",Speech Recognition,2,0
10565,"Airline Pilots, Copilots, and Flight Engineers","Contact control towers for takeoff clearances, arrival instructions, and other information, using radio equipment.",Oral Expression,2,0
10565,"Airline Pilots, Copilots, and Flight Engineers","Contact control towers for takeoff clearances, arrival instructions, and other information, using radio equipment.",Hearing Sensitivity,1,0
10565,"Airline Pilots, Copilots, and Flight Engineers","Contact control towers for takeoff clearances, arrival instructions, and other information, using radio equipment.",Information Ordering,1,0
10571,"Airline Pilots, Copilots, and Flight Engineers","Monitor engine operation, fuel consumption, and functioning of aircraft systems during flights.",Selective Attention,3,0
10571,"Airline Pilots, Copilots, and Flight Engineers","Monitor engine operation, fuel consumption, and functioning of aircraft systems during flights.",Near Vision,2,0
10571,"Airline Pilots, Copilots, and Flight Engineers","Monitor engine operation, fuel consumption, and functioning of aircraft systems during flights.",Time Sharing,2,0
10571,"Airline Pilots, Copilots, and Flight Engineers","Monitor engine operation, fuel consumption, and functioning of aircraft systems during flights.",Problem Sensitivity,1,0
10571,"Airline Pilots, Copilots, and Flight Engineers","Monitor engine operation, fuel consumption, and functioning of aircraft systems during flights.",Information Ordering,1,0
10567,"Airline Pilots, Copilots, and Flight Engineers","Monitor gauges, warning devices, and control panels to verify aircraft performance and to regulate engine speed.",Near Vision,3,0
10567,"Airline Pilots, Copilots, and Flight Engineers","Monitor gauges, warning devices, and control panels to verify aircraft performance and to regulate engine speed.",Selective Attention,3,0
10567,"Airline Pilots, Copilots, and Flight Engineers","Monitor gauges, warning devices, and control panels to verify aircraft performance and to regulate engine speed.",Rate Control,2,0
10567,"Airline Pilots, Copilots, and Flight Engineers","Monitor gauges, warning devices, and control panels to verify aircraft performance and to regulate engine speed.",Control Precision,1,0
10567,"Airline Pilots, Copilots, and Flight Engineers","Monitor gauges, warning devices, and control panels to verify aircraft performance and to regulate engine speed.",Problem Sensitivity,1,0
10566,"Airline Pilots, Copilots, and Flight Engineers","Steer aircraft along planned routes, using autopilot and flight management computers.",Control Precision,2,0
10566,"Airline Pilots, Copilots, and Flight Engineers","Steer aircraft along planned routes, using autopilot and flight management computers.",Spatial Orientation,2,0
10566,"Airline Pilots, Copilots, and Flight Engineers","Steer aircraft along planned routes, using autopilot and flight management computers.",Near Vision,1,0
10566,"Airline Pilots, Copilots, and Flight Engineers","Steer aircraft along planned routes, using autopilot and flight management computers.",Information Ordering,1,0
10566,"Airline Pilots, Copilots, and Flight Engineers","Steer aircraft along planned routes, using autopilot and flight management computers.",Selective Attention,1,0
10570,"Airline Pilots, Copilots, and Flight Engineers",Check passenger and cargo distributions and fuel amounts to ensure that weight and balance specifications are met.,Mathematical Reasoning,2,0
10570,"Airline Pilots, Copilots, and Flight Engineers",Check passenger and cargo distributions and fuel amounts to ensure that weight and balance specifications are met.,Number Facility,2,0
10570,"Airline Pilots, Copilots, and Flight Engineers",Check passenger and cargo distributions and fuel amounts to ensure that weight and balance specifications are met.,Near Vision,1,0
10570,"Airline Pilots, Copilots, and Flight Engineers",Check passenger and cargo distributions and fuel amounts to ensure that weight and balance specifications are met.,Deductive Reasoning,1,0
10570,"Airline Pilots, Copilots, and Flight Engineers",Check passenger and cargo distributions and fuel amounts to ensure that weight and balance specifications are met.,Information Ordering,1,0
10572,"Airline Pilots, Copilots, and Flight Engineers",Confer with flight dispatchers and weather forecasters to keep abreast of flight conditions.,Oral Comprehension,3,0
10572,"Airline Pilots, Copilots, and Flight Engineers",Confer with flight dispatchers and weather forecasters to keep abreast of flight conditions.,Oral Expression,2,0
10572,"Airline Pilots, Copilots, and Flight Engineers",Confer with flight dispatchers and weather forecasters to keep abreast of flight conditions.,Written Comprehension,1,0
10572,"Airline Pilots, Copilots, and Flight Engineers",Confer with flight dispatchers and weather forecasters to keep abreast of flight conditions.,Deductive Reasoning,1,0
10572,"Airline Pilots, Copilots, and Flight Engineers",Confer with flight dispatchers and weather forecasters to keep abreast of flight conditions.,Problem Sensitivity,1,0
10574,"Airline Pilots, Copilots, and Flight Engineers","Order changes in fuel supplies, loads, routes, or schedules to ensure safety of flights.",Deductive Reasoning,2,0
10574,"Airline Pilots, Copilots, and Flight Engineers","Order changes in fuel supplies, loads, routes, or schedules to ensure safety of flights.",Oral Expression,2,0
10574,"Airline Pilots, Copilots, and Flight Engineers","Order changes in fuel supplies, loads, routes, or schedules to ensure safety of flights.",Problem Sensitivity,1,0
10574,"Airline Pilots, Copilots, and Flight Engineers","Order changes in fuel supplies, loads, routes, or schedules to ensure safety of flights.",Information Ordering,1,0
10574,"Airline Pilots, Copilots, and Flight Engineers","Order changes in fuel supplies, loads, routes, or schedules to ensure safety of flights.",Mathematical Reasoning,1,0
10577,"Airline Pilots, Copilots, and Flight Engineers","Brief crews about flight details, such as destinations, duties, and responsibilities.",Oral Expression,3,0
10577,"Airline Pilots, Copilots, and Flight Engineers","Brief crews about flight details, such as destinations, duties, and responsibilities.",Information Ordering,1,0
10577,"Airline Pilots, Copilots, and Flight Engineers","Brief crews about flight details, such as destinations, duties, and responsibilities.",Oral Comprehension,1,0
10577,"Airline Pilots, Copilots, and Flight Engineers","Brief crews about flight details, such as destinations, duties, and responsibilities.",Memorization,1,0
10577,"Airline Pilots, Copilots, and Flight Engineers","Brief crews about flight details, such as destinations, duties, and responsibilities.",Written Comprehension,1,0
10575,"Airline Pilots, Copilots, and Flight Engineers","Choose routes, altitudes, and speeds that will provide the fastest, safest, and smoothest flights.",Deductive Reasoning,3,0
10575,"Airline Pilots, Copilots, and Flight Engineers","Choose routes, altitudes, and speeds that will provide the fastest, safest, and smoothest flights.",Spatial Orientation,2,0
10575,"Airline Pilots, Copilots, and Flight Engineers","Choose routes, altitudes, and speeds that will provide the fastest, safest, and smoothest flights.",Mathematical Reasoning,1,0
10575,"Airline Pilots, Copilots, and Flight Engineers","Choose routes, altitudes, and speeds that will provide the fastest, safest, and smoothest flights.",Visualization,1,0
10575,"Airline Pilots, Copilots, and Flight Engineers","Choose routes, altitudes, and speeds that will provide the fastest, safest, and smoothest flights.",Information Ordering,1,0
10576,"Airline Pilots, Copilots, and Flight Engineers",Direct activities of aircraft crews during flights.,Oral Expression,2,0
10576,"Airline Pilots, Copilots, and Flight Engineers",Direct activities of aircraft crews during flights.,Information Ordering,2,0
10576,"Airline Pilots, Copilots, and Flight Engineers",Direct activities of aircraft crews during flights.,Oral Comprehension,1,0
10576,"Airline Pilots, Copilots, and Flight Engineers",Direct activities of aircraft crews during flights.,Time Sharing,1,0
10576,"Airline Pilots, Copilots, and Flight Engineers",Direct activities of aircraft crews during flights.,Selective Attention,1,0
10578,"Airline Pilots, Copilots, and Flight Engineers","Record in log books information, such as flight times, distances flown, and fuel consumption.",Written Expression,1,0
10578,"Airline Pilots, Copilots, and Flight Engineers","Record in log books information, such as flight times, distances flown, and fuel consumption.",Number Facility,2,0
10578,"Airline Pilots, Copilots, and Flight Engineers","Record in log books information, such as flight times, distances flown, and fuel consumption.",Information Ordering,1,0
10578,"Airline Pilots, Copilots, and Flight Engineers","Record in log books information, such as flight times, distances flown, and fuel consumption.",Near Vision,1,0
10582,"Airline Pilots, Copilots, and Flight Engineers",Instruct other pilots and student pilots in aircraft operations and the principles of flight.,Oral Expression,3,0
10582,"Airline Pilots, Copilots, and Flight Engineers",Instruct other pilots and student pilots in aircraft operations and the principles of flight.,Oral Comprehension,2,0
10582,"Airline Pilots, Copilots, and Flight Engineers",Instruct other pilots and student pilots in aircraft operations and the principles of flight.,Written Comprehension,1,0
10582,"Airline Pilots, Copilots, and Flight Engineers",Instruct other pilots and student pilots in aircraft operations and the principles of flight.,Information Ordering,1,0
10582,"Airline Pilots, Copilots, and Flight Engineers",Instruct other pilots and student pilots in aircraft operations and the principles of flight.,Deductive Reasoning,1,0
10579,"Airline Pilots, Copilots, and Flight Engineers","Make announcements regarding flights, using public address systems.",Oral Expression,3,0
10579,"Airline Pilots, Copilots, and Flight Engineers","Make announcements regarding flights, using public address systems.",Speech Clarity,2,0
10579,"Airline Pilots, Copilots, and Flight Engineers","Make announcements regarding flights, using public address systems.",Oral Comprehension,1,0
10579,"Airline Pilots, Copilots, and Flight Engineers","Make announcements regarding flights, using public address systems.",Information Ordering,1,0
10573,"Airline Pilots, Copilots, and Flight Engineers",Coordinate flight activities with ground crews and air traffic control and inform crew members of flight and test procedures.,Oral Comprehension,2,0
10573,"Airline Pilots, Copilots, and Flight Engineers",Coordinate flight activities with ground crews and air traffic control and inform crew members of flight and test procedures.,Oral Expression,2,0
10573,"Airline Pilots, Copilots, and Flight Engineers",Coordinate flight activities with ground crews and air traffic control and inform crew members of flight and test procedures.,Time Sharing,1,0
10573,"Airline Pilots, Copilots, and Flight Engineers",Coordinate flight activities with ground crews and air traffic control and inform crew members of flight and test procedures.,Information Ordering,1,0
10573,"Airline Pilots, Copilots, and Flight Engineers",Coordinate flight activities with ground crews and air traffic control and inform crew members of flight and test procedures.,Selective Attention,1,0
10583,"Airline Pilots, Copilots, and Flight Engineers",Conduct in-flight tests and evaluations at specified altitudes and in all types of weather to determine the receptivity and other characteristics of equipment and systems.,Control Precision,2,0
10583,"Airline Pilots, Copilots, and Flight Engineers",Conduct in-flight tests and evaluations at specified altitudes and in all types of weather to determine the receptivity and other characteristics of equipment and systems.,Near Vision,2,0
10583,"Airline Pilots, Copilots, and Flight Engineers",Conduct in-flight tests and evaluations at specified altitudes and in all types of weather to determine the receptivity and other characteristics of equipment and systems.,Problem Sensitivity,2,0
10583,"Airline Pilots, Copilots, and Flight Engineers",Conduct in-flight tests and evaluations at specified altitudes and in all types of weather to determine the receptivity and other characteristics of equipment and systems.,Selective Attention,2,0
10583,"Airline Pilots, Copilots, and Flight Engineers",Conduct in-flight tests and evaluations at specified altitudes and in all types of weather to determine the receptivity and other characteristics of equipment and systems.,Deductive Reasoning,1,0
10580,"Airline Pilots, Copilots, and Flight Engineers",File instrument flight plans with air traffic control to ensure that flights are coordinated with other air traffic.,Written Expression,1,0
10580,"Airline Pilots, Copilots, and Flight Engineers",File instrument flight plans with air traffic control to ensure that flights are coordinated with other air traffic.,Oral Comprehension,2,0
10580,"Airline Pilots, Copilots, and Flight Engineers",File instrument flight plans with air traffic control to ensure that flights are coordinated with other air traffic.,Information Ordering,2,0
10580,"Airline Pilots, Copilots, and Flight Engineers",File instrument flight plans with air traffic control to ensure that flights are coordinated with other air traffic.,Deductive Reasoning,1,0
10580,"Airline Pilots, Copilots, and Flight Engineers",File instrument flight plans with air traffic control to ensure that flights are coordinated with other air traffic.,Near Vision,1,0
10581,"Airline Pilots, Copilots, and Flight Engineers","Perform minor maintenance work, or arrange for major maintenance.",Manual Dexterity,2,1
10581,"Airline Pilots, Copilots, and Flight Engineers","Perform minor maintenance work, or arrange for major maintenance.",Near Vision,1,0
10581,"Airline Pilots, Copilots, and Flight Engineers","Perform minor maintenance work, or arrange for major maintenance.",Problem Sensitivity,1,0
10581,"Airline Pilots, Copilots, and Flight Engineers","Perform minor maintenance work, or arrange for major maintenance.",Finger Dexterity,1,1
10581,"Airline Pilots, Copilots, and Flight Engineers","Perform minor maintenance work, or arrange for major maintenance.",Deductive Reasoning,1,0
10584,"Airline Pilots, Copilots, and Flight Engineers",Evaluate other pilots or pilot-license applicants for proficiency.,Selective Attention,2,0
10584,"Airline Pilots, Copilots, and Flight Engineers",Evaluate other pilots or pilot-license applicants for proficiency.,Deductive Reasoning,2,0
10584,"Airline Pilots, Copilots, and Flight Engineers",Evaluate other pilots or pilot-license applicants for proficiency.,Near Vision,1,0
10584,"Airline Pilots, Copilots, and Flight Engineers",Evaluate other pilots or pilot-license applicants for proficiency.,Problem Sensitivity,1,0
10584,"Airline Pilots, Copilots, and Flight Engineers",Evaluate other pilots or pilot-license applicants for proficiency.,Oral Expression,1,0
10586,"Airline Pilots, Copilots, and Flight Engineers",Plan and formulate flight activities and test schedules and prepare flight evaluation reports.,Written Expression,2,0
10586,"Airline Pilots, Copilots, and Flight Engineers",Plan and formulate flight activities and test schedules and prepare flight evaluation reports.,Information Ordering,2,0
10586,"Airline Pilots, Copilots, and Flight Engineers",Plan and formulate flight activities and test schedules and prepare flight evaluation reports.,Deductive Reasoning,1,0
10586,"Airline Pilots, Copilots, and Flight Engineers",Plan and formulate flight activities and test schedules and prepare flight evaluation reports.,Written Comprehension,1,0
10586,"Airline Pilots, Copilots, and Flight Engineers",Plan and formulate flight activities and test schedules and prepare flight evaluation reports.,Mathematical Reasoning,1,0
10587,Commercial Pilots,"Check aircraft prior to flights to ensure that the engines, controls, instruments, and other systems are functioning properly.",Near Vision,3,0
10587,Commercial Pilots,"Check aircraft prior to flights to ensure that the engines, controls, instruments, and other systems are functioning properly.",Problem Sensitivity,2,0
10587,Commercial Pilots,"Check aircraft prior to flights to ensure that the engines, controls, instruments, and other systems are functioning properly.",Information Ordering,1,0
10587,Commercial Pilots,"Check aircraft prior to flights to ensure that the engines, controls, instruments, and other systems are functioning properly.",Selective Attention,1,0
10587,Commercial Pilots,"Check aircraft prior to flights to ensure that the engines, controls, instruments, and other systems are functioning properly.",Deductive Reasoning,1,0
20831,Commercial Pilots,"Co-pilot aircraft or perform captain's duties, as required.",Control Precision,2,0
20831,Commercial Pilots,"Co-pilot aircraft or perform captain's duties, as required.",Multilimb Coordination,2,0
20831,Commercial Pilots,"Co-pilot aircraft or perform captain's duties, as required.",Selective Attention,2,0
20831,Commercial Pilots,"Co-pilot aircraft or perform captain's duties, as required.",Near Vision,1,0
20831,Commercial Pilots,"Co-pilot aircraft or perform captain's duties, as required.",Reaction Time,1,0
10591,Commercial Pilots,"Consider airport altitudes, outside temperatures, plane weights, and wind speeds and directions to calculate the speed needed to become airborne.",Mathematical Reasoning,3,0
10591,Commercial Pilots,"Consider airport altitudes, outside temperatures, plane weights, and wind speeds and directions to calculate the speed needed to become airborne.",Number Facility,2,0
10591,Commercial Pilots,"Consider airport altitudes, outside temperatures, plane weights, and wind speeds and directions to calculate the speed needed to become airborne.",Deductive Reasoning,2,0
10591,Commercial Pilots,"Consider airport altitudes, outside temperatures, plane weights, and wind speeds and directions to calculate the speed needed to become airborne.",Information Ordering,1,0
10591,Commercial Pilots,"Consider airport altitudes, outside temperatures, plane weights, and wind speeds and directions to calculate the speed needed to become airborne.",Problem Sensitivity,1,0
10595,Commercial Pilots,Use instrumentation to pilot aircraft when visibility is poor.,Control Precision,3,0
10595,Commercial Pilots,Use instrumentation to pilot aircraft when visibility is poor.,Near Vision,3,0
10595,Commercial Pilots,Use instrumentation to pilot aircraft when visibility is poor.,Spatial Orientation,3,0
10595,Commercial Pilots,Use instrumentation to pilot aircraft when visibility is poor.,Selective Attention,2,0
10595,Commercial Pilots,Use instrumentation to pilot aircraft when visibility is poor.,Multilimb Coordination,1,0
10595,Commercial Pilots,Use instrumentation to pilot aircraft when visibility is poor.,Reaction Time,1,0
10590,Commercial Pilots,"Monitor engine operation, fuel consumption, and functioning of aircraft systems during flights.",Selective Attention,3,0
10590,Commercial Pilots,"Monitor engine operation, fuel consumption, and functioning of aircraft systems during flights.",Near Vision,2,0
10590,Commercial Pilots,"Monitor engine operation, fuel consumption, and functioning of aircraft systems during flights.",Time Sharing,2,0
10590,Commercial Pilots,"Monitor engine operation, fuel consumption, and functioning of aircraft systems during flights.",Problem Sensitivity,1,0
10590,Commercial Pilots,"Monitor engine operation, fuel consumption, and functioning of aircraft systems during flights.",Information Ordering,1,0
10592,Commercial Pilots,"Order changes in fuel supplies, loads, routes, or schedules to ensure safety of flights.",Deductive Reasoning,2,0
10592,Commercial Pilots,"Order changes in fuel supplies, loads, routes, or schedules to ensure safety of flights.",Oral Expression,2,0
10592,Commercial Pilots,"Order changes in fuel supplies, loads, routes, or schedules to ensure safety of flights.",Problem Sensitivity,1,0
10592,Commercial Pilots,"Order changes in fuel supplies, loads, routes, or schedules to ensure safety of flights.",Information Ordering,1,0
10592,Commercial Pilots,"Order changes in fuel supplies, loads, routes, or schedules to ensure safety of flights.",Mathematical Reasoning,1,0
10588,Commercial Pilots,"Contact control towers for takeoff clearances, arrival instructions, and other information, using radio equipment.",Oral Comprehension,3,0
10588,Commercial Pilots,"Contact control towers for takeoff clearances, arrival instructions, and other information, using radio equipment.",Speech Recognition,2,0
10588,Commercial Pilots,"Contact control towers for takeoff clearances, arrival instructions, and other information, using radio equipment.",Oral Expression,2,0
10588,Commercial Pilots,"Contact control towers for takeoff clearances, arrival instructions, and other information, using radio equipment.",Hearing Sensitivity,1,0
10588,Commercial Pilots,"Contact control towers for takeoff clearances, arrival instructions, and other information, using radio equipment.",Information Ordering,1,0
10594,Commercial Pilots,"Plan flights according to government and company regulations, using aeronautical charts and navigation instruments.",Spatial Orientation,2,0
10594,Commercial Pilots,"Plan flights according to government and company regulations, using aeronautical charts and navigation instruments.",Deductive Reasoning,2,0
10594,Commercial Pilots,"Plan flights according to government and company regulations, using aeronautical charts and navigation instruments.",Written Comprehension,2,0
10594,Commercial Pilots,"Plan flights according to government and company regulations, using aeronautical charts and navigation instruments.",Near Vision,1,0
10594,Commercial Pilots,"Plan flights according to government and company regulations, using aeronautical charts and navigation instruments.",Information Ordering,1,0
10589,Commercial Pilots,"Start engines, operate controls, and pilot airplanes to transport passengers, mail, or freight according to flight plans, regulations, and procedures.",Control Precision,3,0
10589,Commercial Pilots,"Start engines, operate controls, and pilot airplanes to transport passengers, mail, or freight according to flight plans, regulations, and procedures.",Multilimb Coordination,3,0
10589,Commercial Pilots,"Start engines, operate controls, and pilot airplanes to transport passengers, mail, or freight according to flight plans, regulations, and procedures.",Reaction Time,2,0
10589,Commercial Pilots,"Start engines, operate controls, and pilot airplanes to transport passengers, mail, or freight according to flight plans, regulations, and procedures.",Near Vision,2,0
10589,Commercial Pilots,"Start engines, operate controls, and pilot airplanes to transport passengers, mail, or freight according to flight plans, regulations, and procedures.",Rate Control,1,0
10596,Commercial Pilots,Check baggage or cargo to ensure that it has been loaded correctly.,Near Vision,2,0
10596,Commercial Pilots,Check baggage or cargo to ensure that it has been loaded correctly.,Spatial Orientation,1,0
10596,Commercial Pilots,Check baggage or cargo to ensure that it has been loaded correctly.,Problem Sensitivity,1,0
10596,Commercial Pilots,Check baggage or cargo to ensure that it has been loaded correctly.,Selective Attention,1,0
10596,Commercial Pilots,Check baggage or cargo to ensure that it has been loaded correctly.,Deductive Reasoning,1,0
10593,Commercial Pilots,"Obtain and review data such as load weights, fuel supplies, weather conditions, and flight schedules to determine flight plans and identify needed changes.",Written Comprehension,2,0
10593,Commercial Pilots,"Obtain and review data such as load weights, fuel supplies, weather conditions, and flight schedules to determine flight plans and identify needed changes.",Deductive Reasoning,2,0
10593,Commercial Pilots,"Obtain and review data such as load weights, fuel supplies, weather conditions, and flight schedules to determine flight plans and identify needed changes.",Number Facility,1,0
10593,Commercial Pilots,"Obtain and review data such as load weights, fuel supplies, weather conditions, and flight schedules to determine flight plans and identify needed changes.",Information Ordering,1,0
10593,Commercial Pilots,"Obtain and review data such as load weights, fuel supplies, weather conditions, and flight schedules to determine flight plans and identify needed changes.",Mathematical Reasoning,1,0
10605,Commercial Pilots,Conduct in-flight tests and evaluations at specified altitudes and in all types of weather to determine the receptivity and other characteristics of equipment and systems.,Control Precision,2,0
10605,Commercial Pilots,Conduct in-flight tests and evaluations at specified altitudes and in all types of weather to determine the receptivity and other characteristics of equipment and systems.,Near Vision,2,0
10605,Commercial Pilots,Conduct in-flight tests and evaluations at specified altitudes and in all types of weather to determine the receptivity and other characteristics of equipment and systems.,Problem Sensitivity,2,0
10605,Commercial Pilots,Conduct in-flight tests and evaluations at specified altitudes and in all types of weather to determine the receptivity and other characteristics of equipment and systems.,Selective Attention,2,0
10605,Commercial Pilots,Conduct in-flight tests and evaluations at specified altitudes and in all types of weather to determine the receptivity and other characteristics of equipment and systems.,Deductive Reasoning,1,0
