task_id,occupation,task_text,ability_name,weight,uncertain
10841,Environmental Compliance Inspectors,"Determine which sites and violation reports to investigate, and coordinate compliance and enforcement activities with other government agencies.",Deductive Reasoning,3,0
10841,Environmental Compliance Inspectors,"Determine which sites and violation reports to investigate, and coordinate compliance and enforcement activities with other government agencies.",Inductive Reasoning,2,0
10841,Environmental Compliance Inspectors,"Determine which sites and violation reports to investigate, and coordinate compliance and enforcement activities with other government agencies.",Information Ordering,2,0
10841,Environmental Compliance Inspectors,"Determine which sites and violation reports to investigate, and coordinate compliance and enforcement activities with other government agencies.",Oral Expression,2,0
10841,Environmental Compliance Inspectors,"Determine which sites and violation reports to investigate, and coordinate compliance and enforcement activities with other government agencies.",Problem Sensitivity,1,0
10841,Environmental Compliance Inspectors,"Determine which sites and violation reports to investigate, and coordinate compliance and enforcement activities with other government agencies.",Written Comprehension,2,0
11291,Loan Interviewers and Clerks,Verify and examine information and accuracy of loan application and closing documents.,Deductive Reasoning,2,0
11291,Loan Interviewers and Clerks,Verify and examine information and accuracy of loan application and closing documents.,Near Vision,3,0
11291,Loan Interviewers and Clerks,Verify and examine information and accuracy of loan application and closing documents.,Number Facility,1,0
11291,Loan Interviewers and Clerks,Verify and examine information and accuracy of loan application and closing documents.,Perceptual Speed,3,0
11291,Loan Interviewers and Clerks,Verify and examine information and accuracy of loan application and closing documents.,Problem Sensitivity,2,0
11291,Loan Interviewers and Clerks,Verify and examine information and accuracy of loan application and closing documents.,Written Comprehension,3,0
11308,Loan Interviewers and Clerks,Establish credit limits and grant extensions of credit on overdue accounts.,Deductive Reasoning,3,0
11308,Loan Interviewers and Clerks,Establish credit limits and grant extensions of credit on overdue accounts.,Mathematical Reasoning,1,0
11308,Loan Interviewers and Clerks,Establish credit limits and grant extensions of credit on overdue accounts.,Number Facility,2,0
11308,Loan Interviewers and Clerks,Establish credit limits and grant extensions of credit on overdue accounts.,Problem Sensitivity,2,0
11308,Loan Interviewers and Clerks,Establish credit limits and grant extensions of credit on overdue accounts.,Written Comprehension,2,0
11338,Postal Service Clerks,Transport mail from one work station to another.,Gross Body Coordination,1,0
11338,Postal Service Clerks,Transport mail from one work station to another.,Manual Dexterity,2,0
11338,Postal Service Clerks,Transport mail from one work station to another.,Static Strength,2,0
11338,Postal Service Clerks,Transport mail from one work station to another.,Trunk Strength,1?,0
11346,Postal Service Mail Carriers,Sign for cash-on-delivery and registered mail before leaving the post office.,Information Ordering,1,0
11346,Postal Service Mail Carriers,Sign for cash-on-delivery and registered mail before leaving the post office.,Near Vision,1,0
11346,Postal Service Mail Carriers,Sign for cash-on-delivery and registered mail before leaving the post office.,Written Comprehension,1,0
11393,"Weighers, Measurers, Checkers, and Samplers, Recordkeeping",Store samples of finished products in labeled cartons and record their location.,Information Ordering,2,0
11393,"Weighers, Measurers, Checkers, and Samplers, Recordkeeping",Store samples of finished products in labeled cartons and record their location.,Memorization,2,0
11393,"Weighers, Measurers, Checkers, and Samplers, Recordkeeping",Store samples of finished products in labeled cartons and record their location.,Near Vision,2,0
11393,"Weighers, Measurers, Checkers, and Samplers, Recordkeeping",Store samples of finished products in labeled cartons and record their location.,Written Comprehension,2,0
11393,"Weighers, Measurers, Checkers, and Samplers, Recordkeeping",Store samples of finished products in labeled cartons and record their location.,Written Expression,2,0
13007,"Arbitrators, Mediators, and Conciliators",Recommend acceptance or rejection of compromise settlement offers.,Deductive Reasoning,3,1
13007,"Arbitrators, Mediators, and Conciliators",Recommend acceptance or rejection of compromise settlement offers.,Inductive Reasoning,2,1
13007,"Arbitrators, Mediators, and Conciliators",Recommend acceptance or rejection of compromise settlement offers.,Mathematical Reasoning?,1,1
13007,"Arbitrators, Mediators, and Conciliators",Recommend acceptance or rejection of compromise settlement offers.,Oral Comprehension,2,1
13007,"Arbitrators, Mediators, and Conciliators",Recommend acceptance or rejection of compromise settlement offers.,Problem Sensitivity,2,1
13007,"Arbitrators, Mediators, and Conciliators",Recommend acceptance or rejection of compromise settlement offers.,Written Comprehension,2,1
13010,"Arbitrators, Mediators, and Conciliators",Issue subpoenas or administer oaths to prepare for formal hearings.,Deductive Reasoning,2,0
13010,"Arbitrators, Mediators, and Conciliators",Issue subpoenas or administer oaths to prepare for formal hearings.,Information Ordering,2,0
13010,"Arbitrators, Mediators, and Conciliators",Issue subpoenas or administer oaths to prepare for formal hearings.,Oral Expression,2,0
13010,"Arbitrators, Mediators, and Conciliators",Issue subpoenas or administer oaths to prepare for formal hearings.,Written Comprehension,2,0
13010,"Arbitrators, Mediators, and Conciliators",Issue subpoenas or administer oaths to prepare for formal hearings.,Written Expression,2,0
13195,Demonstrators and Product Promoters,Set up and arrange displays or demonstration areas to attract the attention of prospective customers.,Fluency of Ideas,2,1
13195,Demonstrators and Product Promoters,Set up and arrange displays or demonstration areas to attract the attention of prospective customers.,Manual Dexterity,2,1
13195,Demonstrators and Product Promoters,Set up and arrange displays or demonstration areas to attract the attention of prospective customers.,Near Vision,2,1
13195,Demonstrators and Product Promoters,Set up and arrange displays or demonstration areas to attract the attention of prospective customers.,Originality,2,1
13195,Demonstrators and Product Promoters,Set up and arrange displays or demonstration areas to attract the attention of prospective customers.,Spatial Orientation?,1,1
13195,Demonstrators and Product Promoters,Set up and arrange displays or demonstration areas to attract the attention of prospective customers.,Visualization,2,1
13219,Models,"Assemble and maintain portfolios, print composite cards, and travel to go-sees to obtain jobs.",Gross Body Coordination,1,1
13219,Models,"Assemble and maintain portfolios, print composite cards, and travel to go-sees to obtain jobs.",Information Ordering,2,1
13219,Models,"Assemble and maintain portfolios, print composite cards, and travel to go-sees to obtain jobs.",Near Vision,2,1
13219,Models,"Assemble and maintain portfolios, print composite cards, and travel to go-sees to obtain jobs.",Originality?,1,1
13219,Models,"Assemble and maintain portfolios, print composite cards, and travel to go-sees to obtain jobs.",Visual Color Discrimination,2,1
13219,Models,"Assemble and maintain portfolios, print composite cards, and travel to go-sees to obtain jobs.",Written Expression,1,1
13233,"Door-to-Door Sales Workers, News and Street Vendors, and Related Workers",Explain products or services and prices and demonstrate use of products.,Information Ordering,2,1
13233,"Door-to-Door Sales Workers, News and Street Vendors, and Related Workers",Explain products or services and prices and demonstrate use of products.,Manual Dexterity,2,1
13233,"Door-to-Door Sales Workers, News and Street Vendors, and Related Workers",Explain products or services and prices and demonstrate use of products.,Oral Comprehension,2,1
13233,"Door-to-Door Sales Workers, News and Street Vendors, and Related Workers",Explain products or services and prices and demonstrate use of products.,Oral Expression,3,1
13233,"Door-to-Door Sales Workers, News and Street Vendors, and Related Workers",Explain products or services and prices and demonstrate use of products.,Persuasion?,1,1
13233,"Door-to-Door Sales Workers, News and Street Vendors, and Related Workers",Explain products or services and prices and demonstrate use of products.,Speech Clarity,3,1
13233,"Door-to-Door Sales Workers, News and Street Vendors, and Related Workers",Explain products or services and prices and demonstrate use of products.,Written Comprehension,1,1
13235,"Door-to-Door Sales Workers, News and Street Vendors, and Related Workers",Arrange buying parties and solicit sponsorship of such parties to sell merchandise.,Deductive Reasoning,2,0
13235,"Door-to-Door Sales Workers, News and Street Vendors, and Related Workers",Arrange buying parties and solicit sponsorship of such parties to sell merchandise.,Information Ordering,2,0
13235,"Door-to-Door Sales Workers, News and Street Vendors, and Related Workers",Arrange buying parties and solicit sponsorship of such parties to sell merchandise.,Oral Comprehension,2,0
13235,"Door-to-Door Sales Workers, News and Street Vendors, and Related Workers",Arrange buying parties and solicit sponsorship of such parties to sell merchandise.,Oral Expression,3,0
13235,"Door-to-Door Sales Workers, News and Street Vendors, and Related Workers",Arrange buying parties and solicit sponsorship of such parties to sell merchandise.,Speech Clarity,2,0
13235,"Door-to-Door Sales Workers, News and Street Vendors, and Related Workers",Arrange buying parties and solicit sponsorship of such parties to sell merchandise.,Written Expression,1,0
13280,"Mail Clerks and Mail Machine Operators, Except Postal Service",Operate computer-controlled keyboards or voice recognition equipment to direct items according to established routing schemes.,Finger Dexterity,3,1
13280,"Mail Clerks and Mail Machine Operators, Except Postal Service",Operate computer-controlled keyboards or voice recognition equipment to direct items according to established routing schemes.,Information Ordering,3,1
13280,"Mail Clerks and Mail Machine Operators, Except Postal Service",Operate computer-controlled keyboards or voice recognition equipment to direct items according to established routing schemes.,Near Vision,2,1
13280,"Mail Clerks and Mail Machine Operators, Except Postal Service",Operate computer-controlled keyboards or voice recognition equipment to direct items according to established routing schemes.,Oral Comprehension?,1,1
13280,"Mail Clerks and Mail Machine Operators, Except Postal Service",Operate computer-controlled keyboards or voice recognition equipment to direct items according to established routing schemes.,Perceptual Speed,2,1
13280,"Mail Clerks and Mail Machine Operators, Except Postal Service",Operate computer-controlled keyboards or voice recognition equipment to direct items according to established routing schemes.,Selective Attention,3,1
13280,"Mail Clerks and Mail Machine Operators, Except Postal Service",Operate computer-controlled keyboards or voice recognition equipment to direct items according to established routing schemes.,Written Comprehension,2,1
13281,"Mail Clerks and Mail Machine Operators, Except Postal Service","Adjust guides, rollers, loose card inserters, weighing machines, and tying arms, using rules and hand tools.",Arm-Hand Steadiness,3,1
13281,"Mail Clerks and Mail Machine Operators, Except Postal Service","Adjust guides, rollers, loose card inserters, weighing machines, and tying arms, using rules and hand tools.",Deductive Reasoning,2,1
13281,"Mail Clerks and Mail Machine Operators, Except Postal Service","Adjust guides, rollers, loose card inserters, weighing machines, and tying arms, using rules and hand tools.",Finger Dexterity,3,1
13281,"Mail Clerks and Mail Machine Operators, Except Postal Service","Adjust guides, rollers, loose card inserters, weighing machines, and tying arms, using rules and hand tools.",Manual Dexterity,3,1
13281,"Mail Clerks and Mail Machine Operators, Except Postal Service","Adjust guides, rollers, loose card inserters, weighing machines, and tying arms, using rules and hand tools.",Mathematical Reasoning?,1,1
13281,"Mail Clerks and Mail Machine Operators, Except Postal Service","Adjust guides, rollers, loose card inserters, weighing machines, and tying arms, using rules and hand tools.",Near Vision,2,1
13282,"Mail Clerks and Mail Machine Operators, Except Postal Service","Accept and check containers of mail or parcels from large volume mailers, couriers, and contractors.",Manual Dexterity,2,0
13282,"Mail Clerks and Mail Machine Operators, Except Postal Service","Accept and check containers of mail or parcels from large volume mailers, couriers, and contractors.",Near Vision,2,0
13282,"Mail Clerks and Mail Machine Operators, Except Postal Service","Accept and check containers of mail or parcels from large volume mailers, couriers, and contractors.",Oral Comprehension,1,0
13282,"Mail Clerks and Mail Machine Operators, Except Postal Service","Accept and check containers of mail or parcels from large volume mailers, couriers, and contractors.",Problem Sensitivity,2,0
13282,"Mail Clerks and Mail Machine Operators, Except Postal Service","Accept and check containers of mail or parcels from large volume mailers, couriers, and contractors.",Selective Attention,2,0
13282,"Mail Clerks and Mail Machine Operators, Except Postal Service","Accept and check containers of mail or parcels from large volume mailers, couriers, and contractors.",Written Comprehension,2,0
13293,"Office Machine Operators, Except Computer","Set up and adjust machines, regulating factors such as speed, ink flow, focus, and number of copies.",Arm-Hand Steadiness,2,1
13293,"Office Machine Operators, Except Computer","Set up and adjust machines, regulating factors such as speed, ink flow, focus, and number of copies.",Deductive Reasoning,2,1
13293,"Office Machine Operators, Except Computer","Set up and adjust machines, regulating factors such as speed, ink flow, focus, and number of copies.",Finger Dexterity,2,1
13293,"Office Machine Operators, Except Computer","Set up and adjust machines, regulating factors such as speed, ink flow, focus, and number of copies.",Manual Dexterity,3,1
13293,"Office Machine Operators, Except Computer","Set up and adjust machines, regulating factors such as speed, ink flow, focus, and number of copies.",Mathematical Reasoning?,1,1
13293,"Office Machine Operators, Except Computer","Set up and adjust machines, regulating factors such as speed, ink flow, focus, and number of copies.",Near Vision,2,1
13294,"Office Machine Operators, Except Computer","Monitor machine operation, and make adjustments as necessary to ensure proper operation.",Deductive Reasoning,2,0
13294,"Office Machine Operators, Except Computer","Monitor machine operation, and make adjustments as necessary to ensure proper operation.",Manual Dexterity,2,0
13294,"Office Machine Operators, Except Computer","Monitor machine operation, and make adjustments as necessary to ensure proper operation.",Near Vision,2,0
13294,"Office Machine Operators, Except Computer","Monitor machine operation, and make adjustments as necessary to ensure proper operation.",Problem Sensitivity,3,0
13294,"Office Machine Operators, Except Computer","Monitor machine operation, and make adjustments as necessary to ensure proper operation.",Reaction Time,2,0
13294,"Office Machine Operators, Except Computer","Monitor machine operation, and make adjustments as necessary to ensure proper operation.",Selective Attention,3,0
14839,Farm Labor Contractors,"Provide food, drinking water, and field sanitation facilities to contracted workers.",Deductive Reasoning,2,1
14839,Farm Labor Contractors,"Provide food, drinking water, and field sanitation facilities to contracted workers.",Information Ordering,2,1
14839,Farm Labor Contractors,"Provide food, drinking water, and field sanitation facilities to contracted workers.",Mathematical Reasoning?,1,1
14839,Farm Labor Contractors,"Provide food, drinking water, and field sanitation facilities to contracted workers.",Oral Comprehension,2,1
14839,Farm Labor Contractors,"Provide food, drinking water, and field sanitation facilities to contracted workers.",Oral Expression,2,1
14839,Farm Labor Contractors,"Provide food, drinking water, and field sanitation facilities to contracted workers.",Problem Sensitivity,2,1
15250,Physical Therapist Assistants,"Attend or conduct continuing education courses, seminars, or in-service activities.",Inductive Reasoning,2,0
15250,Physical Therapist Assistants,"Attend or conduct continuing education courses, seminars, or in-service activities.",Memorization,2,0
15250,Physical Therapist Assistants,"Attend or conduct continuing education courses, seminars, or in-service activities.",Oral Comprehension,3,0
15250,Physical Therapist Assistants,"Attend or conduct continuing education courses, seminars, or in-service activities.",Oral Expression,2,0
15250,Physical Therapist Assistants,"Attend or conduct continuing education courses, seminars, or in-service activities.",Written Comprehension,2,0
15250,Physical Therapist Assistants,"Attend or conduct continuing education courses, seminars, or in-service activities.",Written Expression,1,0
15865,Logistics Engineers,Design plant distribution centers.,Deductive Reasoning,3,0
15865,Logistics Engineers,Design plant distribution centers.,Inductive Reasoning,2,0
15865,Logistics Engineers,Design plant distribution centers.,Mathematical Reasoning,2,0
15865,Logistics Engineers,Design plant distribution centers.,Originality,2,0
15865,Logistics Engineers,Design plant distribution centers.,Spatial Orientation,2,0
15865,Logistics Engineers,Design plant distribution centers.,Visualization,3,0
15865,Logistics Engineers,Design plant distribution centers.,Written Expression,2,0
15866,Logistics Engineers,"Develop specifications for equipment, tools, facility layouts, or material-handling systems.",Deductive Reasoning,3,0
15866,Logistics Engineers,"Develop specifications for equipment, tools, facility layouts, or material-handling systems.",Information Ordering,2,0
15866,Logistics Engineers,"Develop specifications for equipment, tools, facility layouts, or material-handling systems.",Mathematical Reasoning,2,0
15866,Logistics Engineers,"Develop specifications for equipment, tools, facility layouts, or material-handling systems.",Problem Sensitivity,2,0
15866,Logistics Engineers,"Develop specifications for equipment, tools, facility layouts, or material-handling systems.",Visualization,2,0
15866,Logistics Engineers,"Develop specifications for equipment, tools, facility layouts, or material-handling systems.",Written Expression,3,0
15893,Logistics Analysts,Recommend improvements to existing or planned logistics processes.,Deductive Reasoning,2,0
15893,Logistics Analysts,Recommend improvements to existing or planned logistics processes.,Inductive Reasoning,3,0
15893,Logistics Analysts,Recommend improvements to existing or planned logistics processes.,Oral Expression,2,0
15893,Logistics Analysts,Recommend improvements to existing or planned logistics processes.,Originality,2,0
15893,Logistics Analysts,Recommend improvements to existing or planned logistics processes.,Problem Sensitivity,2,0
15893,Logistics Analysts,Recommend improvements to existing or planned logistics processes.,Written Expression,3,0
15957,Business Continuity Planners,"Review existing disaster recovery, crisis management, or business continuity plans.",Deductive Reasoning,3,0
15957,Business Continuity Planners,"Review existing disaster recovery, crisis management, or business continuity plans.",Inductive Reasoning,2,0
15957,Business Continuity Planners,"Review existing disaster recovery, crisis management, or business continuity plans.",Information Ordering,2,0
15957,Business Continuity Planners,"Review existing disaster recovery, crisis management, or business continuity plans.",Problem Sensitivity,3,0
15957,Business Continuity Planners,"Review existing disaster recovery, crisis management, or business continuity plans.",Written Comprehension,3,0
15987,Financial Quantitative Analysts,Maintain or modify all financial analytic models in use.,Deductive Reasoning,3,0
15987,Financial Quantitative Analysts,Maintain or modify all financial analytic models in use.,Mathematical Reasoning,3,0
15987,Financial Quantitative Analysts,Maintain or modify all financial analytic models in use.,Number Facility,2,0
15987,Financial Quantitative Analysts,Maintain or modify all financial analytic models in use.,Problem Sensitivity,2,0
15987,Financial Quantitative Analysts,Maintain or modify all financial analytic models in use.,Written Comprehension,2,0
15989,Financial Quantitative Analysts,Interpret results of financial analysis procedures.,Deductive Reasoning,3,0
15989,Financial Quantitative Analysts,Interpret results of financial analysis procedures.,Inductive Reasoning,3,0
15989,Financial Quantitative Analysts,Interpret results of financial analysis procedures.,Mathematical Reasoning,2,0
15989,Financial Quantitative Analysts,Interpret results of financial analysis procedures.,Oral Expression,2,0
15989,Financial Quantitative Analysts,Interpret results of financial analysis procedures.,Written Comprehension,2,0
16035,"Fraud Examiners, Investigators and Analysts",Maintain knowledge of current events and trends in such areas as money laundering and criminal tools and techniques.,Inductive Reasoning,2,0
16035,"Fraud Examiners, Investigators and Analysts",Maintain knowledge of current events and trends in such areas as money laundering and criminal tools and techniques.,Information Ordering,2,0
16035,"Fraud Examiners, Investigators and Analysts",Maintain knowledge of current events and trends in such areas as money laundering and criminal tools and techniques.,Memorization,2,0
16035,"Fraud Examiners, Investigators and Analysts",Maintain knowledge of current events and trends in such areas as money laundering and criminal tools and techniques.,Written Comprehension,3,0
16041,"Fraud Examiners, Investigators and Analysts",Conduct field surveillance to gather case-related information.,Auditory Attention,2,0
16041,"Fraud Examiners, Investigators and Analysts",Conduct field surveillance to gather case-related information.,Far Vision,2,0
16041,"Fraud Examiners, Investigators and Analysts",Conduct field surveillance to gather case-related information.,Near Vision,2,0
16041,"Fraud Examiners, Investigators and Analysts",Conduct field surveillance to gather case-related information.,Problem Sensitivity,2,0
16041,"Fraud Examiners, Investigators and Analysts",Conduct field surveillance to gather case-related information.,Selective Attention,3,0
16192,Search Marketing Strategists,"Collect and analyze Web metrics, such as visits, time on site, page views per visit, transaction volume and revenue, traffic mix, click-through rates, conversion rates, cost per acquisition, or cost p",Deductive Reasoning,2,0
16192,Search Marketing Strategists,"Collect and analyze Web metrics, such as visits, time on site, page views per visit, transaction volume and revenue, traffic mix, click-through rates, conversion rates, cost per acquisition, or cost p",Inductive Reasoning,3,0
16192,Search Marketing Strategists,"Collect and analyze Web metrics, such as visits, time on site, page views per visit, transaction volume and revenue, traffic mix, click-through rates, conversion rates, cost per acquisition, or cost p",Information Ordering,2,0
16192,Search Marketing Strategists,"Collect and analyze Web metrics, such as visits, time on site, page views per visit, transaction volume and revenue, traffic mix, click-through rates, conversion rates, cost per acquisition, or cost p",Mathematical Reasoning,3,0
16192,Search Marketing Strategists,"Collect and analyze Web metrics, such as visits, time on site, page views per visit, transaction volume and revenue, traffic mix, click-through rates, conversion rates, cost per acquisition, or cost p",Number Facility,3,0
16192,Search Marketing Strategists,"Collect and analyze Web metrics, such as visits, time on site, page views per visit, transaction volume and revenue, traffic mix, click-through rates, conversion rates, cost per acquisition, or cost p",Perceptual Speed,1,0
16192,Search Marketing Strategists,"Collect and analyze Web metrics, such as visits, time on site, page views per visit, transaction volume and revenue, traffic mix, click-through rates, conversion rates, cost per acquisition, or cost p",Written Comprehension,2,0
17065,Allergists and Immunologists,Provide allergy or immunology consultation or education to physicians or other health care providers.,Deductive Reasoning,2,0
17065,Allergists and Immunologists,Provide allergy or immunology consultation or education to physicians or other health care providers.,Inductive Reasoning,2,0
17065,Allergists and Immunologists,Provide allergy or immunology consultation or education to physicians or other health care providers.,Oral Comprehension,3,0
17065,Allergists and Immunologists,Provide allergy or immunology consultation or education to physicians or other health care providers.,Oral Expression,3,0
17065,Allergists and Immunologists,Provide allergy or immunology consultation or education to physicians or other health care providers.,Speech Clarity,2,0
17065,Allergists and Immunologists,Provide allergy or immunology consultation or education to physicians or other health care providers.,Written Expression,2,0
17084,Dermatologists,"Conduct or order diagnostic tests such as chest radiographs (x-rays), microbiologic tests, or endocrinologic tests.",Deductive Reasoning,3,0
17084,Dermatologists,"Conduct or order diagnostic tests such as chest radiographs (x-rays), microbiologic tests, or endocrinologic tests.",Inductive Reasoning,2,0
17084,Dermatologists,"Conduct or order diagnostic tests such as chest radiographs (x-rays), microbiologic tests, or endocrinologic tests.",Near Vision,1,0
17084,Dermatologists,"Conduct or order diagnostic tests such as chest radiographs (x-rays), microbiologic tests, or endocrinologic tests.",Problem Sensitivity,3,0
17084,Dermatologists,"Conduct or order diagnostic tests such as chest radiographs (x-rays), microbiologic tests, or endocrinologic tests.",Written Comprehension,2,0
17084,Dermatologists,"Conduct or order diagnostic tests such as chest radiographs (x-rays), microbiologic tests, or endocrinologic tests.",Written Expression,2,0
17090,Dermatologists,"Perform skin surgery to improve appearance, make early diagnoses, or control diseases such as skin cancer.",Arm-Hand Steadiness,3,0
17090,Dermatologists,"Perform skin surgery to improve appearance, make early diagnoses, or control diseases such as skin cancer.",Control Precision,3,0
17090,Dermatologists,"Perform skin surgery to improve appearance, make early diagnoses, or control diseases such as skin cancer.",Depth Perception,2,0
17090,Dermatologists,"Perform skin surgery to improve appearance, make early diagnoses, or control diseases such as skin cancer.",Finger Dexterity,3,0
17090,Dermatologists,"Perform skin surgery to improve appearance, make early diagnoses, or control diseases such as skin cancer.",Manual Dexterity,3,0
17090,Dermatologists,"Perform skin surgery to improve appearance, make early diagnoses, or control diseases such as skin cancer.",Near Vision,3,0
17090,Dermatologists,"Perform skin surgery to improve appearance, make early diagnoses, or control diseases such as skin cancer.",Problem Sensitivity,3,0
17159,"Ophthalmologists, Except Pediatric",Provide ophthalmic consultation to other medical professionals.,Deductive Reasoning,2,0
17159,"Ophthalmologists, Except Pediatric",Provide ophthalmic consultation to other medical professionals.,Inductive Reasoning,2,0
17159,"Ophthalmologists, Except Pediatric",Provide ophthalmic consultation to other medical professionals.,Oral Comprehension,2,0
17159,"Ophthalmologists, Except Pediatric",Provide ophthalmic consultation to other medical professionals.,Oral Expression,3,0
17159,"Ophthalmologists, Except Pediatric",Provide ophthalmic consultation to other medical professionals.,Speech Clarity,3,0
17159,"Ophthalmologists, Except Pediatric",Provide ophthalmic consultation to other medical professionals.,Written Expression,2,0
17180,"Physicians, Pathologists","Read current literature, talk with colleagues, or participate in professional organizations or conferences to keep abreast of developments in pathology.",Inductive Reasoning,2,0
17180,"Physicians, Pathologists","Read current literature, talk with colleagues, or participate in professional organizations or conferences to keep abreast of developments in pathology.",Information Ordering,1,0
17180,"Physicians, Pathologists","Read current literature, talk with colleagues, or participate in professional organizations or conferences to keep abreast of developments in pathology.",Memorization,2,0
17180,"Physicians, Pathologists","Read current literature, talk with colleagues, or participate in professional organizations or conferences to keep abreast of developments in pathology.",Oral Comprehension,2,0
17180,"Physicians, Pathologists","Read current literature, talk with colleagues, or participate in professional organizations or conferences to keep abreast of developments in pathology.",Speech Recognition,1,0
17180,"Physicians, Pathologists","Read current literature, talk with colleagues, or participate in professional organizations or conferences to keep abreast of developments in pathology.",Written Comprehension,3,0
17260,Sports Medicine Physicians,"Develop and prescribe exercise programs, such as off-season conditioning regimens.",Deductive Reasoning,3,0
17260,Sports Medicine Physicians,"Develop and prescribe exercise programs, such as off-season conditioning regimens.",Inductive Reasoning,2,0
17260,Sports Medicine Physicians,"Develop and prescribe exercise programs, such as off-season conditioning regimens.",Originality,2,0
17260,Sports Medicine Physicians,"Develop and prescribe exercise programs, such as off-season conditioning regimens.",Problem Sensitivity,1,0
17260,Sports Medicine Physicians,"Develop and prescribe exercise programs, such as off-season conditioning regimens.",Written Expression,2,0
17270,Sports Medicine Physicians,Provide education and counseling on illness and injury prevention.,Deductive Reasoning,1,0
17270,Sports Medicine Physicians,Provide education and counseling on illness and injury prevention.,Oral Comprehension,2,0
17270,Sports Medicine Physicians,Provide education and counseling on illness and injury prevention.,Oral Expression,3,0
17314,Advanced Practice Psychiatric Nurses,Direct or provide home health services.,Deductive Reasoning,2,0
17314,Advanced Practice Psychiatric Nurses,Direct or provide home health services.,Oral Expression,2,0
17314,Advanced Practice Psychiatric Nurses,Direct or provide home health services.,Problem Sensitivity,2,0
17314,Advanced Practice Psychiatric Nurses,Direct or provide home health services.,Time Sharing,1,0
17325,Advanced Practice Psychiatric Nurses,Develop and implement treatment plans.,Deductive Reasoning,3,0
17325,Advanced Practice Psychiatric Nurses,Develop and implement treatment plans.,Inductive Reasoning,2,0
17325,Advanced Practice Psychiatric Nurses,Develop and implement treatment plans.,Originality,1,0
17325,Advanced Practice Psychiatric Nurses,Develop and implement treatment plans.,Problem Sensitivity,2,0
17325,Advanced Practice Psychiatric Nurses,Develop and implement treatment plans.,Written Expression,1,0
17350,"Low Vision Therapists, Orientation and Mobility Specialists, and Vision Rehabilitation Therapists","Develop rehabilitation or instructional plans collaboratively with clients, based on results of assessments, needs, and goals.",Deductive Reasoning,3,0
17350,"Low Vision Therapists, Orientation and Mobility Specialists, and Vision Rehabilitation Therapists","Develop rehabilitation or instructional plans collaboratively with clients, based on results of assessments, needs, and goals.",Inductive Reasoning,2,0
17350,"Low Vision Therapists, Orientation and Mobility Specialists, and Vision Rehabilitation Therapists","Develop rehabilitation or instructional plans collaboratively with clients, based on results of assessments, needs, and goals.",Oral Comprehension,2,0
17350,"Low Vision Therapists, Orientation and Mobility Specialists, and Vision Rehabilitation Therapists","Develop rehabilitation or instructional plans collaboratively with clients, based on results of assessments, needs, and goals.",Originality,2,0
17350,"Low Vision Therapists, Orientation and Mobility Specialists, and Vision Rehabilitation Therapists","Develop rehabilitation or instructional plans collaboratively with clients, based on results of assessments, needs, and goals.",Problem Sensitivity,2,0
17368,Acupuncturists,"Apply heat or cold therapy to patients using materials, such as heat pads, hydrocollator packs, warm compresses, cold compresses, heat lamps, or vapor coolants.",Arm-Hand Steadiness,2,0
17368,Acupuncturists,"Apply heat or cold therapy to patients using materials, such as heat pads, hydrocollator packs, warm compresses, cold compresses, heat lamps, or vapor coolants.",Deductive Reasoning,2,0
17368,Acupuncturists,"Apply heat or cold therapy to patients using materials, such as heat pads, hydrocollator packs, warm compresses, cold compresses, heat lamps, or vapor coolants.",Near Vision,1,0
17368,Acupuncturists,"Apply heat or cold therapy to patients using materials, such as heat pads, hydrocollator packs, warm compresses, cold compresses, heat lamps, or vapor coolants.",Problem Sensitivity,1,0
17384,Cytogenetic Technologists,Determine optimal time sequences and methods for manual or robotic cell harvests.,Deductive Reasoning,3,1
17384,Cytogenetic Technologists,Determine optimal time sequences and methods for manual or robotic cell harvests.,Inductive Reasoning,3,1
17384,Cytogenetic Technologists,Determine optimal time sequences and methods for manual or robotic cell harvests.,Information Ordering,2,1
17384,Cytogenetic Technologists,Determine optimal time sequences and methods for manual or robotic cell harvests.,Mathematical Reasoning?,1,1
17384,Cytogenetic Technologists,Determine optimal time sequences and methods for manual or robotic cell harvests.,Problem Sensitivity,2,1
17384,Cytogenetic Technologists,Determine optimal time sequences and methods for manual or robotic cell harvests.,Written Comprehension,1,1
17388,Cytogenetic Technologists,"Prepare biological specimens such as amniotic fluids, bone marrow, tumors, chorionic villi, and blood, for chromosome examinations.",Finger Dexterity,2,0
17388,Cytogenetic Technologists,"Prepare biological specimens such as amniotic fluids, bone marrow, tumors, chorionic villi, and blood, for chromosome examinations.",Information Ordering,3,0
17388,Cytogenetic Technologists,"Prepare biological specimens such as amniotic fluids, bone marrow, tumors, chorionic villi, and blood, for chromosome examinations.",Manual Dexterity,3,0
17388,Cytogenetic Technologists,"Prepare biological specimens such as amniotic fluids, bone marrow, tumors, chorionic villi, and blood, for chromosome examinations.",Near Vision,2,0
17388,Cytogenetic Technologists,"Prepare biological specimens such as amniotic fluids, bone marrow, tumors, chorionic villi, and blood, for chromosome examinations.",Problem Sensitivity,1,0
17388,Cytogenetic Technologists,"Prepare biological specimens such as amniotic fluids, bone marrow, tumors, chorionic villi, and blood, for chromosome examinations.",Written Comprehension,2,0
17389,Cytogenetic Technologists,"Count numbers of chromosomes and identify the structural abnormalities by viewing culture slides through microscopes, light microscopes, or photomicroscopes.",Category Flexibility,2,0
17389,Cytogenetic Technologists,"Count numbers of chromosomes and identify the structural abnormalities by viewing culture slides through microscopes, light microscopes, or photomicroscopes.",Flexibility of Closure,3,0
17389,Cytogenetic Technologists,"Count numbers of chromosomes and identify the structural abnormalities by viewing culture slides through microscopes, light microscopes, or photomicroscopes.",Inductive Reasoning,2,0
17389,Cytogenetic Technologists,"Count numbers of chromosomes and identify the structural abnormalities by viewing culture slides through microscopes, light microscopes, or photomicroscopes.",Near Vision,3,0
17389,Cytogenetic Technologists,"Count numbers of chromosomes and identify the structural abnormalities by viewing culture slides through microscopes, light microscopes, or photomicroscopes.",Perceptual Speed,3,0
17389,Cytogenetic Technologists,"Count numbers of chromosomes and identify the structural abnormalities by viewing culture slides through microscopes, light microscopes, or photomicroscopes.",Selective Attention,2,0
17389,Cytogenetic Technologists,"Count numbers of chromosomes and identify the structural abnormalities by viewing culture slides through microscopes, light microscopes, or photomicroscopes.",Visual Color Discrimination,2,0
17389,Cytogenetic Technologists,"Count numbers of chromosomes and identify the structural abnormalities by viewing culture slides through microscopes, light microscopes, or photomicroscopes.",Visualization,2,0
17430,Neurodiagnostic Technologists,Measure patients' body parts and mark locations where electrodes are to be placed.,Arm-Hand Steadiness,1,1
17430,Neurodiagnostic Technologists,Measure patients' body parts and mark locations where electrodes are to be placed.,Deductive Reasoning,2,1
17430,Neurodiagnostic Technologists,Measure patients' body parts and mark locations where electrodes are to be placed.,Manual Dexterity,2,1
17430,Neurodiagnostic Technologists,Measure patients' body parts and mark locations where electrodes are to be placed.,Near Vision,3,1
17430,Neurodiagnostic Technologists,Measure patients' body parts and mark locations where electrodes are to be placed.,Spatial Orientation?,2,1
17430,Neurodiagnostic Technologists,Measure patients' body parts and mark locations where electrodes are to be placed.,Visualization,2,1
17438,Neurodiagnostic Technologists,"Participate in research projects, conferences, or technical meetings.",Inductive Reasoning,1,0
17438,Neurodiagnostic Technologists,"Participate in research projects, conferences, or technical meetings.",Memorization,1,0
17438,Neurodiagnostic Technologists,"Participate in research projects, conferences, or technical meetings.",Oral Comprehension,2,0
17438,Neurodiagnostic Technologists,"Participate in research projects, conferences, or technical meetings.",Written Comprehension,2,0
17475,Midwives,Estimate patients' due dates and re-evaluate as necessary based on examination results.,Deductive Reasoning,2,1
17475,Midwives,Estimate patients' due dates and re-evaluate as necessary based on examination results.,Inductive Reasoning,3,1
17475,Midwives,Estimate patients' due dates and re-evaluate as necessary based on examination results.,Mathematical Reasoning?,2,1
17475,Midwives,Estimate patients' due dates and re-evaluate as necessary based on examination results.,Near Vision,1,1
17475,Midwives,Estimate patients' due dates and re-evaluate as necessary based on examination results.,Problem Sensitivity,2,1
17487,Midwives,"Provide, or refer patients to other providers for, education or counseling on topics such as genetic testing, newborn care, contraception, or breastfeeding.",Deductive Reasoning,2,0
17487,Midwives,"Provide, or refer patients to other providers for, education or counseling on topics such as genetic testing, newborn care, contraception, or breastfeeding.",Inductive Reasoning,2,0
17487,Midwives,"Provide, or refer patients to other providers for, education or counseling on topics such as genetic testing, newborn care, contraception, or breastfeeding.",Oral Comprehension,2,0
17487,Midwives,"Provide, or refer patients to other providers for, education or counseling on topics such as genetic testing, newborn care, contraception, or breastfeeding.",Oral Expression,3,0
17487,Midwives,"Provide, or refer patients to other providers for, education or counseling on topics such as genetic testing, newborn care, contraception, or breastfeeding.",Written Expression,2,0
17498,Midwives,Recommend the use of vitamin and mineral supplements to enhance the health of patients and children.,Deductive Reasoning,2,0
17498,Midwives,Recommend the use of vitamin and mineral supplements to enhance the health of patients and children.,Inductive Reasoning,1,0
17498,Midwives,Recommend the use of vitamin and mineral supplements to enhance the health of patients and children.,Oral Comprehension,2,0
17498,Midwives,Recommend the use of vitamin and mineral supplements to enhance the health of patients and children.,Oral Expression,2,0
17514,Genetic Counselors,Engage in research activities related to the field of medical genetics or genetic counseling.,Deductive Reasoning,3,1
17514,Genetic Counselors,Engage in research activities related to the field of medical genetics or genetic counseling.,Inductive Reasoning,3,1
17514,Genetic Counselors,Engage in research activities related to the field of medical genetics or genetic counseling.,Mathematical Reasoning?,2,1
17514,Genetic Counselors,Engage in research activities related to the field of medical genetics or genetic counseling.,Problem Sensitivity,2,1
17514,Genetic Counselors,Engage in research activities related to the field of medical genetics or genetic counseling.,Written Comprehension,2,1
17657,Solar Sales Representatives and Assessors,"Assess sites to determine suitability for solar equipment, using equipment such as tape measures, compasses, and computer software.",Deductive Reasoning,2,1
17657,Solar Sales Representatives and Assessors,"Assess sites to determine suitability for solar equipment, using equipment such as tape measures, compasses, and computer software.",Inductive Reasoning,2,1
17657,Solar Sales Representatives and Assessors,"Assess sites to determine suitability for solar equipment, using equipment such as tape measures, compasses, and computer software.",Mathematical Reasoning?,2,1
17657,Solar Sales Representatives and Assessors,"Assess sites to determine suitability for solar equipment, using equipment such as tape measures, compasses, and computer software.",Near Vision,3,1
17657,Solar Sales Representatives and Assessors,"Assess sites to determine suitability for solar equipment, using equipment such as tape measures, compasses, and computer software.",Spatial Orientation,3,1
17657,Solar Sales Representatives and Assessors,"Assess sites to determine suitability for solar equipment, using equipment such as tape measures, compasses, and computer software.",Visualization,2,1
17660,Solar Sales Representatives and Assessors,Develop marketing or strategic plans for sales territories.,Deductive Reasoning,3,1
17660,Solar Sales Representatives and Assessors,Develop marketing or strategic plans for sales territories.,Fluency of Ideas,2,1
17660,Solar Sales Representatives and Assessors,Develop marketing or strategic plans for sales territories.,Inductive Reasoning,3,1
17660,Solar Sales Representatives and Assessors,Develop marketing or strategic plans for sales territories.,Mathematical Reasoning?,1,1
17660,Solar Sales Representatives and Assessors,Develop marketing or strategic plans for sales territories.,Originality,2,1
17660,Solar Sales Representatives and Assessors,Develop marketing or strategic plans for sales territories.,Written Expression,2,1
17662,Solar Sales Representatives and Assessors,"Prepare or review detailed design drawings, specifications, or lists related to solar installations.",Deductive Reasoning,2,0
17662,Solar Sales Representatives and Assessors,"Prepare or review detailed design drawings, specifications, or lists related to solar installations.",Mathematical Reasoning,2,0
17662,Solar Sales Representatives and Assessors,"Prepare or review detailed design drawings, specifications, or lists related to solar installations.",Near Vision,3,0
17662,Solar Sales Representatives and Assessors,"Prepare or review detailed design drawings, specifications, or lists related to solar installations.",Visualization,2,0
17662,Solar Sales Representatives and Assessors,"Prepare or review detailed design drawings, specifications, or lists related to solar installations.",Written Comprehension,3,0
17662,Solar Sales Representatives and Assessors,"Prepare or review detailed design drawings, specifications, or lists related to solar installations.",Written Expression,2,0
17680,Freight Forwarders,"Select shipment routes, based on nature of goods shipped, transit times, or security needs.",Deductive Reasoning,3,1
17680,Freight Forwarders,"Select shipment routes, based on nature of goods shipped, transit times, or security needs.",Inductive Reasoning,3,1
17680,Freight Forwarders,"Select shipment routes, based on nature of goods shipped, transit times, or security needs.",Information Ordering,2,1
17680,Freight Forwarders,"Select shipment routes, based on nature of goods shipped, transit times, or security needs.",Mathematical Reasoning?,2,1
17680,Freight Forwarders,"Select shipment routes, based on nature of goods shipped, transit times, or security needs.",Problem Sensitivity,2,1
17680,Freight Forwarders,"Select shipment routes, based on nature of goods shipped, transit times, or security needs.",Written Comprehension,2,1
17684,Freight Forwarders,"Arrange for special transport of sensitive cargoes, such as livestock, food, or medical supplies.",Deductive Reasoning,2,0
17684,Freight Forwarders,"Arrange for special transport of sensitive cargoes, such as livestock, food, or medical supplies.",Inductive Reasoning,2,0
17684,Freight Forwarders,"Arrange for special transport of sensitive cargoes, such as livestock, food, or medical supplies.",Information Ordering,1,0
17684,Freight Forwarders,"Arrange for special transport of sensitive cargoes, such as livestock, food, or medical supplies.",Problem Sensitivity,2,0
17684,Freight Forwarders,"Arrange for special transport of sensitive cargoes, such as livestock, food, or medical supplies.",Written Comprehension,2,0
18048,Regulatory Affairs Specialists,"Coordinate, prepare, or review regulatory submissions for domestic or international projects.",Deductive Reasoning,3,1
18048,Regulatory Affairs Specialists,"Coordinate, prepare, or review regulatory submissions for domestic or international projects.",Inductive Reasoning,2,1
18048,Regulatory Affairs Specialists,"Coordinate, prepare, or review regulatory submissions for domestic or international projects.",Information Ordering,3,1
18048,Regulatory Affairs Specialists,"Coordinate, prepare, or review regulatory submissions for domestic or international projects.",Number Facility?,1,1
18048,Regulatory Affairs Specialists,"Coordinate, prepare, or review regulatory submissions for domestic or international projects.",Written Comprehension,3,1
18048,Regulatory Affairs Specialists,"Coordinate, prepare, or review regulatory submissions for domestic or international projects.",Written Expression,3,1
18069,Regulatory Affairs Specialists,Direct the collection and preparation of laboratory samples as requested by regulatory agencies.,Deductive Reasoning,2,1
18069,Regulatory Affairs Specialists,Direct the collection and preparation of laboratory samples as requested by regulatory agencies.,Information Ordering,2,1
18069,Regulatory Affairs Specialists,Direct the collection and preparation of laboratory samples as requested by regulatory agencies.,Oral Comprehension,2,1
18069,Regulatory Affairs Specialists,Direct the collection and preparation of laboratory samples as requested by regulatory agencies.,Written Comprehension,2,1
18069,Regulatory Affairs Specialists,Direct the collection and preparation of laboratory samples as requested by regulatory agencies.,Written Expression?,1,1
1810,Pharmacists,Analyze prescribing trends to monitor patient compliance and to prevent excessive usage or harmful interactions.,Deductive Reasoning,3,1
1810,Pharmacists,Analyze prescribing trends to monitor patient compliance and to prevent excessive usage or harmful interactions.,Inductive Reasoning,3,1
1810,Pharmacists,Analyze prescribing trends to monitor patient compliance and to prevent excessive usage or harmful interactions.,Mathematical Reasoning?,2,1
1810,Pharmacists,Analyze prescribing trends to monitor patient compliance and to prevent excessive usage or harmful interactions.,Number Facility,2,1
1810,Pharmacists,Analyze prescribing trends to monitor patient compliance and to prevent excessive usage or harmful interactions.,Problem Sensitivity,2,1
1810,Pharmacists,Analyze prescribing trends to monitor patient compliance and to prevent excessive usage or harmful interactions.,Written Comprehension,2,1
1822,Pharmacists,"Manage pharmacy operations, hiring or supervising staff, performing administrative duties, or buying or selling non-pharmaceutical merchandise.",Deductive Reasoning,2,1
1822,Pharmacists,"Manage pharmacy operations, hiring or supervising staff, performing administrative duties, or buying or selling non-pharmaceutical merchandise.",Inductive Reasoning,2,1
1822,Pharmacists,"Manage pharmacy operations, hiring or supervising staff, performing administrative duties, or buying or selling non-pharmaceutical merchandise.",Mathematical Reasoning?,1,1
1822,Pharmacists,"Manage pharmacy operations, hiring or supervising staff, performing administrative duties, or buying or selling non-pharmaceutical merchandise.",Number Facility,2,1
1822,Pharmacists,"Manage pharmacy operations, hiring or supervising staff, performing administrative duties, or buying or selling non-pharmaceutical merchandise.",Oral Expression,3,1
1822,Pharmacists,"Manage pharmacy operations, hiring or supervising staff, performing administrative duties, or buying or selling non-pharmaceutical merchandise.",Written Comprehension,2,1
18297,Acute Care Nurses,"Analyze the indications, contraindications, risk complications, and cost-benefit tradeoffs of therapeutic interventions.",Category Flexibility,2,1
18297,Acute Care Nurses,"Analyze the indications, contraindications, risk complications, and cost-benefit tradeoffs of therapeutic interventions.",Deductive Reasoning,3,1
18297,Acute Care Nurses,"Analyze the indications, contraindications, risk complications, and cost-benefit tradeoffs of therapeutic interventions.",Inductive Reasoning,3,1
18297,Acute Care Nurses,"Analyze the indications, contraindications, risk complications, and cost-benefit tradeoffs of therapeutic interventions.",Mathematical Reasoning?,2,1
18297,Acute Care Nurses,"Analyze the indications, contraindications, risk complications, and cost-benefit tradeoffs of therapeutic interventions.",Problem Sensitivity,3,1
18297,Acute Care Nurses,"Analyze the indications, contraindications, risk complications, and cost-benefit tradeoffs of therapeutic interventions.",Written Comprehension,3,1
18299,Acute Care Nurses,"Distinguish between normal and abnormal developmental and age-related physiological and behavioral changes in acute, critical, and chronic illness.",Category Flexibility,2,0
18299,Acute Care Nurses,"Distinguish between normal and abnormal developmental and age-related physiological and behavioral changes in acute, critical, and chronic illness.",Deductive Reasoning,3,0
18299,Acute Care Nurses,"Distinguish between normal and abnormal developmental and age-related physiological and behavioral changes in acute, critical, and chronic illness.",Inductive Reasoning,3,0
18299,Acute Care Nurses,"Distinguish between normal and abnormal developmental and age-related physiological and behavioral changes in acute, critical, and chronic illness.",Problem Sensitivity,2,0
18299,Acute Care Nurses,"Distinguish between normal and abnormal developmental and age-related physiological and behavioral changes in acute, critical, and chronic illness.",Written Comprehension,3,0
18312,Acute Care Nurses,"Order, perform, or interpret the results of diagnostic tests and screening procedures based on assessment results, differential diagnoses, and knowledge about age, gender and health status of clients.",Category Flexibility,2,1
18312,Acute Care Nurses,"Order, perform, or interpret the results of diagnostic tests and screening procedures based on assessment results, differential diagnoses, and knowledge about age, gender and health status of clients.",Deductive Reasoning,3,1
18312,Acute Care Nurses,"Order, perform, or interpret the results of diagnostic tests and screening procedures based on assessment results, differential diagnoses, and knowledge about age, gender and health status of clients.",Inductive Reasoning,3,1
18312,Acute Care Nurses,"Order, perform, or interpret the results of diagnostic tests and screening procedures based on assessment results, differential diagnoses, and knowledge about age, gender and health status of clients.",Number Facility?,1,1
18312,Acute Care Nurses,"Order, perform, or interpret the results of diagnostic tests and screening procedures based on assessment results, differential diagnoses, and knowledge about age, gender and health status of clients.",Problem Sensitivity,2,1
18312,Acute Care Nurses,"Order, perform, or interpret the results of diagnostic tests and screening procedures based on assessment results, differential diagnoses, and knowledge about age, gender and health status of clients.",Written Comprehension,3,1
18328,Critical Care Nurses,"Perform approved therapeutic or diagnostic procedures, based upon patients' clinical status.",Deductive Reasoning,3,0
18328,Critical Care Nurses,"Perform approved therapeutic or diagnostic procedures, based upon patients' clinical status.",Inductive Reasoning,2,0
18328,Critical Care Nurses,"Perform approved therapeutic or diagnostic procedures, based upon patients' clinical status.",Manual Dexterity,2,0
18328,Critical Care Nurses,"Perform approved therapeutic or diagnostic procedures, based upon patients' clinical status.",Near Vision,2,0
18328,Critical Care Nurses,"Perform approved therapeutic or diagnostic procedures, based upon patients' clinical status.",Problem Sensitivity,2,0
18333,Critical Care Nurses,"Monitor patients' fluid intake and output to detect emerging problems, such as fluid and electrolyte imbalances.",Deductive Reasoning,2,1
18333,Critical Care Nurses,"Monitor patients' fluid intake and output to detect emerging problems, such as fluid and electrolyte imbalances.",Inductive Reasoning,3,1
18333,Critical Care Nurses,"Monitor patients' fluid intake and output to detect emerging problems, such as fluid and electrolyte imbalances.",Mathematical Reasoning?,2,1
18333,Critical Care Nurses,"Monitor patients' fluid intake and output to detect emerging problems, such as fluid and electrolyte imbalances.",Near Vision,2,1
18333,Critical Care Nurses,"Monitor patients' fluid intake and output to detect emerging problems, such as fluid and electrolyte imbalances.",Problem Sensitivity,3,1
18333,Critical Care Nurses,"Monitor patients' fluid intake and output to detect emerging problems, such as fluid and electrolyte imbalances.",Selective Attention,2,1
18381,Nurse Practitioners,"Order, perform, or interpret the results of diagnostic tests, such as complete blood counts (CBCs), electrocardiograms (EKGs), and radiographs (x-rays).",Deductive Reasoning,3,1
18381,Nurse Practitioners,"Order, perform, or interpret the results of diagnostic tests, such as complete blood counts (CBCs), electrocardiograms (EKGs), and radiographs (x-rays).",Inductive Reasoning,3,1
18381,Nurse Practitioners,"Order, perform, or interpret the results of diagnostic tests, such as complete blood counts (CBCs), electrocardiograms (EKGs), and radiographs (x-rays).",Near Vision,2,1
18381,Nurse Practitioners,"Order, perform, or interpret the results of diagnostic tests, such as complete blood counts (CBCs), electrocardiograms (EKGs), and radiographs (x-rays).",Number Facility?,1,1
18381,Nurse Practitioners,"Order, perform, or interpret the results of diagnostic tests, such as complete blood counts (CBCs), electrocardiograms (EKGs), and radiographs (x-rays).",Problem Sensitivity,2,1
18381,Nurse Practitioners,"Order, perform, or interpret the results of diagnostic tests, such as complete blood counts (CBCs), electrocardiograms (EKGs), and radiographs (x-rays).",Written Comprehension,3,1
18392,Nurse Practitioners,"Prescribe medications based on efficacy, safety, and cost as legally authorized.",Deductive Reasoning,3,1
18392,Nurse Practitioners,"Prescribe medications based on efficacy, safety, and cost as legally authorized.",Inductive Reasoning,2,1
18392,Nurse Practitioners,"Prescribe medications based on efficacy, safety, and cost as legally authorized.",Mathematical Reasoning?,2,1
18392,Nurse Practitioners,"Prescribe medications based on efficacy, safety, and cost as legally authorized.",Problem Sensitivity,2,1
18392,Nurse Practitioners,"Prescribe medications based on efficacy, safety, and cost as legally authorized.",Written Comprehension,3,1
18405,Naturopathic Physicians,"Perform mobilizations and high-velocity adjustments to joints or soft tissues, using principles of massage, stretching, or resistance.",Arm-Hand Steadiness,3,1
18405,Naturopathic Physicians,"Perform mobilizations and high-velocity adjustments to joints or soft tissues, using principles of massage, stretching, or resistance.",Deductive Reasoning,2,1
18405,Naturopathic Physicians,"Perform mobilizations and high-velocity adjustments to joints or soft tissues, using principles of massage, stretching, or resistance.",Finger Dexterity,2,1
18405,Naturopathic Physicians,"Perform mobilizations and high-velocity adjustments to joints or soft tissues, using principles of massage, stretching, or resistance.",Gross Body Coordination?,1,1
18405,Naturopathic Physicians,"Perform mobilizations and high-velocity adjustments to joints or soft tissues, using principles of massage, stretching, or resistance.",Manual Dexterity,3,1
18405,Naturopathic Physicians,"Perform mobilizations and high-velocity adjustments to joints or soft tissues, using principles of massage, stretching, or resistance.",Written Comprehension,2,1
18409,Naturopathic Physicians,"Administer, dispense, or prescribe natural medicines, such as food or botanical extracts, herbs, dietary supplements, vitamins, nutraceuticals, and amino acids.",Deductive Reasoning,3,1
18409,Naturopathic Physicians,"Administer, dispense, or prescribe natural medicines, such as food or botanical extracts, herbs, dietary supplements, vitamins, nutraceuticals, and amino acids.",Inductive Reasoning,2,1
18409,Naturopathic Physicians,"Administer, dispense, or prescribe natural medicines, such as food or botanical extracts, herbs, dietary supplements, vitamins, nutraceuticals, and amino acids.",Mathematical Reasoning?,2,1
18409,Naturopathic Physicians,"Administer, dispense, or prescribe natural medicines, such as food or botanical extracts, herbs, dietary supplements, vitamins, nutraceuticals, and amino acids.",Oral Comprehension,2,1
18409,Naturopathic Physicians,"Administer, dispense, or prescribe natural medicines, such as food or botanical extracts, herbs, dietary supplements, vitamins, nutraceuticals, and amino acids.",Problem Sensitivity,2,1
18409,Naturopathic Physicians,"Administer, dispense, or prescribe natural medicines, such as food or botanical extracts, herbs, dietary supplements, vitamins, nutraceuticals, and amino acids.",Written Comprehension,3,1
18426,Orthoptists,"Provide nonsurgical interventions, including corrective lenses, patches, drops, fusion exercises, or stereograms, to treat conditions such as strabismus, heterophoria, and convergence insufficiency.",Deductive Reasoning,3,0
18426,Orthoptists,"Provide nonsurgical interventions, including corrective lenses, patches, drops, fusion exercises, or stereograms, to treat conditions such as strabismus, heterophoria, and convergence insufficiency.",Inductive Reasoning,3,0
18426,Orthoptists,"Provide nonsurgical interventions, including corrective lenses, patches, drops, fusion exercises, or stereograms, to treat conditions such as strabismus, heterophoria, and convergence insufficiency.",Manual Dexterity,2,0
18426,Orthoptists,"Provide nonsurgical interventions, including corrective lenses, patches, drops, fusion exercises, or stereograms, to treat conditions such as strabismus, heterophoria, and convergence insufficiency.",Near Vision,2,0
18426,Orthoptists,"Provide nonsurgical interventions, including corrective lenses, patches, drops, fusion exercises, or stereograms, to treat conditions such as strabismus, heterophoria, and convergence insufficiency.",Problem Sensitivity,2,0
18426,Orthoptists,"Provide nonsurgical interventions, including corrective lenses, patches, drops, fusion exercises, or stereograms, to treat conditions such as strabismus, heterophoria, and convergence insufficiency.",Written Comprehension,2,0
18428,Orthoptists,"Perform diagnostic tests or measurements, such as motor testing, visual acuity testing, lensometry, retinoscopy, and color vision testing.",Deductive Reasoning,3,1
18428,Orthoptists,"Perform diagnostic tests or measurements, such as motor testing, visual acuity testing, lensometry, retinoscopy, and color vision testing.",Inductive Reasoning,2,1
18428,Orthoptists,"Perform diagnostic tests or measurements, such as motor testing, visual acuity testing, lensometry, retinoscopy, and color vision testing.",Manual Dexterity,2,1
18428,Orthoptists,"Perform diagnostic tests or measurements, such as motor testing, visual acuity testing, lensometry, retinoscopy, and color vision testing.",Near Vision,3,1
18428,Orthoptists,"Perform diagnostic tests or measurements, such as motor testing, visual acuity testing, lensometry, retinoscopy, and color vision testing.",Problem Sensitivity,2,1
18428,Orthoptists,"Perform diagnostic tests or measurements, such as motor testing, visual acuity testing, lensometry, retinoscopy, and color vision testing.",Visual Color Discrimination?,2,1
18454,Nurse Midwives,Prescribe medications as permitted by state regulations.,Deductive Reasoning,3,1
18454,Nurse Midwives,Prescribe medications as permitted by state regulations.,Inductive Reasoning,2,1
18454,Nurse Midwives,Prescribe medications as permitted by state regulations.,Mathematical Reasoning?,2,1
18454,Nurse Midwives,Prescribe medications as permitted by state regulations.,Problem Sensitivity,2,1
18454,Nurse Midwives,Prescribe medications as permitted by state regulations.,Written Comprehension,3,1
18457,Nurse Midwives,"Conduct clinical research on topics such as maternal or infant health care, contraceptive methods, breastfeeding, and gynecological care.",Deductive Reasoning,2,1
18457,Nurse Midwives,"Conduct clinical research on topics such as maternal or infant health care, contraceptive methods, breastfeeding, and gynecological care.",Inductive Reasoning,2,1
18457,Nurse Midwives,"Conduct clinical research on topics such as maternal or infant health care, contraceptive methods, breastfeeding, and gynecological care.",Mathematical Reasoning?,2,1
18457,Nurse Midwives,"Conduct clinical research on topics such as maternal or infant health care, contraceptive methods, breastfeeding, and gynecological care.",Written Comprehension,3,1
18457,Nurse Midwives,"Conduct clinical research on topics such as maternal or infant health care, contraceptive methods, breastfeeding, and gynecological care.",Written Expression,2,1
18460,Nurse Midwives,"Plan, provide, or evaluate educational programs for nursing staff, health care teams, or the community.",Deductive Reasoning,2,0
18460,Nurse Midwives,"Plan, provide, or evaluate educational programs for nursing staff, health care teams, or the community.",Fluency of Ideas,2,0
18460,Nurse Midwives,"Plan, provide, or evaluate educational programs for nursing staff, health care teams, or the community.",Oral Comprehension,2,0
18460,Nurse Midwives,"Plan, provide, or evaluate educational programs for nursing staff, health care teams, or the community.",Oral Expression,3,0
18460,Nurse Midwives,"Plan, provide, or evaluate educational programs for nursing staff, health care teams, or the community.",Written Expression,2,0
18492,Paralegals and Legal Assistants,Prepare for trial by performing tasks such as organizing exhibits.,Deductive Reasoning,2,1
18492,Paralegals and Legal Assistants,Prepare for trial by performing tasks such as organizing exhibits.,Information Ordering,3,1
18492,Paralegals and Legal Assistants,Prepare for trial by performing tasks such as organizing exhibits.,Near Vision,2,1
18492,Paralegals and Legal Assistants,Prepare for trial by performing tasks such as organizing exhibits.,Visualization?,1,1
18492,Paralegals and Legal Assistants,Prepare for trial by performing tasks such as organizing exhibits.,Written Comprehension,3,1
1861,Registered Nurses,"Perform administrative or managerial functions, such as taking responsibility for a unit's staff, budget, planning, or long-range goals.",Deductive Reasoning,2,1
1861,Registered Nurses,"Perform administrative or managerial functions, such as taking responsibility for a unit's staff, budget, planning, or long-range goals.",Inductive Reasoning,2,1
1861,Registered Nurses,"Perform administrative or managerial functions, such as taking responsibility for a unit's staff, budget, planning, or long-range goals.",Information Ordering,2,1
1861,Registered Nurses,"Perform administrative or managerial functions, such as taking responsibility for a unit's staff, budget, planning, or long-range goals.",Mathematical Reasoning?,1,1
1861,Registered Nurses,"Perform administrative or managerial functions, such as taking responsibility for a unit's staff, budget, planning, or long-range goals.",Oral Expression,3,1
1861,Registered Nurses,"Perform administrative or managerial functions, such as taking responsibility for a unit's staff, budget, planning, or long-range goals.",Written Expression,2,1
1866,Registered Nurses,Engage in research activities related to nursing.,Deductive Reasoning,2,1
1866,Registered Nurses,Engage in research activities related to nursing.,Inductive Reasoning,2,1
1866,Registered Nurses,Engage in research activities related to nursing.,Mathematical Reasoning?,2,1
1866,Registered Nurses,Engage in research activities related to nursing.,Written Comprehension,3,1
1866,Registered Nurses,Engage in research activities related to nursing.,Written Expression,2,1
18676,Audiologists,"Conduct or direct research on hearing or balance topics and report findings to help in the development of procedures, technology, or treatments.",Deductive Reasoning,2,1
18676,Audiologists,"Conduct or direct research on hearing or balance topics and report findings to help in the development of procedures, technology, or treatments.",Inductive Reasoning,3,1
18676,Audiologists,"Conduct or direct research on hearing or balance topics and report findings to help in the development of procedures, technology, or treatments.",Mathematical Reasoning?,2,1
18676,Audiologists,"Conduct or direct research on hearing or balance topics and report findings to help in the development of procedures, technology, or treatments.",Written Comprehension,3,1
18676,Audiologists,"Conduct or direct research on hearing or balance topics and report findings to help in the development of procedures, technology, or treatments.",Written Expression,2,1
18683,Audiologists,Provide information to the public on hearing or balance topics.,Deductive Reasoning,2,0
18683,Audiologists,Provide information to the public on hearing or balance topics.,Oral Comprehension,2,0
18683,Audiologists,Provide information to the public on hearing or balance topics.,Oral Expression,3,0
18683,Audiologists,Provide information to the public on hearing or balance topics.,Speech Clarity,2,0
18683,Audiologists,Provide information to the public on hearing or balance topics.,Written Expression,2,0
18767,Cashiers,"Assist with duties in other areas of the store, such as monitoring fitting rooms or bagging and carrying out customers' items.",Deductive Reasoning,2,1
18767,Cashiers,"Assist with duties in other areas of the store, such as monitoring fitting rooms or bagging and carrying out customers' items.",Gross Body Coordination?,1,1
18767,Cashiers,"Assist with duties in other areas of the store, such as monitoring fitting rooms or bagging and carrying out customers' items.",Manual Dexterity,2,1
18767,Cashiers,"Assist with duties in other areas of the store, such as monitoring fitting rooms or bagging and carrying out customers' items.",Oral Comprehension,2,1
18772,"Library Assistants, Clerical","Maintain library equipment, such as photocopiers, scanners, and computers, and instruct patrons in proper use of such equipment.",Manual Dexterity?,1,1
18772,"Library Assistants, Clerical","Maintain library equipment, such as photocopiers, scanners, and computers, and instruct patrons in proper use of such equipment.",Near Vision,1,1
18772,"Library Assistants, Clerical","Maintain library equipment, such as photocopiers, scanners, and computers, and instruct patrons in proper use of such equipment.",Oral Comprehension,2,1
18772,"Library Assistants, Clerical","Maintain library equipment, such as photocopiers, scanners, and computers, and instruct patrons in proper use of such equipment.",Oral Expression,2,1
18772,"Library Assistants, Clerical","Maintain library equipment, such as photocopiers, scanners, and computers, and instruct patrons in proper use of such equipment.",Problem Sensitivity,2,1
18775,"Library Assistants, Clerical","Perform accounting and bookkeeping activities, such as invoicing, maintaining financial records, budgeting, and handling cash.",Deductive Reasoning,2,0
18775,"Library Assistants, Clerical","Perform accounting and bookkeeping activities, such as invoicing, maintaining financial records, budgeting, and handling cash.",Information Ordering,2,0
18775,"Library Assistants, Clerical","Perform accounting and bookkeeping activities, such as invoicing, maintaining financial records, budgeting, and handling cash.",Near Vision,2,0
18775,"Library Assistants, Clerical","Perform accounting and bookkeeping activities, such as invoicing, maintaining financial records, budgeting, and handling cash.",Number Facility,3,0
18775,"Library Assistants, Clerical","Perform accounting and bookkeeping activities, such as invoicing, maintaining financial records, budgeting, and handling cash.",Written Comprehension,2,0
18779,"Library Assistants, Clerical",Design or maintain library web site and online catalogues.,Deductive Reasoning,2,1
18779,"Library Assistants, Clerical",Design or maintain library web site and online catalogues.,Inductive Reasoning,2,1
18779,"Library Assistants, Clerical",Design or maintain library web site and online catalogues.,Near Vision,2,1
18779,"Library Assistants, Clerical",Design or maintain library web site and online catalogues.,Originality?,1,1
18779,"Library Assistants, Clerical",Design or maintain library web site and online catalogues.,Written Comprehension,2,1
1882,Speech-Language Pathologists,"Communicate with students who use an alternative method of communications, using sign language or computer technology.",Deductive Reasoning,2,1
1882,Speech-Language Pathologists,"Communicate with students who use an alternative method of communications, using sign language or computer technology.",Near Vision?,1,1
1882,Speech-Language Pathologists,"Communicate with students who use an alternative method of communications, using sign language or computer technology.",Oral Comprehension,3,1
1882,Speech-Language Pathologists,"Communicate with students who use an alternative method of communications, using sign language or computer technology.",Oral Expression,3,1
1882,Speech-Language Pathologists,"Communicate with students who use an alternative method of communications, using sign language or computer technology.",Speech Recognition,2,1
1885,Speech-Language Pathologists,"Conduct or direct research on speech or hearing topics and report findings for use in developing procedures, technologies, or treatments.",Deductive Reasoning,2,1
1885,Speech-Language Pathologists,"Conduct or direct research on speech or hearing topics and report findings for use in developing procedures, technologies, or treatments.",Inductive Reasoning,3,1
1885,Speech-Language Pathologists,"Conduct or direct research on speech or hearing topics and report findings for use in developing procedures, technologies, or treatments.",Mathematical Reasoning?,2,1
1885,Speech-Language Pathologists,"Conduct or direct research on speech or hearing topics and report findings for use in developing procedures, technologies, or treatments.",Written Comprehension,3,1
1885,Speech-Language Pathologists,"Conduct or direct research on speech or hearing topics and report findings for use in developing procedures, technologies, or treatments.",Written Expression,2,1
18874,Human Resources Specialists,"Evaluate recruitment or selection criteria to ensure conformance to professional, statistical, or testing standards, recommending revisions, as needed.",Deductive Reasoning,3,1
18874,Human Resources Specialists,"Evaluate recruitment or selection criteria to ensure conformance to professional, statistical, or testing standards, recommending revisions, as needed.",Inductive Reasoning,3,1
18874,Human Resources Specialists,"Evaluate recruitment or selection criteria to ensure conformance to professional, statistical, or testing standards, recommending revisions, as needed.",Mathematical Reasoning?,2,1
18874,Human Resources Specialists,"Evaluate recruitment or selection criteria to ensure conformance to professional, statistical, or testing standards, recommending revisions, as needed.",Problem Sensitivity,2,1
18874,Human Resources Specialists,"Evaluate recruitment or selection criteria to ensure conformance to professional, statistical, or testing standards, recommending revisions, as needed.",Written Comprehension,3,1
18875,Human Resources Specialists,Evaluate selection or testing techniques by conducting research or follow-up activities and conferring with management or supervisory personnel.,Deductive Reasoning,3,1
18875,Human Resources Specialists,Evaluate selection or testing techniques by conducting research or follow-up activities and conferring with management or supervisory personnel.,Inductive Reasoning,3,1
18875,Human Resources Specialists,Evaluate selection or testing techniques by conducting research or follow-up activities and conferring with management or supervisory personnel.,Mathematical Reasoning?,2,1
18875,Human Resources Specialists,Evaluate selection or testing techniques by conducting research or follow-up activities and conferring with management or supervisory personnel.,Problem Sensitivity,2,1
18875,Human Resources Specialists,Evaluate selection or testing techniques by conducting research or follow-up activities and conferring with management or supervisory personnel.,Written Comprehension,2,1
18875,Human Resources Specialists,Evaluate selection or testing techniques by conducting research or follow-up activities and conferring with management or supervisory personnel.,Written Expression,2,1
18888,Labor Relations Specialists,Prepare reports or presentations to communicate employee satisfaction or related data to management.,Deductive Reasoning,2,1
18888,Labor Relations Specialists,Prepare reports or presentations to communicate employee satisfaction or related data to management.,Inductive Reasoning,2,1
18888,Labor Relations Specialists,Prepare reports or presentations to communicate employee satisfaction or related data to management.,Mathematical Reasoning?,2,1
18888,Labor Relations Specialists,Prepare reports or presentations to communicate employee satisfaction or related data to management.,Number Facility,2,1
18888,Labor Relations Specialists,Prepare reports or presentations to communicate employee satisfaction or related data to management.,Oral Expression,2,1
18888,Labor Relations Specialists,Prepare reports or presentations to communicate employee satisfaction or related data to management.,Written Expression,3,1
18896,Labor Relations Specialists,Assess risk levels associated with collective bargaining strategies.,Deductive Reasoning,3,1
18896,Labor Relations Specialists,Assess risk levels associated with collective bargaining strategies.,Inductive Reasoning,3,1
18896,Labor Relations Specialists,Assess risk levels associated with collective bargaining strategies.,Mathematical Reasoning?,2,1
18896,Labor Relations Specialists,Assess risk levels associated with collective bargaining strategies.,Problem Sensitivity,2,1
18896,Labor Relations Specialists,Assess risk levels associated with collective bargaining strategies.,Written Comprehension,2,1
18896,Labor Relations Specialists,Assess risk levels associated with collective bargaining strategies.,Written Expression,2,1
18897,Labor Relations Specialists,Assess the impact of union proposals on company or government operations.,Deductive Reasoning,3,1
18897,Labor Relations Specialists,Assess the impact of union proposals on company or government operations.,Inductive Reasoning,3,1
18897,Labor Relations Specialists,Assess the impact of union proposals on company or government operations.,Mathematical Reasoning?,2,1
18897,Labor Relations Specialists,Assess the impact of union proposals on company or government operations.,Problem Sensitivity,2,1
18897,Labor Relations Specialists,Assess the impact of union proposals on company or government operations.,Written Comprehension,2,1
18897,Labor Relations Specialists,Assess the impact of union proposals on company or government operations.,Written Expression,2,1
18905,Fundraisers,"Attend community events, meetings, or conferences to promote organizational goals or solicit donations or sponsorships.",Oral Comprehension,2,0
18905,Fundraisers,"Attend community events, meetings, or conferences to promote organizational goals or solicit donations or sponsorships.",Oral Expression,3,0
18905,Fundraisers,"Attend community events, meetings, or conferences to promote organizational goals or solicit donations or sponsorships.",Problem Sensitivity,1?,0
18905,Fundraisers,"Attend community events, meetings, or conferences to promote organizational goals or solicit donations or sponsorships.",Speech Clarity,2,0
18954,Credit Counselors,"Investigate missing checks, payment histories, held funds, returned checks, or other related issues to resolve client or creditor problems.",Deductive Reasoning,2,0
18954,Credit Counselors,"Investigate missing checks, payment histories, held funds, returned checks, or other related issues to resolve client or creditor problems.",Number Facility,2,0
18954,Credit Counselors,"Investigate missing checks, payment histories, held funds, returned checks, or other related issues to resolve client or creditor problems.",Perceptual Speed,2,0
18954,Credit Counselors,"Investigate missing checks, payment histories, held funds, returned checks, or other related issues to resolve client or creditor problems.",Problem Sensitivity,2,0
18954,Credit Counselors,"Investigate missing checks, payment histories, held funds, returned checks, or other related issues to resolve client or creditor problems.",Speed of Closure,1?,0
19045,Judicial Law Clerks,Communicate with counsel regarding case management or procedural requirements.,Oral Comprehension,2,0
19045,Judicial Law Clerks,Communicate with counsel regarding case management or procedural requirements.,Oral Expression,3,0
19045,Judicial Law Clerks,Communicate with counsel regarding case management or procedural requirements.,Written Comprehension,1?,0
19057,Judicial Law Clerks,"Enter information into computerized court calendar, filing, or case management systems.",Information Ordering,2,0
19057,Judicial Law Clerks,"Enter information into computerized court calendar, filing, or case management systems.",Near Vision,2,0
19057,Judicial Law Clerks,"Enter information into computerized court calendar, filing, or case management systems.",Perceptual Speed,2,0
19059,Judicial Law Clerks,"Perform courtroom duties, including calling calendars, administering oaths, and swearing in jury panels and witnesses.",Memorization,1?,0
19059,Judicial Law Clerks,"Perform courtroom duties, including calling calendars, administering oaths, and swearing in jury panels and witnesses.",Oral Expression,2,0
19059,Judicial Law Clerks,"Perform courtroom duties, including calling calendars, administering oaths, and swearing in jury panels and witnesses.",Speech Clarity,2,0
19177,Music Therapists,"Plan or structure music therapy sessions to achieve appropriate transitions, pacing, sequencing, energy level, or intensity in accordance with treatment plans.",Auditory Attention,2,0
19177,Music Therapists,"Plan or structure music therapy sessions to achieve appropriate transitions, pacing, sequencing, energy level, or intensity in accordance with treatment plans.",Deductive Reasoning,2,0
19177,Music Therapists,"Plan or structure music therapy sessions to achieve appropriate transitions, pacing, sequencing, energy level, or intensity in accordance with treatment plans.",Fluency of Ideas,1?,0
19177,Music Therapists,"Plan or structure music therapy sessions to achieve appropriate transitions, pacing, sequencing, energy level, or intensity in accordance with treatment plans.",Information Ordering,2,0
19197,Exercise Physiologists,"Measure oxygen consumption or lung functioning, using spirometers.",Deductive Reasoning,1?,0
19197,Exercise Physiologists,"Measure oxygen consumption or lung functioning, using spirometers.",Near Vision,2,0
19197,Exercise Physiologists,"Measure oxygen consumption or lung functioning, using spirometers.",Perceptual Speed,1?,0
19202,Exercise Physiologists,"Teach courses or seminars related to exercise or diet for patients, athletes, or community groups.",Information Ordering,1?,0
19202,Exercise Physiologists,"Teach courses or seminars related to exercise or diet for patients, athletes, or community groups.",Oral Comprehension,2,0
19202,Exercise Physiologists,"Teach courses or seminars related to exercise or diet for patients, athletes, or community groups.",Oral Expression,3,0
19202,Exercise Physiologists,"Teach courses or seminars related to exercise or diet for patients, athletes, or community groups.",Written Comprehension,1?,0
19238,Magnetic Resonance Imaging Technologists,Write reports or notes to summarize testing procedures or outcomes for physicians or other medical professionals.,Information Ordering,2,0
19238,Magnetic Resonance Imaging Technologists,Write reports or notes to summarize testing procedures or outcomes for physicians or other medical professionals.,Written Comprehension,2,0
19238,Magnetic Resonance Imaging Technologists,Write reports or notes to summarize testing procedures or outcomes for physicians or other medical professionals.,Written Expression,3,0
19239,Ophthalmic Medical Technicians,Administer topical ophthalmic or oral medications.,Arm-Hand Steadiness,2,0
19239,Ophthalmic Medical Technicians,Administer topical ophthalmic or oral medications.,Finger Dexterity,2,0
19239,Ophthalmic Medical Technicians,Administer topical ophthalmic or oral medications.,Manual Dexterity,1?,0
19239,Ophthalmic Medical Technicians,Administer topical ophthalmic or oral medications.,Near Vision,2,0
19260,Ophthalmic Medical Technologists,"Assess abnormalities of color vision, such as amblyopia.",Deductive Reasoning,1?,0
19260,Ophthalmic Medical Technologists,"Assess abnormalities of color vision, such as amblyopia.",Near Vision,3,0
19260,Ophthalmic Medical Technologists,"Assess abnormalities of color vision, such as amblyopia.",Perceptual Speed,2,0
19260,Ophthalmic Medical Technologists,"Assess abnormalities of color vision, such as amblyopia.",Visual Color Discrimination,3,0
19290,Surgical Assistants,Assess skin integrity or other body conditions upon completion of the procedure to determine if damage has occurred from body positioning.,Deductive Reasoning,1?,0
19290,Surgical Assistants,Assess skin integrity or other body conditions upon completion of the procedure to determine if damage has occurred from body positioning.,Near Vision,2,0
19290,Surgical Assistants,Assess skin integrity or other body conditions upon completion of the procedure to determine if damage has occurred from body positioning.,Problem Sensitivity,2,0
19301,Surgical Assistants,Postoperatively inject a subcutaneous local anesthetic agent to reduce pain.,Arm-Hand Steadiness,2,0
19301,Surgical Assistants,Postoperatively inject a subcutaneous local anesthetic agent to reduce pain.,Finger Dexterity,2,0
19301,Surgical Assistants,Postoperatively inject a subcutaneous local anesthetic agent to reduce pain.,Manual Dexterity,2,0
19301,Surgical Assistants,Postoperatively inject a subcutaneous local anesthetic agent to reduce pain.,Near Vision,2,0
19310,Surgical Assistants,"Obtain or inspect sterile or non-sterile surgical equipment, instruments, or supplies.",Flexibility of Closure,1?,0
19310,Surgical Assistants,"Obtain or inspect sterile or non-sterile surgical equipment, instruments, or supplies.",Near Vision,2,0
19310,Surgical Assistants,"Obtain or inspect sterile or non-sterile surgical equipment, instruments, or supplies.",Perceptual Speed,2,0
19319,Nursing Assistants,Assist nurses or physicians in the operation of medical equipment or provision of patient care.,Finger Dexterity,2,0
19319,Nursing Assistants,Assist nurses or physicians in the operation of medical equipment or provision of patient care.,Manual Dexterity,2,0
19319,Nursing Assistants,Assist nurses or physicians in the operation of medical equipment or provision of patient care.,Near Vision,2,0
19319,Nursing Assistants,Assist nurses or physicians in the operation of medical equipment or provision of patient care.,Oral Comprehension,1?,0
19321,Nursing Assistants,"Clean and sanitize patient rooms, bathrooms, examination rooms, or other patient areas.",Manual Dexterity,1,0
19321,Nursing Assistants,"Clean and sanitize patient rooms, bathrooms, examination rooms, or other patient areas.",Near Vision,1?,0
19321,Nursing Assistants,"Clean and sanitize patient rooms, bathrooms, examination rooms, or other patient areas.",Static Strength,1?,0
19338,Nursing Assistants,"Stock or issue medical supplies, such as dressing packs or treatment trays.",Information Ordering,1?,0
19338,Nursing Assistants,"Stock or issue medical supplies, such as dressing packs or treatment trays.",Manual Dexterity,1,0
19338,Nursing Assistants,"Stock or issue medical supplies, such as dressing packs or treatment trays.",Near Vision,1,0
19345,Nursing Assistants,Explain medical instructions to patients or family members.,Oral Comprehension,2,0
19345,Nursing Assistants,Explain medical instructions to patients or family members.,Oral Expression,3,0
19345,Nursing Assistants,Explain medical instructions to patients or family members.,Written Comprehension,1?,0
19349,Orderlies,"Answer patient call signals, signal lights, bells, or intercom systems to determine patients' needs.",Auditory Attention,2,0
19349,Orderlies,"Answer patient call signals, signal lights, bells, or intercom systems to determine patients' needs.",Near Vision,1?,0
19349,Orderlies,"Answer patient call signals, signal lights, bells, or intercom systems to determine patients' needs.",Oral Comprehension,1?,0
19363,Orderlies,"Stock utility rooms, nonmedical storage rooms, or cleaning carts with supplies.",Manual Dexterity,1,0
19363,Orderlies,"Stock utility rooms, nonmedical storage rooms, or cleaning carts with supplies.",Near Vision,1,0
1945,Pharmacy Technicians,"Clean and help maintain equipment or work areas and sterilize glassware, according to prescribed methods.",Finger Dexterity,1?,0
1945,Pharmacy Technicians,"Clean and help maintain equipment or work areas and sterilize glassware, according to prescribed methods.",Manual Dexterity,2,0
1945,Pharmacy Technicians,"Clean and help maintain equipment or work areas and sterilize glassware, according to prescribed methods.",Near Vision,1,0
19830,Freight Forwarders,"Arrange for transport, using a variety of modes, such as rail, short sea shipping, air, or roadways, to minimize carbon emissions or other environmental impacts.",Deductive Reasoning,2,0
19830,Freight Forwarders,"Arrange for transport, using a variety of modes, such as rail, short sea shipping, air, or roadways, to minimize carbon emissions or other environmental impacts.",Information Ordering,2,0
19830,Freight Forwarders,"Arrange for transport, using a variety of modes, such as rail, short sea shipping, air, or roadways, to minimize carbon emissions or other environmental impacts.",Number Facility,2,0
19830,Freight Forwarders,"Arrange for transport, using a variety of modes, such as rail, short sea shipping, air, or roadways, to minimize carbon emissions or other environmental impacts.",Problem Sensitivity,1?,0
20247,"Pediatricians, General","Prepare government or organizational reports of birth, death, and disease statistics, workforce evaluations, or medical status of individuals.",Information Ordering,2,0
20247,"Pediatricians, General","Prepare government or organizational reports of birth, death, and disease statistics, workforce evaluations, or medical status of individuals.",Mathematical Reasoning,1?,0
20247,"Pediatricians, General","Prepare government or organizational reports of birth, death, and disease statistics, workforce evaluations, or medical status of individuals.",Number Facility,2,0
20247,"Pediatricians, General","Prepare government or organizational reports of birth, death, and disease statistics, workforce evaluations, or medical status of individuals.",Written Expression,2,0
2025,Medical Assistants,Show patients to examination rooms and prepare them for the physician.,Manual Dexterity,1,0
2025,Medical Assistants,Show patients to examination rooms and prepare them for the physician.,Oral Comprehension,1?,0
2025,Medical Assistants,Show patients to examination rooms and prepare them for the physician.,Oral Expression,1,0
2028,Medical Assistants,"Collect blood, tissue, or other laboratory specimens, log the specimens, and prepare them for testing.",Finger Dexterity,2,0
2028,Medical Assistants,"Collect blood, tissue, or other laboratory specimens, log the specimens, and prepare them for testing.",Information Ordering,1?,0
2028,Medical Assistants,"Collect blood, tissue, or other laboratory specimens, log the specimens, and prepare them for testing.",Manual Dexterity,1?,0
2028,Medical Assistants,"Collect blood, tissue, or other laboratory specimens, log the specimens, and prepare them for testing.",Near Vision,2,0
20720,Equal Opportunity Representatives and Officers,Interview persons involved in equal opportunity complaints to verify case information.,Oral Comprehension,3,0
20720,Equal Opportunity Representatives and Officers,Interview persons involved in equal opportunity complaints to verify case information.,Oral Expression,2,0
20720,Equal Opportunity Representatives and Officers,Interview persons involved in equal opportunity complaints to verify case information.,Problem Sensitivity,2,0
20720,Equal Opportunity Representatives and Officers,Interview persons involved in equal opportunity complaints to verify case information.,Speech Recognition,1?,0
20722,Equal Opportunity Representatives and Officers,Develop guidelines for nondiscriminatory employment practices.,Deductive Reasoning,2,0
20722,Equal Opportunity Representatives and Officers,Develop guidelines for nondiscriminatory employment practices.,Fluency of Ideas,1?,0
20722,Equal Opportunity Representatives and Officers,Develop guidelines for nondiscriminatory employment practices.,Written Comprehension,2,0
20722,Equal Opportunity Representatives and Officers,Develop guidelines for nondiscriminatory employment practices.,Written Expression,2,0
20785,Procurement Clerks,Train and supervise subordinates and other staff.,Oral Comprehension,2,0
20785,Procurement Clerks,Train and supervise subordinates and other staff.,Oral Expression,2,0
20785,Procurement Clerks,Train and supervise subordinates and other staff.,Problem Sensitivity,2,0
20843,Government Property Inspectors and Investigators,"Inspect government property, such as construction sites or public housing, to ensure compliance with contract specifications or legal requirements.",Deductive Reasoning,2,0
20843,Government Property Inspectors and Investigators,"Inspect government property, such as construction sites or public housing, to ensure compliance with contract specifications or legal requirements.",Near Vision,2,0
20843,Government Property Inspectors and Investigators,"Inspect government property, such as construction sites or public housing, to ensure compliance with contract specifications or legal requirements.",Problem Sensitivity,2,0
20843,Government Property Inspectors and Investigators,"Inspect government property, such as construction sites or public housing, to ensure compliance with contract specifications or legal requirements.",Written Comprehension,1?,0
21419,"Claims Adjusters, Examiners, and Investigators","Review police reports, medical treatment records, medical bills, or physical property damage to determine the extent of liability.",Deductive Reasoning,2,0
21419,"Claims Adjusters, Examiners, and Investigators","Review police reports, medical treatment records, medical bills, or physical property damage to determine the extent of liability.",Number Facility,1?,0
21419,"Claims Adjusters, Examiners, and Investigators","Review police reports, medical treatment records, medical bills, or physical property damage to determine the extent of liability.",Problem Sensitivity,2,0
21419,"Claims Adjusters, Examiners, and Investigators","Review police reports, medical treatment records, medical bills, or physical property damage to determine the extent of liability.",Written Comprehension,2,0
21486,Security Management Specialists,"Design, implement, or establish requirements for security systems, video surveillance, motion detection, or closed-circuit television systems to ensure proper installation and operation.",Deductive Reasoning,3,0
21486,Security Management Specialists,"Design, implement, or establish requirements for security systems, video surveillance, motion detection, or closed-circuit television systems to ensure proper installation and operation.",Manual Dexterity,1?,0
21486,Security Management Specialists,"Design, implement, or establish requirements for security systems, video surveillance, motion detection, or closed-circuit television systems to ensure proper installation and operation.",Originality,2,0
21486,Security Management Specialists,"Design, implement, or establish requirements for security systems, video surveillance, motion detection, or closed-circuit television systems to ensure proper installation and operation.",Problem Sensitivity,2,0
21486,Security Management Specialists,"Design, implement, or establish requirements for security systems, video surveillance, motion detection, or closed-circuit television systems to ensure proper installation and operation.",Visualization,2,0
21486,Security Management Specialists,"Design, implement, or establish requirements for security systems, video surveillance, motion detection, or closed-circuit television systems to ensure proper installation and operation.",Written Comprehension,2,0
21590,Financial and Investment Analysts,Employ financial models to develop solutions to financial problems or to assess the financial or capital impact of transactions.,Deductive Reasoning,3,0
21590,Financial and Investment Analysts,Employ financial models to develop solutions to financial problems or to assess the financial or capital impact of transactions.,Inductive Reasoning,2,0
21590,Financial and Investment Analysts,Employ financial models to develop solutions to financial problems or to assess the financial or capital impact of transactions.,Mathematical Reasoning,3,0
21590,Financial and Investment Analysts,Employ financial models to develop solutions to financial problems or to assess the financial or capital impact of transactions.,Number Facility,2,0
21590,Financial and Investment Analysts,Employ financial models to develop solutions to financial problems or to assess the financial or capital impact of transactions.,Written Comprehension,1,0
21594,Financial and Investment Analysts,"Interpret data on price, yield, stability, future investment-risk trends, economic influences, and other factors affecting investment programs.",Deductive Reasoning,2,0
21594,Financial and Investment Analysts,"Interpret data on price, yield, stability, future investment-risk trends, economic influences, and other factors affecting investment programs.",Inductive Reasoning,3,0
21594,Financial and Investment Analysts,"Interpret data on price, yield, stability, future investment-risk trends, economic influences, and other factors affecting investment programs.",Mathematical Reasoning,3,0
21594,Financial and Investment Analysts,"Interpret data on price, yield, stability, future investment-risk trends, economic influences, and other factors affecting investment programs.",Number Facility,2,0
21594,Financial and Investment Analysts,"Interpret data on price, yield, stability, future investment-risk trends, economic influences, and other factors affecting investment programs.",Written Comprehension,2,0
21598,Financial and Investment Analysts,Prepare all materials for transactions or execution of deals.,Information Ordering,3,0
21598,Financial and Investment Analysts,Prepare all materials for transactions or execution of deals.,Near Vision,1,0
21598,Financial and Investment Analysts,Prepare all materials for transactions or execution of deals.,Written Comprehension,2,0
21598,Financial and Investment Analysts,Prepare all materials for transactions or execution of deals.,Written Expression,3,0
21643,Loan Officers,Inform individuals and groups about the financial assistance available to college or university students.,Information Ordering,1,0
21643,Loan Officers,Inform individuals and groups about the financial assistance available to college or university students.,Memorization,2,0
21643,Loan Officers,Inform individuals and groups about the financial assistance available to college or university students.,Oral Comprehension,2,0
21643,Loan Officers,Inform individuals and groups about the financial assistance available to college or university students.,Oral Expression,3,0
21643,Loan Officers,Inform individuals and groups about the financial assistance available to college or university students.,Speech Clarity,2,0
21643,Loan Officers,Inform individuals and groups about the financial assistance available to college or university students.,Written Comprehension,2,0
22719,Emergency Medicine Physicians,Conduct primary patient assessments that include information from prior medical care.,Deductive Reasoning,2,0
22719,Emergency Medicine Physicians,Conduct primary patient assessments that include information from prior medical care.,Inductive Reasoning,2,0
22719,Emergency Medicine Physicians,Conduct primary patient assessments that include information from prior medical care.,Information Ordering,2,0
22719,Emergency Medicine Physicians,Conduct primary patient assessments that include information from prior medical care.,Oral Comprehension,3,0
22719,Emergency Medicine Physicians,Conduct primary patient assessments that include information from prior medical care.,Problem sensitivity,3,0
22719,Emergency Medicine Physicians,Conduct primary patient assessments that include information from prior medical care.,Written Comprehension,3,0
22877,Medical Records Specialists,"Assign the patient to diagnosis-related groups (DRGs), using appropriate computer software.",Category Flexibility,2,0
22877,Medical Records Specialists,"Assign the patient to diagnosis-related groups (DRGs), using appropriate computer software.",Deductive Reasoning,3,0
22877,Medical Records Specialists,"Assign the patient to diagnosis-related groups (DRGs), using appropriate computer software.",Inductive Reasoning,2,0
22877,Medical Records Specialists,"Assign the patient to diagnosis-related groups (DRGs), using appropriate computer software.",Information Ordering,2,0
22877,Medical Records Specialists,"Assign the patient to diagnosis-related groups (DRGs), using appropriate computer software.",Near Vision,2,0
22877,Medical Records Specialists,"Assign the patient to diagnosis-related groups (DRGs), using appropriate computer software.",Selective Attention,2,0
22877,Medical Records Specialists,"Assign the patient to diagnosis-related groups (DRGs), using appropriate computer software.",Written Comprehension,3,0
23193,"Securities, Commodities, and Financial Services Sales Agents",Monitor markets or positions.,Mathematical Reasoning,2,0
23193,"Securities, Commodities, and Financial Services Sales Agents",Monitor markets or positions.,Near Vision,2,0
23193,"Securities, Commodities, and Financial Services Sales Agents",Monitor markets or positions.,Number Facility,2,0
23193,"Securities, Commodities, and Financial Services Sales Agents",Monitor markets or positions.,Problem Sensitivity,2,0
23193,"Securities, Commodities, and Financial Services Sales Agents",Monitor markets or positions.,Selective Attention,3,0
23193,"Securities, Commodities, and Financial Services Sales Agents",Monitor markets or positions.,Time Sharing,2,0
23193,"Securities, Commodities, and Financial Services Sales Agents",Monitor markets or positions.,Written Comprehension,2,0
23215,"Securities, Commodities, and Financial Services Sales Agents","Supply the latest price quotes on any security, as well as information on the activities or financial positions of the corporations issuing these securities.",Memorization,1,0
23215,"Securities, Commodities, and Financial Services Sales Agents","Supply the latest price quotes on any security, as well as information on the activities or financial positions of the corporations issuing these securities.",Near Vision,2,0
23215,"Securities, Commodities, and Financial Services Sales Agents","Supply the latest price quotes on any security, as well as information on the activities or financial positions of the corporations issuing these securities.",Number Facility,2,0
23215,"Securities, Commodities, and Financial Services Sales Agents","Supply the latest price quotes on any security, as well as information on the activities or financial positions of the corporations issuing these securities.",Oral Comprehension,2,0
23215,"Securities, Commodities, and Financial Services Sales Agents","Supply the latest price quotes on any security, as well as information on the activities or financial positions of the corporations issuing these securities.",Oral Expression,2,0
23215,"Securities, Commodities, and Financial Services Sales Agents","Supply the latest price quotes on any security, as well as information on the activities or financial positions of the corporations issuing these securities.",Selective Attention,2,0
23215,"Securities, Commodities, and Financial Services Sales Agents","Supply the latest price quotes on any security, as well as information on the activities or financial positions of the corporations issuing these securities.",Speech Clarity,2,0
23215,"Securities, Commodities, and Financial Services Sales Agents","Supply the latest price quotes on any security, as well as information on the activities or financial positions of the corporations issuing these securities.",Written Comprehension,2,0
23255,Billing and Posting Clerks,"Consult sources, such as rate books, manuals, or insurance company representatives, to determine specific charges or information such as rules, regulations, or government tax and tariff information.",Inductive Reasoning,2,0
23255,Billing and Posting Clerks,"Consult sources, such as rate books, manuals, or insurance company representatives, to determine specific charges or information such as rules, regulations, or government tax and tariff information.",Information Ordering,2,0
23255,Billing and Posting Clerks,"Consult sources, such as rate books, manuals, or insurance company representatives, to determine specific charges or information such as rules, regulations, or government tax and tariff information.",Memorization,1,0
23255,Billing and Posting Clerks,"Consult sources, such as rate books, manuals, or insurance company representatives, to determine specific charges or information such as rules, regulations, or government tax and tariff information.",Near Vision,2,0
23255,Billing and Posting Clerks,"Consult sources, such as rate books, manuals, or insurance company representatives, to determine specific charges or information such as rules, regulations, or government tax and tariff information.",Oral Comprehension,2,0
23255,Billing and Posting Clerks,"Consult sources, such as rate books, manuals, or insurance company representatives, to determine specific charges or information such as rules, regulations, or government tax and tariff information.",Selective Attention,2,0
23255,Billing and Posting Clerks,"Consult sources, such as rate books, manuals, or insurance company representatives, to determine specific charges or information such as rules, regulations, or government tax and tariff information.",Written Comprehension,3,0
23263,Billing and Posting Clerks,"Compile reports of cost factors, such as labor, production, storage, and equipment.",Information Ordering,3,0
23263,Billing and Posting Clerks,"Compile reports of cost factors, such as labor, production, storage, and equipment.",Mathematical Reasoning,1,0
23263,Billing and Posting Clerks,"Compile reports of cost factors, such as labor, production, storage, and equipment.",Near Vision,2,0
23263,Billing and Posting Clerks,"Compile reports of cost factors, such as labor, production, storage, and equipment.",Number Facility,2,0
23263,Billing and Posting Clerks,"Compile reports of cost factors, such as labor, production, storage, and equipment.",Selective Attention,2,0
23263,Billing and Posting Clerks,"Compile reports of cost factors, such as labor, production, storage, and equipment.",Written Comprehension,2,0
23263,Billing and Posting Clerks,"Compile reports of cost factors, such as labor, production, storage, and equipment.",Written Expression,2,0
23267,"Court, Municipal, and License Clerks",Evaluate information on applications to verify completeness and accuracy and to determine whether applicants are qualified to obtain desired licenses.,Deductive Reasoning,3,0
23267,"Court, Municipal, and License Clerks",Evaluate information on applications to verify completeness and accuracy and to determine whether applicants are qualified to obtain desired licenses.,Inductive Reasoning,1,0
23267,"Court, Municipal, and License Clerks",Evaluate information on applications to verify completeness and accuracy and to determine whether applicants are qualified to obtain desired licenses.,Near Vision,2,0
23267,"Court, Municipal, and License Clerks",Evaluate information on applications to verify completeness and accuracy and to determine whether applicants are qualified to obtain desired licenses.,Perceptual Speed,1,0
23267,"Court, Municipal, and License Clerks",Evaluate information on applications to verify completeness and accuracy and to determine whether applicants are qualified to obtain desired licenses.,Problem Sensitivity,2,0
23267,"Court, Municipal, and License Clerks",Evaluate information on applications to verify completeness and accuracy and to determine whether applicants are qualified to obtain desired licenses.,Selective Attention,2,0
23267,"Court, Municipal, and License Clerks",Evaluate information on applications to verify completeness and accuracy and to determine whether applicants are qualified to obtain desired licenses.,Written Comprehension,3,0
23272,"Court, Municipal, and License Clerks",Record and maintain all vital and fiscal records and accounts.,Information Ordering,3,0
23272,"Court, Municipal, and License Clerks",Record and maintain all vital and fiscal records and accounts.,Near Vision,2,0
23272,"Court, Municipal, and License Clerks",Record and maintain all vital and fiscal records and accounts.,Number Facility,2,0
23272,"Court, Municipal, and License Clerks",Record and maintain all vital and fiscal records and accounts.,Perceptual Speed,1,0
23272,"Court, Municipal, and License Clerks",Record and maintain all vital and fiscal records and accounts.,Selective Attention,2,0
23272,"Court, Municipal, and License Clerks",Record and maintain all vital and fiscal records and accounts.,Written Comprehension,2,0
23272,"Court, Municipal, and License Clerks",Record and maintain all vital and fiscal records and accounts.,Written Expression,1,0
23311,"Credit Authorizers, Checkers, and Clerks",Prepare reports of findings and recommendations.,Deductive Reasoning,2,0
23311,"Credit Authorizers, Checkers, and Clerks",Prepare reports of findings and recommendations.,Fluency of Ideas,1,0
23311,"Credit Authorizers, Checkers, and Clerks",Prepare reports of findings and recommendations.,Inductive Reasoning,2,0
23311,"Credit Authorizers, Checkers, and Clerks",Prepare reports of findings and recommendations.,Information Ordering,2,0
23311,"Credit Authorizers, Checkers, and Clerks",Prepare reports of findings and recommendations.,Near Vision,1,0
23311,"Credit Authorizers, Checkers, and Clerks",Prepare reports of findings and recommendations.,Written Comprehension,2,0
23311,"Credit Authorizers, Checkers, and Clerks",Prepare reports of findings and recommendations.,Written Expression,3,0
23334,Insurance Claims and Policy Processing Clerks,"Compose business correspondence for supervisors, managers, and professionals.",Finger Dexterity,1,0
23334,Insurance Claims and Policy Processing Clerks,"Compose business correspondence for supervisors, managers, and professionals.",Fluency of Ideas,2,0
23334,Insurance Claims and Policy Processing Clerks,"Compose business correspondence for supervisors, managers, and professionals.",Information Ordering,1,0
23334,Insurance Claims and Policy Processing Clerks,"Compose business correspondence for supervisors, managers, and professionals.",Near Vision,2,0
23334,Insurance Claims and Policy Processing Clerks,"Compose business correspondence for supervisors, managers, and professionals.",Oral Comprehension,1,0
23334,Insurance Claims and Policy Processing Clerks,"Compose business correspondence for supervisors, managers, and professionals.",Written Comprehension,2,0
23334,Insurance Claims and Policy Processing Clerks,"Compose business correspondence for supervisors, managers, and professionals.",Written Expression,3,0
2370,Personal Care Aides,"Administer bedside or personal care, such as ambulation or personal hygiene assistance.",Arm-Hand Steadiness,2,0
2370,Personal Care Aides,"Administer bedside or personal care, such as ambulation or personal hygiene assistance.",Dynamic Strength,1,0
2370,Personal Care Aides,"Administer bedside or personal care, such as ambulation or personal hygiene assistance.",Gross Body Coordination,2,0
2370,Personal Care Aides,"Administer bedside or personal care, such as ambulation or personal hygiene assistance.",Gross Body Equilibrium,2,0
2370,Personal Care Aides,"Administer bedside or personal care, such as ambulation or personal hygiene assistance.",Manual Dexterity,3,0
2370,Personal Care Aides,"Administer bedside or personal care, such as ambulation or personal hygiene assistance.",Near Vision,1,0
2370,Personal Care Aides,"Administer bedside or personal care, such as ambulation or personal hygiene assistance.",Oral Comprehension,2,0
2370,Personal Care Aides,"Administer bedside or personal care, such as ambulation or personal hygiene assistance.",Oral Expression,2,0
2370,Personal Care Aides,"Administer bedside or personal care, such as ambulation or personal hygiene assistance.",Problem Sensitivity,2,0
2370,Personal Care Aides,"Administer bedside or personal care, such as ambulation or personal hygiene assistance.",Selective Attention,2,0
2370,Personal Care Aides,"Administer bedside or personal care, such as ambulation or personal hygiene assistance.",Static Strength,2,0
23923,Dietetic Technicians,Attend interdisciplinary meetings with other health care professionals to discuss patient care.,Memorization,2,0
23923,Dietetic Technicians,Attend interdisciplinary meetings with other health care professionals to discuss patient care.,Oral Comprehension,3,0
23923,Dietetic Technicians,Attend interdisciplinary meetings with other health care professionals to discuss patient care.,Oral Expression,2,0
23923,Dietetic Technicians,Attend interdisciplinary meetings with other health care professionals to discuss patient care.,Selective Attention,2,0
23923,Dietetic Technicians,Attend interdisciplinary meetings with other health care professionals to discuss patient care.,Speech Recognition,2,0
23923,Dietetic Technicians,Attend interdisciplinary meetings with other health care professionals to discuss patient care.,Written Comprehension,1,0
2448,Real Estate Sales Agents,Coordinate appointments to show homes to prospective buyers.,Information Ordering,2,0
2448,Real Estate Sales Agents,Coordinate appointments to show homes to prospective buyers.,Oral Comprehension,2,0
2448,Real Estate Sales Agents,Coordinate appointments to show homes to prospective buyers.,Oral Expression,2,0
2448,Real Estate Sales Agents,Coordinate appointments to show homes to prospective buyers.,Time Sharing,2,0
2473,Bill and Account Collectors,"Locate and monitor overdue accounts, using computers and a variety of automated systems.",Inductive Reasoning,2,0
2473,Bill and Account Collectors,"Locate and monitor overdue accounts, using computers and a variety of automated systems.",Information Ordering,2,0
2473,Bill and Account Collectors,"Locate and monitor overdue accounts, using computers and a variety of automated systems.",Perceptual Speed,2,0
2473,Bill and Account Collectors,"Locate and monitor overdue accounts, using computers and a variety of automated systems.",Problem Sensitivity,2,0
2473,Bill and Account Collectors,"Locate and monitor overdue accounts, using computers and a variety of automated systems.",Written Comprehension,2,0
2478,Bill and Account Collectors,"Persuade customers to pay amounts due on credit accounts, damage claims, or nonpayable checks, or to return merchandise.",Fluency of Ideas,2,0
2478,Bill and Account Collectors,"Persuade customers to pay amounts due on credit accounts, damage claims, or nonpayable checks, or to return merchandise.",Inductive Reasoning,2,0
2478,Bill and Account Collectors,"Persuade customers to pay amounts due on credit accounts, damage claims, or nonpayable checks, or to return merchandise.",Oral Comprehension,2,0
2478,Bill and Account Collectors,"Persuade customers to pay amounts due on credit accounts, damage claims, or nonpayable checks, or to return merchandise.",Oral Expression,3,0
2478,Bill and Account Collectors,"Persuade customers to pay amounts due on credit accounts, damage claims, or nonpayable checks, or to return merchandise.",Problem Sensitivity,2,0
2505,"Bookkeeping, Accounting, and Auditing Clerks",Monitor status of loans and accounts to ensure that payments are up to date.,Number Facility,2,0
2505,"Bookkeeping, Accounting, and Auditing Clerks",Monitor status of loans and accounts to ensure that payments are up to date.,Perceptual Speed,2,0
2505,"Bookkeeping, Accounting, and Auditing Clerks",Monitor status of loans and accounts to ensure that payments are up to date.,Problem Sensitivity,2,0
2505,"Bookkeeping, Accounting, and Auditing Clerks",Monitor status of loans and accounts to ensure that payments are up to date.,Selective Attention,2,0
2505,"Bookkeeping, Accounting, and Auditing Clerks",Monitor status of loans and accounts to ensure that payments are up to date.,Written Comprehension,2,0
2509,"Bookkeeping, Accounting, and Auditing Clerks","Match order forms with invoices, and record the necessary information.",Information Ordering,2,0
2509,"Bookkeeping, Accounting, and Auditing Clerks","Match order forms with invoices, and record the necessary information.",Near Vision,2,0
2509,"Bookkeeping, Accounting, and Auditing Clerks","Match order forms with invoices, and record the necessary information.",Number Facility,2,0
2509,"Bookkeeping, Accounting, and Auditing Clerks","Match order forms with invoices, and record the necessary information.",Perceptual Speed,3,0
2509,"Bookkeeping, Accounting, and Auditing Clerks","Match order forms with invoices, and record the necessary information.",Selective Attention,2,0
2509,"Bookkeeping, Accounting, and Auditing Clerks","Match order forms with invoices, and record the necessary information.",Written Comprehension,2,0
2532,Procurement Clerks,"Determine if inventory quantities are sufficient for needs, ordering more materials when necessary.",Inductive Reasoning,2,0
2532,Procurement Clerks,"Determine if inventory quantities are sufficient for needs, ordering more materials when necessary.",Mathematical Reasoning,2,0
2532,Procurement Clerks,"Determine if inventory quantities are sufficient for needs, ordering more materials when necessary.",Near Vision,2,0
2532,Procurement Clerks,"Determine if inventory quantities are sufficient for needs, ordering more materials when necessary.",Number Facility,2,0
2532,Procurement Clerks,"Determine if inventory quantities are sufficient for needs, ordering more materials when necessary.",Problem Sensitivity,3,0
2532,Procurement Clerks,"Determine if inventory quantities are sufficient for needs, ordering more materials when necessary.",Written Comprehension,2,0
2583,Customer Service Representatives,"Determine charges for services requested, collect deposits or payments, or arrange for billing.",Mathematical Reasoning,2,0
2583,Customer Service Representatives,"Determine charges for services requested, collect deposits or payments, or arrange for billing.",Near Vision,1,0
2583,Customer Service Representatives,"Determine charges for services requested, collect deposits or payments, or arrange for billing.",Number Facility,3,0
2583,Customer Service Representatives,"Determine charges for services requested, collect deposits or payments, or arrange for billing.",Oral Comprehension,2,0
2583,Customer Service Representatives,"Determine charges for services requested, collect deposits or payments, or arrange for billing.",Oral Expression,2,0
2583,Customer Service Representatives,"Determine charges for services requested, collect deposits or payments, or arrange for billing.",Problem Sensitivity,2,0
2583,Customer Service Representatives,"Determine charges for services requested, collect deposits or payments, or arrange for billing.",Written Comprehension,2,0
2610,"Hotel, Motel, and Resort Desk Clerks","Greet, register, and assign rooms to guests of hotels or motels.",Information Ordering,2,0
2610,"Hotel, Motel, and Resort Desk Clerks","Greet, register, and assign rooms to guests of hotels or motels.",Near Vision,1,0
2610,"Hotel, Motel, and Resort Desk Clerks","Greet, register, and assign rooms to guests of hotels or motels.",Oral Comprehension,3,0
2610,"Hotel, Motel, and Resort Desk Clerks","Greet, register, and assign rooms to guests of hotels or motels.",Oral Expression,3,0
2610,"Hotel, Motel, and Resort Desk Clerks","Greet, register, and assign rooms to guests of hotels or motels.",Speech Clarity,2,0
2610,"Hotel, Motel, and Resort Desk Clerks","Greet, register, and assign rooms to guests of hotels or motels.",Speech Recognition,2,0
2610,"Hotel, Motel, and Resort Desk Clerks","Greet, register, and assign rooms to guests of hotels or motels.",Written Comprehension,2,0
2626,"Hotel, Motel, and Resort Desk Clerks","Date-stamp, sort, and rack incoming mail and messages.",Finger Dexterity,2,0
2626,"Hotel, Motel, and Resort Desk Clerks","Date-stamp, sort, and rack incoming mail and messages.",Information Ordering,3,0
2626,"Hotel, Motel, and Resort Desk Clerks","Date-stamp, sort, and rack incoming mail and messages.",Near Vision,2,0
2626,"Hotel, Motel, and Resort Desk Clerks","Date-stamp, sort, and rack incoming mail and messages.",Perceptual Speed,3,0
2626,"Hotel, Motel, and Resort Desk Clerks","Date-stamp, sort, and rack incoming mail and messages.",Written Comprehension,2,0
2633,"Interviewers, Except Eligibility and Loan",Ensure payment for services by verifying benefits with the person's insurance provider or working out financing options.,Deductive Reasoning,2,0
2633,"Interviewers, Except Eligibility and Loan",Ensure payment for services by verifying benefits with the person's insurance provider or working out financing options.,Number Facility,2,0
2633,"Interviewers, Except Eligibility and Loan",Ensure payment for services by verifying benefits with the person's insurance provider or working out financing options.,Oral Comprehension,3,0
2633,"Interviewers, Except Eligibility and Loan",Ensure payment for services by verifying benefits with the person's insurance provider or working out financing options.,Oral Expression,3,0
2633,"Interviewers, Except Eligibility and Loan",Ensure payment for services by verifying benefits with the person's insurance provider or working out financing options.,Speech Clarity,2,0
2633,"Interviewers, Except Eligibility and Loan",Ensure payment for services by verifying benefits with the person's insurance provider or working out financing options.,Written Comprehension,2,0
2652,"Library Assistants, Clerical","Provide assistance to librarians in the maintenance of collections of books, periodicals, magazines, newspapers, and audio-visual and other materials.",Category Flexibility,1,0
2652,"Library Assistants, Clerical","Provide assistance to librarians in the maintenance of collections of books, periodicals, magazines, newspapers, and audio-visual and other materials.",Information Ordering,2,0
2652,"Library Assistants, Clerical","Provide assistance to librarians in the maintenance of collections of books, periodicals, magazines, newspapers, and audio-visual and other materials.",Near Vision,2,0
2652,"Library Assistants, Clerical","Provide assistance to librarians in the maintenance of collections of books, periodicals, magazines, newspapers, and audio-visual and other materials.",Oral Comprehension,2,0
2652,"Library Assistants, Clerical","Provide assistance to librarians in the maintenance of collections of books, periodicals, magazines, newspapers, and audio-visual and other materials.",Static Strength,1?,0
2662,"Library Assistants, Clerical","Select substitute titles when requested materials are unavailable, following criteria such as age, education, and interests.",Category Flexibility,3,0
2662,"Library Assistants, Clerical","Select substitute titles when requested materials are unavailable, following criteria such as age, education, and interests.",Deductive Reasoning,2,0
2662,"Library Assistants, Clerical","Select substitute titles when requested materials are unavailable, following criteria such as age, education, and interests.",Fluency of Ideas,1,0
2662,"Library Assistants, Clerical","Select substitute titles when requested materials are unavailable, following criteria such as age, education, and interests.",Oral Comprehension,2,0
2662,"Library Assistants, Clerical","Select substitute titles when requested materials are unavailable, following criteria such as age, education, and interests.",Written Comprehension,2,0
2712,Public Safety Telecommunicators,"Maintain access to, and security of, highly sensitive materials.",Information Ordering,2,0
2712,Public Safety Telecommunicators,"Maintain access to, and security of, highly sensitive materials.",Memorization,1,0
2712,Public Safety Telecommunicators,"Maintain access to, and security of, highly sensitive materials.",Problem Sensitivity,2,0
2712,Public Safety Telecommunicators,"Maintain access to, and security of, highly sensitive materials.",Written Comprehension,2,0
2823,Desktop Publishers,"Import text and art elements, such as electronic clip art or electronic files from photographs that have been scanned or produced with a digital camera, using computer software.",Finger Dexterity,2,0
2823,Desktop Publishers,"Import text and art elements, such as electronic clip art or electronic files from photographs that have been scanned or produced with a digital camera, using computer software.",Information Ordering,2,0
2823,Desktop Publishers,"Import text and art elements, such as electronic clip art or electronic files from photographs that have been scanned or produced with a digital camera, using computer software.",Near Vision,3,0
2823,Desktop Publishers,"Import text and art elements, such as electronic clip art or electronic files from photographs that have been scanned or produced with a digital camera, using computer software.",Selective Attention,2,0
2823,Desktop Publishers,"Import text and art elements, such as electronic clip art or electronic files from photographs that have been scanned or produced with a digital camera, using computer software.",Visual Color Discrimination,2,0
2823,Desktop Publishers,"Import text and art elements, such as electronic clip art or electronic files from photographs that have been scanned or produced with a digital camera, using computer software.",Wrist-Finger Speed,2,0
2823,Desktop Publishers,"Import text and art elements, such as electronic clip art or electronic files from photographs that have been scanned or produced with a digital camera, using computer software.",Written Comprehension,2,0
330,Dietitians and Nutritionists,"Plan, conduct, and evaluate dietary, nutritional, and epidemiological research.",Deductive Reasoning,2,0
330,Dietitians and Nutritionists,"Plan, conduct, and evaluate dietary, nutritional, and epidemiological research.",Inductive Reasoning,3,0
330,Dietitians and Nutritionists,"Plan, conduct, and evaluate dietary, nutritional, and epidemiological research.",Information Ordering,2,0
330,Dietitians and Nutritionists,"Plan, conduct, and evaluate dietary, nutritional, and epidemiological research.",Mathematical Reasoning,2,0
330,Dietitians and Nutritionists,"Plan, conduct, and evaluate dietary, nutritional, and epidemiological research.",Written Comprehension,2,0
330,Dietitians and Nutritionists,"Plan, conduct, and evaluate dietary, nutritional, and epidemiological research.",Written Expression,3,0
3404,Budget Analysts,Interpret budget directives and establish policies for carrying out directives.,Deductive Reasoning,3,0
3404,Budget Analysts,Interpret budget directives and establish policies for carrying out directives.,Information Ordering,2,0
3404,Budget Analysts,Interpret budget directives and establish policies for carrying out directives.,Oral Expression,2,0
3404,Budget Analysts,Interpret budget directives and establish policies for carrying out directives.,Written Comprehension,2,0
3404,Budget Analysts,Interpret budget directives and establish policies for carrying out directives.,Written Expression,2,0
341,Optometrists,"Educate and counsel patients on contact lens care, visual hygiene, lighting arrangements, and safety factors.",Oral Comprehension,2,0
341,Optometrists,"Educate and counsel patients on contact lens care, visual hygiene, lighting arrangements, and safety factors.",Oral Expression,3,0
341,Optometrists,"Educate and counsel patients on contact lens care, visual hygiene, lighting arrangements, and safety factors.",Speech Clarity,2,0
341,Optometrists,"Educate and counsel patients on contact lens care, visual hygiene, lighting arrangements, and safety factors.",Written Expression,2,0
3417,Loan Officers,Handle customer complaints and take appropriate action to resolve them.,Oral Comprehension,3,0
3417,Loan Officers,Handle customer complaints and take appropriate action to resolve them.,Oral Expression,3,0
3417,Loan Officers,Handle customer complaints and take appropriate action to resolve them.,Problem Sensitivity,2,0
3417,Loan Officers,Handle customer complaints and take appropriate action to resolve them.,Speech Clarity,2,0
3417,Loan Officers,Handle customer complaints and take appropriate action to resolve them.,Speech Recognition,2,0
347,Occupational Therapists,Complete and maintain necessary records.,Information Ordering,2,0
347,Occupational Therapists,Complete and maintain necessary records.,Near Vision,2,0
347,Occupational Therapists,Complete and maintain necessary records.,Wrist-Finger Speed,2,0
347,Occupational Therapists,Complete and maintain necessary records.,Written Comprehension,2,0
347,Occupational Therapists,Complete and maintain necessary records.,Written Expression,2,0
377,Physical Therapists,"Direct, supervise, assess, and communicate with supportive personnel.",Oral Comprehension,2,0
377,Physical Therapists,"Direct, supervise, assess, and communicate with supportive personnel.",Oral Expression,3,0
377,Physical Therapists,"Direct, supervise, assess, and communicate with supportive personnel.",Problem Sensitivity,2,0
377,Physical Therapists,"Direct, supervise, assess, and communicate with supportive personnel.",Speech Clarity,2,0
3785,Lawyers,"Prepare legal briefs and opinions, and file appeals in state and federal courts of appeal.",Deductive Reasoning,3,0
3785,Lawyers,"Prepare legal briefs and opinions, and file appeals in state and federal courts of appeal.",Fluency of Ideas,2,0
3785,Lawyers,"Prepare legal briefs and opinions, and file appeals in state and federal courts of appeal.",Information Ordering,2,0
3785,Lawyers,"Prepare legal briefs and opinions, and file appeals in state and federal courts of appeal.",Written Comprehension,2,0
3785,Lawyers,"Prepare legal briefs and opinions, and file appeals in state and federal courts of appeal.",Written Expression,3,0
4086,Radiation Therapists,"Position patients for treatment with accuracy, according to prescription.",Control Precision,3,1
4086,Radiation Therapists,"Position patients for treatment with accuracy, according to prescription.",Deductive Reasoning,2,1
4086,Radiation Therapists,"Position patients for treatment with accuracy, according to prescription.",Near Vision,2,1
4086,Radiation Therapists,"Position patients for treatment with accuracy, according to prescription.",Spatial Orientation?,2,1
4086,Radiation Therapists,"Position patients for treatment with accuracy, according to prescription.",Visualization,2,1
4092,Radiation Therapists,Check radiation therapy equipment to ensure proper operation.,Deductive Reasoning,2,0
4092,Radiation Therapists,Check radiation therapy equipment to ensure proper operation.,Near Vision,2,0
4092,Radiation Therapists,Check radiation therapy equipment to ensure proper operation.,Problem Sensitivity,2,0
4092,Radiation Therapists,Check radiation therapy equipment to ensure proper operation.,Selective Attention,2,0
4108,Veterinarians,"Inoculate animals against various diseases, such as rabies or distemper.",Arm-Hand Steadiness,2,0
4108,Veterinarians,"Inoculate animals against various diseases, such as rabies or distemper.",Information Ordering,2,0
4108,Veterinarians,"Inoculate animals against various diseases, such as rabies or distemper.",Manual Dexterity,3,0
4108,Veterinarians,"Inoculate animals against various diseases, such as rabies or distemper.",Near Vision,2,0
4156,Nuclear Medicine Technologists,"Prepare stock radiopharmaceuticals, adhering to safety standards that minimize radiation exposure to workers and patients.",Deductive Reasoning,2,0
4156,Nuclear Medicine Technologists,"Prepare stock radiopharmaceuticals, adhering to safety standards that minimize radiation exposure to workers and patients.",Information Ordering,2,0
4156,Nuclear Medicine Technologists,"Prepare stock radiopharmaceuticals, adhering to safety standards that minimize radiation exposure to workers and patients.",Manual Dexterity,2,0
4156,Nuclear Medicine Technologists,"Prepare stock radiopharmaceuticals, adhering to safety standards that minimize radiation exposure to workers and patients.",Near Vision,2,0
4156,Nuclear Medicine Technologists,"Prepare stock radiopharmaceuticals, adhering to safety standards that minimize radiation exposure to workers and patients.",Written Comprehension,2,0
4161,Nuclear Medicine Technologists,"Position radiation fields, radiation beams, and patient to allow for most effective treatment of patient's disease, using computer.",Control Precision,2,1
4161,Nuclear Medicine Technologists,"Position radiation fields, radiation beams, and patient to allow for most effective treatment of patient's disease, using computer.",Deductive Reasoning,2,1
4161,Nuclear Medicine Technologists,"Position radiation fields, radiation beams, and patient to allow for most effective treatment of patient's disease, using computer.",Near Vision,2,1
4161,Nuclear Medicine Technologists,"Position radiation fields, radiation beams, and patient to allow for most effective treatment of patient's disease, using computer.",Spatial Orientation?,2,1
4161,Nuclear Medicine Technologists,"Position radiation fields, radiation beams, and patient to allow for most effective treatment of patient's disease, using computer.",Visualization,3,1
4176,Veterinary Technologists and Technicians,"Administer anesthesia to animals, under the direction of a veterinarian, and monitor animals' responses to anesthetics so that dosages can be adjusted.",Deductive Reasoning,2,0
4176,Veterinary Technologists and Technicians,"Administer anesthesia to animals, under the direction of a veterinarian, and monitor animals' responses to anesthetics so that dosages can be adjusted.",Near Vision,2,0
4176,Veterinary Technologists and Technicians,"Administer anesthesia to animals, under the direction of a veterinarian, and monitor animals' responses to anesthetics so that dosages can be adjusted.",Problem Sensitivity,3,0
4176,Veterinary Technologists and Technicians,"Administer anesthesia to animals, under the direction of a veterinarian, and monitor animals' responses to anesthetics so that dosages can be adjusted.",Selective Attention,3,0
4176,Veterinary Technologists and Technicians,"Administer anesthesia to animals, under the direction of a veterinarian, and monitor animals' responses to anesthetics so that dosages can be adjusted.",Time Sharing,2,0
4176,Veterinary Technologists and Technicians,"Administer anesthesia to animals, under the direction of a veterinarian, and monitor animals' responses to anesthetics so that dosages can be adjusted.",Written Comprehension,2,0
4185,Veterinary Technologists and Technicians,"Prepare animals for surgery, performing such tasks as shaving surgical areas.",Arm-Hand Steadiness,2,0
4185,Veterinary Technologists and Technicians,"Prepare animals for surgery, performing such tasks as shaving surgical areas.",Manual Dexterity,2,0
4185,Veterinary Technologists and Technicians,"Prepare animals for surgery, performing such tasks as shaving surgical areas.",Near Vision,2,0
4245,Home Health Aides,"Plan, purchase, prepare, or serve meals to patients or other family members, according to prescribed diets.",Information Ordering,2,0
4245,Home Health Aides,"Plan, purchase, prepare, or serve meals to patients or other family members, according to prescribed diets.",Manual Dexterity,2,0
4245,Home Health Aides,"Plan, purchase, prepare, or serve meals to patients or other family members, according to prescribed diets.",Near Vision,2,0
4245,Home Health Aides,"Plan, purchase, prepare, or serve meals to patients or other family members, according to prescribed diets.",Oral Comprehension,2,0
4245,Home Health Aides,"Plan, purchase, prepare, or serve meals to patients or other family members, according to prescribed diets.",Problem Sensitivity,1,0
4245,Home Health Aides,"Plan, purchase, prepare, or serve meals to patients or other family members, according to prescribed diets.",Written Comprehension,2,0
4257,Occupational Therapy Assistants,Select therapy activities to fit patients' needs and capabilities.,Category Flexibility,3,0
4257,Occupational Therapy Assistants,Select therapy activities to fit patients' needs and capabilities.,Deductive Reasoning,2,0
4257,Occupational Therapy Assistants,Select therapy activities to fit patients' needs and capabilities.,Inductive Reasoning,3,0
4257,Occupational Therapy Assistants,Select therapy activities to fit patients' needs and capabilities.,Oral Comprehension,2,0
4257,Occupational Therapy Assistants,Select therapy activities to fit patients' needs and capabilities.,Problem Sensitivity,3,0
4257,Occupational Therapy Assistants,Select therapy activities to fit patients' needs and capabilities.,Written Comprehension,2,0
4269,Occupational Therapy Assistants,Transport patients to and from the occupational therapy work area.,Dynamic Strength,2,0
4269,Occupational Therapy Assistants,Transport patients to and from the occupational therapy work area.,Gross Body Coordination,2,0
4269,Occupational Therapy Assistants,Transport patients to and from the occupational therapy work area.,Gross Body Equilibrium,2,0
4269,Occupational Therapy Assistants,Transport patients to and from the occupational therapy work area.,Near Vision,1,0
4269,Occupational Therapy Assistants,Transport patients to and from the occupational therapy work area.,Oral Comprehension,1,0
4269,Occupational Therapy Assistants,Transport patients to and from the occupational therapy work area.,Problem Sensitivity,2,0
4269,Occupational Therapy Assistants,Transport patients to and from the occupational therapy work area.,Static Strength,2,0
4291,Medical Equipment Preparers,"Organize and assemble routine or specialty surgical instrument trays or other sterilized supplies, filling special requests as needed.",Finger Dexterity,2,0
4291,Medical Equipment Preparers,"Organize and assemble routine or specialty surgical instrument trays or other sterilized supplies, filling special requests as needed.",Information Ordering,3,0
4291,Medical Equipment Preparers,"Organize and assemble routine or specialty surgical instrument trays or other sterilized supplies, filling special requests as needed.",Manual Dexterity,3,0
4291,Medical Equipment Preparers,"Organize and assemble routine or specialty surgical instrument trays or other sterilized supplies, filling special requests as needed.",Near Vision,3,0
4291,Medical Equipment Preparers,"Organize and assemble routine or specialty surgical instrument trays or other sterilized supplies, filling special requests as needed.",Problem Sensitivity,2,0
4291,Medical Equipment Preparers,"Organize and assemble routine or specialty surgical instrument trays or other sterilized supplies, filling special requests as needed.",Selective Attention,2,0
4291,Medical Equipment Preparers,"Organize and assemble routine or specialty surgical instrument trays or other sterilized supplies, filling special requests as needed.",Written Comprehension,2,0
4322,Veterinary Assistants and Laboratory Animal Caretakers,"Record information relating to animal genealogy, feeding schedules, appearance, behavior, or breeding.",Information Ordering,2,0
4322,Veterinary Assistants and Laboratory Animal Caretakers,"Record information relating to animal genealogy, feeding schedules, appearance, behavior, or breeding.",Near Vision,2,0
4322,Veterinary Assistants and Laboratory Animal Caretakers,"Record information relating to animal genealogy, feeding schedules, appearance, behavior, or breeding.",Wrist-Finger Speed,1,0
4322,Veterinary Assistants and Laboratory Animal Caretakers,"Record information relating to animal genealogy, feeding schedules, appearance, behavior, or breeding.",Written Comprehension,2,0
4322,Veterinary Assistants and Laboratory Animal Caretakers,"Record information relating to animal genealogy, feeding schedules, appearance, behavior, or breeding.",Written Expression,3,0
436,Diagnostic Medical Sonographers,Select appropriate equipment settings and adjust patient positions to obtain the best sites and angles.,Deductive Reasoning,2,1
436,Diagnostic Medical Sonographers,Select appropriate equipment settings and adjust patient positions to obtain the best sites and angles.,Manual Dexterity,2,1
436,Diagnostic Medical Sonographers,Select appropriate equipment settings and adjust patient positions to obtain the best sites and angles.,Problem Sensitivity,2,1
436,Diagnostic Medical Sonographers,Select appropriate equipment settings and adjust patient positions to obtain the best sites and angles.,Spatial Orientation?,1,1
436,Diagnostic Medical Sonographers,Select appropriate equipment settings and adjust patient positions to obtain the best sites and angles.,Visualization,3,1
4599,Real Estate Brokers,"Sell, for a fee, real estate owned by others.",Deductive Reasoning,2,0
4599,Real Estate Brokers,"Sell, for a fee, real estate owned by others.",Oral Comprehension,2,0
4599,Real Estate Brokers,"Sell, for a fee, real estate owned by others.",Oral Expression,3,0
4599,Real Estate Brokers,"Sell, for a fee, real estate owned by others.",Problem Sensitivity,2,0
4599,Real Estate Brokers,"Sell, for a fee, real estate owned by others.",Speech Clarity,2,0
4599,Real Estate Brokers,"Sell, for a fee, real estate owned by others.",Speech Recognition,2,0
4599,Real Estate Brokers,"Sell, for a fee, real estate owned by others.",Written Comprehension,2,0
4725,New Accounts Clerks,Interview customers to obtain information needed for opening accounts or renting safe-deposit boxes.,Information Ordering,2,0
4725,New Accounts Clerks,Interview customers to obtain information needed for opening accounts or renting safe-deposit boxes.,Oral Comprehension,3,0
4725,New Accounts Clerks,Interview customers to obtain information needed for opening accounts or renting safe-deposit boxes.,Oral Expression,3,0
4725,New Accounts Clerks,Interview customers to obtain information needed for opening accounts or renting safe-deposit boxes.,Problem Sensitivity,2,0
4725,New Accounts Clerks,Interview customers to obtain information needed for opening accounts or renting safe-deposit boxes.,Speech Clarity,2,0
4725,New Accounts Clerks,Interview customers to obtain information needed for opening accounts or renting safe-deposit boxes.,Speech Recognition,2,0
4725,New Accounts Clerks,Interview customers to obtain information needed for opening accounts or renting safe-deposit boxes.,Written Comprehension,1,0
520,Licensed Practical and Licensed Vocational Nurses,Prepare or examine food trays for conformance to prescribed diet.,Information Ordering,1,0
520,Licensed Practical and Licensed Vocational Nurses,Prepare or examine food trays for conformance to prescribed diet.,Near Vision,2,0
520,Licensed Practical and Licensed Vocational Nurses,Prepare or examine food trays for conformance to prescribed diet.,Perceptual Speed,1,0
520,Licensed Practical and Licensed Vocational Nurses,Prepare or examine food trays for conformance to prescribed diet.,Problem Sensitivity,1,0
520,Licensed Practical and Licensed Vocational Nurses,Prepare or examine food trays for conformance to prescribed diet.,Written Comprehension,2,0
5291,"Tax Examiners and Collectors, and Revenue Agents","Confer with taxpayers or their representatives to discuss the issues, laws, and regulations involved in returns, and to resolve problems with returns.",Deductive Reasoning,2,0
5291,"Tax Examiners and Collectors, and Revenue Agents","Confer with taxpayers or their representatives to discuss the issues, laws, and regulations involved in returns, and to resolve problems with returns.",Oral Comprehension,3,0
5291,"Tax Examiners and Collectors, and Revenue Agents","Confer with taxpayers or their representatives to discuss the issues, laws, and regulations involved in returns, and to resolve problems with returns.",Oral Expression,3,0
5291,"Tax Examiners and Collectors, and Revenue Agents","Confer with taxpayers or their representatives to discuss the issues, laws, and regulations involved in returns, and to resolve problems with returns.",Problem Sensitivity,2,0
5291,"Tax Examiners and Collectors, and Revenue Agents","Confer with taxpayers or their representatives to discuss the issues, laws, and regulations involved in returns, and to resolve problems with returns.",Speech Clarity,2,0
5291,"Tax Examiners and Collectors, and Revenue Agents","Confer with taxpayers or their representatives to discuss the issues, laws, and regulations involved in returns, and to resolve problems with returns.",Speech Recognition,2,0
5291,"Tax Examiners and Collectors, and Revenue Agents","Confer with taxpayers or their representatives to discuss the issues, laws, and regulations involved in returns, and to resolve problems with returns.",Written Comprehension,2,0
5296,"Tax Examiners and Collectors, and Revenue Agents",Review filed tax returns to determine whether claimed tax credits and deductions are allowed by law.,Deductive Reasoning,3,0
5296,"Tax Examiners and Collectors, and Revenue Agents",Review filed tax returns to determine whether claimed tax credits and deductions are allowed by law.,Near Vision,2,0
5296,"Tax Examiners and Collectors, and Revenue Agents",Review filed tax returns to determine whether claimed tax credits and deductions are allowed by law.,Number Facility,2,0
5296,"Tax Examiners and Collectors, and Revenue Agents",Review filed tax returns to determine whether claimed tax credits and deductions are allowed by law.,Perceptual Speed,2,0
5296,"Tax Examiners and Collectors, and Revenue Agents",Review filed tax returns to determine whether claimed tax credits and deductions are allowed by law.,Problem Sensitivity,2,0
5296,"Tax Examiners and Collectors, and Revenue Agents",Review filed tax returns to determine whether claimed tax credits and deductions are allowed by law.,Selective Attention,2,0
5296,"Tax Examiners and Collectors, and Revenue Agents",Review filed tax returns to determine whether claimed tax credits and deductions are allowed by law.,Written Comprehension,3,0
5310,"Tax Examiners and Collectors, and Revenue Agents","Investigate claims of inability to pay taxes by researching court information for the status of liens, mortgages, or financial statements, or by locating assets through third parties.",Deductive Reasoning,3,0
5310,"Tax Examiners and Collectors, and Revenue Agents","Investigate claims of inability to pay taxes by researching court information for the status of liens, mortgages, or financial statements, or by locating assets through third parties.",Inductive Reasoning,3,0
5310,"Tax Examiners and Collectors, and Revenue Agents","Investigate claims of inability to pay taxes by researching court information for the status of liens, mortgages, or financial statements, or by locating assets through third parties.",Information Ordering,2,0
5310,"Tax Examiners and Collectors, and Revenue Agents","Investigate claims of inability to pay taxes by researching court information for the status of liens, mortgages, or financial statements, or by locating assets through third parties.",Near Vision,2,0
5310,"Tax Examiners and Collectors, and Revenue Agents","Investigate claims of inability to pay taxes by researching court information for the status of liens, mortgages, or financial statements, or by locating assets through third parties.",Problem Sensitivity,2,0
5310,"Tax Examiners and Collectors, and Revenue Agents","Investigate claims of inability to pay taxes by researching court information for the status of liens, mortgages, or financial statements, or by locating assets through third parties.",Written Comprehension,3,0
5438,Market Research Analysts and Marketing Specialists,"Measure the effectiveness of marketing, advertising, and communications programs and strategies.",Deductive Reasoning,2,0
5438,Market Research Analysts and Marketing Specialists,"Measure the effectiveness of marketing, advertising, and communications programs and strategies.",Inductive Reasoning,3,0
5438,Market Research Analysts and Marketing Specialists,"Measure the effectiveness of marketing, advertising, and communications programs and strategies.",Mathematical Reasoning,2,0
5438,Market Research Analysts and Marketing Specialists,"Measure the effectiveness of marketing, advertising, and communications programs and strategies.",Near Vision,2,0
5438,Market Research Analysts and Marketing Specialists,"Measure the effectiveness of marketing, advertising, and communications programs and strategies.",Number Facility,2,0
5438,Market Research Analysts and Marketing Specialists,"Measure the effectiveness of marketing, advertising, and communications programs and strategies.",Problem Sensitivity,2,0
5438,Market Research Analysts and Marketing Specialists,"Measure the effectiveness of marketing, advertising, and communications programs and strategies.",Written Comprehension,2,0
551,Dental Assistants,Expose dental diagnostic x-rays.,Arm-Hand Steadiness,2,0
551,Dental Assistants,Expose dental diagnostic x-rays.,Finger Dexterity,2,0
551,Dental Assistants,Expose dental diagnostic x-rays.,Manual Dexterity,2,0
551,Dental Assistants,Expose dental diagnostic x-rays.,Near Vision,2,0
551,Dental Assistants,Expose dental diagnostic x-rays.,Oral Expression,1,0
5645,"Judges, Magistrate Judges, and Magistrates",Rule on admissibility of evidence and methods of conducting testimony.,Deductive Reasoning,3,0
5645,"Judges, Magistrate Judges, and Magistrates",Rule on admissibility of evidence and methods of conducting testimony.,Oral Comprehension,3,0
5645,"Judges, Magistrate Judges, and Magistrates",Rule on admissibility of evidence and methods of conducting testimony.,Oral Expression,2,0
5645,"Judges, Magistrate Judges, and Magistrates",Rule on admissibility of evidence and methods of conducting testimony.,Problem Sensitivity,2,0
5645,"Judges, Magistrate Judges, and Magistrates",Rule on admissibility of evidence and methods of conducting testimony.,Written Comprehension,2,0
735,Insurance Sales Agents,Plan and oversee incorporation of insurance program into bookkeeping system of company.,Deductive Reasoning,2,0
735,Insurance Sales Agents,Plan and oversee incorporation of insurance program into bookkeeping system of company.,Information Ordering,3,0
735,Insurance Sales Agents,Plan and oversee incorporation of insurance program into bookkeeping system of company.,Mathematical Reasoning,2,0
735,Insurance Sales Agents,Plan and oversee incorporation of insurance program into bookkeeping system of company.,Number Facility,2,0
735,Insurance Sales Agents,Plan and oversee incorporation of insurance program into bookkeeping system of company.,Problem Sensitivity,2,0
735,Insurance Sales Agents,Plan and oversee incorporation of insurance program into bookkeeping system of company.,Written Comprehension,2,0
735,Insurance Sales Agents,Plan and oversee incorporation of insurance program into bookkeeping system of company.,Written Expression,2,0
740,Travel Agents,"Book transportation and hotel reservations, using computer or telephone.",Information Ordering,2,0
740,Travel Agents,"Book transportation and hotel reservations, using computer or telephone.",Near Vision,2,0
740,Travel Agents,"Book transportation and hotel reservations, using computer or telephone.",Oral Comprehension,2,0
740,Travel Agents,"Book transportation and hotel reservations, using computer or telephone.",Oral Expression,2,0
740,Travel Agents,"Book transportation and hotel reservations, using computer or telephone.",Wrist-Finger Speed,1,0
740,Travel Agents,"Book transportation and hotel reservations, using computer or telephone.",Written Comprehension,2,0
753,Receptionists and Information Clerks,"Provide information about establishment, such as location of departments or offices, employees within the organization, or services provided.",Information Ordering,1,0
753,Receptionists and Information Clerks,"Provide information about establishment, such as location of departments or offices, employees within the organization, or services provided.",Memorization,2,0
753,Receptionists and Information Clerks,"Provide information about establishment, such as location of departments or offices, employees within the organization, or services provided.",Oral Comprehension,2,0
753,Receptionists and Information Clerks,"Provide information about establishment, such as location of departments or offices, employees within the organization, or services provided.",Oral Expression,3,0
753,Receptionists and Information Clerks,"Provide information about establishment, such as location of departments or offices, employees within the organization, or services provided.",Speech Clarity,2,0
753,Receptionists and Information Clerks,"Provide information about establishment, such as location of departments or offices, employees within the organization, or services provided.",Speech Recognition,2,0
769,Legal Secretaries and Administrative Assistants,"Assist attorneys in collecting information such as employment, medical, and other records.",Deductive Reasoning,1,0
769,Legal Secretaries and Administrative Assistants,"Assist attorneys in collecting information such as employment, medical, and other records.",Information Ordering,2,0
769,Legal Secretaries and Administrative Assistants,"Assist attorneys in collecting information such as employment, medical, and other records.",Near Vision,2,0
769,Legal Secretaries and Administrative Assistants,"Assist attorneys in collecting information such as employment, medical, and other records.",Oral Comprehension,2,0
769,Legal Secretaries and Administrative Assistants,"Assist attorneys in collecting information such as employment, medical, and other records.",Selective Attention,2,0
769,Legal Secretaries and Administrative Assistants,"Assist attorneys in collecting information such as employment, medical, and other records.",Written Comprehension,2,0
7736,Orthodontists,Prepare diagnostic and treatment records.,Information Ordering,2,0
7736,Orthodontists,Prepare diagnostic and treatment records.,Near Vision,2,0
7736,Orthodontists,Prepare diagnostic and treatment records.,Selective Attention,2,0
7736,Orthodontists,Prepare diagnostic and treatment records.,Wrist-Finger Speed,1,0
7736,Orthodontists,Prepare diagnostic and treatment records.,Written Comprehension,2,0
7736,Orthodontists,Prepare diagnostic and treatment records.,Written Expression,3,0
7740,Orthodontists,Coordinate orthodontic services with other dental and medical services.,Deductive Reasoning,1,0
7740,Orthodontists,Coordinate orthodontic services with other dental and medical services.,Information Ordering,2,0
7740,Orthodontists,Coordinate orthodontic services with other dental and medical services.,Oral Comprehension,2,0
7740,Orthodontists,Coordinate orthodontic services with other dental and medical services.,Oral Expression,2,0
7740,Orthodontists,Coordinate orthodontic services with other dental and medical services.,Problem Sensitivity,1,0
7740,Orthodontists,Coordinate orthodontic services with other dental and medical services.,Speech Clarity,2,0
7740,Orthodontists,Coordinate orthodontic services with other dental and medical services.,Written Expression,1,0
7774,Family Medicine Physicians,"Collect, record, and maintain patient information, such as medical history, reports, or examination results.",Information Ordering,2,0
7774,Family Medicine Physicians,"Collect, record, and maintain patient information, such as medical history, reports, or examination results.",Near Vision,2,0
7774,Family Medicine Physicians,"Collect, record, and maintain patient information, such as medical history, reports, or examination results.",Oral Comprehension,2,0
7774,Family Medicine Physicians,"Collect, record, and maintain patient information, such as medical history, reports, or examination results.",Selective Attention,2,0
7774,Family Medicine Physicians,"Collect, record, and maintain patient information, such as medical history, reports, or examination results.",Written Comprehension,2,0
7774,Family Medicine Physicians,"Collect, record, and maintain patient information, such as medical history, reports, or examination results.",Written Expression,3,0
7882,Massage Therapists,"Provide clients with guidance and information about techniques for postural improvement and stretching, strengthening, relaxation, and rehabilitative exercises.",Deductive Reasoning,1,0
7882,Massage Therapists,"Provide clients with guidance and information about techniques for postural improvement and stretching, strengthening, relaxation, and rehabilitative exercises.",Fluency of Ideas,1,0
7882,Massage Therapists,"Provide clients with guidance and information about techniques for postural improvement and stretching, strengthening, relaxation, and rehabilitative exercises.",Oral Comprehension,2,0
7882,Massage Therapists,"Provide clients with guidance and information about techniques for postural improvement and stretching, strengthening, relaxation, and rehabilitative exercises.",Oral Expression,3,0
7882,Massage Therapists,"Provide clients with guidance and information about techniques for postural improvement and stretching, strengthening, relaxation, and rehabilitative exercises.",Speech Clarity,3,0
7882,Massage Therapists,"Provide clients with guidance and information about techniques for postural improvement and stretching, strengthening, relaxation, and rehabilitative exercises.",Written Expression,1,0
7886,Massage Therapists,"Use complementary aids, such as infrared lamps, wet compresses, ice, and whirlpool baths to promote clients' recovery, relaxation, and well-being.",Deductive Reasoning,2,0
7886,Massage Therapists,"Use complementary aids, such as infrared lamps, wet compresses, ice, and whirlpool baths to promote clients' recovery, relaxation, and well-being.",Information Ordering,1,0
7886,Massage Therapists,"Use complementary aids, such as infrared lamps, wet compresses, ice, and whirlpool baths to promote clients' recovery, relaxation, and well-being.",Manual Dexterity,2,0
7886,Massage Therapists,"Use complementary aids, such as infrared lamps, wet compresses, ice, and whirlpool baths to promote clients' recovery, relaxation, and well-being.",Near Vision,2,0
7886,Massage Therapists,"Use complementary aids, such as infrared lamps, wet compresses, ice, and whirlpool baths to promote clients' recovery, relaxation, and well-being.",Problem Sensitivity,2,0
7886,Massage Therapists,"Use complementary aids, such as infrared lamps, wet compresses, ice, and whirlpool baths to promote clients' recovery, relaxation, and well-being.",Selective Attention,2,0
806,Word Processors and Typists,"Work with technical material, preparing statistical reports, planning and typing statistical tables, and combining and rearranging material from different sources.",Deductive Reasoning,2,0
806,Word Processors and Typists,"Work with technical material, preparing statistical reports, planning and typing statistical tables, and combining and rearranging material from different sources.",Inductive Reasoning,2,0
806,Word Processors and Typists,"Work with technical material, preparing statistical reports, planning and typing statistical tables, and combining and rearranging material from different sources.",Information Ordering,3,0
806,Word Processors and Typists,"Work with technical material, preparing statistical reports, planning and typing statistical tables, and combining and rearranging material from different sources.",Mathematical Reasoning,3,0
806,Word Processors and Typists,"Work with technical material, preparing statistical reports, planning and typing statistical tables, and combining and rearranging material from different sources.",Near Vision,3,0
806,Word Processors and Typists,"Work with technical material, preparing statistical reports, planning and typing statistical tables, and combining and rearranging material from different sources.",Number Facility,3,0
806,Word Processors and Typists,"Work with technical material, preparing statistical reports, planning and typing statistical tables, and combining and rearranging material from different sources.",Written Comprehension,3,0
806,Word Processors and Typists,"Work with technical material, preparing statistical reports, planning and typing statistical tables, and combining and rearranging material from different sources.",Written Expression,2,0
8125,"Sales Representatives, Wholesale and Manufacturing, Except Technical and Scientific Products",Obtain credit information about prospective customers.,Deductive Reasoning,2,0
8125,"Sales Representatives, Wholesale and Manufacturing, Except Technical and Scientific Products",Obtain credit information about prospective customers.,Inductive Reasoning,1,0
8125,"Sales Representatives, Wholesale and Manufacturing, Except Technical and Scientific Products",Obtain credit information about prospective customers.,Near Vision,2,0
8125,"Sales Representatives, Wholesale and Manufacturing, Except Technical and Scientific Products",Obtain credit information about prospective customers.,Problem Sensitivity,2,0
8125,"Sales Representatives, Wholesale and Manufacturing, Except Technical and Scientific Products",Obtain credit information about prospective customers.,Written Comprehension,2,0
8190,Cargo and Freight Agents,Advise clients on transportation and payment methods.,Deductive Reasoning,2,0
8190,Cargo and Freight Agents,Advise clients on transportation and payment methods.,Memorization,2,0
8190,Cargo and Freight Agents,Advise clients on transportation and payment methods.,Oral Comprehension,2,0
8190,Cargo and Freight Agents,Advise clients on transportation and payment methods.,Oral Expression,3,0
8190,Cargo and Freight Agents,Advise clients on transportation and payment methods.,Problem Sensitivity,2,0
8190,Cargo and Freight Agents,Advise clients on transportation and payment methods.,Speech Clarity,2,0
8190,Cargo and Freight Agents,Advise clients on transportation and payment methods.,Written Comprehension,2,0
8203,Cargo and Freight Agents,Arrange insurance coverage for goods.,Deductive Reasoning,3,0
8203,Cargo and Freight Agents,Arrange insurance coverage for goods.,Mathematical Reasoning,2,0
8203,Cargo and Freight Agents,Arrange insurance coverage for goods.,Near Vision,2,0
8203,Cargo and Freight Agents,Arrange insurance coverage for goods.,Problem Sensitivity,2,0
8203,Cargo and Freight Agents,Arrange insurance coverage for goods.,Written Comprehension,3,0
8203,Cargo and Freight Agents,Arrange insurance coverage for goods.,Written Expression,2,0
9395,Orthotists and Prosthetists,Show and explain orthopedic and prosthetic appliances to healthcare workers.,Manual Dexterity,1,0
9395,Orthotists and Prosthetists,Show and explain orthopedic and prosthetic appliances to healthcare workers.,Near Vision,2,0
9395,Orthotists and Prosthetists,Show and explain orthopedic and prosthetic appliances to healthcare workers.,Oral Comprehension,2,0
9395,Orthotists and Prosthetists,Show and explain orthopedic and prosthetic appliances to healthcare workers.,Oral Expression,3,0
9395,Orthotists and Prosthetists,Show and explain orthopedic and prosthetic appliances to healthcare workers.,Speech Clarity,2,0
9395,Orthotists and Prosthetists,Show and explain orthopedic and prosthetic appliances to healthcare workers.,Written Comprehension,1,0
94,Training and Development Specialists,"Present information with a variety of instructional techniques or formats, such as role playing, simulations, team exercises, group discussions, videos, or lectures.",Category Flexibility,3,0
94,Training and Development Specialists,"Present information with a variety of instructional techniques or formats, such as role playing, simulations, team exercises, group discussions, videos, or lectures.",Fluency of Ideas,2,0
94,Training and Development Specialists,"Present information with a variety of instructional techniques or formats, such as role playing, simulations, team exercises, group discussions, videos, or lectures.",Near Vision,1,0
94,Training and Development Specialists,"Present information with a variety of instructional techniques or formats, such as role playing, simulations, team exercises, group discussions, videos, or lectures.",Oral Comprehension,2,0
94,Training and Development Specialists,"Present information with a variety of instructional techniques or formats, such as role playing, simulations, team exercises, group discussions, videos, or lectures.",Oral Expression,3,0
94,Training and Development Specialists,"Present information with a variety of instructional techniques or formats, such as role playing, simulations, team exercises, group discussions, videos, or lectures.",Originality,2,0
94,Training and Development Specialists,"Present information with a variety of instructional techniques or formats, such as role playing, simulations, team exercises, group discussions, videos, or lectures.",Speech Clarity,3,0
94,Training and Development Specialists,"Present information with a variety of instructional techniques or formats, such as role playing, simulations, team exercises, group discussions, videos, or lectures.",Time Sharing,2,0
9425,Medical Transcriptionists,Decide which information should be included or excluded in reports.,Deductive Reasoning,3,0
9425,Medical Transcriptionists,Decide which information should be included or excluded in reports.,Inductive Reasoning,2,0
9425,Medical Transcriptionists,Decide which information should be included or excluded in reports.,Information Ordering,2,0
9425,Medical Transcriptionists,Decide which information should be included or excluded in reports.,Near Vision,2,0
9425,Medical Transcriptionists,Decide which information should be included or excluded in reports.,Problem Sensitivity,2,0
9425,Medical Transcriptionists,Decide which information should be included or excluded in reports.,Written Comprehension,3,0
9660,First-Line Supervisors of Non-Retail Sales Workers,"Listen to and resolve customer complaints regarding services, products, or personnel.",Deductive Reasoning,2,0
9660,First-Line Supervisors of Non-Retail Sales Workers,"Listen to and resolve customer complaints regarding services, products, or personnel.",Inductive Reasoning,1,0
9660,First-Line Supervisors of Non-Retail Sales Workers,"Listen to and resolve customer complaints regarding services, products, or personnel.",Oral Comprehension,3,0
9660,First-Line Supervisors of Non-Retail Sales Workers,"Listen to and resolve customer complaints regarding services, products, or personnel.",Oral Expression,3,0
9660,First-Line Supervisors of Non-Retail Sales Workers,"Listen to and resolve customer complaints regarding services, products, or personnel.",Problem Sensitivity,3,0
9660,First-Line Supervisors of Non-Retail Sales Workers,"Listen to and resolve customer complaints regarding services, products, or personnel.",Speech Clarity,2,0
9660,First-Line Supervisors of Non-Retail Sales Workers,"Listen to and resolve customer complaints regarding services, products, or personnel.",Speech Recognition,2,0
9666,First-Line Supervisors of Non-Retail Sales Workers,"Plan and prepare work schedules, and assign employees to specific duties.",Deductive Reasoning,2,0
9666,First-Line Supervisors of Non-Retail Sales Workers,"Plan and prepare work schedules, and assign employees to specific duties.",Information Ordering,3,0
9666,First-Line Supervisors of Non-Retail Sales Workers,"Plan and prepare work schedules, and assign employees to specific duties.",Mathematical Reasoning,1,0
9666,First-Line Supervisors of Non-Retail Sales Workers,"Plan and prepare work schedules, and assign employees to specific duties.",Near Vision,2,0
9666,First-Line Supervisors of Non-Retail Sales Workers,"Plan and prepare work schedules, and assign employees to specific duties.",Time Sharing,2,0
9666,First-Line Supervisors of Non-Retail Sales Workers,"Plan and prepare work schedules, and assign employees to specific duties.",Written Comprehension,2,0
9666,First-Line Supervisors of Non-Retail Sales Workers,"Plan and prepare work schedules, and assign employees to specific duties.",Written Expression,2,0
9679,Sales Engineers,Confer with customers and engineers to assess equipment needs and to determine system requirements.,Deductive Reasoning,2,0
9679,Sales Engineers,Confer with customers and engineers to assess equipment needs and to determine system requirements.,Inductive Reasoning,2,0
9679,Sales Engineers,Confer with customers and engineers to assess equipment needs and to determine system requirements.,Oral Comprehension,3,0
9679,Sales Engineers,Confer with customers and engineers to assess equipment needs and to determine system requirements.,Oral Expression,3,0
9679,Sales Engineers,Confer with customers and engineers to assess equipment needs and to determine system requirements.,Problem Sensitivity,2,0
9679,Sales Engineers,Confer with customers and engineers to assess equipment needs and to determine system requirements.,Speech Clarity,2,0
9679,Sales Engineers,Confer with customers and engineers to assess equipment needs and to determine system requirements.,Speech Recognition,2,0
9679,Sales Engineers,Confer with customers and engineers to assess equipment needs and to determine system requirements.,Written Comprehension,2,0
97,Training and Development Specialists,Offer specific training programs to help workers maintain or improve job skills.,Fluency of Ideas,2,0
97,Training and Development Specialists,Offer specific training programs to help workers maintain or improve job skills.,Inductive Reasoning,2,0
97,Training and Development Specialists,Offer specific training programs to help workers maintain or improve job skills.,Oral Comprehension,2,0
97,Training and Development Specialists,Offer specific training programs to help workers maintain or improve job skills.,Oral Expression,3,0
97,Training and Development Specialists,Offer specific training programs to help workers maintain or improve job skills.,Problem Sensitivity,2,0
97,Training and Development Specialists,Offer specific training programs to help workers maintain or improve job skills.,Speech Clarity,2,0
97,Training and Development Specialists,Offer specific training programs to help workers maintain or improve job skills.,Written Comprehension,2,0
9731,First-Line Supervisors of Office and Administrative Support Workers,"Plan layouts of stockrooms, warehouses, or other storage areas, considering turnover, size, weight, or related factors pertaining to items stored.",Deductive Reasoning,2,0
9731,First-Line Supervisors of Office and Administrative Support Workers,"Plan layouts of stockrooms, warehouses, or other storage areas, considering turnover, size, weight, or related factors pertaining to items stored.",Information Ordering,2,0
9731,First-Line Supervisors of Office and Administrative Support Workers,"Plan layouts of stockrooms, warehouses, or other storage areas, considering turnover, size, weight, or related factors pertaining to items stored.",Mathematical Reasoning,2,0
9731,First-Line Supervisors of Office and Administrative Support Workers,"Plan layouts of stockrooms, warehouses, or other storage areas, considering turnover, size, weight, or related factors pertaining to items stored.",Near Vision,2,0
9731,First-Line Supervisors of Office and Administrative Support Workers,"Plan layouts of stockrooms, warehouses, or other storage areas, considering turnover, size, weight, or related factors pertaining to items stored.",Spatial Orientation,2,0
9731,First-Line Supervisors of Office and Administrative Support Workers,"Plan layouts of stockrooms, warehouses, or other storage areas, considering turnover, size, weight, or related factors pertaining to items stored.",Visualization,3,0
9731,First-Line Supervisors of Office and Administrative Support Workers,"Plan layouts of stockrooms, warehouses, or other storage areas, considering turnover, size, weight, or related factors pertaining to items stored.",Written Comprehension,2,0
9754,Reservation and Transportation Ticket Agents and Travel Clerks,"Determine whether space is available on travel dates requested by customers, assigning requested spaces when available.",Deductive Reasoning,2,0
9754,Reservation and Transportation Ticket Agents and Travel Clerks,"Determine whether space is available on travel dates requested by customers, assigning requested spaces when available.",Information Ordering,2,0
9754,Reservation and Transportation Ticket Agents and Travel Clerks,"Determine whether space is available on travel dates requested by customers, assigning requested spaces when available.",Near Vision,2,0
9754,Reservation and Transportation Ticket Agents and Travel Clerks,"Determine whether space is available on travel dates requested by customers, assigning requested spaces when available.",Number Facility,1,0
9754,Reservation and Transportation Ticket Agents and Travel Clerks,"Determine whether space is available on travel dates requested by customers, assigning requested spaces when available.",Written Comprehension,2,0
9795,Statistical Assistants,"File data and related information, and maintain and update databases.",Information Ordering,3,0
9795,Statistical Assistants,"File data and related information, and maintain and update databases.",Near Vision,2,0
9795,Statistical Assistants,"File data and related information, and maintain and update databases.",Perceptual Speed,2,0
9795,Statistical Assistants,"File data and related information, and maintain and update databases.",Wrist-Finger Speed,2,0
9795,Statistical Assistants,"File data and related information, and maintain and update databases.",Written Comprehension,2,0
